,scenario-text,scenario-id,procedure,adult-rrl,peds-rrl,appropriateness
0,"Abd pain, acute, nonlocalized, fever, initial exam",3081311,CT abdomen and pelvis with IV contrast,1-10 mSv☢☢☢,3-10 mSv [ped]☢☢☢☢,Usually appropriate
1,"Abd pain, acute, nonlocalized, fever, initial exam",3081311,US abdomen,0 mSvO,0 mSv [ped]O,May be appropriate
2,"Abd pain, acute, nonlocalized, fever, initial exam",3081311,Radiography abdomen,0.1-1mSv☢☢,0.03-0.3 mSv [ped]☢☢,May be appropriate
3,"Abd pain, acute, nonlocalized, fever, initial exam",3081311,MRI abdomen and pelvis without and with IV contrast,0 mSvO,0 mSv [ped]O,May be appropriate
4,"Abd pain, acute, nonlocalized, fever, initial exam",3081311,MRI abdomen and pelvis without IV contrast,0 mSvO,0 mSv [ped]O,May be appropriate
5,"Abd pain, acute, nonlocalized, fever, initial exam",3081311,CT abdomen and pelvis without IV contrast,1-10 mSv☢☢☢,3-10 mSv [ped]☢☢☢☢,May be appropriate
6,"Abd pain, acute, nonlocalized, fever, initial exam",3081311,CT abdomen and pelvis without and with IV contrast,10-30 mSv☢☢☢☢,10-30 mSv [ped]☢☢☢☢☢,May be appropriate
7,"Abd pain, acute, nonlocalized, fever, initial exam",3081311,Fluoroscopy contrast enema,1-10 mSv☢☢☢,3-10 mSv [ped]☢☢☢☢,Usually not appropriate
8,"Abd pain, acute, nonlocalized, fever, initial exam",3081311,Fluoroscopy upper GI series with small bowel follow-through,1-10 mSv☢☢☢,3-10 mSv [ped]☢☢☢☢,Usually not appropriate
9,"Abd pain, acute, nonlocalized, fever, initial exam",3081311,Nuclear medicine scan gallbladder,0.1-1mSv☢☢,,Usually not appropriate
10,"Abd pain, acute, nonlocalized, fever, initial exam",3081311,FDG-PET/CT skull base to mid-thigh,10-30 mSv☢☢☢☢,3-10 mSv [ped]☢☢☢☢,Usually not appropriate
11,"Abd pain, acute, nonlocalized, fever, initial exam",3081311,WBC scan abdomen and pelvis,10-30 mSv☢☢☢☢,,Usually not appropriate
12,"Abd pain, acute, nonlocalized, fever, post op, initial exam",3074175,CT abdomen and pelvis with IV contrast,1-10 mSv☢☢☢,3-10 mSv [ped]☢☢☢☢,Usually appropriate
13,"Abd pain, acute, nonlocalized, fever, post op, initial exam",3074175,US abdomen,0 mSvO,0 mSv [ped]O,May be appropriate
14,"Abd pain, acute, nonlocalized, fever, post op, initial exam",3074175,Radiography abdomen,0.1-1mSv☢☢,0.03-0.3 mSv [ped]☢☢,May be appropriate
15,"Abd pain, acute, nonlocalized, fever, post op, initial exam",3074175,Fluoroscopy contrast enema,1-10 mSv☢☢☢,3-10 mSv [ped]☢☢☢☢,May be appropriate
16,"Abd pain, acute, nonlocalized, fever, post op, initial exam",3074175,Fluoroscopy upper GI series with small bowel follow-through,1-10 mSv☢☢☢,3-10 mSv [ped]☢☢☢☢,May be appropriate
17,"Abd pain, acute, nonlocalized, fever, post op, initial exam",3074175,MRI abdomen and pelvis without and with IV contrast,0 mSvO,0 mSv [ped]O,May be appropriate
18,"Abd pain, acute, nonlocalized, fever, post op, initial exam",3074175,MRI abdomen and pelvis without IV contrast,0 mSvO,0 mSv [ped]O,May be appropriate
19,"Abd pain, acute, nonlocalized, fever, post op, initial exam",3074175,CT abdomen and pelvis without IV contrast,1-10 mSv☢☢☢,3-10 mSv [ped]☢☢☢☢,May be appropriate
20,"Abd pain, acute, nonlocalized, fever, post op, initial exam",3074175,CT abdomen and pelvis without and with IV contrast,10-30 mSv☢☢☢☢,10-30 mSv [ped]☢☢☢☢☢,May be appropriate
21,"Abd pain, acute, nonlocalized, fever, post op, initial exam",3074175,Nuclear medicine scan gallbladder,0.1-1mSv☢☢,,Usually not appropriate
22,"Abd pain, acute, nonlocalized, fever, post op, initial exam",3074175,FDG-PET/CT skull base to mid-thigh,10-30 mSv☢☢☢☢,3-10 mSv [ped]☢☢☢☢,Usually not appropriate
23,"Abd pain, acute, nonlocalized, fever, post op, initial exam",3074175,WBC scan abdomen and pelvis,10-30 mSv☢☢☢☢,,Usually not appropriate
24,"Abd pain, acute, nonlocalized, initial exam",3141529,MRI abdomen and pelvis without and with IV contrast,0 mSvO,0 mSv [ped]O,Usually appropriate
25,"Abd pain, acute, nonlocalized, initial exam",3141529,CT abdomen and pelvis with IV contrast,1-10 mSv☢☢☢,3-10 mSv [ped]☢☢☢☢,Usually appropriate
26,"Abd pain, acute, nonlocalized, initial exam",3141529,CT abdomen and pelvis without IV contrast,1-10 mSv☢☢☢,3-10 mSv [ped]☢☢☢☢,Usually appropriate
27,"Abd pain, acute, nonlocalized, initial exam",3141529,US abdomen,0 mSvO,0 mSv [ped]O,May be appropriate
28,"Abd pain, acute, nonlocalized, initial exam",3141529,Radiography abdomen,0.1-1mSv☢☢,0.03-0.3 mSv [ped]☢☢,May be appropriate
29,"Abd pain, acute, nonlocalized, initial exam",3141529,MRI abdomen and pelvis without IV contrast,0 mSvO,0 mSv [ped]O,May be appropriate
30,"Abd pain, acute, nonlocalized, initial exam",3141529,CT abdomen and pelvis without and with IV contrast,10-30 mSv☢☢☢☢,10-30 mSv [ped]☢☢☢☢☢,May be appropriate
31,"Abd pain, acute, nonlocalized, initial exam",3141529,Fluoroscopy contrast enema,1-10 mSv☢☢☢,3-10 mSv [ped]☢☢☢☢,Usually not appropriate
32,"Abd pain, acute, nonlocalized, initial exam",3141529,Fluoroscopy upper GI series with small bowel follow-through,1-10 mSv☢☢☢,3-10 mSv [ped]☢☢☢☢,Usually not appropriate
33,"Abd pain, acute, nonlocalized, initial exam",3141529,Nuclear medicine scan gallbladder,0.1-1mSv☢☢,,Usually not appropriate
34,"Abd pain, acute, nonlocalized, initial exam",3141529,FDG-PET/CT skull base to mid-thigh,10-30 mSv☢☢☢☢,3-10 mSv [ped]☢☢☢☢,Usually not appropriate
35,"Abd pain, acute, nonlocalized, initial exam",3141529,WBC scan abdomen and pelvis,10-30 mSv☢☢☢☢,,Usually not appropriate
36,"Abd pain, acute, nonlocalized, neutropenic, initial exam",3141528,CT abdomen and pelvis with IV contrast,1-10 mSv☢☢☢,3-10 mSv [ped]☢☢☢☢,Usually appropriate
37,"Abd pain, acute, nonlocalized, neutropenic, initial exam",3141528,US abdomen,0 mSvO,0 mSv [ped]O,May be appropriate
38,"Abd pain, acute, nonlocalized, neutropenic, initial exam",3141528,MRI abdomen and pelvis without and with IV contrast,0 mSvO,0 mSv [ped]O,May be appropriate
39,"Abd pain, acute, nonlocalized, neutropenic, initial exam",3141528,MRI abdomen and pelvis without IV contrast,0 mSvO,0 mSv [ped]O,May be appropriate
40,"Abd pain, acute, nonlocalized, neutropenic, initial exam",3141528,CT abdomen and pelvis without IV contrast,1-10 mSv☢☢☢,3-10 mSv [ped]☢☢☢☢,May be appropriate
41,"Abd pain, acute, nonlocalized, neutropenic, initial exam",3141528,CT abdomen and pelvis without and with IV contrast,10-30 mSv☢☢☢☢,10-30 mSv [ped]☢☢☢☢☢,May be appropriate
42,"Abd pain, acute, nonlocalized, neutropenic, initial exam",3141528,Radiography abdomen,0.1-1mSv☢☢,0.03-0.3 mSv [ped]☢☢,Usually not appropriate
43,"Abd pain, acute, nonlocalized, neutropenic, initial exam",3141528,Fluoroscopy contrast enema,1-10 mSv☢☢☢,3-10 mSv [ped]☢☢☢☢,Usually not appropriate
44,"Abd pain, acute, nonlocalized, neutropenic, initial exam",3141528,Fluoroscopy upper GI series with small bowel follow-through,1-10 mSv☢☢☢,3-10 mSv [ped]☢☢☢☢,Usually not appropriate
45,"Abd pain, acute, nonlocalized, neutropenic, initial exam",3141528,Nuclear medicine scan gallbladder,0.1-1mSv☢☢,,Usually not appropriate
46,"Abd pain, acute, nonlocalized, neutropenic, initial exam",3141528,FDG-PET/CT skull base to mid-thigh,10-30 mSv☢☢☢☢,3-10 mSv [ped]☢☢☢☢,Usually not appropriate
47,"Abd pain, acute, nonlocalized, neutropenic, initial exam",3141528,WBC scan abdomen and pelvis,10-30 mSv☢☢☢☢,,Usually not appropriate
48,"Abdominal mass, intra-abdominal neoplasm suspected",3074207,US abdomen,0 mSvO,0 mSv [ped]O,Usually appropriate
49,"Abdominal mass, intra-abdominal neoplasm suspected",3074207,CT abdomen with IV contrast,1-10 mSv☢☢☢,3-10 mSv [ped]☢☢☢☢,Usually appropriate
50,"Abdominal mass, intra-abdominal neoplasm suspected",3074207,MRI abdomen without and with IV contrast,0 mSvO,0 mSv [ped]O,May be appropriate
51,"Abdominal mass, intra-abdominal neoplasm suspected",3074207,MRI abdomen without IV contrast,0 mSvO,0 mSv [ped]O,May be appropriate
52,"Abdominal mass, intra-abdominal neoplasm suspected",3074207,CT abdomen without IV contrast,1-10 mSv☢☢☢,3-10 mSv [ped]☢☢☢☢,May be appropriate
53,"Abdominal mass, intra-abdominal neoplasm suspected",3074207,Radiography abdomen,0.1-1mSv☢☢,0.03-0.3 mSv [ped]☢☢,Usually not appropriate
54,"Abdominal mass, intra-abdominal neoplasm suspected",3074207,Fluoroscopy contrast enema,1-10 mSv☢☢☢,3-10 mSv [ped]☢☢☢☢,Usually not appropriate
55,"Abdominal mass, intra-abdominal neoplasm suspected",3074207,Fluoroscopy upper GI series,1-10 mSv☢☢☢,0.3-3 mSv [ped]☢☢☢,Usually not appropriate
56,"Abdominal mass, intra-abdominal neoplasm suspected",3074207,Fluoroscopy upper GI series with small bowel follow-through,1-10 mSv☢☢☢,3-10 mSv [ped]☢☢☢☢,Usually not appropriate
57,"Abdominal mass, intra-abdominal neoplasm suspected",3074207,CT abdomen without and with IV contrast,10-30 mSv☢☢☢☢,10-30 mSv [ped]☢☢☢☢☢,Usually not appropriate
58,"Abdominal mass, intra-abdominal neoplasm suspected",3074207,FDG-PET/CT skull base to mid-thigh,10-30 mSv☢☢☢☢,3-10 mSv [ped]☢☢☢☢,Usually not appropriate
59,"Abdominal wall hernia suspected, incisional, initial imaging",3195278,US abdomen,0 mSvO,0 mSv [ped]O,Usually appropriate
60,"Abdominal wall hernia suspected, incisional, initial imaging",3195278,CT abdomen and pelvis with IV contrast,1-10 mSv☢☢☢,3-10 mSv [ped]☢☢☢☢,Usually appropriate
61,"Abdominal wall hernia suspected, incisional, initial imaging",3195278,CT abdomen and pelvis without IV contrast,1-10 mSv☢☢☢,3-10 mSv [ped]☢☢☢☢,Usually appropriate
62,"Abdominal wall hernia suspected, incisional, initial imaging",3195278,MRI abdomen without and with IV contrast,0 mSvO,0 mSv [ped]O,May be appropriate
63,"Abdominal wall hernia suspected, incisional, initial imaging",3195278,MRI abdomen without IV contrast,0 mSvO,0 mSv [ped]O,May be appropriate
64,"Abdominal wall hernia suspected, incisional, initial imaging",3195278,US pelvis,0 mSvO,0 mSv [ped]O,Usually not appropriate
65,"Abdominal wall hernia suspected, incisional, initial imaging",3195278,Fluoroscopy upper GI series,1-10 mSv☢☢☢,0.3-3 mSv [ped]☢☢☢,Usually not appropriate
66,"Abdominal wall hernia suspected, incisional, initial imaging",3195278,Fluoroscopy upper GI series with small bowel follow-through,1-10 mSv☢☢☢,3-10 mSv [ped]☢☢☢☢,Usually not appropriate
67,"Abdominal wall hernia suspected, incisional, initial imaging",3195278,Radiography abdomen and pelvis,1-10 mSv☢☢☢,0.3-3 mSv [ped]☢☢☢,Usually not appropriate
68,"Abdominal wall hernia suspected, incisional, initial imaging",3195278,MRI pelvis without and with IV contrast,0 mSvO,0 mSv [ped]O,Usually not appropriate
69,"Abdominal wall hernia suspected, incisional, initial imaging",3195278,MRI pelvis without IV contrast,0 mSvO,0 mSv [ped]O,Usually not appropriate
70,"Abdominal wall hernia suspected, incisional, initial imaging",3195278,CT abdomen and pelvis without and with IV contrast,10-30 mSv☢☢☢☢,10-30 mSv [ped]☢☢☢☢☢,Usually not appropriate
71,"Abdominal wall hernia suspected, lumbar, initial imaging",3195279,US abdomen,0 mSvO,0 mSv [ped]O,Usually appropriate
72,"Abdominal wall hernia suspected, lumbar, initial imaging",3195279,CT abdomen and pelvis with IV contrast,1-10 mSv☢☢☢,3-10 mSv [ped]☢☢☢☢,Usually appropriate
73,"Abdominal wall hernia suspected, lumbar, initial imaging",3195279,CT abdomen and pelvis without IV contrast,1-10 mSv☢☢☢,3-10 mSv [ped]☢☢☢☢,Usually appropriate
74,"Abdominal wall hernia suspected, lumbar, initial imaging",3195279,MRI abdomen without and with IV contrast,0 mSvO,0 mSv [ped]O,May be appropriate
75,"Abdominal wall hernia suspected, lumbar, initial imaging",3195279,MRI abdomen without IV contrast,0 mSvO,0 mSv [ped]O,May be appropriate
76,"Abdominal wall hernia suspected, lumbar, initial imaging",3195279,US pelvis,0 mSvO,0 mSv [ped]O,Usually not appropriate
77,"Abdominal wall hernia suspected, lumbar, initial imaging",3195279,Fluoroscopy upper GI series,1-10 mSv☢☢☢,0.3-3 mSv [ped]☢☢☢,Usually not appropriate
78,"Abdominal wall hernia suspected, lumbar, initial imaging",3195279,Fluoroscopy upper GI series with small bowel follow-through,1-10 mSv☢☢☢,3-10 mSv [ped]☢☢☢☢,Usually not appropriate
79,"Abdominal wall hernia suspected, lumbar, initial imaging",3195279,Radiography abdomen and pelvis,1-10 mSv☢☢☢,0.3-3 mSv [ped]☢☢☢,Usually not appropriate
80,"Abdominal wall hernia suspected, lumbar, initial imaging",3195279,MRI pelvis without and with IV contrast,0 mSvO,0 mSv [ped]O,Usually not appropriate
81,"Abdominal wall hernia suspected, lumbar, initial imaging",3195279,MRI pelvis without IV contrast,0 mSvO,0 mSv [ped]O,Usually not appropriate
82,"Abdominal wall hernia suspected, lumbar, initial imaging",3195279,CT abdomen and pelvis without and with IV contrast,10-30 mSv☢☢☢☢,10-30 mSv [ped]☢☢☢☢☢,Usually not appropriate
83,"Abdominal wall hernia suspected, spigelian, initial imaging",3195280,US abdomen,0 mSvO,0 mSv [ped]O,Usually appropriate
84,"Abdominal wall hernia suspected, spigelian, initial imaging",3195280,CT abdomen and pelvis with IV contrast,1-10 mSv☢☢☢,3-10 mSv [ped]☢☢☢☢,Usually appropriate
85,"Abdominal wall hernia suspected, spigelian, initial imaging",3195280,CT abdomen and pelvis without IV contrast,1-10 mSv☢☢☢,3-10 mSv [ped]☢☢☢☢,Usually appropriate
86,"Abdominal wall hernia suspected, spigelian, initial imaging",3195280,MRI abdomen without and with IV contrast,0 mSvO,0 mSv [ped]O,May be appropriate
87,"Abdominal wall hernia suspected, spigelian, initial imaging",3195280,MRI abdomen without IV contrast,0 mSvO,0 mSv [ped]O,May be appropriate
88,"Abdominal wall hernia suspected, spigelian, initial imaging",3195280,US pelvis,0 mSvO,0 mSv [ped]O,Usually not appropriate
89,"Abdominal wall hernia suspected, spigelian, initial imaging",3195280,Fluoroscopy upper GI series,1-10 mSv☢☢☢,0.3-3 mSv [ped]☢☢☢,Usually not appropriate
90,"Abdominal wall hernia suspected, spigelian, initial imaging",3195280,Fluoroscopy upper GI series with small bowel follow-through,1-10 mSv☢☢☢,3-10 mSv [ped]☢☢☢☢,Usually not appropriate
91,"Abdominal wall hernia suspected, spigelian, initial imaging",3195280,Radiography abdomen and pelvis,1-10 mSv☢☢☢,0.3-3 mSv [ped]☢☢☢,Usually not appropriate
92,"Abdominal wall hernia suspected, spigelian, initial imaging",3195280,MRI pelvis without and with IV contrast,0 mSvO,0 mSv [ped]O,Usually not appropriate
93,"Abdominal wall hernia suspected, spigelian, initial imaging",3195280,MRI pelvis without IV contrast,0 mSvO,0 mSv [ped]O,Usually not appropriate
94,"Abdominal wall hernia suspected, spigelian, initial imaging",3195280,CT abdomen and pelvis without and with IV contrast,10-30 mSv☢☢☢☢,10-30 mSv [ped]☢☢☢☢☢,Usually not appropriate
95,"Abdominal wall hernia suspected, umbilical, initial imaging",3195276,US abdomen,0 mSvO,0 mSv [ped]O,Usually appropriate
96,"Abdominal wall hernia suspected, umbilical, initial imaging",3195276,CT abdomen and pelvis with IV contrast,1-10 mSv☢☢☢,3-10 mSv [ped]☢☢☢☢,Usually appropriate
97,"Abdominal wall hernia suspected, umbilical, initial imaging",3195276,CT abdomen and pelvis without IV contrast,1-10 mSv☢☢☢,3-10 mSv [ped]☢☢☢☢,Usually appropriate
98,"Abdominal wall hernia suspected, umbilical, initial imaging",3195276,MRI abdomen without and with IV contrast,0 mSvO,0 mSv [ped]O,May be appropriate
99,"Abdominal wall hernia suspected, umbilical, initial imaging",3195276,MRI abdomen without IV contrast,0 mSvO,0 mSv [ped]O,May be appropriate
100,"Abdominal wall hernia suspected, umbilical, initial imaging",3195276,US pelvis,0 mSvO,0 mSv [ped]O,Usually not appropriate
101,"Abdominal wall hernia suspected, umbilical, initial imaging",3195276,Fluoroscopy upper GI series,1-10 mSv☢☢☢,0.3-3 mSv [ped]☢☢☢,Usually not appropriate
102,"Abdominal wall hernia suspected, umbilical, initial imaging",3195276,Fluoroscopy upper GI series with small bowel follow-through,1-10 mSv☢☢☢,3-10 mSv [ped]☢☢☢☢,Usually not appropriate
103,"Abdominal wall hernia suspected, umbilical, initial imaging",3195276,Radiography abdomen and pelvis,1-10 mSv☢☢☢,0.3-3 mSv [ped]☢☢☢,Usually not appropriate
104,"Abdominal wall hernia suspected, umbilical, initial imaging",3195276,MRI pelvis without and with IV contrast,0 mSvO,0 mSv [ped]O,Usually not appropriate
105,"Abdominal wall hernia suspected, umbilical, initial imaging",3195276,MRI pelvis without IV contrast,0 mSvO,0 mSv [ped]O,Usually not appropriate
106,"Abdominal wall hernia suspected, umbilical, initial imaging",3195276,CT abdomen and pelvis without and with IV contrast,10-30 mSv☢☢☢☢,10-30 mSv [ped]☢☢☢☢☢,Usually not appropriate
107,"Abdominal wall hernia suspected, ventral, initial imaging",3195277,US abdomen,0 mSvO,0 mSv [ped]O,Usually appropriate
108,"Abdominal wall hernia suspected, ventral, initial imaging",3195277,CT abdomen and pelvis with IV contrast,1-10 mSv☢☢☢,3-10 mSv [ped]☢☢☢☢,Usually appropriate
109,"Abdominal wall hernia suspected, ventral, initial imaging",3195277,CT abdomen and pelvis without IV contrast,1-10 mSv☢☢☢,3-10 mSv [ped]☢☢☢☢,Usually appropriate
110,"Abdominal wall hernia suspected, ventral, initial imaging",3195277,MRI abdomen without and with IV contrast,0 mSvO,0 mSv [ped]O,May be appropriate
111,"Abdominal wall hernia suspected, ventral, initial imaging",3195277,MRI abdomen without IV contrast,0 mSvO,0 mSv [ped]O,May be appropriate
112,"Abdominal wall hernia suspected, ventral, initial imaging",3195277,US pelvis,0 mSvO,0 mSv [ped]O,Usually not appropriate
113,"Abdominal wall hernia suspected, ventral, initial imaging",3195277,Fluoroscopy upper GI series,1-10 mSv☢☢☢,0.3-3 mSv [ped]☢☢☢,Usually not appropriate
114,"Abdominal wall hernia suspected, ventral, initial imaging",3195277,Fluoroscopy upper GI series with small bowel follow-through,1-10 mSv☢☢☢,3-10 mSv [ped]☢☢☢☢,Usually not appropriate
115,"Abdominal wall hernia suspected, ventral, initial imaging",3195277,Radiography abdomen and pelvis,1-10 mSv☢☢☢,0.3-3 mSv [ped]☢☢☢,Usually not appropriate
116,"Abdominal wall hernia suspected, ventral, initial imaging",3195277,MRI pelvis without and with IV contrast,0 mSvO,0 mSv [ped]O,Usually not appropriate
117,"Abdominal wall hernia suspected, ventral, initial imaging",3195277,MRI pelvis without IV contrast,0 mSvO,0 mSv [ped]O,Usually not appropriate
118,"Abdominal wall hernia suspected, ventral, initial imaging",3195277,CT abdomen and pelvis without and with IV contrast,10-30 mSv☢☢☢☢,10-30 mSv [ped]☢☢☢☢☢,Usually not appropriate
119,"Abdominal wall mass, suspected",3155927,US abdomen,0 mSvO,0 mSv [ped]O,Usually appropriate
120,"Abdominal wall mass, suspected",3155927,MRI abdomen without and with IV contrast,0 mSvO,0 mSv [ped]O,Usually appropriate
121,"Abdominal wall mass, suspected",3155927,CT abdomen with IV contrast,1-10 mSv☢☢☢,3-10 mSv [ped]☢☢☢☢,Usually appropriate
122,"Abdominal wall mass, suspected",3155927,MRI abdomen without IV contrast,0 mSvO,0 mSv [ped]O,May be appropriate
123,"Abdominal wall mass, suspected",3155927,CT abdomen without IV contrast,1-10 mSv☢☢☢,3-10 mSv [ped]☢☢☢☢,May be appropriate
124,"Abdominal wall mass, suspected",3155927,Radiography abdomen,0.1-1mSv☢☢,0.03-0.3 mSv [ped]☢☢,Usually not appropriate
125,"Abdominal wall mass, suspected",3155927,Fluoroscopy contrast enema,1-10 mSv☢☢☢,3-10 mSv [ped]☢☢☢☢,Usually not appropriate
126,"Abdominal wall mass, suspected",3155927,Fluoroscopy upper GI series,1-10 mSv☢☢☢,0.3-3 mSv [ped]☢☢☢,Usually not appropriate
127,"Abdominal wall mass, suspected",3155927,Fluoroscopy upper GI series with small bowel follow-through,1-10 mSv☢☢☢,3-10 mSv [ped]☢☢☢☢,Usually not appropriate
128,"Abdominal wall mass, suspected",3155927,CT abdomen without and with IV contrast,10-30 mSv☢☢☢☢,10-30 mSv [ped]☢☢☢☢☢,Usually not appropriate
129,"Abdominal wall mass, suspected",3155927,FDG-PET/CT skull base to mid-thigh,10-30 mSv☢☢☢☢,3-10 mSv [ped]☢☢☢☢,Usually not appropriate
130,"Abnormal liver function tests, cholestatic predominance, elevated alkaline phosphatase with or without elevated gamma-glutamyl transpeptidase, initial imaging",3196531,US abdomen,0 mSvO,0 mSv [ped]O,Usually appropriate
131,"Abnormal liver function tests, cholestatic predominance, elevated alkaline phosphatase with or without elevated gamma-glutamyl transpeptidase, initial imaging",3196531,MRI abdomen without and with IV contrast with MRCP,0 mSvO,0 mSv [ped]O,Usually appropriate
132,"Abnormal liver function tests, cholestatic predominance, elevated alkaline phosphatase with or without elevated gamma-glutamyl transpeptidase, initial imaging",3196531,CT abdomen and pelvis with IV contrast,1-10 mSv☢☢☢,3-10 mSv [ped]☢☢☢☢,Usually appropriate
133,"Abnormal liver function tests, cholestatic predominance, elevated alkaline phosphatase with or without elevated gamma-glutamyl transpeptidase, initial imaging",3196531,US duplex Doppler abdomen,0 mSvO,0 mSv [ped]O,May be appropriate
134,"Abnormal liver function tests, cholestatic predominance, elevated alkaline phosphatase with or without elevated gamma-glutamyl transpeptidase, initial imaging",3196531,MRI abdomen without IV contrast with MRCP,0 mSvO,0 mSv [ped]O,May be appropriate
135,"Abnormal liver function tests, cholestatic predominance, elevated alkaline phosphatase with or without elevated gamma-glutamyl transpeptidase, initial imaging",3196531,CT abdomen and pelvis without IV contrast,1-10 mSv☢☢☢,3-10 mSv [ped]☢☢☢☢,May be appropriate
136,"Abnormal liver function tests, cholestatic predominance, elevated alkaline phosphatase with or without elevated gamma-glutamyl transpeptidase, initial imaging",3196531,US abdomen with IV contrast,0 mSvO,0 mSv [ped]O,Usually not appropriate
137,"Abnormal liver function tests, cholestatic predominance, elevated alkaline phosphatase with or without elevated gamma-glutamyl transpeptidase, initial imaging",3196531,US shear wave elastography abdomen,0 mSvO,0 mSv [ped]O,Usually not appropriate
138,"Abnormal liver function tests, cholestatic predominance, elevated alkaline phosphatase with or without elevated gamma-glutamyl transpeptidase, initial imaging",3196531,MR elastography abdomen,0 mSvO,0 mSv [ped]O,Usually not appropriate
139,"Abnormal liver function tests, cholestatic predominance, elevated alkaline phosphatase with or without elevated gamma-glutamyl transpeptidase, initial imaging",3196531,CT abdomen and pelvis without and with IV contrast,10-30 mSv☢☢☢☢,10-30 mSv [ped]☢☢☢☢☢,Usually not appropriate
140,"Abnormal liver function tests, hepatocellular predominance, mild aminotransferase increase , initial imaging",3196526,US abdomen,0 mSvO,0 mSv [ped]O,Usually appropriate
141,"Abnormal liver function tests, hepatocellular predominance, mild aminotransferase increase , initial imaging",3196526,US duplex Doppler abdomen,0 mSvO,0 mSv [ped]O,Usually appropriate
142,"Abnormal liver function tests, hepatocellular predominance, mild aminotransferase increase , initial imaging",3196526,US shear wave elastography abdomen,0 mSvO,0 mSv [ped]O,May be appropriate
143,"Abnormal liver function tests, hepatocellular predominance, mild aminotransferase increase , initial imaging",3196526,MR elastography abdomen,0 mSvO,0 mSv [ped]O,May be appropriate
144,"Abnormal liver function tests, hepatocellular predominance, mild aminotransferase increase , initial imaging",3196526,MRI abdomen without and with IV contrast with MRCP,0 mSvO,0 mSv [ped]O,May be appropriate
145,"Abnormal liver function tests, hepatocellular predominance, mild aminotransferase increase , initial imaging",3196526,MRI abdomen without IV contrast with MRCP,0 mSvO,0 mSv [ped]O,May be appropriate
146,"Abnormal liver function tests, hepatocellular predominance, mild aminotransferase increase , initial imaging",3196526,CT abdomen and pelvis without IV contrast,1-10 mSv☢☢☢,3-10 mSv [ped]☢☢☢☢,May be appropriate
147,"Abnormal liver function tests, hepatocellular predominance, mild aminotransferase increase , initial imaging",3196526,US abdomen with IV contrast,0 mSvO,0 mSv [ped]O,Usually not appropriate
148,"Abnormal liver function tests, hepatocellular predominance, mild aminotransferase increase , initial imaging",3196526,CT abdomen and pelvis with IV contrast,1-10 mSv☢☢☢,3-10 mSv [ped]☢☢☢☢,Usually not appropriate
149,"Abnormal liver function tests, hepatocellular predominance, mild aminotransferase increase , initial imaging",3196526,CT abdomen and pelvis without and with IV contrast,10-30 mSv☢☢☢☢,10-30 mSv [ped]☢☢☢☢☢,Usually not appropriate
150,"Abnormal liver function tests, hepatocellular predominance, moderate aminotransferase increase, initial imaging",3196528,US abdomen,0 mSvO,0 mSv [ped]O,Usually appropriate
151,"Abnormal liver function tests, hepatocellular predominance, moderate aminotransferase increase, initial imaging",3196528,US duplex Doppler abdomen,0 mSvO,0 mSv [ped]O,Usually appropriate
152,"Abnormal liver function tests, hepatocellular predominance, moderate aminotransferase increase, initial imaging",3196528,CT abdomen and pelvis with IV contrast,1-10 mSv☢☢☢,3-10 mSv [ped]☢☢☢☢,Usually appropriate
153,"Abnormal liver function tests, hepatocellular predominance, moderate aminotransferase increase, initial imaging",3196528,MRI abdomen without and with IV contrast with MRCP,0 mSvO,0 mSv [ped]O,May be appropriate
154,"Abnormal liver function tests, hepatocellular predominance, moderate aminotransferase increase, initial imaging",3196528,MRI abdomen without IV contrast with MRCP,0 mSvO,0 mSv [ped]O,May be appropriate
155,"Abnormal liver function tests, hepatocellular predominance, moderate aminotransferase increase, initial imaging",3196528,CT abdomen and pelvis without IV contrast,1-10 mSv☢☢☢,3-10 mSv [ped]☢☢☢☢,May be appropriate
156,"Abnormal liver function tests, hepatocellular predominance, moderate aminotransferase increase, initial imaging",3196528,US abdomen with IV contrast,0 mSvO,0 mSv [ped]O,Usually not appropriate
157,"Abnormal liver function tests, hepatocellular predominance, moderate aminotransferase increase, initial imaging",3196528,US shear wave elastography abdomen,0 mSvO,0 mSv [ped]O,Usually not appropriate
158,"Abnormal liver function tests, hepatocellular predominance, moderate aminotransferase increase, initial imaging",3196528,MR elastography abdomen,0 mSvO,0 mSv [ped]O,Usually not appropriate
159,"Abnormal liver function tests, hepatocellular predominance, moderate aminotransferase increase, initial imaging",3196528,CT abdomen and pelvis without and with IV contrast,10-30 mSv☢☢☢☢,10-30 mSv [ped]☢☢☢☢☢,Usually not appropriate
160,"Abnormal liver function tests, hepatocellular predominance, severe aminotransferase increase, initial imaging",3196529,US abdomen,0 mSvO,0 mSv [ped]O,Usually appropriate
161,"Abnormal liver function tests, hepatocellular predominance, severe aminotransferase increase, initial imaging",3196529,US duplex Doppler abdomen,0 mSvO,0 mSv [ped]O,Usually appropriate
162,"Abnormal liver function tests, hepatocellular predominance, severe aminotransferase increase, initial imaging",3196529,CT abdomen and pelvis with IV contrast,1-10 mSv☢☢☢,3-10 mSv [ped]☢☢☢☢,Usually appropriate
163,"Abnormal liver function tests, hepatocellular predominance, severe aminotransferase increase, initial imaging",3196529,MRI abdomen without and with IV contrast with MRCP,0 mSvO,0 mSv [ped]O,May be appropriate
164,"Abnormal liver function tests, hepatocellular predominance, severe aminotransferase increase, initial imaging",3196529,MRI abdomen without IV contrast with MRCP,0 mSvO,0 mSv [ped]O,May be appropriate
165,"Abnormal liver function tests, hepatocellular predominance, severe aminotransferase increase, initial imaging",3196529,CT abdomen and pelvis without IV contrast,1-10 mSv☢☢☢,3-10 mSv [ped]☢☢☢☢,May be appropriate
166,"Abnormal liver function tests, hepatocellular predominance, severe aminotransferase increase, initial imaging",3196529,US abdomen with IV contrast,0 mSvO,0 mSv [ped]O,Usually not appropriate
167,"Abnormal liver function tests, hepatocellular predominance, severe aminotransferase increase, initial imaging",3196529,US shear wave elastography abdomen,0 mSvO,0 mSv [ped]O,Usually not appropriate
168,"Abnormal liver function tests, hepatocellular predominance, severe aminotransferase increase, initial imaging",3196529,MR elastography abdomen,0 mSvO,0 mSv [ped]O,Usually not appropriate
169,"Abnormal liver function tests, hepatocellular predominance, severe aminotransferase increase, initial imaging",3196529,CT abdomen and pelvis without and with IV contrast,10-30 mSv☢☢☢☢,10-30 mSv [ped]☢☢☢☢☢,Usually not appropriate
170,"Abnormal liver function tests, hyperbilirubinemia, acute cholestasis, conjugated, initial imaging",3196533,US abdomen,0 mSvO,0 mSv [ped]O,Usually appropriate
171,"Abnormal liver function tests, hyperbilirubinemia, acute cholestasis, conjugated, initial imaging",3196533,MRI abdomen without and with IV contrast with MRCP,0 mSvO,0 mSv [ped]O,Usually appropriate
172,"Abnormal liver function tests, hyperbilirubinemia, acute cholestasis, conjugated, initial imaging",3196533,MRI abdomen without IV contrast with MRCP,0 mSvO,0 mSv [ped]O,Usually appropriate
173,"Abnormal liver function tests, hyperbilirubinemia, acute cholestasis, conjugated, initial imaging",3196533,CT abdomen and pelvis with IV contrast,1-10 mSv☢☢☢,3-10 mSv [ped]☢☢☢☢,Usually appropriate
174,"Abnormal liver function tests, hyperbilirubinemia, acute cholestasis, conjugated, initial imaging",3196533,CT abdomen and pelvis without IV contrast,1-10 mSv☢☢☢,3-10 mSv [ped]☢☢☢☢,May be appropriate
175,"Abnormal liver function tests, hyperbilirubinemia, acute cholestasis, conjugated, initial imaging",3196533,US abdomen with IV contrast,0 mSvO,0 mSv [ped]O,Usually not appropriate
176,"Abnormal liver function tests, hyperbilirubinemia, acute cholestasis, conjugated, initial imaging",3196533,US duplex Doppler abdomen,0 mSvO,0 mSv [ped]O,Usually not appropriate
177,"Abnormal liver function tests, hyperbilirubinemia, acute cholestasis, conjugated, initial imaging",3196533,US shear wave elastography abdomen,0 mSvO,0 mSv [ped]O,Usually not appropriate
178,"Abnormal liver function tests, hyperbilirubinemia, acute cholestasis, conjugated, initial imaging",3196533,MR elastography abdomen,0 mSvO,0 mSv [ped]O,Usually not appropriate
179,"Abnormal liver function tests, hyperbilirubinemia, acute cholestasis, conjugated, initial imaging",3196533,CT abdomen and pelvis without and with IV contrast,10-30 mSv☢☢☢☢,10-30 mSv [ped]☢☢☢☢☢,Usually not appropriate
180,"Abnormal liver function tests, hyperbilirubinemia, acute cholestasis, unconjugated, initial imaging",3196534,US abdomen,0 mSvO,0 mSv [ped]O,Usually appropriate
181,"Abnormal liver function tests, hyperbilirubinemia, acute cholestasis, unconjugated, initial imaging",3196534,MRI abdomen without and with IV contrast with MRCP,0 mSvO,0 mSv [ped]O,Usually appropriate
182,"Abnormal liver function tests, hyperbilirubinemia, acute cholestasis, unconjugated, initial imaging",3196534,MRI abdomen without IV contrast with MRCP,0 mSvO,0 mSv [ped]O,Usually appropriate
183,"Abnormal liver function tests, hyperbilirubinemia, acute cholestasis, unconjugated, initial imaging",3196534,CT abdomen and pelvis with IV contrast,1-10 mSv☢☢☢,3-10 mSv [ped]☢☢☢☢,Usually appropriate
184,"Abnormal liver function tests, hyperbilirubinemia, acute cholestasis, unconjugated, initial imaging",3196534,CT abdomen and pelvis without IV contrast,1-10 mSv☢☢☢,3-10 mSv [ped]☢☢☢☢,May be appropriate
185,"Abnormal liver function tests, hyperbilirubinemia, acute cholestasis, unconjugated, initial imaging",3196534,US abdomen with IV contrast,0 mSvO,0 mSv [ped]O,Usually not appropriate
186,"Abnormal liver function tests, hyperbilirubinemia, acute cholestasis, unconjugated, initial imaging",3196534,US duplex Doppler abdomen,0 mSvO,0 mSv [ped]O,Usually not appropriate
187,"Abnormal liver function tests, hyperbilirubinemia, acute cholestasis, unconjugated, initial imaging",3196534,US shear wave elastography abdomen,0 mSvO,0 mSv [ped]O,Usually not appropriate
188,"Abnormal liver function tests, hyperbilirubinemia, acute cholestasis, unconjugated, initial imaging",3196534,MR elastography abdomen,0 mSvO,0 mSv [ped]O,Usually not appropriate
189,"Abnormal liver function tests, hyperbilirubinemia, acute cholestasis, unconjugated, initial imaging",3196534,CT abdomen and pelvis without and with IV contrast,10-30 mSv☢☢☢☢,10-30 mSv [ped]☢☢☢☢☢,Usually not appropriate
190,"Abnormal liver function tests, hyperbilirubinemia, subacute cholestasis, conjugated, initial imaging",3196535,US abdomen,0 mSvO,0 mSv [ped]O,Usually appropriate
191,"Abnormal liver function tests, hyperbilirubinemia, subacute cholestasis, conjugated, initial imaging",3196535,MRI abdomen without and with IV contrast with MRCP,0 mSvO,0 mSv [ped]O,Usually appropriate
192,"Abnormal liver function tests, hyperbilirubinemia, subacute cholestasis, conjugated, initial imaging",3196535,MRI abdomen without IV contrast with MRCP,0 mSvO,0 mSv [ped]O,Usually appropriate
193,"Abnormal liver function tests, hyperbilirubinemia, subacute cholestasis, conjugated, initial imaging",3196535,CT abdomen and pelvis with IV contrast,1-10 mSv☢☢☢,3-10 mSv [ped]☢☢☢☢,Usually appropriate
194,"Abnormal liver function tests, hyperbilirubinemia, subacute cholestasis, conjugated, initial imaging",3196535,CT abdomen and pelvis without IV contrast,1-10 mSv☢☢☢,3-10 mSv [ped]☢☢☢☢,May be appropriate
195,"Abnormal liver function tests, hyperbilirubinemia, subacute cholestasis, conjugated, initial imaging",3196535,US abdomen with IV contrast,0 mSvO,0 mSv [ped]O,Usually not appropriate
196,"Abnormal liver function tests, hyperbilirubinemia, subacute cholestasis, conjugated, initial imaging",3196535,US duplex Doppler abdomen,0 mSvO,0 mSv [ped]O,Usually not appropriate
197,"Abnormal liver function tests, hyperbilirubinemia, subacute cholestasis, conjugated, initial imaging",3196535,US shear wave elastography abdomen,0 mSvO,0 mSv [ped]O,Usually not appropriate
198,"Abnormal liver function tests, hyperbilirubinemia, subacute cholestasis, conjugated, initial imaging",3196535,MR elastography abdomen,0 mSvO,0 mSv [ped]O,Usually not appropriate
199,"Abnormal liver function tests, hyperbilirubinemia, subacute cholestasis, conjugated, initial imaging",3196535,CT abdomen and pelvis without and with IV contrast,10-30 mSv☢☢☢☢,10-30 mSv [ped]☢☢☢☢☢,Usually not appropriate
200,"Abnormal liver function tests, hyperbilirubinemia, subacute cholestasis, unconjugated, initial imaging",3196536,US abdomen,0 mSvO,0 mSv [ped]O,Usually appropriate
201,"Abnormal liver function tests, hyperbilirubinemia, subacute cholestasis, unconjugated, initial imaging",3196536,MRI abdomen without and with IV contrast with MRCP,0 mSvO,0 mSv [ped]O,Usually appropriate
202,"Abnormal liver function tests, hyperbilirubinemia, subacute cholestasis, unconjugated, initial imaging",3196536,MRI abdomen without IV contrast with MRCP,0 mSvO,0 mSv [ped]O,Usually appropriate
203,"Abnormal liver function tests, hyperbilirubinemia, subacute cholestasis, unconjugated, initial imaging",3196536,CT abdomen and pelvis with IV contrast,1-10 mSv☢☢☢,3-10 mSv [ped]☢☢☢☢,Usually appropriate
204,"Abnormal liver function tests, hyperbilirubinemia, subacute cholestasis, unconjugated, initial imaging",3196536,CT abdomen and pelvis without IV contrast,1-10 mSv☢☢☢,3-10 mSv [ped]☢☢☢☢,May be appropriate
205,"Abnormal liver function tests, hyperbilirubinemia, subacute cholestasis, unconjugated, initial imaging",3196536,US abdomen with IV contrast,0 mSvO,0 mSv [ped]O,Usually not appropriate
206,"Abnormal liver function tests, hyperbilirubinemia, subacute cholestasis, unconjugated, initial imaging",3196536,US duplex Doppler abdomen,0 mSvO,0 mSv [ped]O,Usually not appropriate
207,"Abnormal liver function tests, hyperbilirubinemia, subacute cholestasis, unconjugated, initial imaging",3196536,US shear wave elastography abdomen,0 mSvO,0 mSv [ped]O,Usually not appropriate
208,"Abnormal liver function tests, hyperbilirubinemia, subacute cholestasis, unconjugated, initial imaging",3196536,MR elastography abdomen,0 mSvO,0 mSv [ped]O,Usually not appropriate
209,"Abnormal liver function tests, hyperbilirubinemia, subacute cholestasis, unconjugated, initial imaging",3196536,CT abdomen and pelvis without and with IV contrast,10-30 mSv☢☢☢☢,10-30 mSv [ped]☢☢☢☢☢,Usually not appropriate
210,"Abscess, liver",3411,CT abdomen and pelvis with IV contrast,1-10 mSv☢☢☢,3-10 mSv [ped]☢☢☢☢,Usually appropriate
211,"Abscess, liver",3411,US abdomen,0 mSvO,0 mSv [ped]O,May be appropriate
212,"Abscess, liver",3411,Radiography abdomen,0.1-1mSv☢☢,0.03-0.3 mSv [ped]☢☢,Usually not appropriate
213,"Abscess, liver",3411,MRI abdomen and pelvis without and with IV contrast,0 mSvO,0 mSv [ped]O,May be appropriate
214,"Abscess, liver",3411,MRI abdomen and pelvis without IV contrast,0 mSvO,0 mSv [ped]O,May be appropriate
215,"Abscess, liver",3411,CT abdomen and pelvis without IV contrast,1-10 mSv☢☢☢,3-10 mSv [ped]☢☢☢☢,May be appropriate
216,"Abscess, liver",3411,CT abdomen and pelvis without and with IV contrast,10-30 mSv☢☢☢☢,10-30 mSv [ped]☢☢☢☢☢,Usually not appropriate
217,"Abscess, liver",3411,Fluoroscopy contrast enema,1-10 mSv☢☢☢,3-10 mSv [ped]☢☢☢☢,Usually not appropriate
218,"Abscess, liver",3411,Fluoroscopy upper GI series with small bowel follow-through,1-10 mSv☢☢☢,3-10 mSv [ped]☢☢☢☢,Usually not appropriate
219,"Abscess, liver",3411,Gallium scan whole body,10-30 mSv☢☢☢☢,,Usually not appropriate
220,"Abscess, liver",3411,WBC scan abdomen and pelvis,10-30 mSv☢☢☢☢,,Usually not appropriate
221,"Colectomy with anastomosis, complication suspected, initial imaging.",3194195,MRI pelvis without and with IV contrast,0 mSvO,0 mSv [ped]O,Usually appropriate
222,"Colectomy with anastomosis, complication suspected, initial imaging.",3194195,CT abdomen and pelvis with IV contrast,1-10 mSv☢☢☢,3-10 mSv [ped]☢☢☢☢,Usually appropriate
223,"Colectomy with anastomosis, complication suspected, initial imaging.",3194195,CT pelvis with IV contrast,1-10 mSv☢☢☢,3-10 mSv [ped]☢☢☢☢,Usually appropriate
224,"Colectomy with anastomosis, complication suspected, initial imaging.",3194195,Fluoroscopy contrast enema,1-10 mSv☢☢☢,3-10 mSv [ped]☢☢☢☢,May be appropriate
225,"Colectomy with anastomosis, complication suspected, initial imaging.",3194195,MRI pelvis without IV contrast,0 mSvO,0 mSv [ped]O,May be appropriate
226,"Colectomy with anastomosis, complication suspected, initial imaging.",3194195,CT abdomen and pelvis without IV contrast,1-10 mSv☢☢☢,3-10 mSv [ped]☢☢☢☢,May be appropriate
227,"Colectomy with anastomosis, complication suspected, initial imaging.",3194195,CT pelvis without IV contrast,1-10 mSv☢☢☢,3-10 mSv [ped]☢☢☢☢,May be appropriate
228,"Colectomy with anastomosis, complication suspected, initial imaging.",3194195,US pelvis transrectal,0 mSvO,0 mSv [ped]O,Usually not appropriate
229,"Colectomy with anastomosis, complication suspected, initial imaging.",3194195,Radiography abdomen and pelvis,1-10 mSv☢☢☢,0.3-3 mSv [ped]☢☢☢,Usually not appropriate
230,"Colectomy with anastomosis, complication suspected, initial imaging.",3194195,CT abdomen and pelvis without and with IV contrast,10-30 mSv☢☢☢☢,10-30 mSv [ped]☢☢☢☢☢,Usually not appropriate
231,"Colectomy with anastomosis, complication suspected, initial imaging.",3194195,CT pelvis without and with IV contrast,10-30 mSv☢☢☢☢,3-10 mSv [ped]☢☢☢☢,Usually not appropriate
232,"Colon cancer, staging, distant mets, initial imaging",3194890,CT chest with IV contrast and MRI abdomen with IV contrast,1-10 mSv☢☢☢,,Usually appropriate
233,"Colon cancer, staging, distant mets, initial imaging",3194890,CT chest abdomen pelvis with IV contrast,10-30 mSv☢☢☢☢,3-10 mSv [ped]☢☢☢☢,Usually appropriate
234,"Colon cancer, staging, distant mets, initial imaging",3194890,CT chest with IV contrast and MRI abdomen without IV contrast,1-10 mSv☢☢☢,,May be appropriate
235,"Colon cancer, staging, distant mets, initial imaging",3194890,CT chest without IV contrast and MRI abdomen with IV contrast,1-10 mSv☢☢☢,,May be appropriate
236,"Colon cancer, staging, distant mets, initial imaging",3194890,CT chest without IV contrast and MRI abdomen without IV contrast,1-10 mSv☢☢☢,,May be appropriate
237,"Colon cancer, staging, distant mets, initial imaging",3194890,CT chest abdomen pelvis without IV contrast,10-30 mSv☢☢☢☢,3-10 mSv [ped]☢☢☢☢,May be appropriate
238,"Colon cancer, staging, distant mets, initial imaging",3194890,FDG-PET/CT skull base to mid-thigh,10-30 mSv☢☢☢☢,3-10 mSv [ped]☢☢☢☢,May be appropriate
239,"Colon cancer, staging, distant mets, initial imaging",3194890,CT chest without and with IV contrast and MRI abdomen without and with IV contrast,1-10 mSv☢☢☢,,Usually not appropriate
240,"Colon cancer, staging, distant mets, initial imaging",3194890,CT chest abdomen pelvis without and with IV contrast,10-30 mSv☢☢☢☢,10-30 mSv [ped]☢☢☢☢☢,Usually not appropriate
241,"Coloproctectomy with anastomosis, complication suspected, initial imaging.",3194194,MRI pelvis without and with IV contrast,0 mSvO,0 mSv [ped]O,Usually appropriate
242,"Coloproctectomy with anastomosis, complication suspected, initial imaging.",3194194,CT abdomen and pelvis with IV contrast,1-10 mSv☢☢☢,3-10 mSv [ped]☢☢☢☢,Usually appropriate
243,"Coloproctectomy with anastomosis, complication suspected, initial imaging.",3194194,CT pelvis with IV contrast,1-10 mSv☢☢☢,3-10 mSv [ped]☢☢☢☢,Usually appropriate
244,"Coloproctectomy with anastomosis, complication suspected, initial imaging.",3194194,Fluoroscopy contrast enema,1-10 mSv☢☢☢,3-10 mSv [ped]☢☢☢☢,May be appropriate
245,"Coloproctectomy with anastomosis, complication suspected, initial imaging.",3194194,MRI pelvis without IV contrast,0 mSvO,0 mSv [ped]O,May be appropriate
246,"Coloproctectomy with anastomosis, complication suspected, initial imaging.",3194194,CT abdomen and pelvis without IV contrast,1-10 mSv☢☢☢,3-10 mSv [ped]☢☢☢☢,May be appropriate
247,"Coloproctectomy with anastomosis, complication suspected, initial imaging.",3194194,CT pelvis without IV contrast,1-10 mSv☢☢☢,3-10 mSv [ped]☢☢☢☢,May be appropriate
248,"Coloproctectomy with anastomosis, complication suspected, initial imaging.",3194194,US pelvis transrectal,0 mSvO,0 mSv [ped]O,Usually not appropriate
249,"Coloproctectomy with anastomosis, complication suspected, initial imaging.",3194194,Radiography abdomen and pelvis,1-10 mSv☢☢☢,0.3-3 mSv [ped]☢☢☢,Usually not appropriate
250,"Coloproctectomy with anastomosis, complication suspected, initial imaging.",3194194,CT abdomen and pelvis without and with IV contrast,10-30 mSv☢☢☢☢,10-30 mSv [ped]☢☢☢☢☢,Usually not appropriate
251,"Coloproctectomy with anastomosis, complication suspected, initial imaging.",3194194,CT pelvis without and with IV contrast,10-30 mSv☢☢☢☢,3-10 mSv [ped]☢☢☢☢,Usually not appropriate
252,"Colorectal cancer screen, average risk, >=50y",3074184,CT colonography,1-10 mSv☢☢☢,,Usually appropriate
253,"Colorectal cancer screen, average risk, >=50y",3074184,Fluoroscopy barium enema double-contrast,1-10 mSv☢☢☢,,May be appropriate
254,"Colorectal cancer screen, average risk, >=50y",3074184,MR colonography,0 mSvO,0 mSv [ped]O,May be appropriate
255,"Colorectal cancer screen, average risk, >=50y",3074184,Fluoroscopy barium enema single-contrast,1-10 mSv☢☢☢,,Usually not appropriate
256,"Colorectal cancer screen, high risk, hereditary nonpoylp colorectal cancer",3141657,Fluoroscopy barium enema double-contrast,1-10 mSv☢☢☢,,Usually not appropriate
257,"Colorectal cancer screen, high risk, hereditary nonpoylp colorectal cancer",3141657,Fluoroscopy barium enema single-contrast,1-10 mSv☢☢☢,,Usually not appropriate
258,"Colorectal cancer screen, high risk, hereditary nonpoylp colorectal cancer",3141657,MR colonography,0 mSvO,0 mSv [ped]O,Usually not appropriate
259,"Colorectal cancer screen, high risk, hereditary nonpoylp colorectal cancer",3141657,CT colonography,1-10 mSv☢☢☢,,Usually not appropriate
260,"Colorectal cancer screen, high risk, ulcerative colitis or Crohns",3141658,Fluoroscopy barium enema double-contrast,1-10 mSv☢☢☢,,Usually not appropriate
261,"Colorectal cancer screen, high risk, ulcerative colitis or Crohns",3141658,Fluoroscopy barium enema single-contrast,1-10 mSv☢☢☢,,Usually not appropriate
262,"Colorectal cancer screen, high risk, ulcerative colitis or Crohns",3141658,MR colonography,0 mSvO,0 mSv [ped]O,Usually not appropriate
263,"Colorectal cancer screen, high risk, ulcerative colitis or Crohns",3141658,CT colonography,1-10 mSv☢☢☢,,Usually not appropriate
264,"Colorectal cancer screen, incomplete colonoscopy",3074186,CT colonography,1-10 mSv☢☢☢,,Usually appropriate
265,"Colorectal cancer screen, incomplete colonoscopy",3074186,Fluoroscopy barium enema double-contrast,1-10 mSv☢☢☢,,May be appropriate
266,"Colorectal cancer screen, incomplete colonoscopy",3074186,Fluoroscopy barium enema single-contrast,1-10 mSv☢☢☢,,Usually not appropriate
267,"Colorectal cancer screen, incomplete colonoscopy",3074186,MR colonography,0 mSvO,0 mSv [ped]O,Usually not appropriate
268,"Colorectal cancer screen, moderate risk, family hx of adenoma or carcinoma",3074187,CT colonography,1-10 mSv☢☢☢,,Usually appropriate
269,"Colorectal cancer screen, moderate risk, family hx of adenoma or carcinoma",3074187,Fluoroscopy barium enema double-contrast,1-10 mSv☢☢☢,,May be appropriate
270,"Colorectal cancer screen, moderate risk, family hx of adenoma or carcinoma",3074187,MR colonography,0 mSvO,0 mSv [ped]O,May be appropriate
271,"Colorectal cancer screen, moderate risk, family hx of adenoma or carcinoma",3074187,Fluoroscopy barium enema single-contrast,1-10 mSv☢☢☢,,Usually not appropriate
272,"Colorectal cancer screen, moderate risk, positive fecal test",3141490,CT colonography,1-10 mSv☢☢☢,,Usually appropriate
273,"Colorectal cancer screen, moderate risk, positive fecal test",3141490,Fluoroscopy barium enema double-contrast,1-10 mSv☢☢☢,,May be appropriate
274,"Colorectal cancer screen, moderate risk, positive fecal test",3141490,MR colonography,0 mSvO,0 mSv [ped]O,May be appropriate
275,"Colorectal cancer screen, moderate risk, positive fecal test",3141490,Fluoroscopy barium enema single-contrast,1-10 mSv☢☢☢,,Usually not appropriate
276,"Crohn disease suspected, initial imaging",3074190,MR enterography,0 mSvO,0 mSv [ped]O,Usually appropriate
277,"Crohn disease suspected, initial imaging",3074190,CT abdomen and pelvis with IV contrast,1-10 mSv☢☢☢,3-10 mSv [ped]☢☢☢☢,Usually appropriate
278,"Crohn disease suspected, initial imaging",3074190,CT enterography,10-30 mSv☢☢☢☢,3-10 mSv [ped]☢☢☢☢,Usually appropriate
279,"Crohn disease suspected, initial imaging",3074190,US abdomen and pelvis,0 mSvO,0 mSv [ped]O,May be appropriate
280,"Crohn disease suspected, initial imaging",3074190,Fluoroscopy small bowel follow-through,1-10 mSv☢☢☢,3-10 mSv [ped]☢☢☢☢,May be appropriate
281,"Crohn disease suspected, initial imaging",3074190,MRI abdomen and pelvis without and with IV contrast,0 mSvO,0 mSv [ped]O,May be appropriate
282,"Crohn disease suspected, initial imaging",3074190,MRI abdomen and pelvis without IV contrast,0 mSvO,0 mSv [ped]O,May be appropriate
283,"Crohn disease suspected, initial imaging",3074190,CT abdomen and pelvis without IV contrast,1-10 mSv☢☢☢,3-10 mSv [ped]☢☢☢☢,May be appropriate
284,"Crohn disease suspected, initial imaging",3074190,Radiography abdomen,0.1-1mSv☢☢,0.03-0.3 mSv [ped]☢☢,Usually not appropriate
285,"Crohn disease suspected, initial imaging",3074190,Fluoroscopy contrast enema,1-10 mSv☢☢☢,3-10 mSv [ped]☢☢☢☢,Usually not appropriate
286,"Crohn disease suspected, initial imaging",3074190,MR enteroclysis,0 mSvO,0 mSv [ped]O,Usually not appropriate
287,"Crohn disease suspected, initial imaging",3074190,HMPAO WBC scan,1-10 mSv☢☢☢,0.3-3 mSv [ped]☢☢☢,Usually not appropriate
288,"Crohn disease suspected, initial imaging",3074190,CT abdomen and pelvis without and with IV contrast,10-30 mSv☢☢☢☢,10-30 mSv [ped]☢☢☢☢☢,Usually not appropriate
289,"Crohn disease suspected, initial imaging",3074190,CT enteroclysis,10-30 mSv☢☢☢☢,3-10 mSv [ped]☢☢☢☢,Usually not appropriate
290,"Crohn disease suspected, initial imaging",3074190,FDG-PET/CT skull base to mid-thigh,10-30 mSv☢☢☢☢,3-10 mSv [ped]☢☢☢☢,Usually not appropriate
291,"Crohn disease, acute exacerbation suspected",3074192,MR enterography,0 mSvO,0 mSv [ped]O,Usually appropriate
292,"Crohn disease, acute exacerbation suspected",3074192,CT abdomen and pelvis with IV contrast,1-10 mSv☢☢☢,3-10 mSv [ped]☢☢☢☢,Usually appropriate
293,"Crohn disease, acute exacerbation suspected",3074192,CT enterography,10-30 mSv☢☢☢☢,3-10 mSv [ped]☢☢☢☢,Usually appropriate
294,"Crohn disease, acute exacerbation suspected",3074192,Fluoroscopy small bowel follow-through,1-10 mSv☢☢☢,3-10 mSv [ped]☢☢☢☢,May be appropriate
295,"Crohn disease, acute exacerbation suspected",3074192,MR enteroclysis,0 mSvO,0 mSv [ped]O,May be appropriate
296,"Crohn disease, acute exacerbation suspected",3074192,MRI abdomen and pelvis without and with IV contrast,0 mSvO,0 mSv [ped]O,May be appropriate
297,"Crohn disease, acute exacerbation suspected",3074192,MRI abdomen and pelvis without IV contrast,0 mSvO,0 mSv [ped]O,May be appropriate
298,"Crohn disease, acute exacerbation suspected",3074192,CT abdomen and pelvis without IV contrast,1-10 mSv☢☢☢,3-10 mSv [ped]☢☢☢☢,May be appropriate
299,"Crohn disease, acute exacerbation suspected",3074192,CT enteroclysis,10-30 mSv☢☢☢☢,3-10 mSv [ped]☢☢☢☢,May be appropriate
300,"Crohn disease, acute exacerbation suspected",3074192,US abdomen and pelvis,0 mSvO,0 mSv [ped]O,Usually not appropriate
301,"Crohn disease, acute exacerbation suspected",3074192,Radiography abdomen,0.1-1mSv☢☢,0.03-0.3 mSv [ped]☢☢,Usually not appropriate
302,"Crohn disease, acute exacerbation suspected",3074192,Fluoroscopy contrast enema,1-10 mSv☢☢☢,3-10 mSv [ped]☢☢☢☢,Usually not appropriate
303,"Crohn disease, acute exacerbation suspected",3074192,HMPAO WBC scan,1-10 mSv☢☢☢,0.3-3 mSv [ped]☢☢☢,Usually not appropriate
304,"Crohn disease, acute exacerbation suspected",3074192,CT abdomen and pelvis without and with IV contrast,10-30 mSv☢☢☢☢,10-30 mSv [ped]☢☢☢☢☢,Usually not appropriate
305,"Crohn disease, acute exacerbation suspected",3074192,FDG-PET/CT skull base to mid-thigh,10-30 mSv☢☢☢☢,3-10 mSv [ped]☢☢☢☢,Usually not appropriate
306,"Crohn disease, surveillance and monitoring therapy",3074194,MR enterography,0 mSvO,0 mSv [ped]O,Usually appropriate
307,"Crohn disease, surveillance and monitoring therapy",3074194,CT enterography,10-30 mSv☢☢☢☢,3-10 mSv [ped]☢☢☢☢,Usually appropriate
308,"Crohn disease, surveillance and monitoring therapy",3074194,US abdomen and pelvis,0 mSvO,0 mSv [ped]O,May be appropriate
309,"Crohn disease, surveillance and monitoring therapy",3074194,Fluoroscopy small bowel follow-through,1-10 mSv☢☢☢,3-10 mSv [ped]☢☢☢☢,May be appropriate
310,"Crohn disease, surveillance and monitoring therapy",3074194,MR enteroclysis,0 mSvO,0 mSv [ped]O,May be appropriate
311,"Crohn disease, surveillance and monitoring therapy",3074194,MRI abdomen and pelvis without and with IV contrast,0 mSvO,0 mSv [ped]O,May be appropriate
312,"Crohn disease, surveillance and monitoring therapy",3074194,MRI abdomen and pelvis without IV contrast,0 mSvO,0 mSv [ped]O,May be appropriate
313,"Crohn disease, surveillance and monitoring therapy",3074194,CT abdomen and pelvis with IV contrast,1-10 mSv☢☢☢,3-10 mSv [ped]☢☢☢☢,May be appropriate
314,"Crohn disease, surveillance and monitoring therapy",3074194,CT abdomen and pelvis without IV contrast,1-10 mSv☢☢☢,3-10 mSv [ped]☢☢☢☢,May be appropriate
315,"Crohn disease, surveillance and monitoring therapy",3074194,CT enteroclysis,10-30 mSv☢☢☢☢,3-10 mSv [ped]☢☢☢☢,May be appropriate
316,"Crohn disease, surveillance and monitoring therapy",3074194,Radiography abdomen,0.1-1mSv☢☢,0.03-0.3 mSv [ped]☢☢,Usually not appropriate
317,"Crohn disease, surveillance and monitoring therapy",3074194,Fluoroscopy contrast enema,1-10 mSv☢☢☢,3-10 mSv [ped]☢☢☢☢,Usually not appropriate
318,"Crohn disease, surveillance and monitoring therapy",3074194,HMPAO WBC scan,1-10 mSv☢☢☢,0.3-3 mSv [ped]☢☢☢,Usually not appropriate
319,"Crohn disease, surveillance and monitoring therapy",3074194,CT abdomen and pelvis without and with IV contrast,10-30 mSv☢☢☢☢,10-30 mSv [ped]☢☢☢☢☢,Usually not appropriate
320,"Crohn disease, surveillance and monitoring therapy",3074194,FDG-PET/CT skull base to mid-thigh,10-30 mSv☢☢☢☢,3-10 mSv [ped]☢☢☢☢,Usually not appropriate
321,"Deep pelvic hernia suspected, obturator, initial imaging",3195285,MRI pelvis without and with IV contrast,0 mSvO,0 mSv [ped]O,Usually appropriate
322,"Deep pelvic hernia suspected, obturator, initial imaging",3195285,CT abdomen and pelvis with IV contrast,1-10 mSv☢☢☢,3-10 mSv [ped]☢☢☢☢,Usually appropriate
323,"Deep pelvic hernia suspected, obturator, initial imaging",3195285,CT abdomen and pelvis without IV contrast,1-10 mSv☢☢☢,3-10 mSv [ped]☢☢☢☢,Usually appropriate
324,"Deep pelvic hernia suspected, obturator, initial imaging",3195285,CT pelvis with IV contrast,1-10 mSv☢☢☢,3-10 mSv [ped]☢☢☢☢,Usually appropriate
325,"Deep pelvic hernia suspected, obturator, initial imaging",3195285,CT pelvis without IV contrast,1-10 mSv☢☢☢,3-10 mSv [ped]☢☢☢☢,Usually appropriate
326,"Deep pelvic hernia suspected, obturator, initial imaging",3195285,MRI pelvis without IV contrast,0 mSvO,0 mSv [ped]O,May be appropriate
327,"Deep pelvic hernia suspected, obturator, initial imaging",3195285,US pelvis,0 mSvO,0 mSv [ped]O,Usually not appropriate
328,"Deep pelvic hernia suspected, obturator, initial imaging",3195285,Fluoroscopy small bowel follow-through,1-10 mSv☢☢☢,3-10 mSv [ped]☢☢☢☢,Usually not appropriate
329,"Deep pelvic hernia suspected, obturator, initial imaging",3195285,Radiography abdomen and pelvis,1-10 mSv☢☢☢,0.3-3 mSv [ped]☢☢☢,Usually not appropriate
330,"Deep pelvic hernia suspected, obturator, initial imaging",3195285,CT abdomen and pelvis without and with IV contrast,10-30 mSv☢☢☢☢,10-30 mSv [ped]☢☢☢☢☢,Usually not appropriate
331,"Deep pelvic hernia suspected, obturator, initial imaging",3195285,CT pelvis without and with IV contrast,10-30 mSv☢☢☢☢,3-10 mSv [ped]☢☢☢☢,Usually not appropriate
332,"Deep pelvic hernia suspected, perineal, initial imaging",3195287,MRI pelvis without and with IV contrast,0 mSvO,0 mSv [ped]O,Usually appropriate
333,"Deep pelvic hernia suspected, perineal, initial imaging",3195287,CT abdomen and pelvis with IV contrast,1-10 mSv☢☢☢,3-10 mSv [ped]☢☢☢☢,Usually appropriate
334,"Deep pelvic hernia suspected, perineal, initial imaging",3195287,CT abdomen and pelvis without IV contrast,1-10 mSv☢☢☢,3-10 mSv [ped]☢☢☢☢,Usually appropriate
335,"Deep pelvic hernia suspected, perineal, initial imaging",3195287,CT pelvis with IV contrast,1-10 mSv☢☢☢,3-10 mSv [ped]☢☢☢☢,Usually appropriate
336,"Deep pelvic hernia suspected, perineal, initial imaging",3195287,CT pelvis without IV contrast,1-10 mSv☢☢☢,3-10 mSv [ped]☢☢☢☢,Usually appropriate
337,"Deep pelvic hernia suspected, perineal, initial imaging",3195287,MRI pelvis without IV contrast,0 mSvO,0 mSv [ped]O,May be appropriate
338,"Deep pelvic hernia suspected, perineal, initial imaging",3195287,US pelvis,0 mSvO,0 mSv [ped]O,Usually not appropriate
339,"Deep pelvic hernia suspected, perineal, initial imaging",3195287,Fluoroscopy small bowel follow-through,1-10 mSv☢☢☢,3-10 mSv [ped]☢☢☢☢,Usually not appropriate
340,"Deep pelvic hernia suspected, perineal, initial imaging",3195287,Radiography abdomen and pelvis,1-10 mSv☢☢☢,0.3-3 mSv [ped]☢☢☢,Usually not appropriate
341,"Deep pelvic hernia suspected, perineal, initial imaging",3195287,CT abdomen and pelvis without and with IV contrast,10-30 mSv☢☢☢☢,10-30 mSv [ped]☢☢☢☢☢,Usually not appropriate
342,"Deep pelvic hernia suspected, perineal, initial imaging",3195287,CT pelvis without and with IV contrast,10-30 mSv☢☢☢☢,3-10 mSv [ped]☢☢☢☢,Usually not appropriate
343,"Deep pelvic hernia suspected, sciatic, initial imaging",3195286,MRI pelvis without and with IV contrast,0 mSvO,0 mSv [ped]O,Usually appropriate
344,"Deep pelvic hernia suspected, sciatic, initial imaging",3195286,CT abdomen and pelvis with IV contrast,1-10 mSv☢☢☢,3-10 mSv [ped]☢☢☢☢,Usually appropriate
345,"Deep pelvic hernia suspected, sciatic, initial imaging",3195286,CT abdomen and pelvis without IV contrast,1-10 mSv☢☢☢,3-10 mSv [ped]☢☢☢☢,Usually appropriate
346,"Deep pelvic hernia suspected, sciatic, initial imaging",3195286,CT pelvis with IV contrast,1-10 mSv☢☢☢,3-10 mSv [ped]☢☢☢☢,Usually appropriate
347,"Deep pelvic hernia suspected, sciatic, initial imaging",3195286,CT pelvis without IV contrast,1-10 mSv☢☢☢,3-10 mSv [ped]☢☢☢☢,Usually appropriate
348,"Deep pelvic hernia suspected, sciatic, initial imaging",3195286,MRI pelvis without IV contrast,0 mSvO,0 mSv [ped]O,May be appropriate
349,"Deep pelvic hernia suspected, sciatic, initial imaging",3195286,US pelvis,0 mSvO,0 mSv [ped]O,Usually not appropriate
350,"Deep pelvic hernia suspected, sciatic, initial imaging",3195286,Fluoroscopy small bowel follow-through,1-10 mSv☢☢☢,3-10 mSv [ped]☢☢☢☢,Usually not appropriate
351,"Deep pelvic hernia suspected, sciatic, initial imaging",3195286,Radiography abdomen and pelvis,1-10 mSv☢☢☢,0.3-3 mSv [ped]☢☢☢,Usually not appropriate
352,"Deep pelvic hernia suspected, sciatic, initial imaging",3195286,CT abdomen and pelvis without and with IV contrast,10-30 mSv☢☢☢☢,10-30 mSv [ped]☢☢☢☢☢,Usually not appropriate
353,"Deep pelvic hernia suspected, sciatic, initial imaging",3195286,CT pelvis without and with IV contrast,10-30 mSv☢☢☢☢,3-10 mSv [ped]☢☢☢☢,Usually not appropriate
354,"Diaphragmatic hernia suspected, Bochdalek, initial imaging",3195290,CT chest and abdomen with IV contrast,10-30 mSv☢☢☢☢,,Usually appropriate
355,"Diaphragmatic hernia suspected, Bochdalek, initial imaging",3195290,CT chest and abdomen without IV contrast,10-30 mSv☢☢☢☢,,Usually appropriate
356,"Diaphragmatic hernia suspected, Bochdalek, initial imaging",3195290,Radiography chest,<0.1 mSv☢,<0.03 mSv [ped]☢,May be appropriate
357,"Diaphragmatic hernia suspected, Bochdalek, initial imaging",3195290,Fluoroscopy upper GI series,1-10 mSv☢☢☢,0.3-3 mSv [ped]☢☢☢,May be appropriate
358,"Diaphragmatic hernia suspected, Bochdalek, initial imaging",3195290,MRI chest and abdomen without and with IV contrast,0 mSvO,0 mSv [ped]O,May be appropriate
359,"Diaphragmatic hernia suspected, Bochdalek, initial imaging",3195290,MRI chest and abdomen without IV contrast,0 mSvO,0 mSv [ped]O,May be appropriate
360,"Diaphragmatic hernia suspected, Bochdalek, initial imaging",3195290,US abdomen,0 mSvO,0 mSv [ped]O,Usually not appropriate
361,"Diaphragmatic hernia suspected, Bochdalek, initial imaging",3195290,Fluoroscopy upper GI series with small bowel follow-through,1-10 mSv☢☢☢,3-10 mSv [ped]☢☢☢☢,Usually not appropriate
362,"Diaphragmatic hernia suspected, Bochdalek, initial imaging",3195290,Radiography abdomen and pelvis,1-10 mSv☢☢☢,0.3-3 mSv [ped]☢☢☢,Usually not appropriate
363,"Diaphragmatic hernia suspected, Bochdalek, initial imaging",3195290,CT chest and abdomen without and with IV contrast,10-30 mSv☢☢☢☢,,Usually not appropriate
364,"Diaphragmatic hernia suspected, Morgagni, initial imaging",3195291,CT chest and abdomen with IV contrast,10-30 mSv☢☢☢☢,,Usually appropriate
365,"Diaphragmatic hernia suspected, Morgagni, initial imaging",3195291,CT chest and abdomen without IV contrast,10-30 mSv☢☢☢☢,,Usually appropriate
366,"Diaphragmatic hernia suspected, Morgagni, initial imaging",3195291,Radiography chest,<0.1 mSv☢,<0.03 mSv [ped]☢,May be appropriate
367,"Diaphragmatic hernia suspected, Morgagni, initial imaging",3195291,Fluoroscopy upper GI series,1-10 mSv☢☢☢,0.3-3 mSv [ped]☢☢☢,May be appropriate
368,"Diaphragmatic hernia suspected, Morgagni, initial imaging",3195291,MRI chest and abdomen without and with IV contrast,0 mSvO,0 mSv [ped]O,May be appropriate
369,"Diaphragmatic hernia suspected, Morgagni, initial imaging",3195291,MRI chest and abdomen without IV contrast,0 mSvO,0 mSv [ped]O,May be appropriate
370,"Diaphragmatic hernia suspected, Morgagni, initial imaging",3195291,US abdomen,0 mSvO,0 mSv [ped]O,Usually not appropriate
371,"Diaphragmatic hernia suspected, Morgagni, initial imaging",3195291,Fluoroscopy upper GI series with small bowel follow-through,1-10 mSv☢☢☢,3-10 mSv [ped]☢☢☢☢,Usually not appropriate
372,"Diaphragmatic hernia suspected, Morgagni, initial imaging",3195291,Radiography abdomen and pelvis,1-10 mSv☢☢☢,0.3-3 mSv [ped]☢☢☢,Usually not appropriate
373,"Diaphragmatic hernia suspected, Morgagni, initial imaging",3195291,CT chest and abdomen without and with IV contrast,10-30 mSv☢☢☢☢,,Usually not appropriate
374,"Diaphragmatic hernia suspected, traumatic, initial imaging",3195289,CT chest and abdomen with IV contrast,10-30 mSv☢☢☢☢,,Usually appropriate
375,"Diaphragmatic hernia suspected, traumatic, initial imaging",3195289,CT chest and abdomen without IV contrast,10-30 mSv☢☢☢☢,,Usually appropriate
376,"Diaphragmatic hernia suspected, traumatic, initial imaging",3195289,Radiography chest,<0.1 mSv☢,<0.03 mSv [ped]☢,May be appropriate
377,"Diaphragmatic hernia suspected, traumatic, initial imaging",3195289,Fluoroscopy upper GI series,1-10 mSv☢☢☢,0.3-3 mSv [ped]☢☢☢,May be appropriate
378,"Diaphragmatic hernia suspected, traumatic, initial imaging",3195289,MRI chest and abdomen without and with IV contrast,0 mSvO,0 mSv [ped]O,May be appropriate
379,"Diaphragmatic hernia suspected, traumatic, initial imaging",3195289,MRI chest and abdomen without IV contrast,0 mSvO,0 mSv [ped]O,May be appropriate
380,"Diaphragmatic hernia suspected, traumatic, initial imaging",3195289,US abdomen,0 mSvO,0 mSv [ped]O,Usually not appropriate
381,"Diaphragmatic hernia suspected, traumatic, initial imaging",3195289,Fluoroscopy upper GI series with small bowel follow-through,1-10 mSv☢☢☢,3-10 mSv [ped]☢☢☢☢,Usually not appropriate
382,"Diaphragmatic hernia suspected, traumatic, initial imaging",3195289,Radiography abdomen and pelvis,1-10 mSv☢☢☢,0.3-3 mSv [ped]☢☢☢,Usually not appropriate
383,"Diaphragmatic hernia suspected, traumatic, initial imaging",3195289,CT chest and abdomen without and with IV contrast,10-30 mSv☢☢☢☢,,Usually not appropriate
384,"Dysphagia, oropharyngeal, known cause",3074196,Fluoroscopy barium swallow modified,1-10 mSv☢☢☢,,Usually appropriate
385,"Dysphagia, oropharyngeal, known cause",3074196,Fluoroscopy biphasic esophagram,1-10 mSv☢☢☢,,May be appropriate
386,"Dysphagia, oropharyngeal, known cause",3074196,Fluoroscopy pharynx dynamic and static imaging,1-10 mSv☢☢☢,,May be appropriate
387,"Dysphagia, oropharyngeal, known cause",3074196,Fluoroscopy single contrast esophagram,1-10 mSv☢☢☢,,May be appropriate
388,"Dysphagia, oropharyngeal, known cause",3074196,Esophageal transit nuclear medicine scan,1-10 mSv☢☢☢,,Usually not appropriate
389,"Dysphagia, oropharyngeal, known cause",3074196,CT neck and chest with IV contrast,10-30 mSv☢☢☢☢,,Usually not appropriate
390,"Dysphagia, oropharyngeal, known cause",3074196,CT neck and chest without and with IV contrast,10-30 mSv☢☢☢☢,,Usually not appropriate
391,"Dysphagia, oropharyngeal, known cause",3074196,CT neck and chest without IV contrast,10-30 mSv☢☢☢☢,,Usually not appropriate
392,"Dysphagia, oropharyngeal, unexplained",3074197,Fluoroscopy biphasic esophagram,1-10 mSv☢☢☢,,Usually appropriate
393,"Dysphagia, oropharyngeal, unexplained",3074197,Fluoroscopy barium swallow modified,1-10 mSv☢☢☢,,May be appropriate
394,"Dysphagia, oropharyngeal, unexplained",3074197,Fluoroscopy pharynx dynamic and static imaging,1-10 mSv☢☢☢,,May be appropriate (Disagreement)
395,"Dysphagia, oropharyngeal, unexplained",3074197,Fluoroscopy single contrast esophagram,1-10 mSv☢☢☢,,May be appropriate
396,"Dysphagia, oropharyngeal, unexplained",3074197,Esophageal transit nuclear medicine scan,1-10 mSv☢☢☢,,May be appropriate
397,"Dysphagia, oropharyngeal, unexplained",3074197,CT neck and chest with IV contrast,10-30 mSv☢☢☢☢,,Usually not appropriate
398,"Dysphagia, oropharyngeal, unexplained",3074197,CT neck and chest without and with IV contrast,10-30 mSv☢☢☢☢,,Usually not appropriate
399,"Dysphagia, oropharyngeal, unexplained",3074197,CT neck and chest without IV contrast,10-30 mSv☢☢☢☢,,Usually not appropriate
400,"Dysphagia, postop <1 mo",3149291,Fluoroscopy single contrast esophagram,1-10 mSv☢☢☢,,Usually appropriate
401,"Dysphagia, postop <1 mo",3149291,CT neck and chest with IV contrast,10-30 mSv☢☢☢☢,,Usually appropriate
402,"Dysphagia, postop <1 mo",3149291,CT neck and chest without IV contrast,10-30 mSv☢☢☢☢,,May be appropriate
403,"Dysphagia, postop <1 mo",3149291,Fluoroscopy barium swallow modified,1-10 mSv☢☢☢,,Usually not appropriate
404,"Dysphagia, postop <1 mo",3149291,Fluoroscopy biphasic esophagram,1-10 mSv☢☢☢,,Usually not appropriate
405,"Dysphagia, postop <1 mo",3149291,Fluoroscopy pharynx dynamic and static imaging,1-10 mSv☢☢☢,,Usually not appropriate
406,"Dysphagia, postop <1 mo",3149291,Esophageal transit nuclear medicine scan,1-10 mSv☢☢☢,,Usually not appropriate
407,"Dysphagia, postop <1 mo",3149291,CT neck and chest without and with IV contrast,10-30 mSv☢☢☢☢,,Usually not appropriate
408,"Dysphagia, postop >1 mo",3149292,Fluoroscopy single contrast esophagram,1-10 mSv☢☢☢,,Usually appropriate
409,"Dysphagia, postop >1 mo",3149292,CT neck and chest with IV contrast,10-30 mSv☢☢☢☢,,Usually appropriate
410,"Dysphagia, postop >1 mo",3149292,Fluoroscopy barium swallow modified,1-10 mSv☢☢☢,,May be appropriate
411,"Dysphagia, postop >1 mo",3149292,Fluoroscopy biphasic esophagram,1-10 mSv☢☢☢,,May be appropriate
412,"Dysphagia, postop >1 mo",3149292,Esophageal transit nuclear medicine scan,1-10 mSv☢☢☢,,May be appropriate
413,"Dysphagia, postop >1 mo",3149292,Fluoroscopy pharynx dynamic and static imaging,1-10 mSv☢☢☢,,Usually not appropriate
414,"Dysphagia, postop >1 mo",3149292,CT neck and chest without and with IV contrast,10-30 mSv☢☢☢☢,,Usually not appropriate
415,"Dysphagia, postop >1 mo",3149292,CT neck and chest without IV contrast,10-30 mSv☢☢☢☢,,Usually not appropriate
416,"Dysphagia, retrosternal, immunocompromised",3074199,Fluoroscopy biphasic esophagram,1-10 mSv☢☢☢,,Usually appropriate
417,"Dysphagia, retrosternal, immunocompromised",3074199,Fluoroscopy barium swallow modified,1-10 mSv☢☢☢,,May be appropriate
418,"Dysphagia, retrosternal, immunocompromised",3074199,Fluoroscopy single contrast esophagram,1-10 mSv☢☢☢,,May be appropriate
419,"Dysphagia, retrosternal, immunocompromised",3074199,Fluoroscopy pharynx dynamic and static imaging,1-10 mSv☢☢☢,,Usually not appropriate
420,"Dysphagia, retrosternal, immunocompromised",3074199,Esophageal transit nuclear medicine scan,1-10 mSv☢☢☢,,Usually not appropriate
421,"Dysphagia, retrosternal, immunocompromised",3074199,CT neck and chest with IV contrast,10-30 mSv☢☢☢☢,,Usually not appropriate
422,"Dysphagia, retrosternal, immunocompromised",3074199,CT neck and chest without and with IV contrast,10-30 mSv☢☢☢☢,,Usually not appropriate
423,"Dysphagia, retrosternal, immunocompromised",3074199,CT neck and chest without IV contrast,10-30 mSv☢☢☢☢,,Usually not appropriate
424,"Dysphagia, retrosternal, not immunocompromised",3074198,Fluoroscopy biphasic esophagram,1-10 mSv☢☢☢,,Usually appropriate
425,"Dysphagia, retrosternal, not immunocompromised",3074198,Fluoroscopy barium swallow modified,1-10 mSv☢☢☢,,May be appropriate
426,"Dysphagia, retrosternal, not immunocompromised",3074198,Fluoroscopy single contrast esophagram,1-10 mSv☢☢☢,,May be appropriate
427,"Dysphagia, retrosternal, not immunocompromised",3074198,Esophageal transit nuclear medicine scan,1-10 mSv☢☢☢,,May be appropriate
428,"Dysphagia, retrosternal, not immunocompromised",3074198,Fluoroscopy pharynx dynamic and static imaging,1-10 mSv☢☢☢,,Usually not appropriate
429,"Dysphagia, retrosternal, not immunocompromised",3074198,CT neck and chest with IV contrast,10-30 mSv☢☢☢☢,,Usually not appropriate
430,"Dysphagia, retrosternal, not immunocompromised",3074198,CT neck and chest without and with IV contrast,10-30 mSv☢☢☢☢,,Usually not appropriate
431,"Dysphagia, retrosternal, not immunocompromised",3074198,CT neck and chest without IV contrast,10-30 mSv☢☢☢☢,,Usually not appropriate
432,"Epigastric pain, acid reflux suspected, initial imaging",3194197,Fluoroscopy biphasic esophagram,1-10 mSv☢☢☢,,Usually appropriate
433,"Epigastric pain, acid reflux suspected, initial imaging",3194197,Fluoroscopy upper GI series,1-10 mSv☢☢☢,0.3-3 mSv [ped]☢☢☢,Usually appropriate
434,"Epigastric pain, acid reflux suspected, initial imaging",3194197,Fluoroscopy single contrast esophagram,1-10 mSv☢☢☢,,May be appropriate
435,"Epigastric pain, acid reflux suspected, initial imaging",3194197,CT abdomen and pelvis with IV contrast,1-10 mSv☢☢☢,3-10 mSv [ped]☢☢☢☢,May be appropriate
436,"Epigastric pain, acid reflux suspected, initial imaging",3194197,CT abdomen and pelvis without IV contrast,1-10 mSv☢☢☢,3-10 mSv [ped]☢☢☢☢,May be appropriate
437,"Epigastric pain, acid reflux suspected, initial imaging",3194197,CT abdomen with IV contrast,1-10 mSv☢☢☢,3-10 mSv [ped]☢☢☢☢,May be appropriate (Disagreement)
438,"Epigastric pain, acid reflux suspected, initial imaging",3194197,MRI abdomen without and with IV contrast,0 mSvO,0 mSv [ped]O,Usually not appropriate
439,"Epigastric pain, acid reflux suspected, initial imaging",3194197,MRI abdomen without and with IV contrast with MRCP,0 mSvO,0 mSv [ped]O,Usually not appropriate
440,"Epigastric pain, acid reflux suspected, initial imaging",3194197,MRI abdomen without IV contrast,0 mSvO,0 mSv [ped]O,Usually not appropriate
441,"Epigastric pain, acid reflux suspected, initial imaging",3194197,MRI abdomen without IV contrast with MRCP,0 mSvO,0 mSv [ped]O,Usually not appropriate
442,"Epigastric pain, acid reflux suspected, initial imaging",3194197,CT abdomen without IV contrast,1-10 mSv☢☢☢,3-10 mSv [ped]☢☢☢☢,Usually not appropriate
443,"Epigastric pain, acid reflux suspected, initial imaging",3194197,CT abdomen and pelvis without and with IV contrast,10-30 mSv☢☢☢☢,10-30 mSv [ped]☢☢☢☢☢,Usually not appropriate
444,"Epigastric pain, acid reflux suspected, initial imaging",3194197,CT abdomen with IV contrast multiphase,10-30 mSv☢☢☢☢,,Usually not appropriate
445,"Epigastric pain, acid reflux suspected, initial imaging",3194197,CT abdomen without and with IV contrast,10-30 mSv☢☢☢☢,10-30 mSv [ped]☢☢☢☢☢,Usually not appropriate
446,"Epigastric pain, acid reflux suspected, initial imaging",3194197,FDG-PET/CT skull base to mid-thigh,10-30 mSv☢☢☢☢,3-10 mSv [ped]☢☢☢☢,Usually not appropriate
447,"Epigastric pain, duodenal ulcer suspected, initial imaging",3194201,Fluoroscopy biphasic esophagram,1-10 mSv☢☢☢,,Usually appropriate
448,"Epigastric pain, duodenal ulcer suspected, initial imaging",3194201,Fluoroscopy upper GI series,1-10 mSv☢☢☢,0.3-3 mSv [ped]☢☢☢,Usually appropriate
449,"Epigastric pain, duodenal ulcer suspected, initial imaging",3194201,Fluoroscopy single contrast esophagram,1-10 mSv☢☢☢,,May be appropriate
450,"Epigastric pain, duodenal ulcer suspected, initial imaging",3194201,CT abdomen and pelvis with IV contrast,1-10 mSv☢☢☢,3-10 mSv [ped]☢☢☢☢,May be appropriate
451,"Epigastric pain, duodenal ulcer suspected, initial imaging",3194201,CT abdomen and pelvis without IV contrast,1-10 mSv☢☢☢,3-10 mSv [ped]☢☢☢☢,May be appropriate
452,"Epigastric pain, duodenal ulcer suspected, initial imaging",3194201,CT abdomen with IV contrast,1-10 mSv☢☢☢,3-10 mSv [ped]☢☢☢☢,May be appropriate (Disagreement)
453,"Epigastric pain, duodenal ulcer suspected, initial imaging",3194201,MRI abdomen without and with IV contrast,0 mSvO,0 mSv [ped]O,Usually not appropriate
454,"Epigastric pain, duodenal ulcer suspected, initial imaging",3194201,MRI abdomen without and with IV contrast with MRCP,0 mSvO,0 mSv [ped]O,Usually not appropriate
455,"Epigastric pain, duodenal ulcer suspected, initial imaging",3194201,MRI abdomen without IV contrast,0 mSvO,0 mSv [ped]O,Usually not appropriate
456,"Epigastric pain, duodenal ulcer suspected, initial imaging",3194201,MRI abdomen without IV contrast with MRCP,0 mSvO,0 mSv [ped]O,Usually not appropriate
457,"Epigastric pain, duodenal ulcer suspected, initial imaging",3194201,CT abdomen without IV contrast,1-10 mSv☢☢☢,3-10 mSv [ped]☢☢☢☢,Usually not appropriate
458,"Epigastric pain, duodenal ulcer suspected, initial imaging",3194201,CT abdomen and pelvis without and with IV contrast,10-30 mSv☢☢☢☢,10-30 mSv [ped]☢☢☢☢☢,Usually not appropriate
459,"Epigastric pain, duodenal ulcer suspected, initial imaging",3194201,CT abdomen with IV contrast multiphase,10-30 mSv☢☢☢☢,,Usually not appropriate
460,"Epigastric pain, duodenal ulcer suspected, initial imaging",3194201,CT abdomen without and with IV contrast,10-30 mSv☢☢☢☢,10-30 mSv [ped]☢☢☢☢☢,Usually not appropriate
461,"Epigastric pain, duodenal ulcer suspected, initial imaging",3194201,FDG-PET/CT skull base to mid-thigh,10-30 mSv☢☢☢☢,3-10 mSv [ped]☢☢☢☢,Usually not appropriate
462,"Epigastric pain, esophagitis suspected, initial imaging",3194198,Fluoroscopy biphasic esophagram,1-10 mSv☢☢☢,,Usually appropriate
463,"Epigastric pain, esophagitis suspected, initial imaging",3194198,Fluoroscopy upper GI series,1-10 mSv☢☢☢,0.3-3 mSv [ped]☢☢☢,Usually appropriate
464,"Epigastric pain, esophagitis suspected, initial imaging",3194198,Fluoroscopy single contrast esophagram,1-10 mSv☢☢☢,,May be appropriate
465,"Epigastric pain, esophagitis suspected, initial imaging",3194198,CT abdomen and pelvis with IV contrast,1-10 mSv☢☢☢,3-10 mSv [ped]☢☢☢☢,May be appropriate
466,"Epigastric pain, esophagitis suspected, initial imaging",3194198,CT abdomen and pelvis without IV contrast,1-10 mSv☢☢☢,3-10 mSv [ped]☢☢☢☢,May be appropriate
467,"Epigastric pain, esophagitis suspected, initial imaging",3194198,CT abdomen with IV contrast,1-10 mSv☢☢☢,3-10 mSv [ped]☢☢☢☢,May be appropriate (Disagreement)
468,"Epigastric pain, esophagitis suspected, initial imaging",3194198,MRI abdomen without and with IV contrast,0 mSvO,0 mSv [ped]O,Usually not appropriate
469,"Epigastric pain, esophagitis suspected, initial imaging",3194198,MRI abdomen without and with IV contrast with MRCP,0 mSvO,0 mSv [ped]O,Usually not appropriate
470,"Epigastric pain, esophagitis suspected, initial imaging",3194198,MRI abdomen without IV contrast,0 mSvO,0 mSv [ped]O,Usually not appropriate
471,"Epigastric pain, esophagitis suspected, initial imaging",3194198,MRI abdomen without IV contrast with MRCP,0 mSvO,0 mSv [ped]O,Usually not appropriate
472,"Epigastric pain, esophagitis suspected, initial imaging",3194198,CT abdomen without IV contrast,1-10 mSv☢☢☢,3-10 mSv [ped]☢☢☢☢,Usually not appropriate
473,"Epigastric pain, esophagitis suspected, initial imaging",3194198,CT abdomen and pelvis without and with IV contrast,10-30 mSv☢☢☢☢,10-30 mSv [ped]☢☢☢☢☢,Usually not appropriate
474,"Epigastric pain, esophagitis suspected, initial imaging",3194198,CT abdomen with IV contrast multiphase,10-30 mSv☢☢☢☢,,Usually not appropriate
475,"Epigastric pain, esophagitis suspected, initial imaging",3194198,CT abdomen without and with IV contrast,10-30 mSv☢☢☢☢,10-30 mSv [ped]☢☢☢☢☢,Usually not appropriate
476,"Epigastric pain, esophagitis suspected, initial imaging",3194198,FDG-PET/CT skull base to mid-thigh,10-30 mSv☢☢☢☢,3-10 mSv [ped]☢☢☢☢,Usually not appropriate
477,"Epigastric pain, gastric cancer suspected, initial imaging",3194203,Fluoroscopy upper GI series,1-10 mSv☢☢☢,0.3-3 mSv [ped]☢☢☢,Usually appropriate
478,"Epigastric pain, gastric cancer suspected, initial imaging",3194203,CT abdomen and pelvis with IV contrast,1-10 mSv☢☢☢,3-10 mSv [ped]☢☢☢☢,Usually appropriate
479,"Epigastric pain, gastric cancer suspected, initial imaging",3194203,CT abdomen and pelvis without IV contrast,1-10 mSv☢☢☢,3-10 mSv [ped]☢☢☢☢,May be appropriate
480,"Epigastric pain, gastric cancer suspected, initial imaging",3194203,CT abdomen with IV contrast,1-10 mSv☢☢☢,3-10 mSv [ped]☢☢☢☢,May be appropriate (Disagreement)
481,"Epigastric pain, gastric cancer suspected, initial imaging",3194203,CT abdomen without IV contrast,1-10 mSv☢☢☢,3-10 mSv [ped]☢☢☢☢,May be appropriate
482,"Epigastric pain, gastric cancer suspected, initial imaging",3194203,CT abdomen with IV contrast multiphase,10-30 mSv☢☢☢☢,,May be appropriate
483,"Epigastric pain, gastric cancer suspected, initial imaging",3194203,Fluoroscopy biphasic esophagram,1-10 mSv☢☢☢,,Usually not appropriate
484,"Epigastric pain, gastric cancer suspected, initial imaging",3194203,Fluoroscopy single contrast esophagram,1-10 mSv☢☢☢,,Usually not appropriate
485,"Epigastric pain, gastric cancer suspected, initial imaging",3194203,MRI abdomen without and with IV contrast,0 mSvO,0 mSv [ped]O,Usually not appropriate
486,"Epigastric pain, gastric cancer suspected, initial imaging",3194203,MRI abdomen without and with IV contrast with MRCP,0 mSvO,0 mSv [ped]O,Usually not appropriate
487,"Epigastric pain, gastric cancer suspected, initial imaging",3194203,MRI abdomen without IV contrast,0 mSvO,0 mSv [ped]O,Usually not appropriate
488,"Epigastric pain, gastric cancer suspected, initial imaging",3194203,MRI abdomen without IV contrast with MRCP,0 mSvO,0 mSv [ped]O,Usually not appropriate
489,"Epigastric pain, gastric cancer suspected, initial imaging",3194203,CT abdomen and pelvis without and with IV contrast,10-30 mSv☢☢☢☢,10-30 mSv [ped]☢☢☢☢☢,Usually not appropriate
490,"Epigastric pain, gastric cancer suspected, initial imaging",3194203,CT abdomen without and with IV contrast,10-30 mSv☢☢☢☢,10-30 mSv [ped]☢☢☢☢☢,Usually not appropriate
491,"Epigastric pain, gastric cancer suspected, initial imaging",3194203,FDG-PET/CT skull base to mid-thigh,10-30 mSv☢☢☢☢,3-10 mSv [ped]☢☢☢☢,Usually not appropriate
492,"Epigastric pain, gastritis suspected, initial imaging",3194199,Fluoroscopy biphasic esophagram,1-10 mSv☢☢☢,,Usually appropriate
493,"Epigastric pain, gastritis suspected, initial imaging",3194199,Fluoroscopy upper GI series,1-10 mSv☢☢☢,0.3-3 mSv [ped]☢☢☢,Usually appropriate
494,"Epigastric pain, gastritis suspected, initial imaging",3194199,Fluoroscopy single contrast esophagram,1-10 mSv☢☢☢,,May be appropriate
495,"Epigastric pain, gastritis suspected, initial imaging",3194199,CT abdomen and pelvis with IV contrast,1-10 mSv☢☢☢,3-10 mSv [ped]☢☢☢☢,May be appropriate
496,"Epigastric pain, gastritis suspected, initial imaging",3194199,CT abdomen and pelvis without IV contrast,1-10 mSv☢☢☢,3-10 mSv [ped]☢☢☢☢,May be appropriate
497,"Epigastric pain, gastritis suspected, initial imaging",3194199,CT abdomen with IV contrast,1-10 mSv☢☢☢,3-10 mSv [ped]☢☢☢☢,May be appropriate (Disagreement)
498,"Epigastric pain, gastritis suspected, initial imaging",3194199,MRI abdomen without and with IV contrast,0 mSvO,0 mSv [ped]O,Usually not appropriate
499,"Epigastric pain, gastritis suspected, initial imaging",3194199,MRI abdomen without and with IV contrast with MRCP,0 mSvO,0 mSv [ped]O,Usually not appropriate
500,"Epigastric pain, gastritis suspected, initial imaging",3194199,MRI abdomen without IV contrast,0 mSvO,0 mSv [ped]O,Usually not appropriate
501,"Epigastric pain, gastritis suspected, initial imaging",3194199,MRI abdomen without IV contrast with MRCP,0 mSvO,0 mSv [ped]O,Usually not appropriate
502,"Epigastric pain, gastritis suspected, initial imaging",3194199,CT abdomen without IV contrast,1-10 mSv☢☢☢,3-10 mSv [ped]☢☢☢☢,Usually not appropriate
503,"Epigastric pain, gastritis suspected, initial imaging",3194199,CT abdomen and pelvis without and with IV contrast,10-30 mSv☢☢☢☢,10-30 mSv [ped]☢☢☢☢☢,Usually not appropriate
504,"Epigastric pain, gastritis suspected, initial imaging",3194199,CT abdomen with IV contrast multiphase,10-30 mSv☢☢☢☢,,Usually not appropriate
505,"Epigastric pain, gastritis suspected, initial imaging",3194199,CT abdomen without and with IV contrast,10-30 mSv☢☢☢☢,10-30 mSv [ped]☢☢☢☢☢,Usually not appropriate
506,"Epigastric pain, gastritis suspected, initial imaging",3194199,FDG-PET/CT skull base to mid-thigh,10-30 mSv☢☢☢☢,3-10 mSv [ped]☢☢☢☢,Usually not appropriate
507,"Epigastric pain, hiatal hernia suspected, initial imaging",3194205,Fluoroscopy biphasic esophagram,1-10 mSv☢☢☢,,Usually appropriate
508,"Epigastric pain, hiatal hernia suspected, initial imaging",3194205,Fluoroscopy single contrast esophagram,1-10 mSv☢☢☢,,Usually appropriate
509,"Epigastric pain, hiatal hernia suspected, initial imaging",3194205,Fluoroscopy upper GI series,1-10 mSv☢☢☢,0.3-3 mSv [ped]☢☢☢,Usually appropriate
510,"Epigastric pain, hiatal hernia suspected, initial imaging",3194205,MRI abdomen without and with IV contrast,0 mSvO,0 mSv [ped]O,Usually not appropriate
511,"Epigastric pain, hiatal hernia suspected, initial imaging",3194205,MRI abdomen without and with IV contrast with MRCP,0 mSvO,0 mSv [ped]O,Usually not appropriate
512,"Epigastric pain, hiatal hernia suspected, initial imaging",3194205,MRI abdomen without IV contrast,0 mSvO,0 mSv [ped]O,Usually not appropriate
513,"Epigastric pain, hiatal hernia suspected, initial imaging",3194205,MRI abdomen without IV contrast with MRCP,0 mSvO,0 mSv [ped]O,Usually not appropriate
514,"Epigastric pain, hiatal hernia suspected, initial imaging",3194205,CT abdomen and pelvis with IV contrast,1-10 mSv☢☢☢,3-10 mSv [ped]☢☢☢☢,Usually not appropriate
515,"Epigastric pain, hiatal hernia suspected, initial imaging",3194205,CT abdomen and pelvis without IV contrast,1-10 mSv☢☢☢,3-10 mSv [ped]☢☢☢☢,Usually not appropriate
516,"Epigastric pain, hiatal hernia suspected, initial imaging",3194205,CT abdomen with IV contrast,1-10 mSv☢☢☢,3-10 mSv [ped]☢☢☢☢,Usually not appropriate
517,"Epigastric pain, hiatal hernia suspected, initial imaging",3194205,CT abdomen without IV contrast,1-10 mSv☢☢☢,3-10 mSv [ped]☢☢☢☢,Usually not appropriate
518,"Epigastric pain, hiatal hernia suspected, initial imaging",3194205,CT abdomen and pelvis without and with IV contrast,10-30 mSv☢☢☢☢,10-30 mSv [ped]☢☢☢☢☢,Usually not appropriate
519,"Epigastric pain, hiatal hernia suspected, initial imaging",3194205,CT abdomen with IV contrast multiphase,10-30 mSv☢☢☢☢,,Usually not appropriate
520,"Epigastric pain, hiatal hernia suspected, initial imaging",3194205,CT abdomen without and with IV contrast,10-30 mSv☢☢☢☢,10-30 mSv [ped]☢☢☢☢☢,Usually not appropriate
521,"Epigastric pain, hiatal hernia suspected, initial imaging",3194205,FDG-PET/CT skull base to mid-thigh,10-30 mSv☢☢☢☢,3-10 mSv [ped]☢☢☢☢,Usually not appropriate
522,"Epigastric pain, peptic ulcer suspected, initial imaging",3194200,Fluoroscopy biphasic esophagram,1-10 mSv☢☢☢,,Usually appropriate
523,"Epigastric pain, peptic ulcer suspected, initial imaging",3194200,Fluoroscopy upper GI series,1-10 mSv☢☢☢,0.3-3 mSv [ped]☢☢☢,Usually appropriate
524,"Epigastric pain, peptic ulcer suspected, initial imaging",3194200,Fluoroscopy single contrast esophagram,1-10 mSv☢☢☢,,May be appropriate
525,"Epigastric pain, peptic ulcer suspected, initial imaging",3194200,CT abdomen and pelvis with IV contrast,1-10 mSv☢☢☢,3-10 mSv [ped]☢☢☢☢,May be appropriate
526,"Epigastric pain, peptic ulcer suspected, initial imaging",3194200,CT abdomen and pelvis without IV contrast,1-10 mSv☢☢☢,3-10 mSv [ped]☢☢☢☢,May be appropriate
527,"Epigastric pain, peptic ulcer suspected, initial imaging",3194200,CT abdomen with IV contrast,1-10 mSv☢☢☢,3-10 mSv [ped]☢☢☢☢,May be appropriate (Disagreement)
528,"Epigastric pain, peptic ulcer suspected, initial imaging",3194200,MRI abdomen without and with IV contrast,0 mSvO,0 mSv [ped]O,Usually not appropriate
529,"Epigastric pain, peptic ulcer suspected, initial imaging",3194200,MRI abdomen without and with IV contrast with MRCP,0 mSvO,0 mSv [ped]O,Usually not appropriate
530,"Epigastric pain, peptic ulcer suspected, initial imaging",3194200,MRI abdomen without IV contrast,0 mSvO,0 mSv [ped]O,Usually not appropriate
531,"Epigastric pain, peptic ulcer suspected, initial imaging",3194200,MRI abdomen without IV contrast with MRCP,0 mSvO,0 mSv [ped]O,Usually not appropriate
532,"Epigastric pain, peptic ulcer suspected, initial imaging",3194200,CT abdomen without IV contrast,1-10 mSv☢☢☢,3-10 mSv [ped]☢☢☢☢,Usually not appropriate
533,"Epigastric pain, peptic ulcer suspected, initial imaging",3194200,CT abdomen and pelvis without and with IV contrast,10-30 mSv☢☢☢☢,10-30 mSv [ped]☢☢☢☢☢,Usually not appropriate
534,"Epigastric pain, peptic ulcer suspected, initial imaging",3194200,CT abdomen with IV contrast multiphase,10-30 mSv☢☢☢☢,,Usually not appropriate
535,"Epigastric pain, peptic ulcer suspected, initial imaging",3194200,CT abdomen without and with IV contrast,10-30 mSv☢☢☢☢,10-30 mSv [ped]☢☢☢☢☢,Usually not appropriate
536,"Epigastric pain, peptic ulcer suspected, initial imaging",3194200,FDG-PET/CT skull base to mid-thigh,10-30 mSv☢☢☢☢,3-10 mSv [ped]☢☢☢☢,Usually not appropriate
537,"Esophageal cancer, recurrence, posttreatment imaging",3195417,CT chest and abdomen with IV contrast,10-30 mSv☢☢☢☢,,Usually appropriate
538,"Esophageal cancer, recurrence, posttreatment imaging",3195417,FDG-PET/CT skull base to mid-thigh,10-30 mSv☢☢☢☢,3-10 mSv [ped]☢☢☢☢,Usually appropriate
539,"Esophageal cancer, recurrence, posttreatment imaging",3195417,CT chest abdomen pelvis with IV contrast,10-30 mSv☢☢☢☢,3-10 mSv [ped]☢☢☢☢,May be appropriate (Disagreement)
540,"Esophageal cancer, recurrence, posttreatment imaging",3195417,Radiography chest,<0.1 mSv☢,<0.03 mSv [ped]☢,Usually not appropriate
541,"Esophageal cancer, recurrence, posttreatment imaging",3195417,Fluoroscopy upper GI series,1-10 mSv☢☢☢,0.3-3 mSv [ped]☢☢☢,Usually not appropriate
542,"Esophageal cancer, recurrence, posttreatment imaging",3195417,MRI chest and abdomen without and with IV contrast,0 mSvO,0 mSv [ped]O,Usually not appropriate
543,"Esophageal cancer, recurrence, posttreatment imaging",3195417,MRI chest and abdomen without IV contrast,0 mSvO,0 mSv [ped]O,Usually not appropriate
544,"Esophageal cancer, recurrence, posttreatment imaging",3195417,MRI head without and with IV contrast,0 mSvO,0 mSv [ped]O,Usually not appropriate
545,"Esophageal cancer, recurrence, posttreatment imaging",3195417,MRI head without IV contrast,0 mSvO,0 mSv [ped]O,Usually not appropriate
546,"Esophageal cancer, recurrence, posttreatment imaging",3195417,FDG-PET/MRI skull base to mid-thigh,1-10 mSv☢☢☢,,Usually not appropriate
547,"Esophageal cancer, recurrence, posttreatment imaging",3195417,CT chest abdomen pelvis without and with IV contrast,10-30 mSv☢☢☢☢,10-30 mSv [ped]☢☢☢☢☢,Usually not appropriate
548,"Esophageal cancer, recurrence, posttreatment imaging",3195417,CT chest abdomen pelvis without IV contrast,10-30 mSv☢☢☢☢,3-10 mSv [ped]☢☢☢☢,Usually not appropriate
549,"Esophageal cancer, recurrence, posttreatment imaging",3195417,CT chest and abdomen without and with IV contrast,10-30 mSv☢☢☢☢,,Usually not appropriate
550,"Esophageal cancer, recurrence, posttreatment imaging",3195417,CT chest and abdomen without IV contrast,10-30 mSv☢☢☢☢,,Usually not appropriate
551,"Esophageal cancer, imaging during treatment",3195411,FDG-PET/CT skull base to mid-thigh,10-30 mSv☢☢☢☢,3-10 mSv [ped]☢☢☢☢,Usually appropriate
552,"Esophageal cancer, imaging during treatment",3195411,MRI chest and abdomen without and with IV contrast,0 mSvO,0 mSv [ped]O,May be appropriate
553,"Esophageal cancer, imaging during treatment",3195411,FDG-PET/MRI skull base to mid-thigh,1-10 mSv☢☢☢,,May be appropriate
554,"Esophageal cancer, imaging during treatment",3195411,Radiography chest,<0.1 mSv☢,<0.03 mSv [ped]☢,Usually not appropriate
555,"Esophageal cancer, imaging during treatment",3195411,Fluoroscopy upper GI series,1-10 mSv☢☢☢,0.3-3 mSv [ped]☢☢☢,Usually not appropriate
556,"Esophageal cancer, imaging during treatment",3195411,MRI chest and abdomen without IV contrast,0 mSvO,0 mSv [ped]O,Usually not appropriate
557,"Esophageal cancer, imaging during treatment",3195411,CT chest abdomen pelvis with IV contrast,10-30 mSv☢☢☢☢,3-10 mSv [ped]☢☢☢☢,Usually not appropriate
558,"Esophageal cancer, imaging during treatment",3195411,CT chest abdomen pelvis without and with IV contrast,10-30 mSv☢☢☢☢,10-30 mSv [ped]☢☢☢☢☢,Usually not appropriate
559,"Esophageal cancer, imaging during treatment",3195411,CT chest abdomen pelvis without IV contrast,10-30 mSv☢☢☢☢,3-10 mSv [ped]☢☢☢☢,Usually not appropriate
560,"Esophageal cancer, imaging during treatment",3195411,CT chest and abdomen with IV contrast,10-30 mSv☢☢☢☢,,Usually not appropriate
561,"Esophageal cancer, imaging during treatment",3195411,CT chest and abdomen without and with IV contrast,10-30 mSv☢☢☢☢,,Usually not appropriate
562,"Esophageal cancer, imaging during treatment",3195411,CT chest and abdomen without IV contrast,10-30 mSv☢☢☢☢,,Usually not appropriate
563,"Esophageal cancer, newly diagnosed, pretreatment clinical staging, initial imaging",3195409,CT chest and abdomen with IV contrast,10-30 mSv☢☢☢☢,,Usually appropriate
564,"Esophageal cancer, newly diagnosed, pretreatment clinical staging, initial imaging",3195409,FDG-PET/CT skull base to mid-thigh,10-30 mSv☢☢☢☢,3-10 mSv [ped]☢☢☢☢,Usually appropriate
565,"Esophageal cancer, newly diagnosed, pretreatment clinical staging, initial imaging",3195409,MRI chest and abdomen without and with IV contrast,0 mSvO,0 mSv [ped]O,May be appropriate
566,"Esophageal cancer, newly diagnosed, pretreatment clinical staging, initial imaging",3195409,FDG-PET/MRI skull base to mid-thigh,1-10 mSv☢☢☢,,May be appropriate
567,"Esophageal cancer, newly diagnosed, pretreatment clinical staging, initial imaging",3195409,CT chest abdomen pelvis with IV contrast,10-30 mSv☢☢☢☢,3-10 mSv [ped]☢☢☢☢,May be appropriate (Disagreement)
568,"Esophageal cancer, newly diagnosed, pretreatment clinical staging, initial imaging",3195409,Radiography chest,<0.1 mSv☢,<0.03 mSv [ped]☢,Usually not appropriate
569,"Esophageal cancer, newly diagnosed, pretreatment clinical staging, initial imaging",3195409,Fluoroscopy upper GI series,1-10 mSv☢☢☢,0.3-3 mSv [ped]☢☢☢,Usually not appropriate
570,"Esophageal cancer, newly diagnosed, pretreatment clinical staging, initial imaging",3195409,MRI chest and abdomen without IV contrast,0 mSvO,0 mSv [ped]O,Usually not appropriate
571,"Esophageal cancer, newly diagnosed, pretreatment clinical staging, initial imaging",3195409,CT chest abdomen pelvis without and with IV contrast,10-30 mSv☢☢☢☢,10-30 mSv [ped]☢☢☢☢☢,Usually not appropriate
572,"Esophageal cancer, newly diagnosed, pretreatment clinical staging, initial imaging",3195409,CT chest abdomen pelvis without IV contrast,10-30 mSv☢☢☢☢,3-10 mSv [ped]☢☢☢☢,Usually not appropriate
573,"Esophageal cancer, newly diagnosed, pretreatment clinical staging, initial imaging",3195409,CT chest and abdomen without and with IV contrast,10-30 mSv☢☢☢☢,,Usually not appropriate
574,"Esophageal cancer, newly diagnosed, pretreatment clinical staging, initial imaging",3195409,CT chest and abdomen without IV contrast,10-30 mSv☢☢☢☢,,Usually not appropriate
575,"Esophageal cancer, no recurrence suspected, posttreatment imaging",3195413,CT chest and abdomen with IV contrast,10-30 mSv☢☢☢☢,,Usually appropriate
576,"Esophageal cancer, no recurrence suspected, posttreatment imaging",3195413,FDG-PET/CT skull base to mid-thigh,10-30 mSv☢☢☢☢,3-10 mSv [ped]☢☢☢☢,Usually appropriate
577,"Esophageal cancer, no recurrence suspected, posttreatment imaging",3195413,CT chest abdomen pelvis with IV contrast,10-30 mSv☢☢☢☢,3-10 mSv [ped]☢☢☢☢,May be appropriate
578,"Esophageal cancer, no recurrence suspected, posttreatment imaging",3195413,Radiography chest,<0.1 mSv☢,<0.03 mSv [ped]☢,Usually not appropriate
579,"Esophageal cancer, no recurrence suspected, posttreatment imaging",3195413,Fluoroscopy upper GI series,1-10 mSv☢☢☢,0.3-3 mSv [ped]☢☢☢,Usually not appropriate
580,"Esophageal cancer, no recurrence suspected, posttreatment imaging",3195413,MRI chest and abdomen without and with IV contrast,0 mSvO,0 mSv [ped]O,Usually not appropriate
581,"Esophageal cancer, no recurrence suspected, posttreatment imaging",3195413,MRI chest and abdomen without IV contrast,0 mSvO,0 mSv [ped]O,Usually not appropriate
582,"Esophageal cancer, no recurrence suspected, posttreatment imaging",3195413,FDG-PET/MRI skull base to mid-thigh,1-10 mSv☢☢☢,,Usually not appropriate
583,"Esophageal cancer, no recurrence suspected, posttreatment imaging",3195413,CT chest abdomen pelvis without and with IV contrast,10-30 mSv☢☢☢☢,10-30 mSv [ped]☢☢☢☢☢,Usually not appropriate
584,"Esophageal cancer, no recurrence suspected, posttreatment imaging",3195413,CT chest abdomen pelvis without IV contrast,10-30 mSv☢☢☢☢,3-10 mSv [ped]☢☢☢☢,Usually not appropriate
585,"Esophageal cancer, no recurrence suspected, posttreatment imaging",3195413,CT chest and abdomen without and with IV contrast,10-30 mSv☢☢☢☢,,Usually not appropriate
586,"Esophageal cancer, no recurrence suspected, posttreatment imaging",3195413,CT chest and abdomen without IV contrast,10-30 mSv☢☢☢☢,,Usually not appropriate
587,"Esophageal cancer, no recurrence, posttreatment imaging",3195414,CT chest and abdomen with IV contrast,10-30 mSv☢☢☢☢,,Usually appropriate
588,"Esophageal cancer, no recurrence, posttreatment imaging",3195414,FDG-PET/CT skull base to mid-thigh,10-30 mSv☢☢☢☢,3-10 mSv [ped]☢☢☢☢,Usually appropriate
589,"Esophageal cancer, no recurrence, posttreatment imaging",3195414,CT chest abdomen pelvis with IV contrast,10-30 mSv☢☢☢☢,3-10 mSv [ped]☢☢☢☢,May be appropriate
590,"Esophageal cancer, no recurrence, posttreatment imaging",3195414,Radiography chest,<0.1 mSv☢,<0.03 mSv [ped]☢,Usually not appropriate
591,"Esophageal cancer, no recurrence, posttreatment imaging",3195414,Fluoroscopy upper GI series,1-10 mSv☢☢☢,0.3-3 mSv [ped]☢☢☢,Usually not appropriate
592,"Esophageal cancer, no recurrence, posttreatment imaging",3195414,MRI chest and abdomen without and with IV contrast,0 mSvO,0 mSv [ped]O,Usually not appropriate
593,"Esophageal cancer, no recurrence, posttreatment imaging",3195414,MRI chest and abdomen without IV contrast,0 mSvO,0 mSv [ped]O,Usually not appropriate
594,"Esophageal cancer, no recurrence, posttreatment imaging",3195414,FDG-PET/MRI skull base to mid-thigh,1-10 mSv☢☢☢,,Usually not appropriate
595,"Esophageal cancer, no recurrence, posttreatment imaging",3195414,CT chest abdomen pelvis without and with IV contrast,10-30 mSv☢☢☢☢,10-30 mSv [ped]☢☢☢☢☢,Usually not appropriate
596,"Esophageal cancer, no recurrence, posttreatment imaging",3195414,CT chest abdomen pelvis without IV contrast,10-30 mSv☢☢☢☢,3-10 mSv [ped]☢☢☢☢,Usually not appropriate
597,"Esophageal cancer, no recurrence, posttreatment imaging",3195414,CT chest and abdomen without and with IV contrast,10-30 mSv☢☢☢☢,,Usually not appropriate
598,"Esophageal cancer, no recurrence, posttreatment imaging",3195414,CT chest and abdomen without IV contrast,10-30 mSv☢☢☢☢,,Usually not appropriate
599,"Esophageal cancer, recurrence suspected, posttreatment imaging",3195416,CT chest and abdomen with IV contrast,10-30 mSv☢☢☢☢,,Usually appropriate
600,"Esophageal cancer, recurrence suspected, posttreatment imaging",3195416,FDG-PET/CT skull base to mid-thigh,10-30 mSv☢☢☢☢,3-10 mSv [ped]☢☢☢☢,Usually appropriate
601,"Esophageal cancer, recurrence suspected, posttreatment imaging",3195416,CT chest abdomen pelvis with IV contrast,10-30 mSv☢☢☢☢,3-10 mSv [ped]☢☢☢☢,May be appropriate (Disagreement)
602,"Esophageal cancer, recurrence suspected, posttreatment imaging",3195416,Radiography chest,<0.1 mSv☢,<0.03 mSv [ped]☢,Usually not appropriate
603,"Esophageal cancer, recurrence suspected, posttreatment imaging",3195416,Fluoroscopy upper GI series,1-10 mSv☢☢☢,0.3-3 mSv [ped]☢☢☢,Usually not appropriate
604,"Esophageal cancer, recurrence suspected, posttreatment imaging",3195416,MRI chest and abdomen without and with IV contrast,0 mSvO,0 mSv [ped]O,Usually not appropriate
605,"Esophageal cancer, recurrence suspected, posttreatment imaging",3195416,MRI chest and abdomen without IV contrast,0 mSvO,0 mSv [ped]O,Usually not appropriate
606,"Esophageal cancer, recurrence suspected, posttreatment imaging",3195416,MRI head without and with IV contrast,0 mSvO,0 mSv [ped]O,Usually not appropriate
607,"Esophageal cancer, recurrence suspected, posttreatment imaging",3195416,MRI head without IV contrast,0 mSvO,0 mSv [ped]O,Usually not appropriate
608,"Esophageal cancer, recurrence suspected, posttreatment imaging",3195416,FDG-PET/MRI skull base to mid-thigh,1-10 mSv☢☢☢,,Usually not appropriate
609,"Esophageal cancer, recurrence suspected, posttreatment imaging",3195416,CT chest abdomen pelvis without and with IV contrast,10-30 mSv☢☢☢☢,10-30 mSv [ped]☢☢☢☢☢,Usually not appropriate
610,"Esophageal cancer, recurrence suspected, posttreatment imaging",3195416,CT chest abdomen pelvis without IV contrast,10-30 mSv☢☢☢☢,3-10 mSv [ped]☢☢☢☢,Usually not appropriate
611,"Esophageal cancer, recurrence suspected, posttreatment imaging",3195416,CT chest and abdomen without and with IV contrast,10-30 mSv☢☢☢☢,,Usually not appropriate
612,"Esophageal cancer, recurrence suspected, posttreatment imaging",3195416,CT chest and abdomen without IV contrast,10-30 mSv☢☢☢☢,,Usually not appropriate
613,"Groin hernia suspected, femoral, initial imaging",3195283,US pelvis,0 mSvO,0 mSv [ped]O,Usually appropriate
614,"Groin hernia suspected, femoral, initial imaging",3195283,MRI pelvis without and with IV contrast,0 mSvO,0 mSv [ped]O,Usually appropriate
615,"Groin hernia suspected, femoral, initial imaging",3195283,CT abdomen and pelvis with IV contrast,1-10 mSv☢☢☢,3-10 mSv [ped]☢☢☢☢,Usually appropriate
616,"Groin hernia suspected, femoral, initial imaging",3195283,CT abdomen and pelvis without IV contrast,1-10 mSv☢☢☢,3-10 mSv [ped]☢☢☢☢,Usually appropriate
617,"Groin hernia suspected, femoral, initial imaging",3195283,CT pelvis with IV contrast,1-10 mSv☢☢☢,3-10 mSv [ped]☢☢☢☢,Usually appropriate
618,"Groin hernia suspected, femoral, initial imaging",3195283,CT pelvis without IV contrast,1-10 mSv☢☢☢,3-10 mSv [ped]☢☢☢☢,Usually appropriate
619,"Groin hernia suspected, femoral, initial imaging",3195283,MRI pelvis without IV contrast,0 mSvO,0 mSv [ped]O,May be appropriate
620,"Groin hernia suspected, femoral, initial imaging",3195283,Fluoroscopy small bowel follow-through,1-10 mSv☢☢☢,3-10 mSv [ped]☢☢☢☢,Usually not appropriate
621,"Groin hernia suspected, femoral, initial imaging",3195283,Radiography abdomen and pelvis,1-10 mSv☢☢☢,0.3-3 mSv [ped]☢☢☢,Usually not appropriate
622,"Groin hernia suspected, femoral, initial imaging",3195283,CT abdomen and pelvis without and with IV contrast,10-30 mSv☢☢☢☢,10-30 mSv [ped]☢☢☢☢☢,Usually not appropriate
623,"Groin hernia suspected, femoral, initial imaging",3195283,CT pelvis without and with IV contrast,10-30 mSv☢☢☢☢,3-10 mSv [ped]☢☢☢☢,Usually not appropriate
624,"Groin hernia suspected, inguinal, initial imaging",3195282,US pelvis,0 mSvO,0 mSv [ped]O,Usually appropriate
625,"Groin hernia suspected, inguinal, initial imaging",3195282,MRI pelvis without and with IV contrast,0 mSvO,0 mSv [ped]O,Usually appropriate
626,"Groin hernia suspected, inguinal, initial imaging",3195282,CT abdomen and pelvis with IV contrast,1-10 mSv☢☢☢,3-10 mSv [ped]☢☢☢☢,Usually appropriate
627,"Groin hernia suspected, inguinal, initial imaging",3195282,CT abdomen and pelvis without IV contrast,1-10 mSv☢☢☢,3-10 mSv [ped]☢☢☢☢,Usually appropriate
628,"Groin hernia suspected, inguinal, initial imaging",3195282,CT pelvis with IV contrast,1-10 mSv☢☢☢,3-10 mSv [ped]☢☢☢☢,Usually appropriate
629,"Groin hernia suspected, inguinal, initial imaging",3195282,CT pelvis without IV contrast,1-10 mSv☢☢☢,3-10 mSv [ped]☢☢☢☢,Usually appropriate
630,"Groin hernia suspected, inguinal, initial imaging",3195282,MRI pelvis without IV contrast,0 mSvO,0 mSv [ped]O,May be appropriate
631,"Groin hernia suspected, inguinal, initial imaging",3195282,Fluoroscopy small bowel follow-through,1-10 mSv☢☢☢,3-10 mSv [ped]☢☢☢☢,Usually not appropriate
632,"Groin hernia suspected, inguinal, initial imaging",3195282,Radiography abdomen and pelvis,1-10 mSv☢☢☢,0.3-3 mSv [ped]☢☢☢,Usually not appropriate
633,"Groin hernia suspected, inguinal, initial imaging",3195282,CT abdomen and pelvis without and with IV contrast,10-30 mSv☢☢☢☢,10-30 mSv [ped]☢☢☢☢☢,Usually not appropriate
634,"Groin hernia suspected, inguinal, initial imaging",3195282,CT pelvis without and with IV contrast,10-30 mSv☢☢☢☢,3-10 mSv [ped]☢☢☢☢,Usually not appropriate
635,"Jaundice, biliary obstruction suspected",3149322,US abdomen,0 mSvO,0 mSv [ped]O,Usually appropriate
636,"Jaundice, biliary obstruction suspected",3149322,MRI abdomen without and with IV contrast with MRCP,0 mSvO,0 mSv [ped]O,Usually appropriate
637,"Jaundice, biliary obstruction suspected",3149322,MRI abdomen without IV contrast with MRCP,0 mSvO,0 mSv [ped]O,Usually appropriate
638,"Jaundice, biliary obstruction suspected",3149322,CT abdomen with IV contrast,1-10 mSv☢☢☢,3-10 mSv [ped]☢☢☢☢,Usually appropriate
639,"Jaundice, biliary obstruction suspected",3149322,US abdomen endoscopic,0 mSvO,0 mSv [ped]O,May be appropriate
640,"Jaundice, biliary obstruction suspected",3149322,ERCP,1-10 mSv☢☢☢,,May be appropriate
641,"Jaundice, biliary obstruction suspected",3149322,CT abdomen without IV contrast,1-10 mSv☢☢☢,3-10 mSv [ped]☢☢☢☢,Usually not appropriate
642,"Jaundice, biliary obstruction suspected",3149322,CT abdomen without and with IV contrast,10-30 mSv☢☢☢☢,10-30 mSv [ped]☢☢☢☢☢,Usually not appropriate
643,"Jaundice, initial exam",3149321,US abdomen,0 mSvO,0 mSv [ped]O,Usually appropriate
644,"Jaundice, initial exam",3149321,MRI abdomen without and with IV contrast with MRCP,0 mSvO,0 mSv [ped]O,Usually appropriate
645,"Jaundice, initial exam",3149321,CT abdomen with IV contrast,1-10 mSv☢☢☢,3-10 mSv [ped]☢☢☢☢,Usually appropriate
646,"Jaundice, initial exam",3149321,MRI abdomen without IV contrast with MRCP,0 mSvO,0 mSv [ped]O,May be appropriate
647,"Jaundice, initial exam",3149321,US abdomen endoscopic,0 mSvO,0 mSv [ped]O,Usually not appropriate
648,"Jaundice, initial exam",3149321,ERCP,1-10 mSv☢☢☢,,Usually not appropriate
649,"Jaundice, initial exam",3149321,CT abdomen without IV contrast,1-10 mSv☢☢☢,3-10 mSv [ped]☢☢☢☢,Usually not appropriate
650,"Jaundice, initial exam",3149321,CT abdomen without and with IV contrast,10-30 mSv☢☢☢☢,10-30 mSv [ped]☢☢☢☢☢,Usually not appropriate
651,"Jaundice, non-obstructive etiology suspected",3081486,US abdomen,0 mSvO,0 mSv [ped]O,Usually appropriate
652,"Jaundice, non-obstructive etiology suspected",3081486,MRI abdomen without and with IV contrast with MRCP,0 mSvO,0 mSv [ped]O,Usually appropriate
653,"Jaundice, non-obstructive etiology suspected",3081486,CT abdomen with IV contrast,1-10 mSv☢☢☢,3-10 mSv [ped]☢☢☢☢,Usually appropriate
654,"Jaundice, non-obstructive etiology suspected",3081486,MRI abdomen without IV contrast with MRCP,0 mSvO,0 mSv [ped]O,May be appropriate (Disagreement)
655,"Jaundice, non-obstructive etiology suspected",3081486,US abdomen endoscopic,0 mSvO,0 mSv [ped]O,Usually not appropriate
656,"Jaundice, non-obstructive etiology suspected",3081486,ERCP,1-10 mSv☢☢☢,,Usually not appropriate
657,"Jaundice, non-obstructive etiology suspected",3081486,CT abdomen without IV contrast,1-10 mSv☢☢☢,3-10 mSv [ped]☢☢☢☢,Usually not appropriate
658,"Jaundice, non-obstructive etiology suspected",3081486,CT abdomen without and with IV contrast,10-30 mSv☢☢☢☢,10-30 mSv [ped]☢☢☢☢☢,Usually not appropriate
659,"Liver disease, chronic, fibrosis suspected, diagnosis and staging, initial imaging",3102641,US shear wave elastography abdomen,0 mSvO,0 mSv [ped]O,Usually appropriate
660,"Liver disease, chronic, fibrosis suspected, diagnosis and staging, initial imaging",3102641,MR elastography abdomen,0 mSvO,0 mSv [ped]O,Usually appropriate
661,"Liver disease, chronic, fibrosis suspected, diagnosis and staging, initial imaging",3102641,US abdomen,0 mSvO,0 mSv [ped]O,May be appropriate
662,"Liver disease, chronic, fibrosis suspected, diagnosis and staging, initial imaging",3102641,US abdomen with IV contrast,0 mSvO,0 mSv [ped]O,May be appropriate
663,"Liver disease, chronic, fibrosis suspected, diagnosis and staging, initial imaging",3102641,US duplex Doppler abdomen,0 mSvO,0 mSv [ped]O,May be appropriate
664,"Liver disease, chronic, fibrosis suspected, diagnosis and staging, initial imaging",3102641,MRI abdomen without and with hepatobiliary contrast,0 mSvO,0 mSv [ped]O,May be appropriate
665,"Liver disease, chronic, fibrosis suspected, diagnosis and staging, initial imaging",3102641,MRI abdomen without and with IV contrast,0 mSvO,0 mSv [ped]O,May be appropriate
666,"Liver disease, chronic, fibrosis suspected, diagnosis and staging, initial imaging",3102641,MRI abdomen without IV contrast,0 mSvO,0 mSv [ped]O,May be appropriate
667,"Liver disease, chronic, fibrosis suspected, diagnosis and staging, initial imaging",3102641,CT abdomen with IV contrast multiphase,10-30 mSv☢☢☢☢,,May be appropriate
668,"Liver disease, chronic, fibrosis suspected, diagnosis and staging, initial imaging",3102641,CT abdomen without IV contrast,1-10 mSv☢☢☢,3-10 mSv [ped]☢☢☢☢,Usually not appropriate
669,"Liver disease, chronic, fibrosis suspected, diagnosis and staging, initial imaging",3102641,CT abdomen without and with IV contrast,10-30 mSv☢☢☢☢,10-30 mSv [ped]☢☢☢☢☢,Usually not appropriate
670,"Liver disease, chronic, fibrosis suspected, diagnosis and staging, initial imaging",3102641,FDG-PET/CT skull base to mid-thigh,10-30 mSv☢☢☢☢,3-10 mSv [ped]☢☢☢☢,Usually not appropriate
671,"Liver disease, chronic, hx of HCC, post treatment imaging",3102661,MRI abdomen without and with hepatobiliary contrast,0 mSvO,0 mSv [ped]O,Usually appropriate
672,"Liver disease, chronic, hx of HCC, post treatment imaging",3102661,MRI abdomen without and with IV contrast,0 mSvO,0 mSv [ped]O,Usually appropriate
673,"Liver disease, chronic, hx of HCC, post treatment imaging",3102661,CT abdomen with IV contrast multiphase,10-30 mSv☢☢☢☢,,Usually appropriate
674,"Liver disease, chronic, hx of HCC, post treatment imaging",3102661,CT abdomen without and with IV contrast,10-30 mSv☢☢☢☢,10-30 mSv [ped]☢☢☢☢☢,Usually appropriate
675,"Liver disease, chronic, hx of HCC, post treatment imaging",3102661,US abdomen,0 mSvO,0 mSv [ped]O,May be appropriate
676,"Liver disease, chronic, hx of HCC, post treatment imaging",3102661,US abdomen with IV contrast,0 mSvO,0 mSv [ped]O,May be appropriate
677,"Liver disease, chronic, hx of HCC, post treatment imaging",3102661,MRI abdomen without IV contrast,0 mSvO,0 mSv [ped]O,May be appropriate
678,"Liver disease, chronic, hx of HCC, post treatment imaging",3102661,US duplex Doppler abdomen,0 mSvO,0 mSv [ped]O,Usually not appropriate
679,"Liver disease, chronic, hx of HCC, post treatment imaging",3102661,US shear wave elastography abdomen,0 mSvO,0 mSv [ped]O,Usually not appropriate
680,"Liver disease, chronic, hx of HCC, post treatment imaging",3102661,MR elastography abdomen,0 mSvO,0 mSv [ped]O,Usually not appropriate
681,"Liver disease, chronic, hx of HCC, post treatment imaging",3102661,CT abdomen without IV contrast,1-10 mSv☢☢☢,3-10 mSv [ped]☢☢☢☢,Usually not appropriate
682,"Liver disease, chronic, hx of HCC, post treatment imaging",3102661,FDG-PET/CT skull base to mid-thigh,10-30 mSv☢☢☢☢,3-10 mSv [ped]☢☢☢☢,Usually not appropriate
683,"Liver disease, chronic, no hx of HCC, screening and surveillance",3102660,US abdomen,0 mSvO,0 mSv [ped]O,Usually appropriate
684,"Liver disease, chronic, no hx of HCC, screening and surveillance",3102660,MRI abdomen without and with hepatobiliary contrast,0 mSvO,0 mSv [ped]O,Usually appropriate
685,"Liver disease, chronic, no hx of HCC, screening and surveillance",3102660,MRI abdomen without and with IV contrast,0 mSvO,0 mSv [ped]O,Usually appropriate
686,"Liver disease, chronic, no hx of HCC, screening and surveillance",3102660,US duplex Doppler abdomen,0 mSvO,0 mSv [ped]O,May be appropriate (Disagreement)
687,"Liver disease, chronic, no hx of HCC, screening and surveillance",3102660,MRI abdomen without IV contrast,0 mSvO,0 mSv [ped]O,May be appropriate
688,"Liver disease, chronic, no hx of HCC, screening and surveillance",3102660,CT abdomen with IV contrast multiphase,10-30 mSv☢☢☢☢,,May be appropriate (Disagreement)
689,"Liver disease, chronic, no hx of HCC, screening and surveillance",3102660,US abdomen with IV contrast,0 mSvO,0 mSv [ped]O,Usually not appropriate
690,"Liver disease, chronic, no hx of HCC, screening and surveillance",3102660,US shear wave elastography abdomen,0 mSvO,0 mSv [ped]O,Usually not appropriate
691,"Liver disease, chronic, no hx of HCC, screening and surveillance",3102660,MR elastography abdomen,0 mSvO,0 mSv [ped]O,Usually not appropriate
692,"Liver disease, chronic, no hx of HCC, screening and surveillance",3102660,CT abdomen without IV contrast,1-10 mSv☢☢☢,3-10 mSv [ped]☢☢☢☢,Usually not appropriate
693,"Liver disease, chronic, no hx of HCC, screening and surveillance",3102660,CT abdomen without and with IV contrast,10-30 mSv☢☢☢☢,10-30 mSv [ped]☢☢☢☢☢,Usually not appropriate
694,"Liver disease, chronic, no hx of HCC, screening and surveillance",3102660,FDG-PET/CT skull base to mid-thigh,10-30 mSv☢☢☢☢,3-10 mSv [ped]☢☢☢☢,Usually not appropriate
695,"Liver lesion, <1cm, incidental finding on noncontrast MRI, chronic liver disease",3191942,MRI abdomen without and with IV contrast,0 mSvO,0 mSv [ped]O,Usually appropriate
696,"Liver lesion, <1cm, incidental finding on noncontrast MRI, chronic liver disease",3191942,CT abdomen with IV contrast multiphase,10-30 mSv☢☢☢☢,,Usually appropriate
697,"Liver lesion, <1cm, incidental finding on noncontrast MRI, chronic liver disease",3191942,US abdomen with IV contrast,0 mSvO,0 mSv [ped]O,May be appropriate
698,"Liver lesion, <1cm, incidental finding on noncontrast MRI, chronic liver disease",3191942,Image-guided biopsy liver,Varies,Varies,Usually not appropriate
699,"Liver lesion, <1cm, incidental finding on noncontrast MRI, chronic liver disease",3191942,DOTATATE PET/CT skull base to mid-thigh,1-10 mSv☢☢☢,,Usually not appropriate
700,"Liver lesion, <1cm, incidental finding on noncontrast MRI, chronic liver disease",3191942,Liver spleen scan,1-10 mSv☢☢☢,,Usually not appropriate
701,"Liver lesion, <1cm, incidental finding on noncontrast MRI, chronic liver disease",3191942,RBC scan abdomen and pelvis,1-10 mSv☢☢☢,,Usually not appropriate
702,"Liver lesion, <1cm, incidental finding on noncontrast MRI, chronic liver disease",3191942,CT abdomen without and with IV contrast,10-30 mSv☢☢☢☢,10-30 mSv [ped]☢☢☢☢☢,Usually not appropriate
703,"Liver lesion, <1cm, incidental finding on noncontrast MRI, chronic liver disease",3191942,FDG-PET/CT skull base to mid-thigh,10-30 mSv☢☢☢☢,3-10 mSv [ped]☢☢☢☢,Usually not appropriate
704,"Liver lesion, <1cm, incidental finding on noncontrast MRI, chronic liver disease",3191942,Octreotide scan with SPECT or SPECT/CT chest and abdomen,10-30 mSv☢☢☢☢,,Usually not appropriate
705,"Liver lesion, <1cm, incidental finding on noncontrast or single phase CT, chronic liver disease",3191941,MRI abdomen without and with IV contrast,0 mSvO,0 mSv [ped]O,Usually appropriate
706,"Liver lesion, <1cm, incidental finding on noncontrast or single phase CT, chronic liver disease",3191941,CT abdomen with IV contrast multiphase,10-30 mSv☢☢☢☢,,Usually appropriate
707,"Liver lesion, <1cm, incidental finding on noncontrast or single phase CT, chronic liver disease",3191941,US abdomen with IV contrast,0 mSvO,0 mSv [ped]O,May be appropriate
708,"Liver lesion, <1cm, incidental finding on noncontrast or single phase CT, chronic liver disease",3191941,Image-guided biopsy liver,Varies,Varies,Usually not appropriate
709,"Liver lesion, <1cm, incidental finding on noncontrast or single phase CT, chronic liver disease",3191941,DOTATATE PET/CT skull base to mid-thigh,1-10 mSv☢☢☢,,Usually not appropriate
710,"Liver lesion, <1cm, incidental finding on noncontrast or single phase CT, chronic liver disease",3191941,Liver spleen scan,1-10 mSv☢☢☢,,Usually not appropriate
711,"Liver lesion, <1cm, incidental finding on noncontrast or single phase CT, chronic liver disease",3191941,RBC scan abdomen and pelvis,1-10 mSv☢☢☢,,Usually not appropriate
712,"Liver lesion, <1cm, incidental finding on noncontrast or single phase CT, chronic liver disease",3191941,CT abdomen without and with IV contrast,10-30 mSv☢☢☢☢,10-30 mSv [ped]☢☢☢☢☢,Usually not appropriate
713,"Liver lesion, <1cm, incidental finding on noncontrast or single phase CT, chronic liver disease",3191941,FDG-PET/CT skull base to mid-thigh,10-30 mSv☢☢☢☢,3-10 mSv [ped]☢☢☢☢,Usually not appropriate
714,"Liver lesion, <1cm, incidental finding on noncontrast or single phase CT, chronic liver disease",3191941,Octreotide scan with SPECT or SPECT/CT chest and abdomen,10-30 mSv☢☢☢☢,,Usually not appropriate
715,"Liver lesion, <1cm, incidental finding on US, chronic liver disease",3191940,MRI abdomen without and with IV contrast,0 mSvO,0 mSv [ped]O,Usually appropriate
716,"Liver lesion, <1cm, incidental finding on US, chronic liver disease",3191940,CT abdomen with IV contrast multiphase,10-30 mSv☢☢☢☢,,Usually appropriate
717,"Liver lesion, <1cm, incidental finding on US, chronic liver disease",3191940,US abdomen with IV contrast,0 mSvO,0 mSv [ped]O,May be appropriate
718,"Liver lesion, <1cm, incidental finding on US, chronic liver disease",3191940,Image-guided biopsy liver,Varies,Varies,Usually not appropriate
719,"Liver lesion, <1cm, incidental finding on US, chronic liver disease",3191940,DOTATATE PET/CT skull base to mid-thigh,1-10 mSv☢☢☢,,Usually not appropriate
720,"Liver lesion, <1cm, incidental finding on US, chronic liver disease",3191940,Liver spleen scan,1-10 mSv☢☢☢,,Usually not appropriate
721,"Liver lesion, <1cm, incidental finding on US, chronic liver disease",3191940,RBC scan abdomen and pelvis,1-10 mSv☢☢☢,,Usually not appropriate
722,"Liver lesion, <1cm, incidental finding on US, chronic liver disease",3191940,CT abdomen without and with IV contrast,10-30 mSv☢☢☢☢,10-30 mSv [ped]☢☢☢☢☢,Usually not appropriate
723,"Liver lesion, <1cm, incidental finding on US, chronic liver disease",3191940,FDG-PET/CT skull base to mid-thigh,10-30 mSv☢☢☢☢,3-10 mSv [ped]☢☢☢☢,Usually not appropriate
724,"Liver lesion, <1cm, incidental finding on US, chronic liver disease",3191940,Octreotide scan with SPECT or SPECT/CT chest and abdomen,10-30 mSv☢☢☢☢,,Usually not appropriate
725,"Liver lesion, <1cm, indeterminate on noncontrast MRI, hx of extrahepatic malignancy",3191939,MRI abdomen without and with IV contrast,0 mSvO,0 mSv [ped]O,Usually appropriate
726,"Liver lesion, <1cm, indeterminate on noncontrast MRI, hx of extrahepatic malignancy",3191939,CT abdomen with IV contrast multiphase,10-30 mSv☢☢☢☢,,Usually appropriate
727,"Liver lesion, <1cm, indeterminate on noncontrast MRI, hx of extrahepatic malignancy",3191939,US abdomen with IV contrast,0 mSvO,0 mSv [ped]O,May be appropriate
728,"Liver lesion, <1cm, indeterminate on noncontrast MRI, hx of extrahepatic malignancy",3191939,Image-guided biopsy liver,Varies,Varies,May be appropriate
729,"Liver lesion, <1cm, indeterminate on noncontrast MRI, hx of extrahepatic malignancy",3191939,US abdomen,0 mSvO,0 mSv [ped]O,Usually not appropriate
730,"Liver lesion, <1cm, indeterminate on noncontrast MRI, hx of extrahepatic malignancy",3191939,DOTATATE PET/CT skull base to mid-thigh,1-10 mSv☢☢☢,,Usually not appropriate
731,"Liver lesion, <1cm, indeterminate on noncontrast MRI, hx of extrahepatic malignancy",3191939,Liver spleen scan,1-10 mSv☢☢☢,,Usually not appropriate
732,"Liver lesion, <1cm, indeterminate on noncontrast MRI, hx of extrahepatic malignancy",3191939,RBC scan abdomen and pelvis,1-10 mSv☢☢☢,,Usually not appropriate
733,"Liver lesion, <1cm, indeterminate on noncontrast MRI, hx of extrahepatic malignancy",3191939,CT abdomen without and with IV contrast,10-30 mSv☢☢☢☢,10-30 mSv [ped]☢☢☢☢☢,Usually not appropriate
734,"Liver lesion, <1cm, indeterminate on noncontrast MRI, hx of extrahepatic malignancy",3191939,FDG-PET/CT skull base to mid-thigh,10-30 mSv☢☢☢☢,3-10 mSv [ped]☢☢☢☢,Usually not appropriate
735,"Liver lesion, <1cm, indeterminate on noncontrast MRI, hx of extrahepatic malignancy",3191939,Octreotide scan with SPECT or SPECT/CT chest and abdomen,10-30 mSv☢☢☢☢,,Usually not appropriate
736,"Liver lesion, <1cm, indeterminate on noncontrast or single phase CT, hx of extrahepatic malignancy",3191938,MRI abdomen without and with IV contrast,0 mSvO,0 mSv [ped]O,Usually appropriate
737,"Liver lesion, <1cm, indeterminate on noncontrast or single phase CT, hx of extrahepatic malignancy",3191938,CT abdomen with IV contrast multiphase,10-30 mSv☢☢☢☢,,Usually appropriate
738,"Liver lesion, <1cm, indeterminate on noncontrast or single phase CT, hx of extrahepatic malignancy",3191938,US abdomen with IV contrast,0 mSvO,0 mSv [ped]O,May be appropriate
739,"Liver lesion, <1cm, indeterminate on noncontrast or single phase CT, hx of extrahepatic malignancy",3191938,Image-guided biopsy liver,Varies,Varies,May be appropriate
740,"Liver lesion, <1cm, indeterminate on noncontrast or single phase CT, hx of extrahepatic malignancy",3191938,US abdomen,0 mSvO,0 mSv [ped]O,Usually not appropriate
741,"Liver lesion, <1cm, indeterminate on noncontrast or single phase CT, hx of extrahepatic malignancy",3191938,DOTATATE PET/CT skull base to mid-thigh,1-10 mSv☢☢☢,,Usually not appropriate
742,"Liver lesion, <1cm, indeterminate on noncontrast or single phase CT, hx of extrahepatic malignancy",3191938,Liver spleen scan,1-10 mSv☢☢☢,,Usually not appropriate
743,"Liver lesion, <1cm, indeterminate on noncontrast or single phase CT, hx of extrahepatic malignancy",3191938,RBC scan abdomen and pelvis,1-10 mSv☢☢☢,,Usually not appropriate
744,"Liver lesion, <1cm, indeterminate on noncontrast or single phase CT, hx of extrahepatic malignancy",3191938,CT abdomen without and with IV contrast,10-30 mSv☢☢☢☢,10-30 mSv [ped]☢☢☢☢☢,Usually not appropriate
745,"Liver lesion, <1cm, indeterminate on noncontrast or single phase CT, hx of extrahepatic malignancy",3191938,FDG-PET/CT skull base to mid-thigh,10-30 mSv☢☢☢☢,3-10 mSv [ped]☢☢☢☢,Usually not appropriate
746,"Liver lesion, <1cm, indeterminate on noncontrast or single phase CT, hx of extrahepatic malignancy",3191938,Octreotide scan with SPECT or SPECT/CT chest and abdomen,10-30 mSv☢☢☢☢,,Usually not appropriate
747,"Liver lesion, <1cm, indeterminate on US, hx of extrahepatic malignancy",3100710,MRI abdomen without and with IV contrast,0 mSvO,0 mSv [ped]O,Usually appropriate
748,"Liver lesion, <1cm, indeterminate on US, hx of extrahepatic malignancy",3100710,US abdomen with IV contrast,0 mSvO,0 mSv [ped]O,May be appropriate
749,"Liver lesion, <1cm, indeterminate on US, hx of extrahepatic malignancy",3100710,MRI abdomen without IV contrast,0 mSvO,0 mSv [ped]O,May be appropriate
750,"Liver lesion, <1cm, indeterminate on US, hx of extrahepatic malignancy",3100710,CT abdomen with IV contrast multiphase,10-30 mSv☢☢☢☢,,May be appropriate
751,"Liver lesion, <1cm, indeterminate on US, hx of extrahepatic malignancy",3100710,Image-guided biopsy liver,Varies,Varies,Usually not appropriate
752,"Liver lesion, <1cm, indeterminate on US, hx of extrahepatic malignancy",3100710,CT abdomen without IV contrast,1-10 mSv☢☢☢,3-10 mSv [ped]☢☢☢☢,Usually not appropriate
753,"Liver lesion, <1cm, indeterminate on US, hx of extrahepatic malignancy",3100710,DOTATATE PET/CT skull base to mid-thigh,1-10 mSv☢☢☢,,Usually not appropriate
754,"Liver lesion, <1cm, indeterminate on US, hx of extrahepatic malignancy",3100710,Liver spleen scan,1-10 mSv☢☢☢,,Usually not appropriate
755,"Liver lesion, <1cm, indeterminate on US, hx of extrahepatic malignancy",3100710,RBC scan abdomen and pelvis,1-10 mSv☢☢☢,,Usually not appropriate
756,"Liver lesion, <1cm, indeterminate on US, hx of extrahepatic malignancy",3100710,CT abdomen without and with IV contrast,10-30 mSv☢☢☢☢,10-30 mSv [ped]☢☢☢☢☢,Usually not appropriate
757,"Liver lesion, <1cm, indeterminate on US, hx of extrahepatic malignancy",3100710,FDG-PET/CT skull base to mid-thigh,10-30 mSv☢☢☢☢,3-10 mSv [ped]☢☢☢☢,Usually not appropriate
758,"Liver lesion, <1cm, indeterminate on US, hx of extrahepatic malignancy",3100710,Octreotide scan with SPECT or SPECT/CT chest and abdomen,10-30 mSv☢☢☢☢,,Usually not appropriate
759,"Liver lesion, >1cm, incidental finding on noncontrast MRI, chronic liver disease",3191937,US abdomen with IV contrast,0 mSvO,0 mSv [ped]O,Usually appropriate
760,"Liver lesion, >1cm, incidental finding on noncontrast MRI, chronic liver disease",3191937,MRI abdomen without and with IV contrast,0 mSvO,0 mSv [ped]O,Usually appropriate
761,"Liver lesion, >1cm, incidental finding on noncontrast MRI, chronic liver disease",3191937,CT abdomen with IV contrast multiphase,10-30 mSv☢☢☢☢,,Usually appropriate
762,"Liver lesion, >1cm, incidental finding on noncontrast MRI, chronic liver disease",3191937,Image-guided biopsy liver,Varies,Varies,May be appropriate
763,"Liver lesion, >1cm, incidental finding on noncontrast MRI, chronic liver disease",3191937,DOTATATE PET/CT skull base to mid-thigh,1-10 mSv☢☢☢,,Usually not appropriate
764,"Liver lesion, >1cm, incidental finding on noncontrast MRI, chronic liver disease",3191937,Liver spleen scan,1-10 mSv☢☢☢,,Usually not appropriate
765,"Liver lesion, >1cm, incidental finding on noncontrast MRI, chronic liver disease",3191937,RBC scan abdomen and pelvis,1-10 mSv☢☢☢,,Usually not appropriate
766,"Liver lesion, >1cm, incidental finding on noncontrast MRI, chronic liver disease",3191937,CT abdomen without and with IV contrast,10-30 mSv☢☢☢☢,10-30 mSv [ped]☢☢☢☢☢,Usually not appropriate
767,"Liver lesion, >1cm, incidental finding on noncontrast MRI, chronic liver disease",3191937,FDG-PET/CT skull base to mid-thigh,10-30 mSv☢☢☢☢,3-10 mSv [ped]☢☢☢☢,Usually not appropriate
768,"Liver lesion, >1cm, incidental finding on noncontrast MRI, chronic liver disease",3191937,Octreotide scan with SPECT or SPECT/CT chest and abdomen,10-30 mSv☢☢☢☢,,Usually not appropriate
769,"Liver lesion, >1cm, incidental finding on noncontrast or single phase CT, chronic liver disease",3191936,US abdomen with IV contrast,0 mSvO,0 mSv [ped]O,Usually appropriate
770,"Liver lesion, >1cm, incidental finding on noncontrast or single phase CT, chronic liver disease",3191936,MRI abdomen without and with IV contrast,0 mSvO,0 mSv [ped]O,Usually appropriate
771,"Liver lesion, >1cm, incidental finding on noncontrast or single phase CT, chronic liver disease",3191936,CT abdomen with IV contrast multiphase,10-30 mSv☢☢☢☢,,Usually appropriate
772,"Liver lesion, >1cm, incidental finding on noncontrast or single phase CT, chronic liver disease",3191936,Image-guided biopsy liver,Varies,Varies,May be appropriate
773,"Liver lesion, >1cm, incidental finding on noncontrast or single phase CT, chronic liver disease",3191936,DOTATATE PET/CT skull base to mid-thigh,1-10 mSv☢☢☢,,Usually not appropriate
774,"Liver lesion, >1cm, incidental finding on noncontrast or single phase CT, chronic liver disease",3191936,Liver spleen scan,1-10 mSv☢☢☢,,Usually not appropriate
775,"Liver lesion, >1cm, incidental finding on noncontrast or single phase CT, chronic liver disease",3191936,RBC scan abdomen and pelvis,1-10 mSv☢☢☢,,Usually not appropriate
776,"Liver lesion, >1cm, incidental finding on noncontrast or single phase CT, chronic liver disease",3191936,CT abdomen without and with IV contrast,10-30 mSv☢☢☢☢,10-30 mSv [ped]☢☢☢☢☢,Usually not appropriate
777,"Liver lesion, >1cm, incidental finding on noncontrast or single phase CT, chronic liver disease",3191936,FDG-PET/CT skull base to mid-thigh,10-30 mSv☢☢☢☢,3-10 mSv [ped]☢☢☢☢,Usually not appropriate
778,"Liver lesion, >1cm, incidental finding on noncontrast or single phase CT, chronic liver disease",3191936,Octreotide scan with SPECT or SPECT/CT chest and abdomen,10-30 mSv☢☢☢☢,,Usually not appropriate
779,"Liver lesion, >1cm, incidental finding on US, chronic liver disease",3191935,US abdomen with IV contrast,0 mSvO,0 mSv [ped]O,Usually appropriate
780,"Liver lesion, >1cm, incidental finding on US, chronic liver disease",3191935,MRI abdomen without and with IV contrast,0 mSvO,0 mSv [ped]O,Usually appropriate
781,"Liver lesion, >1cm, incidental finding on US, chronic liver disease",3191935,CT abdomen with IV contrast multiphase,10-30 mSv☢☢☢☢,,Usually appropriate
782,"Liver lesion, >1cm, incidental finding on US, chronic liver disease",3191935,Image-guided biopsy liver,Varies,Varies,May be appropriate
783,"Liver lesion, >1cm, incidental finding on US, chronic liver disease",3191935,DOTATATE PET/CT skull base to mid-thigh,1-10 mSv☢☢☢,,Usually not appropriate
784,"Liver lesion, >1cm, incidental finding on US, chronic liver disease",3191935,Liver spleen scan,1-10 mSv☢☢☢,,Usually not appropriate
785,"Liver lesion, >1cm, incidental finding on US, chronic liver disease",3191935,RBC scan abdomen and pelvis,1-10 mSv☢☢☢,,Usually not appropriate
786,"Liver lesion, >1cm, incidental finding on US, chronic liver disease",3191935,CT abdomen without and with IV contrast,10-30 mSv☢☢☢☢,10-30 mSv [ped]☢☢☢☢☢,Usually not appropriate
787,"Liver lesion, >1cm, incidental finding on US, chronic liver disease",3191935,FDG-PET/CT skull base to mid-thigh,10-30 mSv☢☢☢☢,3-10 mSv [ped]☢☢☢☢,Usually not appropriate
788,"Liver lesion, >1cm, incidental finding on US, chronic liver disease",3191935,Octreotide scan with SPECT or SPECT/CT chest and abdomen,10-30 mSv☢☢☢☢,,Usually not appropriate
789,"Liver lesion, >1cm, indeterminate on noncontrast MRI, hx of extrahepatic malignancy",3191934,MRI abdomen without and with IV contrast,0 mSvO,0 mSv [ped]O,Usually appropriate
790,"Liver lesion, >1cm, indeterminate on noncontrast MRI, hx of extrahepatic malignancy",3191934,CT abdomen with IV contrast multiphase,10-30 mSv☢☢☢☢,,Usually appropriate
791,"Liver lesion, >1cm, indeterminate on noncontrast MRI, hx of extrahepatic malignancy",3191934,FDG-PET/CT skull base to mid-thigh,10-30 mSv☢☢☢☢,3-10 mSv [ped]☢☢☢☢,Usually appropriate
792,"Liver lesion, >1cm, indeterminate on noncontrast MRI, hx of extrahepatic malignancy",3191934,US abdomen,0 mSvO,0 mSv [ped]O,May be appropriate
793,"Liver lesion, >1cm, indeterminate on noncontrast MRI, hx of extrahepatic malignancy",3191934,US abdomen with IV contrast,0 mSvO,0 mSv [ped]O,May be appropriate
794,"Liver lesion, >1cm, indeterminate on noncontrast MRI, hx of extrahepatic malignancy",3191934,Image-guided biopsy liver,Varies,Varies,May be appropriate
795,"Liver lesion, >1cm, indeterminate on noncontrast MRI, hx of extrahepatic malignancy",3191934,DOTATATE PET/CT skull base to mid-thigh,1-10 mSv☢☢☢,,May be appropriate
796,"Liver lesion, >1cm, indeterminate on noncontrast MRI, hx of extrahepatic malignancy",3191934,CT abdomen without and with IV contrast,10-30 mSv☢☢☢☢,10-30 mSv [ped]☢☢☢☢☢,May be appropriate
797,"Liver lesion, >1cm, indeterminate on noncontrast MRI, hx of extrahepatic malignancy",3191934,Octreotide scan with SPECT or SPECT/CT chest and abdomen,10-30 mSv☢☢☢☢,,May be appropriate
798,"Liver lesion, >1cm, indeterminate on noncontrast MRI, hx of extrahepatic malignancy",3191934,Liver spleen scan,1-10 mSv☢☢☢,,Usually not appropriate
799,"Liver lesion, >1cm, indeterminate on noncontrast MRI, hx of extrahepatic malignancy",3191934,RBC scan abdomen and pelvis,1-10 mSv☢☢☢,,Usually not appropriate
800,"Liver lesion, >1cm, indeterminate on noncontrast MRI, normal liver, no extrahepatic malignancy",3191932,MRI abdomen without and with IV contrast,0 mSvO,0 mSv [ped]O,Usually appropriate
801,"Liver lesion, >1cm, indeterminate on noncontrast MRI, normal liver, no extrahepatic malignancy",3191932,CT abdomen with IV contrast multiphase,10-30 mSv☢☢☢☢,,Usually appropriate
802,"Liver lesion, >1cm, indeterminate on noncontrast MRI, normal liver, no extrahepatic malignancy",3191932,US abdomen,0 mSvO,0 mSv [ped]O,May be appropriate (Disagreement)
803,"Liver lesion, >1cm, indeterminate on noncontrast MRI, normal liver, no extrahepatic malignancy",3191932,US abdomen with IV contrast,0 mSvO,0 mSv [ped]O,May be appropriate
804,"Liver lesion, >1cm, indeterminate on noncontrast MRI, normal liver, no extrahepatic malignancy",3191932,Image-guided biopsy liver,Varies,Varies,Usually not appropriate
805,"Liver lesion, >1cm, indeterminate on noncontrast MRI, normal liver, no extrahepatic malignancy",3191932,DOTATATE PET/CT skull base to mid-thigh,1-10 mSv☢☢☢,,Usually not appropriate
806,"Liver lesion, >1cm, indeterminate on noncontrast MRI, normal liver, no extrahepatic malignancy",3191932,Liver spleen scan,1-10 mSv☢☢☢,,Usually not appropriate
807,"Liver lesion, >1cm, indeterminate on noncontrast MRI, normal liver, no extrahepatic malignancy",3191932,RBC scan abdomen and pelvis,1-10 mSv☢☢☢,,Usually not appropriate
808,"Liver lesion, >1cm, indeterminate on noncontrast MRI, normal liver, no extrahepatic malignancy",3191932,CT abdomen without and with IV contrast,10-30 mSv☢☢☢☢,10-30 mSv [ped]☢☢☢☢☢,Usually not appropriate
809,"Liver lesion, >1cm, indeterminate on noncontrast MRI, normal liver, no extrahepatic malignancy",3191932,FDG-PET/CT skull base to mid-thigh,10-30 mSv☢☢☢☢,3-10 mSv [ped]☢☢☢☢,Usually not appropriate
810,"Liver lesion, >1cm, indeterminate on noncontrast MRI, normal liver, no extrahepatic malignancy",3191932,Octreotide scan with SPECT or SPECT/CT chest and abdomen,10-30 mSv☢☢☢☢,,Usually not appropriate
811,"Liver lesion, >1cm, indeterminate on noncontrast or single phase CT, hx of extrahepatic malignancy",3191933,MRI abdomen without and with IV contrast,0 mSvO,0 mSv [ped]O,Usually appropriate
812,"Liver lesion, >1cm, indeterminate on noncontrast or single phase CT, hx of extrahepatic malignancy",3191933,CT abdomen with IV contrast multiphase,10-30 mSv☢☢☢☢,,Usually appropriate
813,"Liver lesion, >1cm, indeterminate on noncontrast or single phase CT, hx of extrahepatic malignancy",3191933,FDG-PET/CT skull base to mid-thigh,10-30 mSv☢☢☢☢,3-10 mSv [ped]☢☢☢☢,Usually appropriate
814,"Liver lesion, >1cm, indeterminate on noncontrast or single phase CT, hx of extrahepatic malignancy",3191933,US abdomen,0 mSvO,0 mSv [ped]O,May be appropriate
815,"Liver lesion, >1cm, indeterminate on noncontrast or single phase CT, hx of extrahepatic malignancy",3191933,US abdomen with IV contrast,0 mSvO,0 mSv [ped]O,May be appropriate
816,"Liver lesion, >1cm, indeterminate on noncontrast or single phase CT, hx of extrahepatic malignancy",3191933,Image-guided biopsy liver,Varies,Varies,May be appropriate
817,"Liver lesion, >1cm, indeterminate on noncontrast or single phase CT, hx of extrahepatic malignancy",3191933,DOTATATE PET/CT skull base to mid-thigh,1-10 mSv☢☢☢,,May be appropriate
818,"Liver lesion, >1cm, indeterminate on noncontrast or single phase CT, hx of extrahepatic malignancy",3191933,CT abdomen without and with IV contrast,10-30 mSv☢☢☢☢,10-30 mSv [ped]☢☢☢☢☢,May be appropriate
819,"Liver lesion, >1cm, indeterminate on noncontrast or single phase CT, hx of extrahepatic malignancy",3191933,Octreotide scan with SPECT or SPECT/CT chest and abdomen,10-30 mSv☢☢☢☢,,May be appropriate
820,"Liver lesion, >1cm, indeterminate on noncontrast or single phase CT, hx of extrahepatic malignancy",3191933,Liver spleen scan,1-10 mSv☢☢☢,,Usually not appropriate
821,"Liver lesion, >1cm, indeterminate on noncontrast or single phase CT, hx of extrahepatic malignancy",3191933,RBC scan abdomen and pelvis,1-10 mSv☢☢☢,,Usually not appropriate
822,"Liver lesion, >1cm, indeterminate on noncontrast or single phase CT, normal liver, no extrahepatic malignancy",3191931,MRI abdomen without and with IV contrast,0 mSvO,0 mSv [ped]O,Usually appropriate
823,"Liver lesion, >1cm, indeterminate on noncontrast or single phase CT, normal liver, no extrahepatic malignancy",3191931,CT abdomen with IV contrast multiphase,10-30 mSv☢☢☢☢,,Usually appropriate
824,"Liver lesion, >1cm, indeterminate on noncontrast or single phase CT, normal liver, no extrahepatic malignancy",3191931,US abdomen,0 mSvO,0 mSv [ped]O,May be appropriate (Disagreement)
825,"Liver lesion, >1cm, indeterminate on noncontrast or single phase CT, normal liver, no extrahepatic malignancy",3191931,US abdomen with IV contrast,0 mSvO,0 mSv [ped]O,May be appropriate
826,"Liver lesion, >1cm, indeterminate on noncontrast or single phase CT, normal liver, no extrahepatic malignancy",3191931,Image-guided biopsy liver,Varies,Varies,Usually not appropriate
827,"Liver lesion, >1cm, indeterminate on noncontrast or single phase CT, normal liver, no extrahepatic malignancy",3191931,DOTATATE PET/CT skull base to mid-thigh,1-10 mSv☢☢☢,,Usually not appropriate
828,"Liver lesion, >1cm, indeterminate on noncontrast or single phase CT, normal liver, no extrahepatic malignancy",3191931,Liver spleen scan,1-10 mSv☢☢☢,,Usually not appropriate
829,"Liver lesion, >1cm, indeterminate on noncontrast or single phase CT, normal liver, no extrahepatic malignancy",3191931,RBC scan abdomen and pelvis,1-10 mSv☢☢☢,,Usually not appropriate
830,"Liver lesion, >1cm, indeterminate on noncontrast or single phase CT, normal liver, no extrahepatic malignancy",3191931,CT abdomen without and with IV contrast,10-30 mSv☢☢☢☢,10-30 mSv [ped]☢☢☢☢☢,Usually not appropriate
831,"Liver lesion, >1cm, indeterminate on noncontrast or single phase CT, normal liver, no extrahepatic malignancy",3191931,FDG-PET/CT skull base to mid-thigh,10-30 mSv☢☢☢☢,3-10 mSv [ped]☢☢☢☢,Usually not appropriate
832,"Liver lesion, >1cm, indeterminate on noncontrast or single phase CT, normal liver, no extrahepatic malignancy",3191931,Octreotide scan with SPECT or SPECT/CT chest and abdomen,10-30 mSv☢☢☢☢,,Usually not appropriate
833,"Liver lesion, >1cm, indeterminate on US, hx of extrahepatic malignancy",3100714,MRI abdomen without and with IV contrast,0 mSvO,0 mSv [ped]O,Usually appropriate
834,"Liver lesion, >1cm, indeterminate on US, hx of extrahepatic malignancy",3100714,CT abdomen with IV contrast multiphase,10-30 mSv☢☢☢☢,,Usually appropriate
835,"Liver lesion, >1cm, indeterminate on US, hx of extrahepatic malignancy",3100714,US abdomen with IV contrast,0 mSvO,0 mSv [ped]O,May be appropriate
836,"Liver lesion, >1cm, indeterminate on US, hx of extrahepatic malignancy",3100714,Image-guided biopsy liver,Varies,Varies,May be appropriate
837,"Liver lesion, >1cm, indeterminate on US, hx of extrahepatic malignancy",3100714,MRI abdomen without IV contrast,0 mSvO,0 mSv [ped]O,May be appropriate
838,"Liver lesion, >1cm, indeterminate on US, hx of extrahepatic malignancy",3100714,DOTATATE PET/CT skull base to mid-thigh,1-10 mSv☢☢☢,,May be appropriate
839,"Liver lesion, >1cm, indeterminate on US, hx of extrahepatic malignancy",3100714,CT abdomen without and with IV contrast,10-30 mSv☢☢☢☢,10-30 mSv [ped]☢☢☢☢☢,May be appropriate
840,"Liver lesion, >1cm, indeterminate on US, hx of extrahepatic malignancy",3100714,FDG-PET/CT skull base to mid-thigh,10-30 mSv☢☢☢☢,3-10 mSv [ped]☢☢☢☢,May be appropriate
841,"Liver lesion, >1cm, indeterminate on US, hx of extrahepatic malignancy",3100714,Octreotide scan with SPECT or SPECT/CT chest and abdomen,10-30 mSv☢☢☢☢,,May be appropriate
842,"Liver lesion, >1cm, indeterminate on US, hx of extrahepatic malignancy",3100714,CT abdomen without IV contrast,1-10 mSv☢☢☢,3-10 mSv [ped]☢☢☢☢,Usually not appropriate
843,"Liver lesion, >1cm, indeterminate on US, hx of extrahepatic malignancy",3100714,Liver spleen scan,1-10 mSv☢☢☢,,Usually not appropriate
844,"Liver lesion, >1cm, indeterminate on US, hx of extrahepatic malignancy",3100714,RBC scan abdomen and pelvis,1-10 mSv☢☢☢,,Usually not appropriate
845,"Liver lesion, >1cm, indeterminate on US, normal liver, no extrahepatic malignancy",3100711,US abdomen with IV contrast,0 mSvO,0 mSv [ped]O,Usually appropriate
846,"Liver lesion, >1cm, indeterminate on US, normal liver, no extrahepatic malignancy",3100711,MRI abdomen without and with IV contrast,0 mSvO,0 mSv [ped]O,Usually appropriate
847,"Liver lesion, >1cm, indeterminate on US, normal liver, no extrahepatic malignancy",3100711,CT abdomen with IV contrast multiphase,10-30 mSv☢☢☢☢,,Usually appropriate
848,"Liver lesion, >1cm, indeterminate on US, normal liver, no extrahepatic malignancy",3100711,MRI abdomen without IV contrast,0 mSvO,0 mSv [ped]O,May be appropriate
849,"Liver lesion, >1cm, indeterminate on US, normal liver, no extrahepatic malignancy",3100711,Image-guided biopsy liver,Varies,Varies,Usually not appropriate
850,"Liver lesion, >1cm, indeterminate on US, normal liver, no extrahepatic malignancy",3100711,CT abdomen without IV contrast,1-10 mSv☢☢☢,3-10 mSv [ped]☢☢☢☢,Usually not appropriate
851,"Liver lesion, >1cm, indeterminate on US, normal liver, no extrahepatic malignancy",3100711,DOTATATE PET/CT skull base to mid-thigh,1-10 mSv☢☢☢,,Usually not appropriate
852,"Liver lesion, >1cm, indeterminate on US, normal liver, no extrahepatic malignancy",3100711,Liver spleen scan,1-10 mSv☢☢☢,,Usually not appropriate
853,"Liver lesion, >1cm, indeterminate on US, normal liver, no extrahepatic malignancy",3100711,RBC scan abdomen and pelvis,1-10 mSv☢☢☢,,Usually not appropriate
854,"Liver lesion, >1cm, indeterminate on US, normal liver, no extrahepatic malignancy",3100711,CT abdomen without and with IV contrast,10-30 mSv☢☢☢☢,10-30 mSv [ped]☢☢☢☢☢,Usually not appropriate
855,"Liver lesion, >1cm, indeterminate on US, normal liver, no extrahepatic malignancy",3100711,FDG-PET/CT skull base to mid-thigh,10-30 mSv☢☢☢☢,3-10 mSv [ped]☢☢☢☢,Usually not appropriate
856,"Liver lesion, >1cm, indeterminate on US, normal liver, no extrahepatic malignancy",3100711,Octreotide scan with SPECT or SPECT/CT chest and abdomen,10-30 mSv☢☢☢☢,,Usually not appropriate
857,"LLQ pain, diverticulitis complications suspected, initial imaging",3196472,CT abdomen and pelvis with IV contrast,1-10 mSv☢☢☢,3-10 mSv [ped]☢☢☢☢,Usually appropriate
858,"LLQ pain, diverticulitis complications suspected, initial imaging",3196472,Fluoroscopy contrast enema,1-10 mSv☢☢☢,3-10 mSv [ped]☢☢☢☢,May be appropriate
859,"LLQ pain, diverticulitis complications suspected, initial imaging",3196472,Fluoroscopy cystography,1-10 mSv☢☢☢,,May be appropriate
860,"LLQ pain, diverticulitis complications suspected, initial imaging",3196472,MRI abdomen and pelvis without and with IV contrast,0 mSvO,0 mSv [ped]O,May be appropriate
861,"LLQ pain, diverticulitis complications suspected, initial imaging",3196472,MRI abdomen and pelvis without IV contrast,0 mSvO,0 mSv [ped]O,May be appropriate
862,"LLQ pain, diverticulitis complications suspected, initial imaging",3196472,CT abdomen and pelvis without IV contrast,1-10 mSv☢☢☢,3-10 mSv [ped]☢☢☢☢,May be appropriate
863,"LLQ pain, diverticulitis complications suspected, initial imaging",3196472,CT pelvis with bladder contrast (CT cystography),10-30 mSv☢☢☢☢,3-10 mSv [ped]☢☢☢☢,May be appropriate
864,"LLQ pain, diverticulitis complications suspected, initial imaging",3196472,US abdomen transabdominal,0 mSvO,0 mSv [ped]O,Usually not appropriate
865,"LLQ pain, diverticulitis complications suspected, initial imaging",3196472,US pelvis transvaginal,0 mSvO,0 mSv [ped]O,Usually not appropriate
866,"LLQ pain, diverticulitis complications suspected, initial imaging",3196472,Radiography abdomen and pelvis,1-10 mSv☢☢☢,0.3-3 mSv [ped]☢☢☢,Usually not appropriate
867,"LLQ pain, diverticulitis complications suspected, initial imaging",3196472,CT abdomen and pelvis without and with IV contrast,10-30 mSv☢☢☢☢,10-30 mSv [ped]☢☢☢☢☢,Usually not appropriate
868,"LLQ pain, diverticulitis suspected, initial imaging",3196471,CT abdomen and pelvis with IV contrast,1-10 mSv☢☢☢,3-10 mSv [ped]☢☢☢☢,Usually appropriate
869,"LLQ pain, diverticulitis suspected, initial imaging",3196471,MRI abdomen and pelvis without and with IV contrast,0 mSvO,0 mSv [ped]O,May be appropriate
870,"LLQ pain, diverticulitis suspected, initial imaging",3196471,MRI abdomen and pelvis without IV contrast,0 mSvO,0 mSv [ped]O,May be appropriate
871,"LLQ pain, diverticulitis suspected, initial imaging",3196471,CT abdomen and pelvis without IV contrast,1-10 mSv☢☢☢,3-10 mSv [ped]☢☢☢☢,May be appropriate
872,"LLQ pain, diverticulitis suspected, initial imaging",3196471,US abdomen transabdominal,0 mSvO,0 mSv [ped]O,Usually not appropriate
873,"LLQ pain, diverticulitis suspected, initial imaging",3196471,US pelvis transvaginal,0 mSvO,0 mSv [ped]O,Usually not appropriate
874,"LLQ pain, diverticulitis suspected, initial imaging",3196471,Fluoroscopy contrast enema,1-10 mSv☢☢☢,3-10 mSv [ped]☢☢☢☢,Usually not appropriate
875,"LLQ pain, diverticulitis suspected, initial imaging",3196471,Radiography abdomen and pelvis,1-10 mSv☢☢☢,0.3-3 mSv [ped]☢☢☢,Usually not appropriate
876,"LLQ pain, diverticulitis suspected, initial imaging",3196471,CT abdomen and pelvis without and with IV contrast,10-30 mSv☢☢☢☢,10-30 mSv [ped]☢☢☢☢☢,Usually not appropriate
877,"LLQ pain, initial imaging",3196470,CT abdomen and pelvis with IV contrast,1-10 mSv☢☢☢,3-10 mSv [ped]☢☢☢☢,Usually appropriate
878,"LLQ pain, initial imaging",3196470,US abdomen transabdominal,0 mSvO,0 mSv [ped]O,May be appropriate
879,"LLQ pain, initial imaging",3196470,US pelvis transvaginal,0 mSvO,0 mSv [ped]O,May be appropriate
880,"LLQ pain, initial imaging",3196470,Radiography abdomen and pelvis,1-10 mSv☢☢☢,0.3-3 mSv [ped]☢☢☢,May be appropriate
881,"LLQ pain, initial imaging",3196470,MRI abdomen and pelvis without and with IV contrast,0 mSvO,0 mSv [ped]O,May be appropriate
882,"LLQ pain, initial imaging",3196470,MRI abdomen and pelvis without IV contrast,0 mSvO,0 mSv [ped]O,May be appropriate
883,"LLQ pain, initial imaging",3196470,CT abdomen and pelvis without IV contrast,1-10 mSv☢☢☢,3-10 mSv [ped]☢☢☢☢,May be appropriate
884,"LLQ pain, initial imaging",3196470,Fluoroscopy contrast enema,1-10 mSv☢☢☢,3-10 mSv [ped]☢☢☢☢,Usually not appropriate
885,"LLQ pain, initial imaging",3196470,CT abdomen and pelvis without and with IV contrast,10-30 mSv☢☢☢☢,10-30 mSv [ped]☢☢☢☢☢,Usually not appropriate
886,"Mesenteric ischemia, acute, suspected, initial exam",3141499,CTA abdomen and pelvis with IV contrast,10-30 mSv☢☢☢☢,,Usually appropriate
887,"Mesenteric ischemia, acute, suspected, initial exam",3141499,US duplex Doppler abdomen,0 mSvO,0 mSv [ped]O,May be appropriate
888,"Mesenteric ischemia, acute, suspected, initial exam",3141499,Radiography abdomen,0.1-1mSv☢☢,0.03-0.3 mSv [ped]☢☢,May be appropriate
889,"Mesenteric ischemia, acute, suspected, initial exam",3141499,Arteriography abdomen,1-10 mSv☢☢☢,10-30 mSv [ped]☢☢☢☢☢,May be appropriate (Disagreement)
890,"Mesenteric ischemia, acute, suspected, initial exam",3141499,MRA abdomen and pelvis without and with IV contrast,0 mSvO,0 mSv [ped]O,May be appropriate (Disagreement)
891,"Mesenteric ischemia, acute, suspected, initial exam",3141499,CT abdomen and pelvis with IV contrast,1-10 mSv☢☢☢,3-10 mSv [ped]☢☢☢☢,May be appropriate
892,"Mesenteric ischemia, acute, suspected, initial exam",3141499,MRA abdomen and pelvis without IV contrast,0 mSvO,0 mSv [ped]O,Usually not appropriate
893,"Mesenteric ischemia, acute, suspected, initial exam",3141499,CT abdomen and pelvis without IV contrast,1-10 mSv☢☢☢,3-10 mSv [ped]☢☢☢☢,Usually not appropriate
894,"Mesenteric ischemia, acute, suspected, initial exam",3141499,CT abdomen and pelvis without and with IV contrast,10-30 mSv☢☢☢☢,10-30 mSv [ped]☢☢☢☢☢,Usually not appropriate
895,"Mesenteric ischemia, chronic, suspected, initial exam",3141500,MRA abdomen and pelvis without and with IV contrast,0 mSvO,0 mSv [ped]O,Usually appropriate
896,"Mesenteric ischemia, chronic, suspected, initial exam",3141500,CTA abdomen and pelvis with IV contrast,10-30 mSv☢☢☢☢,,Usually appropriate
897,"Mesenteric ischemia, chronic, suspected, initial exam",3141500,US duplex Doppler abdomen,0 mSvO,0 mSv [ped]O,May be appropriate
898,"Mesenteric ischemia, chronic, suspected, initial exam",3141500,Arteriography abdomen,1-10 mSv☢☢☢,10-30 mSv [ped]☢☢☢☢☢,May be appropriate (Disagreement)
899,"Mesenteric ischemia, chronic, suspected, initial exam",3141500,MRA abdomen and pelvis without IV contrast,0 mSvO,0 mSv [ped]O,May be appropriate
900,"Mesenteric ischemia, chronic, suspected, initial exam",3141500,CT abdomen and pelvis with IV contrast,1-10 mSv☢☢☢,3-10 mSv [ped]☢☢☢☢,May be appropriate
901,"Mesenteric ischemia, chronic, suspected, initial exam",3141500,Radiography abdomen,0.1-1mSv☢☢,0.03-0.3 mSv [ped]☢☢,Usually not appropriate
902,"Mesenteric ischemia, chronic, suspected, initial exam",3141500,CT abdomen and pelvis without IV contrast,1-10 mSv☢☢☢,3-10 mSv [ped]☢☢☢☢,Usually not appropriate
903,"Mesenteric ischemia, chronic, suspected, initial exam",3141500,CT abdomen and pelvis without and with IV contrast,10-30 mSv☢☢☢☢,10-30 mSv [ped]☢☢☢☢☢,Usually not appropriate
904,"Pancreas cyst, <=2.5cm, incidental, initial evaluation",3164902,MRI abdomen without and with IV contrast with MRCP,0 mSvO,0 mSv [ped]O,Usually appropriate
905,"Pancreas cyst, <=2.5cm, incidental, initial evaluation",3164902,MRI abdomen without IV contrast with MRCP,0 mSvO,0 mSv [ped]O,May be appropriate
906,"Pancreas cyst, <=2.5cm, incidental, initial evaluation",3164902,CT abdomen with IV contrast multiphase,10-30 mSv☢☢☢☢,,May be appropriate
907,"Pancreas cyst, <=2.5cm, incidental, initial evaluation",3164902,US abdomen endoscopic,0 mSvO,0 mSv [ped]O,Usually not appropriate
908,"Pancreas cyst, <=2.5cm, incidental, initial evaluation",3164902,CT abdomen without IV contrast,1-10 mSv☢☢☢,3-10 mSv [ped]☢☢☢☢,Usually not appropriate
909,"Pancreas cyst, <=2.5cm, incidental, initial evaluation",3164902,CT abdomen without and with IV contrast,10-30 mSv☢☢☢☢,10-30 mSv [ped]☢☢☢☢☢,Usually not appropriate
910,"Pancreas cyst, >2.5cm, incidental, high risk features, initial evaluation",3164904,US abdomen endoscopic,0 mSvO,0 mSv [ped]O,Usually appropriate
911,"Pancreas cyst, >2.5cm, incidental, high risk features, initial evaluation",3164904,MRI abdomen without and with IV contrast with MRCP,0 mSvO,0 mSv [ped]O,Usually appropriate
912,"Pancreas cyst, >2.5cm, incidental, high risk features, initial evaluation",3164904,MRI abdomen without IV contrast with MRCP,0 mSvO,0 mSv [ped]O,May be appropriate
913,"Pancreas cyst, >2.5cm, incidental, high risk features, initial evaluation",3164904,CT abdomen with IV contrast multiphase,10-30 mSv☢☢☢☢,,May be appropriate
914,"Pancreas cyst, >2.5cm, incidental, high risk features, initial evaluation",3164904,CT abdomen without IV contrast,1-10 mSv☢☢☢,3-10 mSv [ped]☢☢☢☢,Usually not appropriate
915,"Pancreas cyst, >2.5cm, incidental, high risk features, initial evaluation",3164904,CT abdomen without and with IV contrast,10-30 mSv☢☢☢☢,10-30 mSv [ped]☢☢☢☢☢,Usually not appropriate
916,"Pancreas cyst, >2.5cm, incidental, no high risk features, initial evaluation",3164903,MRI abdomen without and with IV contrast with MRCP,0 mSvO,0 mSv [ped]O,Usually appropriate
917,"Pancreas cyst, >2.5cm, incidental, no high risk features, initial evaluation",3164903,US abdomen endoscopic,0 mSvO,0 mSv [ped]O,May be appropriate
918,"Pancreas cyst, >2.5cm, incidental, no high risk features, initial evaluation",3164903,MRI abdomen without IV contrast with MRCP,0 mSvO,0 mSv [ped]O,May be appropriate
919,"Pancreas cyst, >2.5cm, incidental, no high risk features, initial evaluation",3164903,CT abdomen with IV contrast multiphase,10-30 mSv☢☢☢☢,,May be appropriate
920,"Pancreas cyst, >2.5cm, incidental, no high risk features, initial evaluation",3164903,CT abdomen without IV contrast,1-10 mSv☢☢☢,3-10 mSv [ped]☢☢☢☢,Usually not appropriate
921,"Pancreas cyst, >2.5cm, incidental, no high risk features, initial evaluation",3164903,CT abdomen without and with IV contrast,10-30 mSv☢☢☢☢,10-30 mSv [ped]☢☢☢☢☢,Usually not appropriate
922,"Pancreas cyst, follow-up imaging",3164906,MRI abdomen without and with IV contrast with MRCP,0 mSvO,0 mSv [ped]O,Usually appropriate
923,"Pancreas cyst, follow-up imaging",3164906,MRI abdomen without IV contrast with MRCP,0 mSvO,0 mSv [ped]O,Usually appropriate
924,"Pancreas cyst, follow-up imaging",3164906,CT abdomen with IV contrast multiphase,10-30 mSv☢☢☢☢,,Usually appropriate
925,"Pancreas cyst, follow-up imaging",3164906,US abdomen endoscopic,0 mSvO,0 mSv [ped]O,Usually not appropriate
926,"Pancreas cyst, follow-up imaging",3164906,CT abdomen without IV contrast,1-10 mSv☢☢☢,3-10 mSv [ped]☢☢☢☢,Usually not appropriate
927,"Pancreas cyst, follow-up imaging",3164906,CT abdomen without and with IV contrast,10-30 mSv☢☢☢☢,10-30 mSv [ped]☢☢☢☢☢,Usually not appropriate
928,"Pancreas duct dilation, >7mm, IPMN suspected, initial evaluation",3164905,US abdomen endoscopic,0 mSvO,0 mSv [ped]O,Usually appropriate
929,"Pancreas duct dilation, >7mm, IPMN suspected, initial evaluation",3164905,MRI abdomen without and with IV contrast with MRCP,0 mSvO,0 mSv [ped]O,Usually appropriate
930,"Pancreas duct dilation, >7mm, IPMN suspected, initial evaluation",3164905,MRI abdomen without IV contrast with MRCP,0 mSvO,0 mSv [ped]O,Usually appropriate
931,"Pancreas duct dilation, >7mm, IPMN suspected, initial evaluation",3164905,CT abdomen with IV contrast multiphase,10-30 mSv☢☢☢☢,,May be appropriate
932,"Pancreas duct dilation, >7mm, IPMN suspected, initial evaluation",3164905,CT abdomen without IV contrast,1-10 mSv☢☢☢,3-10 mSv [ped]☢☢☢☢,Usually not appropriate
933,"Pancreas duct dilation, >7mm, IPMN suspected, initial evaluation",3164905,CT abdomen without and with IV contrast,10-30 mSv☢☢☢☢,10-30 mSv [ped]☢☢☢☢☢,Usually not appropriate
934,"Pancreatic adenocarcinoma, post neoadjuvant tx, eval for resectability",3128539,MRI abdomen without and with IV contrast,0 mSvO,0 mSv [ped]O,Usually appropriate
935,"Pancreatic adenocarcinoma, post neoadjuvant tx, eval for resectability",3128539,CT abdomen with IV contrast,1-10 mSv☢☢☢,3-10 mSv [ped]☢☢☢☢,Usually appropriate
936,"Pancreatic adenocarcinoma, post neoadjuvant tx, eval for resectability",3128539,MRI abdomen without IV contrast,0 mSvO,0 mSv [ped]O,May be appropriate
937,"Pancreatic adenocarcinoma, post neoadjuvant tx, eval for resectability",3128539,FDG-PET/CT skull base to mid-thigh,10-30 mSv☢☢☢☢,3-10 mSv [ped]☢☢☢☢,May be appropriate
938,"Pancreatic adenocarcinoma, post neoadjuvant tx, eval for resectability",3128539,US abdomen endoscopic,0 mSvO,0 mSv [ped]O,Usually not appropriate
939,"Pancreatic adenocarcinoma, post neoadjuvant tx, eval for resectability",3128539,US abdomen transabdominal,0 mSvO,0 mSv [ped]O,Usually not appropriate
940,"Pancreatic adenocarcinoma, post neoadjuvant tx, eval for resectability",3128539,CT abdomen without IV contrast,1-10 mSv☢☢☢,3-10 mSv [ped]☢☢☢☢,Usually not appropriate
941,"Pancreatic adenocarcinoma, post neoadjuvant tx, eval for resectability",3128539,CT abdomen without and with IV contrast,10-30 mSv☢☢☢☢,10-30 mSv [ped]☢☢☢☢☢,Usually not appropriate
942,"Pancreatic adenocarcinoma, staging, pretreatment",3128538,MRI abdomen without and with IV contrast,0 mSvO,0 mSv [ped]O,Usually appropriate
943,"Pancreatic adenocarcinoma, staging, pretreatment",3128538,CT abdomen with IV contrast,1-10 mSv☢☢☢,3-10 mSv [ped]☢☢☢☢,Usually appropriate
944,"Pancreatic adenocarcinoma, staging, pretreatment",3128538,US abdomen endoscopic,0 mSvO,0 mSv [ped]O,May be appropriate
945,"Pancreatic adenocarcinoma, staging, pretreatment",3128538,MRI abdomen without IV contrast,0 mSvO,0 mSv [ped]O,May be appropriate
946,"Pancreatic adenocarcinoma, staging, pretreatment",3128538,FDG-PET/CT skull base to mid-thigh,10-30 mSv☢☢☢☢,3-10 mSv [ped]☢☢☢☢,May be appropriate
947,"Pancreatic adenocarcinoma, staging, pretreatment",3128538,US abdomen transabdominal,0 mSvO,0 mSv [ped]O,Usually not appropriate
948,"Pancreatic adenocarcinoma, staging, pretreatment",3128538,CT abdomen without IV contrast,1-10 mSv☢☢☢,3-10 mSv [ped]☢☢☢☢,Usually not appropriate
949,"Pancreatic adenocarcinoma, staging, pretreatment",3128538,CT abdomen without and with IV contrast,10-30 mSv☢☢☢☢,10-30 mSv [ped]☢☢☢☢☢,Usually not appropriate
950,"Pancreatitis necrotizing, significant clinical deterioration",3084081,CT abdomen and pelvis with IV contrast,1-10 mSv☢☢☢,3-10 mSv [ped]☢☢☢☢,Usually appropriate
951,"Pancreatitis necrotizing, significant clinical deterioration",3084081,US abdomen,0 mSvO,0 mSv [ped]O,May be appropriate
952,"Pancreatitis necrotizing, significant clinical deterioration",3084081,US duplex Doppler abdomen,0 mSvO,0 mSv [ped]O,May be appropriate
953,"Pancreatitis necrotizing, significant clinical deterioration",3084081,MRI abdomen without and with IV contrast with MRCP,0 mSvO,0 mSv [ped]O,May be appropriate
954,"Pancreatitis necrotizing, significant clinical deterioration",3084081,MRI abdomen without IV contrast with MRCP,0 mSvO,0 mSv [ped]O,May be appropriate
955,"Pancreatitis necrotizing, significant clinical deterioration",3084081,CT abdomen and pelvis without IV contrast,1-10 mSv☢☢☢,3-10 mSv [ped]☢☢☢☢,May be appropriate
956,"Pancreatitis necrotizing, significant clinical deterioration",3084081,CT abdomen and pelvis without and with IV contrast,10-30 mSv☢☢☢☢,10-30 mSv [ped]☢☢☢☢☢,May be appropriate
957,"Pancreatitis necrotizing, significant clinical deterioration",3084081,US abdomen with IV contrast,0 mSvO,0 mSv [ped]O,Usually not appropriate
958,"Pancreatitis suspected, atypical presentation",3084080,MRI abdomen without and with IV contrast with MRCP,0 mSvO,0 mSv [ped]O,Usually appropriate
959,"Pancreatitis suspected, atypical presentation",3084080,CT abdomen and pelvis with IV contrast,1-10 mSv☢☢☢,3-10 mSv [ped]☢☢☢☢,Usually appropriate
960,"Pancreatitis suspected, atypical presentation",3084080,US abdomen,0 mSvO,0 mSv [ped]O,May be appropriate
961,"Pancreatitis suspected, atypical presentation",3084080,US duplex Doppler abdomen,0 mSvO,0 mSv [ped]O,May be appropriate
962,"Pancreatitis suspected, atypical presentation",3084080,MRI abdomen without IV contrast with MRCP,0 mSvO,0 mSv [ped]O,May be appropriate
963,"Pancreatitis suspected, atypical presentation",3084080,CT abdomen and pelvis without IV contrast,1-10 mSv☢☢☢,3-10 mSv [ped]☢☢☢☢,May be appropriate
964,"Pancreatitis suspected, atypical presentation",3084080,US abdomen with IV contrast,0 mSvO,0 mSv [ped]O,Usually not appropriate
965,"Pancreatitis suspected, atypical presentation",3084080,CT abdomen and pelvis without and with IV contrast,10-30 mSv☢☢☢☢,10-30 mSv [ped]☢☢☢☢☢,Usually not appropriate
966,"Pancreatitis suspected, typical presentation",3084079,US abdomen,0 mSvO,0 mSv [ped]O,Usually appropriate
967,"Pancreatitis suspected, typical presentation",3084079,US duplex Doppler abdomen,0 mSvO,0 mSv [ped]O,May be appropriate
968,"Pancreatitis suspected, typical presentation",3084079,MRI abdomen without and with IV contrast with MRCP,0 mSvO,0 mSv [ped]O,May be appropriate
969,"Pancreatitis suspected, typical presentation",3084079,MRI abdomen without IV contrast with MRCP,0 mSvO,0 mSv [ped]O,May be appropriate
970,"Pancreatitis suspected, typical presentation",3084079,CT abdomen and pelvis with IV contrast,1-10 mSv☢☢☢,3-10 mSv [ped]☢☢☢☢,May be appropriate
971,"Pancreatitis suspected, typical presentation",3084079,US abdomen with IV contrast,0 mSvO,0 mSv [ped]O,Usually not appropriate
972,"Pancreatitis suspected, typical presentation",3084079,CT abdomen and pelvis without IV contrast,1-10 mSv☢☢☢,3-10 mSv [ped]☢☢☢☢,Usually not appropriate
973,"Pancreatitis suspected, typical presentation",3084079,CT abdomen and pelvis without and with IV contrast,10-30 mSv☢☢☢☢,10-30 mSv [ped]☢☢☢☢☢,Usually not appropriate
974,"Pancreatitis, acute, critically ill, >48 hours",3084078,MRI abdomen without and with IV contrast with MRCP,0 mSvO,0 mSv [ped]O,Usually appropriate
975,"Pancreatitis, acute, critically ill, >48 hours",3084078,CT abdomen and pelvis with IV contrast,1-10 mSv☢☢☢,3-10 mSv [ped]☢☢☢☢,Usually appropriate
976,"Pancreatitis, acute, critically ill, >48 hours",3084078,US duplex Doppler abdomen,0 mSvO,0 mSv [ped]O,May be appropriate
977,"Pancreatitis, acute, critically ill, >48 hours",3084078,MRI abdomen without IV contrast with MRCP,0 mSvO,0 mSv [ped]O,May be appropriate
978,"Pancreatitis, acute, critically ill, >48 hours",3084078,CT abdomen and pelvis without IV contrast,1-10 mSv☢☢☢,3-10 mSv [ped]☢☢☢☢,May be appropriate
979,"Pancreatitis, acute, critically ill, >48 hours",3084078,US abdomen,0 mSvO,0 mSv [ped]O,Usually not appropriate
980,"Pancreatitis, acute, critically ill, >48 hours",3084078,US abdomen with IV contrast,0 mSvO,0 mSv [ped]O,Usually not appropriate
981,"Pancreatitis, acute, critically ill, >48 hours",3084078,CT abdomen and pelvis without and with IV contrast,10-30 mSv☢☢☢☢,10-30 mSv [ped]☢☢☢☢☢,Usually not appropriate
982,"Pancreatitis, acute, severe, > 7 days",3084077,MRI abdomen without and with IV contrast with MRCP,0 mSvO,0 mSv [ped]O,Usually appropriate
983,"Pancreatitis, acute, severe, > 7 days",3084077,CT abdomen and pelvis with IV contrast,1-10 mSv☢☢☢,3-10 mSv [ped]☢☢☢☢,Usually appropriate
984,"Pancreatitis, acute, severe, > 7 days",3084077,US abdomen,0 mSvO,0 mSv [ped]O,May be appropriate
985,"Pancreatitis, acute, severe, > 7 days",3084077,US duplex Doppler abdomen,0 mSvO,0 mSv [ped]O,May be appropriate
986,"Pancreatitis, acute, severe, > 7 days",3084077,MRI abdomen without IV contrast with MRCP,0 mSvO,0 mSv [ped]O,May be appropriate
987,"Pancreatitis, acute, severe, > 7 days",3084077,CT abdomen and pelvis without IV contrast,1-10 mSv☢☢☢,3-10 mSv [ped]☢☢☢☢,May be appropriate
988,"Pancreatitis, acute, severe, > 7 days",3084077,US abdomen with IV contrast,0 mSvO,0 mSv [ped]O,Usually not appropriate
989,"Pancreatitis, acute, severe, > 7 days",3084077,CT abdomen and pelvis without and with IV contrast,10-30 mSv☢☢☢☢,10-30 mSv [ped]☢☢☢☢☢,Usually not appropriate
990,"Pancreatitis, persistent > 4 weeks",3155938,MRI abdomen without and with IV contrast with MRCP,0 mSvO,0 mSv [ped]O,Usually appropriate
991,"Pancreatitis, persistent > 4 weeks",3155938,CT abdomen and pelvis with IV contrast,1-10 mSv☢☢☢,3-10 mSv [ped]☢☢☢☢,Usually appropriate
992,"Pancreatitis, persistent > 4 weeks",3155938,US abdomen,0 mSvO,0 mSv [ped]O,May be appropriate
993,"Pancreatitis, persistent > 4 weeks",3155938,US duplex Doppler abdomen,0 mSvO,0 mSv [ped]O,May be appropriate
994,"Pancreatitis, persistent > 4 weeks",3155938,MRI abdomen without IV contrast with MRCP,0 mSvO,0 mSv [ped]O,May be appropriate
995,"Pancreatitis, persistent > 4 weeks",3155938,CT abdomen and pelvis without IV contrast,1-10 mSv☢☢☢,3-10 mSv [ped]☢☢☢☢,May be appropriate
996,"Pancreatitis, persistent > 4 weeks",3155938,US abdomen with IV contrast,0 mSvO,0 mSv [ped]O,Usually not appropriate
997,"Pancreatitis, persistent > 4 weeks",3155938,CT abdomen and pelvis without and with IV contrast,10-30 mSv☢☢☢☢,10-30 mSv [ped]☢☢☢☢☢,Usually not appropriate
998,"Perianal abscess suspected, initial imaging",3194184,MRI pelvis without and with IV contrast,0 mSvO,0 mSv [ped]O,Usually appropriate
999,"Perianal abscess suspected, initial imaging",3194184,CT pelvis with IV contrast,1-10 mSv☢☢☢,3-10 mSv [ped]☢☢☢☢,Usually appropriate
1000,"Perianal abscess suspected, initial imaging",3194184,US endoanal,0 mSvO,0 mSv [ped]O,May be appropriate
1001,"Perianal abscess suspected, initial imaging",3194184,MRI pelvis without IV contrast,0 mSvO,0 mSv [ped]O,May be appropriate
1002,"Perianal abscess suspected, initial imaging",3194184,CT pelvis without IV contrast,1-10 mSv☢☢☢,3-10 mSv [ped]☢☢☢☢,May be appropriate
1003,"Perianal abscess suspected, initial imaging",3194184,Radiography pelvis,0.1-1mSv☢☢,0.03-0.3 mSv [ped]☢☢,Usually not appropriate
1004,"Perianal abscess suspected, initial imaging",3194184,Fluoroscopy contrast enema,1-10 mSv☢☢☢,3-10 mSv [ped]☢☢☢☢,Usually not appropriate
1005,"Perianal abscess suspected, initial imaging",3194184,Fluoroscopy fistulography anus,1-10 mSv☢☢☢,,Usually not appropriate
1006,"Perianal abscess suspected, initial imaging",3194184,CT pelvis without and with IV contrast,10-30 mSv☢☢☢☢,3-10 mSv [ped]☢☢☢☢,Usually not appropriate
1007,"Perianal fistula suspected, initial imaging",3194185,MRI pelvis without and with IV contrast,0 mSvO,0 mSv [ped]O,Usually appropriate
1008,"Perianal fistula suspected, initial imaging",3194185,CT pelvis with IV contrast,1-10 mSv☢☢☢,3-10 mSv [ped]☢☢☢☢,Usually appropriate
1009,"Perianal fistula suspected, initial imaging",3194185,US endoanal,0 mSvO,0 mSv [ped]O,May be appropriate
1010,"Perianal fistula suspected, initial imaging",3194185,MRI pelvis without IV contrast,0 mSvO,0 mSv [ped]O,May be appropriate
1011,"Perianal fistula suspected, initial imaging",3194185,CT pelvis without IV contrast,1-10 mSv☢☢☢,3-10 mSv [ped]☢☢☢☢,May be appropriate
1012,"Perianal fistula suspected, initial imaging",3194185,Radiography pelvis,0.1-1mSv☢☢,0.03-0.3 mSv [ped]☢☢,Usually not appropriate
1013,"Perianal fistula suspected, initial imaging",3194185,Fluoroscopy contrast enema,1-10 mSv☢☢☢,3-10 mSv [ped]☢☢☢☢,Usually not appropriate
1014,"Perianal fistula suspected, initial imaging",3194185,Fluoroscopy fistulography anus,1-10 mSv☢☢☢,,Usually not appropriate
1015,"Perianal fistula suspected, initial imaging",3194185,CT pelvis without and with IV contrast,10-30 mSv☢☢☢☢,3-10 mSv [ped]☢☢☢☢,Usually not appropriate
1016,"Postproctectomy with anastomosis, complication suspected, initial imaging",3194193,MRI pelvis without and with IV contrast,0 mSvO,0 mSv [ped]O,Usually appropriate
1017,"Postproctectomy with anastomosis, complication suspected, initial imaging",3194193,CT abdomen and pelvis with IV contrast,1-10 mSv☢☢☢,3-10 mSv [ped]☢☢☢☢,Usually appropriate
1018,"Postproctectomy with anastomosis, complication suspected, initial imaging",3194193,CT pelvis with IV contrast,1-10 mSv☢☢☢,3-10 mSv [ped]☢☢☢☢,Usually appropriate
1019,"Postproctectomy with anastomosis, complication suspected, initial imaging",3194193,Fluoroscopy contrast enema,1-10 mSv☢☢☢,3-10 mSv [ped]☢☢☢☢,May be appropriate
1020,"Postproctectomy with anastomosis, complication suspected, initial imaging",3194193,MRI pelvis without IV contrast,0 mSvO,0 mSv [ped]O,May be appropriate
1021,"Postproctectomy with anastomosis, complication suspected, initial imaging",3194193,CT abdomen and pelvis without IV contrast,1-10 mSv☢☢☢,3-10 mSv [ped]☢☢☢☢,May be appropriate
1022,"Postproctectomy with anastomosis, complication suspected, initial imaging",3194193,CT pelvis without IV contrast,1-10 mSv☢☢☢,3-10 mSv [ped]☢☢☢☢,May be appropriate
1023,"Postproctectomy with anastomosis, complication suspected, initial imaging",3194193,US pelvis transrectal,0 mSvO,0 mSv [ped]O,Usually not appropriate
1024,"Postproctectomy with anastomosis, complication suspected, initial imaging",3194193,Radiography abdomen and pelvis,1-10 mSv☢☢☢,0.3-3 mSv [ped]☢☢☢,Usually not appropriate
1025,"Postproctectomy with anastomosis, complication suspected, initial imaging",3194193,CT abdomen and pelvis without and with IV contrast,10-30 mSv☢☢☢☢,10-30 mSv [ped]☢☢☢☢☢,Usually not appropriate
1026,"Postproctectomy with anastomosis, complication suspected, initial imaging",3194193,CT pelvis without and with IV contrast,10-30 mSv☢☢☢☢,3-10 mSv [ped]☢☢☢☢,Usually not appropriate
1027,"Pouchitis suspected, initial imaging",3194191,MR enterography,0 mSvO,0 mSv [ped]O,Usually appropriate
1028,"Pouchitis suspected, initial imaging",3194191,MRI pelvis without and with IV contrast,0 mSvO,0 mSv [ped]O,Usually appropriate
1029,"Pouchitis suspected, initial imaging",3194191,CT pelvis with IV contrast,1-10 mSv☢☢☢,3-10 mSv [ped]☢☢☢☢,Usually appropriate
1030,"Pouchitis suspected, initial imaging",3194191,CT enterography,10-30 mSv☢☢☢☢,3-10 mSv [ped]☢☢☢☢,Usually appropriate
1031,"Pouchitis suspected, initial imaging",3194191,Fluoroscopy contrast enema,1-10 mSv☢☢☢,3-10 mSv [ped]☢☢☢☢,May be appropriate
1032,"Pouchitis suspected, initial imaging",3194191,MRI pelvis without IV contrast,0 mSvO,0 mSv [ped]O,May be appropriate
1033,"Pouchitis suspected, initial imaging",3194191,US pelvis,0 mSvO,0 mSv [ped]O,Usually not appropriate
1034,"Pouchitis suspected, initial imaging",3194191,Radiography pelvis,0.1-1mSv☢☢,0.03-0.3 mSv [ped]☢☢,Usually not appropriate
1035,"Pouchitis suspected, initial imaging",3194191,CT pelvis without IV contrast,1-10 mSv☢☢☢,3-10 mSv [ped]☢☢☢☢,Usually not appropriate
1036,"Pouchitis suspected, initial imaging",3194191,CT pelvis without and with IV contrast,10-30 mSv☢☢☢☢,3-10 mSv [ped]☢☢☢☢,Usually not appropriate
1037,"Pouchitis suspected, initial imaging",3194191,FDG-PET/CT skull base to mid-thigh,10-30 mSv☢☢☢☢,3-10 mSv [ped]☢☢☢☢,Usually not appropriate
1038,"Pouchitis suspected, initial imaging",3194191,WBC scan abdomen and pelvis,10-30 mSv☢☢☢☢,,Usually not appropriate
1039,"Proctitis suspected, initial imaging",3194190,MR enterography,0 mSvO,0 mSv [ped]O,Usually appropriate
1040,"Proctitis suspected, initial imaging",3194190,MRI pelvis without and with IV contrast,0 mSvO,0 mSv [ped]O,Usually appropriate
1041,"Proctitis suspected, initial imaging",3194190,CT pelvis with IV contrast,1-10 mSv☢☢☢,3-10 mSv [ped]☢☢☢☢,Usually appropriate
1042,"Proctitis suspected, initial imaging",3194190,CT enterography,10-30 mSv☢☢☢☢,3-10 mSv [ped]☢☢☢☢,Usually appropriate
1043,"Proctitis suspected, initial imaging",3194190,Fluoroscopy contrast enema,1-10 mSv☢☢☢,3-10 mSv [ped]☢☢☢☢,May be appropriate
1044,"Proctitis suspected, initial imaging",3194190,MRI pelvis without IV contrast,0 mSvO,0 mSv [ped]O,May be appropriate
1045,"Proctitis suspected, initial imaging",3194190,US pelvis,0 mSvO,0 mSv [ped]O,Usually not appropriate
1046,"Proctitis suspected, initial imaging",3194190,Radiography pelvis,0.1-1mSv☢☢,0.03-0.3 mSv [ped]☢☢,Usually not appropriate
1047,"Proctitis suspected, initial imaging",3194190,CT pelvis without IV contrast,1-10 mSv☢☢☢,3-10 mSv [ped]☢☢☢☢,Usually not appropriate
1048,"Proctitis suspected, initial imaging",3194190,CT pelvis without and with IV contrast,10-30 mSv☢☢☢☢,3-10 mSv [ped]☢☢☢☢,Usually not appropriate
1049,"Proctitis suspected, initial imaging",3194190,FDG-PET/CT skull base to mid-thigh,10-30 mSv☢☢☢☢,3-10 mSv [ped]☢☢☢☢,Usually not appropriate
1050,"Proctitis suspected, initial imaging",3194190,WBC scan abdomen and pelvis,10-30 mSv☢☢☢☢,,Usually not appropriate
1051,"Rectal cancer, staging, distant mets, initial imaging",3194891,CT chest with IV contrast and MRI abdomen with IV contrast,1-10 mSv☢☢☢,,Usually appropriate
1052,"Rectal cancer, staging, distant mets, initial imaging",3194891,CT chest abdomen pelvis with IV contrast,10-30 mSv☢☢☢☢,3-10 mSv [ped]☢☢☢☢,Usually appropriate
1053,"Rectal cancer, staging, distant mets, initial imaging",3194891,CT chest with IV contrast and MRI abdomen without IV contrast,1-10 mSv☢☢☢,,May be appropriate
1054,"Rectal cancer, staging, distant mets, initial imaging",3194891,CT chest without IV contrast and MRI abdomen with IV contrast,1-10 mSv☢☢☢,,May be appropriate
1055,"Rectal cancer, staging, distant mets, initial imaging",3194891,CT chest without IV contrast and MRI abdomen without IV contrast,1-10 mSv☢☢☢,,May be appropriate
1056,"Rectal cancer, staging, distant mets, initial imaging",3194891,CT chest abdomen pelvis without IV contrast,10-30 mSv☢☢☢☢,3-10 mSv [ped]☢☢☢☢,May be appropriate
1057,"Rectal cancer, staging, distant mets, initial imaging",3194891,FDG-PET/CT skull base to mid-thigh,10-30 mSv☢☢☢☢,3-10 mSv [ped]☢☢☢☢,May be appropriate
1058,"Rectal cancer, staging, distant mets, initial imaging",3194891,CT chest without and with IV contrast and MRI abdomen without and with IV contrast,1-10 mSv☢☢☢,,Usually not appropriate
1059,"Rectal cancer, staging, distant mets, initial imaging",3194891,CT chest abdomen pelvis without and with IV contrast,10-30 mSv☢☢☢☢,10-30 mSv [ped]☢☢☢☢☢,Usually not appropriate
1060,"Rectal cancer, staging, locoregional, initial imaging",3194887,US pelvis transrectal,0 mSvO,0 mSv [ped]O,Usually appropriate
1061,"Rectal cancer, staging, locoregional, initial imaging",3194887,MRI pelvis without and with IV contrast,0 mSvO,0 mSv [ped]O,Usually appropriate
1062,"Rectal cancer, staging, locoregional, initial imaging",3194887,MRI pelvis without IV contrast,0 mSvO,0 mSv [ped]O,Usually appropriate
1063,"Rectal cancer, staging, locoregional, initial imaging",3194887,CT abdomen and pelvis with IV contrast,1-10 mSv☢☢☢,3-10 mSv [ped]☢☢☢☢,May be appropriate
1064,"Rectal cancer, staging, locoregional, initial imaging",3194887,CT colonography,1-10 mSv☢☢☢,,May be appropriate
1065,"Rectal cancer, staging, locoregional, initial imaging",3194887,FDG-PET/CT skull base to mid-thigh,10-30 mSv☢☢☢☢,3-10 mSv [ped]☢☢☢☢,May be appropriate
1066,"Rectal cancer, staging, locoregional, initial imaging",3194887,CT abdomen and pelvis without IV contrast,1-10 mSv☢☢☢,3-10 mSv [ped]☢☢☢☢,Usually not appropriate
1067,"Rectal cancer, staging, locoregional, initial imaging",3194887,CT abdomen and pelvis without and with IV contrast,10-30 mSv☢☢☢☢,10-30 mSv [ped]☢☢☢☢☢,Usually not appropriate
1068,"Rectal cancer, staging, locoregional, postneoadjuvant therapy",3194889,MRI pelvis without and with IV contrast,0 mSvO,0 mSv [ped]O,Usually appropriate
1069,"Rectal cancer, staging, locoregional, postneoadjuvant therapy",3194889,MRI pelvis without IV contrast,0 mSvO,0 mSv [ped]O,Usually appropriate
1070,"Rectal cancer, staging, locoregional, postneoadjuvant therapy",3194889,US pelvis transrectal,0 mSvO,0 mSv [ped]O,May be appropriate (Disagreement)
1071,"Rectal cancer, staging, locoregional, postneoadjuvant therapy",3194889,CT abdomen and pelvis with IV contrast,1-10 mSv☢☢☢,3-10 mSv [ped]☢☢☢☢,May be appropriate
1072,"Rectal cancer, staging, locoregional, postneoadjuvant therapy",3194889,FDG-PET/CT skull base to mid-thigh,10-30 mSv☢☢☢☢,3-10 mSv [ped]☢☢☢☢,May be appropriate
1073,"Rectal cancer, staging, locoregional, postneoadjuvant therapy",3194889,CT abdomen and pelvis without IV contrast,1-10 mSv☢☢☢,3-10 mSv [ped]☢☢☢☢,Usually not appropriate
1074,"Rectal cancer, staging, locoregional, postneoadjuvant therapy",3194889,CT colonography,1-10 mSv☢☢☢,,Usually not appropriate
1075,"Rectal cancer, staging, locoregional, postneoadjuvant therapy",3194889,CT abdomen and pelvis without and with IV contrast,10-30 mSv☢☢☢☢,10-30 mSv [ped]☢☢☢☢☢,Usually not appropriate
1076,"Rectovaginal fistula suspected, initial imaging",3194188,MRI pelvis without and with IV contrast,0 mSvO,0 mSv [ped]O,Usually appropriate
1077,"Rectovaginal fistula suspected, initial imaging",3194188,CT pelvis with IV contrast,1-10 mSv☢☢☢,3-10 mSv [ped]☢☢☢☢,Usually appropriate
1078,"Rectovaginal fistula suspected, initial imaging",3194188,US pelvis transrectal,0 mSvO,0 mSv [ped]O,May be appropriate
1079,"Rectovaginal fistula suspected, initial imaging",3194188,Fluoroscopy contrast enema,1-10 mSv☢☢☢,3-10 mSv [ped]☢☢☢☢,May be appropriate
1080,"Rectovaginal fistula suspected, initial imaging",3194188,Fluoroscopy cystography,1-10 mSv☢☢☢,,May be appropriate
1081,"Rectovaginal fistula suspected, initial imaging",3194188,Fluoroscopy vaginography,1-10 mSv☢☢☢,,May be appropriate
1082,"Rectovaginal fistula suspected, initial imaging",3194188,MRI pelvis without IV contrast,0 mSvO,0 mSv [ped]O,May be appropriate
1083,"Rectovaginal fistula suspected, initial imaging",3194188,Radiography pelvis,0.1-1mSv☢☢,0.03-0.3 mSv [ped]☢☢,Usually not appropriate
1084,"Rectovaginal fistula suspected, initial imaging",3194188,CT pelvis without IV contrast,1-10 mSv☢☢☢,3-10 mSv [ped]☢☢☢☢,Usually not appropriate
1085,"Rectovaginal fistula suspected, initial imaging",3194188,CT pelvis without and with IV contrast,10-30 mSv☢☢☢☢,3-10 mSv [ped]☢☢☢☢,Usually not appropriate
1086,"Rectovesicular fistula suspected, initial imaging",3194187,MRI pelvis without and with IV contrast,0 mSvO,0 mSv [ped]O,Usually appropriate
1087,"Rectovesicular fistula suspected, initial imaging",3194187,CT pelvis with IV contrast,1-10 mSv☢☢☢,3-10 mSv [ped]☢☢☢☢,Usually appropriate
1088,"Rectovesicular fistula suspected, initial imaging",3194187,US pelvis transrectal,0 mSvO,0 mSv [ped]O,May be appropriate
1089,"Rectovesicular fistula suspected, initial imaging",3194187,Fluoroscopy contrast enema,1-10 mSv☢☢☢,3-10 mSv [ped]☢☢☢☢,May be appropriate
1090,"Rectovesicular fistula suspected, initial imaging",3194187,Fluoroscopy cystography,1-10 mSv☢☢☢,,May be appropriate
1091,"Rectovesicular fistula suspected, initial imaging",3194187,Fluoroscopy vaginography,1-10 mSv☢☢☢,,May be appropriate
1092,"Rectovesicular fistula suspected, initial imaging",3194187,MRI pelvis without IV contrast,0 mSvO,0 mSv [ped]O,May be appropriate
1093,"Rectovesicular fistula suspected, initial imaging",3194187,Radiography pelvis,0.1-1mSv☢☢,0.03-0.3 mSv [ped]☢☢,Usually not appropriate
1094,"Rectovesicular fistula suspected, initial imaging",3194187,CT pelvis without IV contrast,1-10 mSv☢☢☢,3-10 mSv [ped]☢☢☢☢,Usually not appropriate
1095,"Rectovesicular fistula suspected, initial imaging",3194187,CT pelvis without and with IV contrast,10-30 mSv☢☢☢☢,3-10 mSv [ped]☢☢☢☢,Usually not appropriate
1096,"RLQ pain, fever, leukocytosis, appendicitis suspected, initial imaging",3195406,CT abdomen and pelvis with IV contrast,1-10 mSv☢☢☢,3-10 mSv [ped]☢☢☢☢,Usually appropriate
1097,"RLQ pain, fever, leukocytosis, appendicitis suspected, initial imaging",3195406,US abdomen,0 mSvO,0 mSv [ped]O,May be appropriate
1098,"RLQ pain, fever, leukocytosis, appendicitis suspected, initial imaging",3195406,US pelvis,0 mSvO,0 mSv [ped]O,May be appropriate
1099,"RLQ pain, fever, leukocytosis, appendicitis suspected, initial imaging",3195406,MRI abdomen and pelvis without and with IV contrast,0 mSvO,0 mSv [ped]O,May be appropriate
1100,"RLQ pain, fever, leukocytosis, appendicitis suspected, initial imaging",3195406,MRI abdomen and pelvis without IV contrast,0 mSvO,0 mSv [ped]O,May be appropriate
1101,"RLQ pain, fever, leukocytosis, appendicitis suspected, initial imaging",3195406,CT abdomen and pelvis without IV contrast,1-10 mSv☢☢☢,3-10 mSv [ped]☢☢☢☢,May be appropriate
1102,"RLQ pain, fever, leukocytosis, appendicitis suspected, initial imaging",3195406,Radiography abdomen,0.1-1mSv☢☢,0.03-0.3 mSv [ped]☢☢,Usually not appropriate
1103,"RLQ pain, fever, leukocytosis, appendicitis suspected, initial imaging",3195406,Fluoroscopy contrast enema,1-10 mSv☢☢☢,3-10 mSv [ped]☢☢☢☢,Usually not appropriate
1104,"RLQ pain, fever, leukocytosis, appendicitis suspected, initial imaging",3195406,CT abdomen and pelvis without and with IV contrast,10-30 mSv☢☢☢☢,10-30 mSv [ped]☢☢☢☢☢,Usually not appropriate
1105,"RLQ pain, fever, leukocytosis, appendicitis suspected, initial imaging",3195406,WBC scan abdomen and pelvis,10-30 mSv☢☢☢☢,,Usually not appropriate
1106,"RLQ pain, fever, leukocytosis, appendicitis suspected, pregnant, initial imaging",3195407,US abdomen,0 mSvO,0 mSv [ped]O,Usually appropriate
1107,"RLQ pain, fever, leukocytosis, appendicitis suspected, pregnant, initial imaging",3195407,MRI abdomen and pelvis without IV contrast,0 mSvO,0 mSv [ped]O,Usually appropriate
1108,"RLQ pain, fever, leukocytosis, appendicitis suspected, pregnant, initial imaging",3195407,US pelvis,0 mSvO,0 mSv [ped]O,May be appropriate
1109,"RLQ pain, fever, leukocytosis, appendicitis suspected, pregnant, initial imaging",3195407,CT abdomen and pelvis with IV contrast,1-10 mSv☢☢☢,3-10 mSv [ped]☢☢☢☢,May be appropriate
1110,"RLQ pain, fever, leukocytosis, appendicitis suspected, pregnant, initial imaging",3195407,CT abdomen and pelvis without IV contrast,1-10 mSv☢☢☢,3-10 mSv [ped]☢☢☢☢,May be appropriate
1111,"RLQ pain, fever, leukocytosis, appendicitis suspected, pregnant, initial imaging",3195407,Radiography abdomen,0.1-1mSv☢☢,0.03-0.3 mSv [ped]☢☢,Usually not appropriate
1112,"RLQ pain, fever, leukocytosis, appendicitis suspected, pregnant, initial imaging",3195407,Fluoroscopy contrast enema,1-10 mSv☢☢☢,3-10 mSv [ped]☢☢☢☢,Usually not appropriate
1113,"RLQ pain, fever, leukocytosis, appendicitis suspected, pregnant, initial imaging",3195407,MRI abdomen and pelvis without and with IV contrast,0 mSvO,0 mSv [ped]O,Usually not appropriate
1114,"RLQ pain, fever, leukocytosis, appendicitis suspected, pregnant, initial imaging",3195407,CT abdomen and pelvis without and with IV contrast,10-30 mSv☢☢☢☢,10-30 mSv [ped]☢☢☢☢☢,Usually not appropriate
1115,"RLQ pain, fever, leukocytosis, appendicitis suspected, pregnant, initial imaging",3195407,WBC scan abdomen and pelvis,10-30 mSv☢☢☢☢,,Usually not appropriate
1116,"RLQ pain, initial imaging",3195405,CT abdomen and pelvis with IV contrast,1-10 mSv☢☢☢,3-10 mSv [ped]☢☢☢☢,Usually appropriate
1117,"RLQ pain, initial imaging",3195405,US abdomen,0 mSvO,0 mSv [ped]O,May be appropriate
1118,"RLQ pain, initial imaging",3195405,US pelvis,0 mSvO,0 mSv [ped]O,May be appropriate
1119,"RLQ pain, initial imaging",3195405,MRI abdomen and pelvis without and with IV contrast,0 mSvO,0 mSv [ped]O,May be appropriate
1120,"RLQ pain, initial imaging",3195405,MRI abdomen and pelvis without IV contrast,0 mSvO,0 mSv [ped]O,May be appropriate
1121,"RLQ pain, initial imaging",3195405,CT abdomen and pelvis without IV contrast,1-10 mSv☢☢☢,3-10 mSv [ped]☢☢☢☢,May be appropriate
1122,"RLQ pain, initial imaging",3195405,Radiography abdomen,0.1-1mSv☢☢,0.03-0.3 mSv [ped]☢☢,Usually not appropriate
1123,"RLQ pain, initial imaging",3195405,Fluoroscopy contrast enema,1-10 mSv☢☢☢,3-10 mSv [ped]☢☢☢☢,Usually not appropriate
1124,"RLQ pain, initial imaging",3195405,CT abdomen and pelvis without and with IV contrast,10-30 mSv☢☢☢☢,10-30 mSv [ped]☢☢☢☢☢,Usually not appropriate
1125,"RLQ pain, initial imaging",3195405,WBC scan abdomen and pelvis,10-30 mSv☢☢☢☢,,Usually not appropriate
1126,"RUQ pain, acalculous cholecystitis suspected, US equivocal, next imaging study",3195883,Nuclear medicine scan gallbladder,0.1-1mSv☢☢,,Usually appropriate
1127,"RUQ pain, acalculous cholecystitis suspected, US equivocal, next imaging study",3195883,Image-guided cholecystostomy,Varies,Varies,May be appropriate
1128,"RUQ pain, acalculous cholecystitis suspected, US equivocal, next imaging study",3195883,MRI abdomen without and with IV contrast with MRCP,0 mSvO,0 mSv [ped]O,May be appropriate
1129,"RUQ pain, acalculous cholecystitis suspected, US equivocal, next imaging study",3195883,MRI abdomen without IV contrast with MRCP,0 mSvO,0 mSv [ped]O,May be appropriate
1130,"RUQ pain, acalculous cholecystitis suspected, US equivocal, next imaging study",3195883,CT abdomen with IV contrast,1-10 mSv☢☢☢,3-10 mSv [ped]☢☢☢☢,May be appropriate
1131,"RUQ pain, acalculous cholecystitis suspected, US equivocal, next imaging study",3195883,CT abdomen without IV contrast,1-10 mSv☢☢☢,3-10 mSv [ped]☢☢☢☢,May be appropriate
1132,"RUQ pain, acalculous cholecystitis suspected, US equivocal, next imaging study",3195883,CT abdomen without and with IV contrast,10-30 mSv☢☢☢☢,10-30 mSv [ped]☢☢☢☢☢,Usually not appropriate
1133,"RUQ pain, acalculous cholecystitis suspected, US negative, next imaging study",3195882,Nuclear medicine scan gallbladder,0.1-1mSv☢☢,,Usually appropriate
1134,"RUQ pain, acalculous cholecystitis suspected, US negative, next imaging study",3195882,Image-guided cholecystostomy,Varies,Varies,May be appropriate
1135,"RUQ pain, acalculous cholecystitis suspected, US negative, next imaging study",3195882,MRI abdomen without and with IV contrast with MRCP,0 mSvO,0 mSv [ped]O,May be appropriate
1136,"RUQ pain, acalculous cholecystitis suspected, US negative, next imaging study",3195882,MRI abdomen without IV contrast with MRCP,0 mSvO,0 mSv [ped]O,May be appropriate
1137,"RUQ pain, acalculous cholecystitis suspected, US negative, next imaging study",3195882,CT abdomen with IV contrast,1-10 mSv☢☢☢,3-10 mSv [ped]☢☢☢☢,May be appropriate
1138,"RUQ pain, acalculous cholecystitis suspected, US negative, next imaging study",3195882,CT abdomen without IV contrast,1-10 mSv☢☢☢,3-10 mSv [ped]☢☢☢☢,May be appropriate
1139,"RUQ pain, acalculous cholecystitis suspected, US negative, next imaging study",3195882,CT abdomen without and with IV contrast,10-30 mSv☢☢☢☢,10-30 mSv [ped]☢☢☢☢☢,Usually not appropriate
1140,"RUQ pain, biliary disease suspected, initial imaging",3195877,US abdomen,0 mSvO,0 mSv [ped]O,Usually appropriate
1141,"RUQ pain, biliary disease suspected, initial imaging",3195877,MRI abdomen without and with IV contrast with MRCP,0 mSvO,0 mSv [ped]O,May be appropriate
1142,"RUQ pain, biliary disease suspected, initial imaging",3195877,MRI abdomen without IV contrast with MRCP,0 mSvO,0 mSv [ped]O,May be appropriate
1143,"RUQ pain, biliary disease suspected, initial imaging",3195877,Nuclear medicine scan gallbladder,0.1-1mSv☢☢,,May be appropriate
1144,"RUQ pain, biliary disease suspected, initial imaging",3195877,CT abdomen with IV contrast,1-10 mSv☢☢☢,3-10 mSv [ped]☢☢☢☢,May be appropriate
1145,"RUQ pain, biliary disease suspected, initial imaging",3195877,CT abdomen without IV contrast,1-10 mSv☢☢☢,3-10 mSv [ped]☢☢☢☢,May be appropriate
1146,"RUQ pain, biliary disease suspected, initial imaging",3195877,CT abdomen without and with IV contrast,10-30 mSv☢☢☢☢,10-30 mSv [ped]☢☢☢☢☢,Usually not appropriate
1147,"RUQ pain, etiology unknown, initial imaging",3195876,US abdomen,0 mSvO,0 mSv [ped]O,Usually appropriate
1148,"RUQ pain, etiology unknown, initial imaging",3195876,CT abdomen with IV contrast,1-10 mSv☢☢☢,3-10 mSv [ped]☢☢☢☢,Usually appropriate
1149,"RUQ pain, etiology unknown, initial imaging",3195876,Radiography abdomen,0.1-1mSv☢☢,0.03-0.3 mSv [ped]☢☢,May be appropriate (Disagreement)
1150,"RUQ pain, etiology unknown, initial imaging",3195876,MRI abdomen without and with IV contrast with MRCP,0 mSvO,0 mSv [ped]O,May be appropriate
1151,"RUQ pain, etiology unknown, initial imaging",3195876,MRI abdomen without IV contrast with MRCP,0 mSvO,0 mSv [ped]O,May be appropriate
1152,"RUQ pain, etiology unknown, initial imaging",3195876,CT abdomen without IV contrast,1-10 mSv☢☢☢,3-10 mSv [ped]☢☢☢☢,May be appropriate
1153,"RUQ pain, etiology unknown, initial imaging",3195876,Nuclear medicine scan gallbladder,0.1-1mSv☢☢,,Usually not appropriate
1154,"RUQ pain, etiology unknown, initial imaging",3195876,CT abdomen without and with IV contrast,10-30 mSv☢☢☢☢,10-30 mSv [ped]☢☢☢☢☢,Usually not appropriate
1155,"RUQ pain, fever, high WBC count , biliary disease suspected, US equivocal, next imaging study",3195881,MRI abdomen without and with IV contrast with MRCP,0 mSvO,0 mSv [ped]O,Usually appropriate
1156,"RUQ pain, fever, high WBC count , biliary disease suspected, US equivocal, next imaging study",3195881,Nuclear medicine scan gallbladder,0.1-1mSv☢☢,,Usually appropriate
1157,"RUQ pain, fever, high WBC count , biliary disease suspected, US equivocal, next imaging study",3195881,CT abdomen with IV contrast,1-10 mSv☢☢☢,3-10 mSv [ped]☢☢☢☢,Usually appropriate
1158,"RUQ pain, fever, high WBC count , biliary disease suspected, US equivocal, next imaging study",3195881,MRI abdomen without IV contrast with MRCP,0 mSvO,0 mSv [ped]O,May be appropriate
1159,"RUQ pain, fever, high WBC count , biliary disease suspected, US equivocal, next imaging study",3195881,CT abdomen without IV contrast,1-10 mSv☢☢☢,3-10 mSv [ped]☢☢☢☢,May be appropriate
1160,"RUQ pain, fever, high WBC count , biliary disease suspected, US equivocal, next imaging study",3195881,CT abdomen without and with IV contrast,10-30 mSv☢☢☢☢,10-30 mSv [ped]☢☢☢☢☢,Usually not appropriate
1161,"RUQ pain, fever, high WBC count , biliary disease suspected, US negative, next imaging study",3195880,MRI abdomen without and with IV contrast with MRCP,0 mSvO,0 mSv [ped]O,Usually appropriate
1162,"RUQ pain, fever, high WBC count , biliary disease suspected, US negative, next imaging study",3195880,Nuclear medicine scan gallbladder,0.1-1mSv☢☢,,Usually appropriate
1163,"RUQ pain, fever, high WBC count , biliary disease suspected, US negative, next imaging study",3195880,CT abdomen with IV contrast,1-10 mSv☢☢☢,3-10 mSv [ped]☢☢☢☢,Usually appropriate
1164,"RUQ pain, fever, high WBC count , biliary disease suspected, US negative, next imaging study",3195880,MRI abdomen without IV contrast with MRCP,0 mSvO,0 mSv [ped]O,May be appropriate
1165,"RUQ pain, fever, high WBC count , biliary disease suspected, US negative, next imaging study",3195880,CT abdomen without IV contrast,1-10 mSv☢☢☢,3-10 mSv [ped]☢☢☢☢,May be appropriate
1166,"RUQ pain, fever, high WBC count , biliary disease suspected, US negative, next imaging study",3195880,CT abdomen without and with IV contrast,10-30 mSv☢☢☢☢,10-30 mSv [ped]☢☢☢☢☢,Usually not appropriate
1167,"RUQ pain, no fever, no high WBC count, biliary disease suspected, US equivocal, next imaging study",3195879,MRI abdomen without and with IV contrast with MRCP,0 mSvO,0 mSv [ped]O,Usually appropriate
1168,"RUQ pain, no fever, no high WBC count, biliary disease suspected, US equivocal, next imaging study",3195879,MRI abdomen without IV contrast with MRCP,0 mSvO,0 mSv [ped]O,Usually appropriate
1169,"RUQ pain, no fever, no high WBC count, biliary disease suspected, US equivocal, next imaging study",3195879,CT abdomen with IV contrast,1-10 mSv☢☢☢,3-10 mSv [ped]☢☢☢☢,Usually appropriate
1170,"RUQ pain, no fever, no high WBC count, biliary disease suspected, US equivocal, next imaging study",3195879,Nuclear medicine scan gallbladder,0.1-1mSv☢☢,,May be appropriate
1171,"RUQ pain, no fever, no high WBC count, biliary disease suspected, US equivocal, next imaging study",3195879,CT abdomen without IV contrast,1-10 mSv☢☢☢,3-10 mSv [ped]☢☢☢☢,May be appropriate
1172,"RUQ pain, no fever, no high WBC count, biliary disease suspected, US equivocal, next imaging study",3195879,CT abdomen without and with IV contrast,10-30 mSv☢☢☢☢,10-30 mSv [ped]☢☢☢☢☢,Usually not appropriate
1173,"RUQ pain, no fever, no high WBC count, biliary disease suspected, US negative, next imaging study",3195878,MRI abdomen without and with IV contrast with MRCP,0 mSvO,0 mSv [ped]O,Usually appropriate
1174,"RUQ pain, no fever, no high WBC count, biliary disease suspected, US negative, next imaging study",3195878,MRI abdomen without IV contrast with MRCP,0 mSvO,0 mSv [ped]O,Usually appropriate
1175,"RUQ pain, no fever, no high WBC count, biliary disease suspected, US negative, next imaging study",3195878,CT abdomen with IV contrast,1-10 mSv☢☢☢,3-10 mSv [ped]☢☢☢☢,Usually appropriate
1176,"RUQ pain, no fever, no high WBC count, biliary disease suspected, US negative, next imaging study",3195878,Nuclear medicine scan gallbladder,0.1-1mSv☢☢,,May be appropriate
1177,"RUQ pain, no fever, no high WBC count, biliary disease suspected, US negative, next imaging study",3195878,CT abdomen without IV contrast,1-10 mSv☢☢☢,3-10 mSv [ped]☢☢☢☢,May be appropriate
1178,"RUQ pain, no fever, no high WBC count, biliary disease suspected, US negative, next imaging study",3195878,CT abdomen without and with IV contrast,10-30 mSv☢☢☢☢,10-30 mSv [ped]☢☢☢☢☢,Usually not appropriate
1179,"Sepsis suspected, non specific symptoms, unknown origin, chest radiography equivocal, next imaging study",3196683,CT abdomen and pelvis with IV contrast,1-10 mSv☢☢☢,3-10 mSv [ped]☢☢☢☢,Usually appropriate
1180,"Sepsis suspected, non specific symptoms, unknown origin, chest radiography equivocal, next imaging study",3196683,US abdomen,0 mSvO,0 mSv [ped]O,May be appropriate
1181,"Sepsis suspected, non specific symptoms, unknown origin, chest radiography equivocal, next imaging study",3196683,CT abdomen and pelvis without IV contrast,1-10 mSv☢☢☢,3-10 mSv [ped]☢☢☢☢,May be appropriate (Disagreement)
1182,"Sepsis suspected, non specific symptoms, unknown origin, chest radiography equivocal, next imaging study",3196683,CT chest with IV contrast,1-10 mSv☢☢☢,3-10 mSv [ped]☢☢☢☢,May be appropriate
1183,"Sepsis suspected, non specific symptoms, unknown origin, chest radiography equivocal, next imaging study",3196683,CT chest without IV contrast,1-10 mSv☢☢☢,3-10 mSv [ped]☢☢☢☢,May be appropriate
1184,"Sepsis suspected, non specific symptoms, unknown origin, chest radiography equivocal, next imaging study",3196683,CT chest abdomen pelvis with IV contrast,10-30 mSv☢☢☢☢,3-10 mSv [ped]☢☢☢☢,May be appropriate (Disagreement)
1185,"Sepsis suspected, non specific symptoms, unknown origin, chest radiography equivocal, next imaging study",3196683,CT chest abdomen pelvis without IV contrast,10-30 mSv☢☢☢☢,3-10 mSv [ped]☢☢☢☢,May be appropriate (Disagreement)
1186,"Sepsis suspected, non specific symptoms, unknown origin, chest radiography equivocal, next imaging study",3196683,Radiography abdomen,0.1-1mSv☢☢,0.03-0.3 mSv [ped]☢☢,Usually not appropriate
1187,"Sepsis suspected, non specific symptoms, unknown origin, chest radiography equivocal, next imaging study",3196683,Fluoroscopy contrast enema,1-10 mSv☢☢☢,3-10 mSv [ped]☢☢☢☢,Usually not appropriate
1188,"Sepsis suspected, non specific symptoms, unknown origin, chest radiography equivocal, next imaging study",3196683,Fluoroscopy upper GI series with small bowel follow-through,1-10 mSv☢☢☢,3-10 mSv [ped]☢☢☢☢,Usually not appropriate
1189,"Sepsis suspected, non specific symptoms, unknown origin, chest radiography equivocal, next imaging study",3196683,MRI abdomen and pelvis without and with IV contrast,0 mSvO,0 mSv [ped]O,Usually not appropriate
1190,"Sepsis suspected, non specific symptoms, unknown origin, chest radiography equivocal, next imaging study",3196683,MRI abdomen and pelvis without IV contrast,0 mSvO,0 mSv [ped]O,Usually not appropriate
1191,"Sepsis suspected, non specific symptoms, unknown origin, chest radiography equivocal, next imaging study",3196683,MRI chest without and with IV contrast,0 mSvO,0 mSv [ped]O,Usually not appropriate
1192,"Sepsis suspected, non specific symptoms, unknown origin, chest radiography equivocal, next imaging study",3196683,MRI chest without IV contrast,0 mSvO,0 mSv [ped]O,Usually not appropriate
1193,"Sepsis suspected, non specific symptoms, unknown origin, chest radiography equivocal, next imaging study",3196683,Nuclear medicine scan gallbladder,0.1-1mSv☢☢,,Usually not appropriate
1194,"Sepsis suspected, non specific symptoms, unknown origin, chest radiography equivocal, next imaging study",3196683,CT chest without and with IV contrast,1-10 mSv☢☢☢,3-10 mSv [ped]☢☢☢☢,Usually not appropriate
1195,"Sepsis suspected, non specific symptoms, unknown origin, chest radiography equivocal, next imaging study",3196683,CT abdomen and pelvis without and with IV contrast,10-30 mSv☢☢☢☢,10-30 mSv [ped]☢☢☢☢☢,Usually not appropriate
1196,"Sepsis suspected, non specific symptoms, unknown origin, chest radiography equivocal, next imaging study",3196683,CT chest abdomen pelvis without and with IV contrast,10-30 mSv☢☢☢☢,10-30 mSv [ped]☢☢☢☢☢,Usually not appropriate
1197,"Sepsis suspected, non specific symptoms, unknown origin, chest radiography equivocal, next imaging study",3196683,FDG-PET/CT skull base to mid-thigh,10-30 mSv☢☢☢☢,3-10 mSv [ped]☢☢☢☢,Usually not appropriate
1198,"Sepsis suspected, non specific symptoms, unknown origin, chest radiography equivocal, next imaging study",3196683,WBC scan abdomen and pelvis,10-30 mSv☢☢☢☢,,Usually not appropriate
1199,"Sepsis suspected, non specific symptoms, unknown origin, chest radiography nonspecific, next imaging study",3196684,CT abdomen and pelvis with IV contrast,1-10 mSv☢☢☢,3-10 mSv [ped]☢☢☢☢,Usually appropriate
1200,"Sepsis suspected, non specific symptoms, unknown origin, chest radiography nonspecific, next imaging study",3196684,US abdomen,0 mSvO,0 mSv [ped]O,May be appropriate
1201,"Sepsis suspected, non specific symptoms, unknown origin, chest radiography nonspecific, next imaging study",3196684,CT abdomen and pelvis without IV contrast,1-10 mSv☢☢☢,3-10 mSv [ped]☢☢☢☢,May be appropriate (Disagreement)
1202,"Sepsis suspected, non specific symptoms, unknown origin, chest radiography nonspecific, next imaging study",3196684,CT chest with IV contrast,1-10 mSv☢☢☢,3-10 mSv [ped]☢☢☢☢,May be appropriate
1203,"Sepsis suspected, non specific symptoms, unknown origin, chest radiography nonspecific, next imaging study",3196684,CT chest without IV contrast,1-10 mSv☢☢☢,3-10 mSv [ped]☢☢☢☢,May be appropriate
1204,"Sepsis suspected, non specific symptoms, unknown origin, chest radiography nonspecific, next imaging study",3196684,CT chest abdomen pelvis with IV contrast,10-30 mSv☢☢☢☢,3-10 mSv [ped]☢☢☢☢,May be appropriate (Disagreement)
1205,"Sepsis suspected, non specific symptoms, unknown origin, chest radiography nonspecific, next imaging study",3196684,CT chest abdomen pelvis without IV contrast,10-30 mSv☢☢☢☢,3-10 mSv [ped]☢☢☢☢,May be appropriate (Disagreement)
1206,"Sepsis suspected, non specific symptoms, unknown origin, chest radiography nonspecific, next imaging study",3196684,Radiography abdomen,0.1-1mSv☢☢,0.03-0.3 mSv [ped]☢☢,Usually not appropriate
1207,"Sepsis suspected, non specific symptoms, unknown origin, chest radiography nonspecific, next imaging study",3196684,Fluoroscopy contrast enema,1-10 mSv☢☢☢,3-10 mSv [ped]☢☢☢☢,Usually not appropriate
1208,"Sepsis suspected, non specific symptoms, unknown origin, chest radiography nonspecific, next imaging study",3196684,Fluoroscopy upper GI series with small bowel follow-through,1-10 mSv☢☢☢,3-10 mSv [ped]☢☢☢☢,Usually not appropriate
1209,"Sepsis suspected, non specific symptoms, unknown origin, chest radiography nonspecific, next imaging study",3196684,MRI abdomen and pelvis without and with IV contrast,0 mSvO,0 mSv [ped]O,Usually not appropriate
1210,"Sepsis suspected, non specific symptoms, unknown origin, chest radiography nonspecific, next imaging study",3196684,MRI abdomen and pelvis without IV contrast,0 mSvO,0 mSv [ped]O,Usually not appropriate
1211,"Sepsis suspected, non specific symptoms, unknown origin, chest radiography nonspecific, next imaging study",3196684,MRI chest without and with IV contrast,0 mSvO,0 mSv [ped]O,Usually not appropriate
1212,"Sepsis suspected, non specific symptoms, unknown origin, chest radiography nonspecific, next imaging study",3196684,MRI chest without IV contrast,0 mSvO,0 mSv [ped]O,Usually not appropriate
1213,"Sepsis suspected, non specific symptoms, unknown origin, chest radiography nonspecific, next imaging study",3196684,Nuclear medicine scan gallbladder,0.1-1mSv☢☢,,Usually not appropriate
1214,"Sepsis suspected, non specific symptoms, unknown origin, chest radiography nonspecific, next imaging study",3196684,CT chest without and with IV contrast,1-10 mSv☢☢☢,3-10 mSv [ped]☢☢☢☢,Usually not appropriate
1215,"Sepsis suspected, non specific symptoms, unknown origin, chest radiography nonspecific, next imaging study",3196684,CT abdomen and pelvis without and with IV contrast,10-30 mSv☢☢☢☢,10-30 mSv [ped]☢☢☢☢☢,Usually not appropriate
1216,"Sepsis suspected, non specific symptoms, unknown origin, chest radiography nonspecific, next imaging study",3196684,CT chest abdomen pelvis without and with IV contrast,10-30 mSv☢☢☢☢,10-30 mSv [ped]☢☢☢☢☢,Usually not appropriate
1217,"Sepsis suspected, non specific symptoms, unknown origin, chest radiography nonspecific, next imaging study",3196684,FDG-PET/CT skull base to mid-thigh,10-30 mSv☢☢☢☢,3-10 mSv [ped]☢☢☢☢,Usually not appropriate
1218,"Sepsis suspected, non specific symptoms, unknown origin, chest radiography nonspecific, next imaging study",3196684,WBC scan abdomen and pelvis,10-30 mSv☢☢☢☢,,Usually not appropriate
1219,"Sepsis suspected, non specific symptoms, unknown origin, chest radiography normal, next imaging study",3196682,CT abdomen and pelvis with IV contrast,1-10 mSv☢☢☢,3-10 mSv [ped]☢☢☢☢,Usually appropriate
1220,"Sepsis suspected, non specific symptoms, unknown origin, chest radiography normal, next imaging study",3196682,US abdomen,0 mSvO,0 mSv [ped]O,May be appropriate
1221,"Sepsis suspected, non specific symptoms, unknown origin, chest radiography normal, next imaging study",3196682,CT abdomen and pelvis without IV contrast,1-10 mSv☢☢☢,3-10 mSv [ped]☢☢☢☢,May be appropriate (Disagreement)
1222,"Sepsis suspected, non specific symptoms, unknown origin, chest radiography normal, next imaging study",3196682,CT chest with IV contrast,1-10 mSv☢☢☢,3-10 mSv [ped]☢☢☢☢,May be appropriate
1223,"Sepsis suspected, non specific symptoms, unknown origin, chest radiography normal, next imaging study",3196682,CT chest without IV contrast,1-10 mSv☢☢☢,3-10 mSv [ped]☢☢☢☢,May be appropriate
1224,"Sepsis suspected, non specific symptoms, unknown origin, chest radiography normal, next imaging study",3196682,CT chest abdomen pelvis with IV contrast,10-30 mSv☢☢☢☢,3-10 mSv [ped]☢☢☢☢,May be appropriate (Disagreement)
1225,"Sepsis suspected, non specific symptoms, unknown origin, chest radiography normal, next imaging study",3196682,CT chest abdomen pelvis without IV contrast,10-30 mSv☢☢☢☢,3-10 mSv [ped]☢☢☢☢,May be appropriate (Disagreement)
1226,"Sepsis suspected, non specific symptoms, unknown origin, chest radiography normal, next imaging study",3196682,Radiography abdomen,0.1-1mSv☢☢,0.03-0.3 mSv [ped]☢☢,Usually not appropriate
1227,"Sepsis suspected, non specific symptoms, unknown origin, chest radiography normal, next imaging study",3196682,Fluoroscopy contrast enema,1-10 mSv☢☢☢,3-10 mSv [ped]☢☢☢☢,Usually not appropriate
1228,"Sepsis suspected, non specific symptoms, unknown origin, chest radiography normal, next imaging study",3196682,Fluoroscopy upper GI series with small bowel follow-through,1-10 mSv☢☢☢,3-10 mSv [ped]☢☢☢☢,Usually not appropriate
1229,"Sepsis suspected, non specific symptoms, unknown origin, chest radiography normal, next imaging study",3196682,MRI abdomen and pelvis without and with IV contrast,0 mSvO,0 mSv [ped]O,Usually not appropriate
1230,"Sepsis suspected, non specific symptoms, unknown origin, chest radiography normal, next imaging study",3196682,MRI abdomen and pelvis without IV contrast,0 mSvO,0 mSv [ped]O,Usually not appropriate
1231,"Sepsis suspected, non specific symptoms, unknown origin, chest radiography normal, next imaging study",3196682,MRI chest without and with IV contrast,0 mSvO,0 mSv [ped]O,Usually not appropriate
1232,"Sepsis suspected, non specific symptoms, unknown origin, chest radiography normal, next imaging study",3196682,MRI chest without IV contrast,0 mSvO,0 mSv [ped]O,Usually not appropriate
1233,"Sepsis suspected, non specific symptoms, unknown origin, chest radiography normal, next imaging study",3196682,Nuclear medicine scan gallbladder,0.1-1mSv☢☢,,Usually not appropriate
1234,"Sepsis suspected, non specific symptoms, unknown origin, chest radiography normal, next imaging study",3196682,CT chest without and with IV contrast,1-10 mSv☢☢☢,3-10 mSv [ped]☢☢☢☢,Usually not appropriate
1235,"Sepsis suspected, non specific symptoms, unknown origin, chest radiography normal, next imaging study",3196682,CT abdomen and pelvis without and with IV contrast,10-30 mSv☢☢☢☢,10-30 mSv [ped]☢☢☢☢☢,Usually not appropriate
1236,"Sepsis suspected, non specific symptoms, unknown origin, chest radiography normal, next imaging study",3196682,CT chest abdomen pelvis without and with IV contrast,10-30 mSv☢☢☢☢,10-30 mSv [ped]☢☢☢☢☢,Usually not appropriate
1237,"Sepsis suspected, non specific symptoms, unknown origin, chest radiography normal, next imaging study",3196682,FDG-PET/CT skull base to mid-thigh,10-30 mSv☢☢☢☢,3-10 mSv [ped]☢☢☢☢,Usually not appropriate
1238,"Sepsis suspected, non specific symptoms, unknown origin, chest radiography normal, next imaging study",3196682,WBC scan abdomen and pelvis,10-30 mSv☢☢☢☢,,Usually not appropriate
1239,"Sepsis suspected, acute abdominal pain, initial imaging",3196674,CT abdomen and pelvis with IV contrast,1-10 mSv☢☢☢,3-10 mSv [ped]☢☢☢☢,Usually appropriate
1240,"Sepsis suspected, acute abdominal pain, initial imaging",3196674,US abdomen,0 mSvO,0 mSv [ped]O,May be appropriate
1241,"Sepsis suspected, acute abdominal pain, initial imaging",3196674,CT abdomen and pelvis without IV contrast,1-10 mSv☢☢☢,3-10 mSv [ped]☢☢☢☢,May be appropriate (Disagreement)
1242,"Sepsis suspected, acute abdominal pain, initial imaging",3196674,Radiography abdomen,0.1-1mSv☢☢,0.03-0.3 mSv [ped]☢☢,Usually not appropriate
1243,"Sepsis suspected, acute abdominal pain, initial imaging",3196674,Fluoroscopy contrast enema,1-10 mSv☢☢☢,3-10 mSv [ped]☢☢☢☢,Usually not appropriate
1244,"Sepsis suspected, acute abdominal pain, initial imaging",3196674,Fluoroscopy upper GI series with small bowel follow-through,1-10 mSv☢☢☢,3-10 mSv [ped]☢☢☢☢,Usually not appropriate
1245,"Sepsis suspected, acute abdominal pain, initial imaging",3196674,MRI abdomen and pelvis without and with IV contrast,0 mSvO,0 mSv [ped]O,Usually not appropriate
1246,"Sepsis suspected, acute abdominal pain, initial imaging",3196674,MRI abdomen and pelvis without IV contrast,0 mSvO,0 mSv [ped]O,Usually not appropriate
1247,"Sepsis suspected, acute abdominal pain, initial imaging",3196674,Nuclear medicine scan gallbladder,0.1-1mSv☢☢,,Usually not appropriate
1248,"Sepsis suspected, acute abdominal pain, initial imaging",3196674,CT abdomen and pelvis without and with IV contrast,10-30 mSv☢☢☢☢,10-30 mSv [ped]☢☢☢☢☢,Usually not appropriate
1249,"Sepsis suspected, acute abdominal pain, initial imaging",3196674,FDG-PET/CT skull base to mid-thigh,10-30 mSv☢☢☢☢,3-10 mSv [ped]☢☢☢☢,Usually not appropriate
1250,"Sepsis suspected, acute abdominal pain, initial imaging",3196674,WBC scan abdomen and pelvis,10-30 mSv☢☢☢☢,,Usually not appropriate
1251,"Sepsis suspected, cannot assess symptoms, chest radiography equivocal, next imaging study",3196689,CT abdomen and pelvis with IV contrast,1-10 mSv☢☢☢,3-10 mSv [ped]☢☢☢☢,Usually appropriate
1252,"Sepsis suspected, cannot assess symptoms, chest radiography equivocal, next imaging study",3196689,US abdomen,0 mSvO,0 mSv [ped]O,May be appropriate
1253,"Sepsis suspected, cannot assess symptoms, chest radiography equivocal, next imaging study",3196689,CT abdomen and pelvis without IV contrast,1-10 mSv☢☢☢,3-10 mSv [ped]☢☢☢☢,May be appropriate (Disagreement)
1254,"Sepsis suspected, cannot assess symptoms, chest radiography equivocal, next imaging study",3196689,CT chest with IV contrast,1-10 mSv☢☢☢,3-10 mSv [ped]☢☢☢☢,May be appropriate
1255,"Sepsis suspected, cannot assess symptoms, chest radiography equivocal, next imaging study",3196689,CT chest without IV contrast,1-10 mSv☢☢☢,3-10 mSv [ped]☢☢☢☢,May be appropriate
1256,"Sepsis suspected, cannot assess symptoms, chest radiography equivocal, next imaging study",3196689,CT chest abdomen pelvis with IV contrast,10-30 mSv☢☢☢☢,3-10 mSv [ped]☢☢☢☢,May be appropriate (Disagreement)
1257,"Sepsis suspected, cannot assess symptoms, chest radiography equivocal, next imaging study",3196689,CT chest abdomen pelvis without IV contrast,10-30 mSv☢☢☢☢,3-10 mSv [ped]☢☢☢☢,May be appropriate (Disagreement)
1258,"Sepsis suspected, cannot assess symptoms, chest radiography equivocal, next imaging study",3196689,Radiography abdomen,0.1-1mSv☢☢,0.03-0.3 mSv [ped]☢☢,Usually not appropriate
1259,"Sepsis suspected, cannot assess symptoms, chest radiography equivocal, next imaging study",3196689,Fluoroscopy contrast enema,1-10 mSv☢☢☢,3-10 mSv [ped]☢☢☢☢,Usually not appropriate
1260,"Sepsis suspected, cannot assess symptoms, chest radiography equivocal, next imaging study",3196689,Fluoroscopy upper GI series with small bowel follow-through,1-10 mSv☢☢☢,3-10 mSv [ped]☢☢☢☢,Usually not appropriate
1261,"Sepsis suspected, cannot assess symptoms, chest radiography equivocal, next imaging study",3196689,MRI abdomen and pelvis without and with IV contrast,0 mSvO,0 mSv [ped]O,Usually not appropriate
1262,"Sepsis suspected, cannot assess symptoms, chest radiography equivocal, next imaging study",3196689,MRI abdomen and pelvis without IV contrast,0 mSvO,0 mSv [ped]O,Usually not appropriate
1263,"Sepsis suspected, cannot assess symptoms, chest radiography equivocal, next imaging study",3196689,MRI chest without and with IV contrast,0 mSvO,0 mSv [ped]O,Usually not appropriate
1264,"Sepsis suspected, cannot assess symptoms, chest radiography equivocal, next imaging study",3196689,MRI chest without IV contrast,0 mSvO,0 mSv [ped]O,Usually not appropriate
1265,"Sepsis suspected, cannot assess symptoms, chest radiography equivocal, next imaging study",3196689,Nuclear medicine scan gallbladder,0.1-1mSv☢☢,,Usually not appropriate
1266,"Sepsis suspected, cannot assess symptoms, chest radiography equivocal, next imaging study",3196689,CT chest without and with IV contrast,1-10 mSv☢☢☢,3-10 mSv [ped]☢☢☢☢,Usually not appropriate
1267,"Sepsis suspected, cannot assess symptoms, chest radiography equivocal, next imaging study",3196689,CT abdomen and pelvis without and with IV contrast,10-30 mSv☢☢☢☢,10-30 mSv [ped]☢☢☢☢☢,Usually not appropriate
1268,"Sepsis suspected, cannot assess symptoms, chest radiography equivocal, next imaging study",3196689,CT chest abdomen pelvis without and with IV contrast,10-30 mSv☢☢☢☢,10-30 mSv [ped]☢☢☢☢☢,Usually not appropriate
1269,"Sepsis suspected, cannot assess symptoms, chest radiography equivocal, next imaging study",3196689,FDG-PET/CT skull base to mid-thigh,10-30 mSv☢☢☢☢,3-10 mSv [ped]☢☢☢☢,Usually not appropriate
1270,"Sepsis suspected, cannot assess symptoms, chest radiography equivocal, next imaging study",3196689,WBC scan abdomen and pelvis,10-30 mSv☢☢☢☢,,Usually not appropriate
1271,"Sepsis suspected, cannot assess symptoms, chest radiography nonspecific, next imaging study",3196690,CT abdomen and pelvis with IV contrast,1-10 mSv☢☢☢,3-10 mSv [ped]☢☢☢☢,Usually appropriate
1272,"Sepsis suspected, cannot assess symptoms, chest radiography nonspecific, next imaging study",3196690,US abdomen,0 mSvO,0 mSv [ped]O,May be appropriate
1273,"Sepsis suspected, cannot assess symptoms, chest radiography nonspecific, next imaging study",3196690,CT abdomen and pelvis without IV contrast,1-10 mSv☢☢☢,3-10 mSv [ped]☢☢☢☢,May be appropriate (Disagreement)
1274,"Sepsis suspected, cannot assess symptoms, chest radiography nonspecific, next imaging study",3196690,CT chest with IV contrast,1-10 mSv☢☢☢,3-10 mSv [ped]☢☢☢☢,May be appropriate
1275,"Sepsis suspected, cannot assess symptoms, chest radiography nonspecific, next imaging study",3196690,CT chest without IV contrast,1-10 mSv☢☢☢,3-10 mSv [ped]☢☢☢☢,May be appropriate
1276,"Sepsis suspected, cannot assess symptoms, chest radiography nonspecific, next imaging study",3196690,CT chest abdomen pelvis with IV contrast,10-30 mSv☢☢☢☢,3-10 mSv [ped]☢☢☢☢,May be appropriate (Disagreement)
1277,"Sepsis suspected, cannot assess symptoms, chest radiography nonspecific, next imaging study",3196690,CT chest abdomen pelvis without IV contrast,10-30 mSv☢☢☢☢,3-10 mSv [ped]☢☢☢☢,May be appropriate (Disagreement)
1278,"Sepsis suspected, cannot assess symptoms, chest radiography nonspecific, next imaging study",3196690,Radiography abdomen,0.1-1mSv☢☢,0.03-0.3 mSv [ped]☢☢,Usually not appropriate
1279,"Sepsis suspected, cannot assess symptoms, chest radiography nonspecific, next imaging study",3196690,Fluoroscopy contrast enema,1-10 mSv☢☢☢,3-10 mSv [ped]☢☢☢☢,Usually not appropriate
1280,"Sepsis suspected, cannot assess symptoms, chest radiography nonspecific, next imaging study",3196690,Fluoroscopy upper GI series with small bowel follow-through,1-10 mSv☢☢☢,3-10 mSv [ped]☢☢☢☢,Usually not appropriate
1281,"Sepsis suspected, cannot assess symptoms, chest radiography nonspecific, next imaging study",3196690,MRI abdomen and pelvis without and with IV contrast,0 mSvO,0 mSv [ped]O,Usually not appropriate
1282,"Sepsis suspected, cannot assess symptoms, chest radiography nonspecific, next imaging study",3196690,MRI abdomen and pelvis without IV contrast,0 mSvO,0 mSv [ped]O,Usually not appropriate
1283,"Sepsis suspected, cannot assess symptoms, chest radiography nonspecific, next imaging study",3196690,MRI chest without and with IV contrast,0 mSvO,0 mSv [ped]O,Usually not appropriate
1284,"Sepsis suspected, cannot assess symptoms, chest radiography nonspecific, next imaging study",3196690,MRI chest without IV contrast,0 mSvO,0 mSv [ped]O,Usually not appropriate
1285,"Sepsis suspected, cannot assess symptoms, chest radiography nonspecific, next imaging study",3196690,Nuclear medicine scan gallbladder,0.1-1mSv☢☢,,Usually not appropriate
1286,"Sepsis suspected, cannot assess symptoms, chest radiography nonspecific, next imaging study",3196690,CT chest without and with IV contrast,1-10 mSv☢☢☢,3-10 mSv [ped]☢☢☢☢,Usually not appropriate
1287,"Sepsis suspected, cannot assess symptoms, chest radiography nonspecific, next imaging study",3196690,CT abdomen and pelvis without and with IV contrast,10-30 mSv☢☢☢☢,10-30 mSv [ped]☢☢☢☢☢,Usually not appropriate
1288,"Sepsis suspected, cannot assess symptoms, chest radiography nonspecific, next imaging study",3196690,CT chest abdomen pelvis without and with IV contrast,10-30 mSv☢☢☢☢,10-30 mSv [ped]☢☢☢☢☢,Usually not appropriate
1289,"Sepsis suspected, cannot assess symptoms, chest radiography nonspecific, next imaging study",3196690,FDG-PET/CT skull base to mid-thigh,10-30 mSv☢☢☢☢,3-10 mSv [ped]☢☢☢☢,Usually not appropriate
1290,"Sepsis suspected, cannot assess symptoms, chest radiography nonspecific, next imaging study",3196690,WBC scan abdomen and pelvis,10-30 mSv☢☢☢☢,,Usually not appropriate
1291,"Sepsis suspected, cannot assess symptoms, chest radiography normal, next imaging study",3196688,CT abdomen and pelvis with IV contrast,1-10 mSv☢☢☢,3-10 mSv [ped]☢☢☢☢,Usually appropriate
1292,"Sepsis suspected, cannot assess symptoms, chest radiography normal, next imaging study",3196688,US abdomen,0 mSvO,0 mSv [ped]O,May be appropriate
1293,"Sepsis suspected, cannot assess symptoms, chest radiography normal, next imaging study",3196688,CT abdomen and pelvis without IV contrast,1-10 mSv☢☢☢,3-10 mSv [ped]☢☢☢☢,May be appropriate (Disagreement)
1294,"Sepsis suspected, cannot assess symptoms, chest radiography normal, next imaging study",3196688,CT chest with IV contrast,1-10 mSv☢☢☢,3-10 mSv [ped]☢☢☢☢,May be appropriate
1295,"Sepsis suspected, cannot assess symptoms, chest radiography normal, next imaging study",3196688,CT chest without IV contrast,1-10 mSv☢☢☢,3-10 mSv [ped]☢☢☢☢,May be appropriate
1296,"Sepsis suspected, cannot assess symptoms, chest radiography normal, next imaging study",3196688,CT chest abdomen pelvis with IV contrast,10-30 mSv☢☢☢☢,3-10 mSv [ped]☢☢☢☢,May be appropriate (Disagreement)
1297,"Sepsis suspected, cannot assess symptoms, chest radiography normal, next imaging study",3196688,CT chest abdomen pelvis without IV contrast,10-30 mSv☢☢☢☢,3-10 mSv [ped]☢☢☢☢,May be appropriate (Disagreement)
1298,"Sepsis suspected, cannot assess symptoms, chest radiography normal, next imaging study",3196688,Radiography abdomen,0.1-1mSv☢☢,0.03-0.3 mSv [ped]☢☢,Usually not appropriate
1299,"Sepsis suspected, cannot assess symptoms, chest radiography normal, next imaging study",3196688,Fluoroscopy contrast enema,1-10 mSv☢☢☢,3-10 mSv [ped]☢☢☢☢,Usually not appropriate
1300,"Sepsis suspected, cannot assess symptoms, chest radiography normal, next imaging study",3196688,Fluoroscopy upper GI series with small bowel follow-through,1-10 mSv☢☢☢,3-10 mSv [ped]☢☢☢☢,Usually not appropriate
1301,"Sepsis suspected, cannot assess symptoms, chest radiography normal, next imaging study",3196688,MRI abdomen and pelvis without and with IV contrast,0 mSvO,0 mSv [ped]O,Usually not appropriate
1302,"Sepsis suspected, cannot assess symptoms, chest radiography normal, next imaging study",3196688,MRI abdomen and pelvis without IV contrast,0 mSvO,0 mSv [ped]O,Usually not appropriate
1303,"Sepsis suspected, cannot assess symptoms, chest radiography normal, next imaging study",3196688,MRI chest without and with IV contrast,0 mSvO,0 mSv [ped]O,Usually not appropriate
1304,"Sepsis suspected, cannot assess symptoms, chest radiography normal, next imaging study",3196688,MRI chest without IV contrast,0 mSvO,0 mSv [ped]O,Usually not appropriate
1305,"Sepsis suspected, cannot assess symptoms, chest radiography normal, next imaging study",3196688,Nuclear medicine scan gallbladder,0.1-1mSv☢☢,,Usually not appropriate
1306,"Sepsis suspected, cannot assess symptoms, chest radiography normal, next imaging study",3196688,CT chest without and with IV contrast,1-10 mSv☢☢☢,3-10 mSv [ped]☢☢☢☢,Usually not appropriate
1307,"Sepsis suspected, cannot assess symptoms, chest radiography normal, next imaging study",3196688,CT abdomen and pelvis without and with IV contrast,10-30 mSv☢☢☢☢,10-30 mSv [ped]☢☢☢☢☢,Usually not appropriate
1308,"Sepsis suspected, cannot assess symptoms, chest radiography normal, next imaging study",3196688,CT chest abdomen pelvis without and with IV contrast,10-30 mSv☢☢☢☢,10-30 mSv [ped]☢☢☢☢☢,Usually not appropriate
1309,"Sepsis suspected, cannot assess symptoms, chest radiography normal, next imaging study",3196688,FDG-PET/CT skull base to mid-thigh,10-30 mSv☢☢☢☢,3-10 mSv [ped]☢☢☢☢,Usually not appropriate
1310,"Sepsis suspected, cannot assess symptoms, chest radiography normal, next imaging study",3196688,WBC scan abdomen and pelvis,10-30 mSv☢☢☢☢,,Usually not appropriate
1311,"Sepsis suspected, cannot assess symptoms, initial imaging",3196679,Radiography chest,<0.1 mSv☢,<0.03 mSv [ped]☢,Usually appropriate
1312,"Sepsis suspected, cannot assess symptoms, initial imaging",3196679,US abdomen,0 mSvO,0 mSv [ped]O,May be appropriate
1313,"Sepsis suspected, cannot assess symptoms, initial imaging",3196679,CT abdomen and pelvis with IV contrast,1-10 mSv☢☢☢,3-10 mSv [ped]☢☢☢☢,May be appropriate
1314,"Sepsis suspected, cannot assess symptoms, initial imaging",3196679,CT chest with IV contrast,1-10 mSv☢☢☢,3-10 mSv [ped]☢☢☢☢,May be appropriate
1315,"Sepsis suspected, cannot assess symptoms, initial imaging",3196679,CT chest without IV contrast,1-10 mSv☢☢☢,3-10 mSv [ped]☢☢☢☢,May be appropriate
1316,"Sepsis suspected, cannot assess symptoms, initial imaging",3196679,CT chest abdomen pelvis with IV contrast,10-30 mSv☢☢☢☢,3-10 mSv [ped]☢☢☢☢,May be appropriate
1317,"Sepsis suspected, cannot assess symptoms, initial imaging",3196679,CT chest abdomen pelvis without IV contrast,10-30 mSv☢☢☢☢,3-10 mSv [ped]☢☢☢☢,May be appropriate (Disagreement)
1318,"Sepsis suspected, cannot assess symptoms, initial imaging",3196679,Radiography abdomen,0.1-1mSv☢☢,0.03-0.3 mSv [ped]☢☢,Usually not appropriate
1319,"Sepsis suspected, cannot assess symptoms, initial imaging",3196679,Fluoroscopy contrast enema,1-10 mSv☢☢☢,3-10 mSv [ped]☢☢☢☢,Usually not appropriate
1320,"Sepsis suspected, cannot assess symptoms, initial imaging",3196679,Fluoroscopy upper GI series with small bowel follow-through,1-10 mSv☢☢☢,3-10 mSv [ped]☢☢☢☢,Usually not appropriate
1321,"Sepsis suspected, cannot assess symptoms, initial imaging",3196679,MRI abdomen and pelvis without and with IV contrast,0 mSvO,0 mSv [ped]O,Usually not appropriate
1322,"Sepsis suspected, cannot assess symptoms, initial imaging",3196679,MRI abdomen and pelvis without IV contrast,0 mSvO,0 mSv [ped]O,Usually not appropriate
1323,"Sepsis suspected, cannot assess symptoms, initial imaging",3196679,MRI chest without and with IV contrast,0 mSvO,0 mSv [ped]O,Usually not appropriate
1324,"Sepsis suspected, cannot assess symptoms, initial imaging",3196679,MRI chest without IV contrast,0 mSvO,0 mSv [ped]O,Usually not appropriate
1325,"Sepsis suspected, cannot assess symptoms, initial imaging",3196679,Nuclear medicine scan gallbladder,0.1-1mSv☢☢,,Usually not appropriate
1326,"Sepsis suspected, cannot assess symptoms, initial imaging",3196679,CT abdomen and pelvis without IV contrast,1-10 mSv☢☢☢,3-10 mSv [ped]☢☢☢☢,Usually not appropriate
1327,"Sepsis suspected, cannot assess symptoms, initial imaging",3196679,CT chest without and with IV contrast,1-10 mSv☢☢☢,3-10 mSv [ped]☢☢☢☢,Usually not appropriate
1328,"Sepsis suspected, cannot assess symptoms, initial imaging",3196679,CT abdomen and pelvis without and with IV contrast,10-30 mSv☢☢☢☢,10-30 mSv [ped]☢☢☢☢☢,Usually not appropriate
1329,"Sepsis suspected, cannot assess symptoms, initial imaging",3196679,CT chest abdomen pelvis without and with IV contrast,10-30 mSv☢☢☢☢,10-30 mSv [ped]☢☢☢☢☢,Usually not appropriate
1330,"Sepsis suspected, cannot assess symptoms, initial imaging",3196679,FDG-PET/CT skull base to mid-thigh,10-30 mSv☢☢☢☢,3-10 mSv [ped]☢☢☢☢,Usually not appropriate
1331,"Sepsis suspected, cannot assess symptoms, initial imaging",3196679,WBC scan abdomen and pelvis,10-30 mSv☢☢☢☢,,Usually not appropriate
1332,"Sepsis suspected, chest pain, chest radiography equivocal, next imaging study",3196662,CT chest with IV contrast,1-10 mSv☢☢☢,3-10 mSv [ped]☢☢☢☢,Usually appropriate
1333,"Sepsis suspected, chest pain, chest radiography equivocal, next imaging study",3196662,CT chest without IV contrast,1-10 mSv☢☢☢,3-10 mSv [ped]☢☢☢☢,Usually appropriate
1334,"Sepsis suspected, chest pain, chest radiography equivocal, next imaging study",3196662,MRI chest without and with IV contrast,0 mSvO,0 mSv [ped]O,Usually not appropriate
1335,"Sepsis suspected, chest pain, chest radiography equivocal, next imaging study",3196662,MRI chest without IV contrast,0 mSvO,0 mSv [ped]O,Usually not appropriate
1336,"Sepsis suspected, chest pain, chest radiography equivocal, next imaging study",3196662,CT chest without and with IV contrast,1-10 mSv☢☢☢,3-10 mSv [ped]☢☢☢☢,Usually not appropriate
1337,"Sepsis suspected, chest pain, chest radiography equivocal, next imaging study",3196662,FDG-PET/CT skull base to mid-thigh,10-30 mSv☢☢☢☢,3-10 mSv [ped]☢☢☢☢,Usually not appropriate
1338,"Sepsis suspected, chest pain, chest radiography nonspecific, next imaging study",3196663,CT chest with IV contrast,1-10 mSv☢☢☢,3-10 mSv [ped]☢☢☢☢,Usually appropriate
1339,"Sepsis suspected, chest pain, chest radiography nonspecific, next imaging study",3196663,CT chest without IV contrast,1-10 mSv☢☢☢,3-10 mSv [ped]☢☢☢☢,Usually appropriate
1340,"Sepsis suspected, chest pain, chest radiography nonspecific, next imaging study",3196663,MRI chest without and with IV contrast,0 mSvO,0 mSv [ped]O,Usually not appropriate
1341,"Sepsis suspected, chest pain, chest radiography nonspecific, next imaging study",3196663,MRI chest without IV contrast,0 mSvO,0 mSv [ped]O,Usually not appropriate
1342,"Sepsis suspected, chest pain, chest radiography nonspecific, next imaging study",3196663,CT chest without and with IV contrast,1-10 mSv☢☢☢,3-10 mSv [ped]☢☢☢☢,Usually not appropriate
1343,"Sepsis suspected, chest pain, chest radiography nonspecific, next imaging study",3196663,FDG-PET/CT skull base to mid-thigh,10-30 mSv☢☢☢☢,3-10 mSv [ped]☢☢☢☢,Usually not appropriate
1344,"Sepsis suspected, chest pain, chest radiography normal, next imaging study",3196661,CT chest with IV contrast,1-10 mSv☢☢☢,3-10 mSv [ped]☢☢☢☢,Usually appropriate
1345,"Sepsis suspected, chest pain, chest radiography normal, next imaging study",3196661,CT chest without IV contrast,1-10 mSv☢☢☢,3-10 mSv [ped]☢☢☢☢,Usually appropriate
1346,"Sepsis suspected, chest pain, chest radiography normal, next imaging study",3196661,MRI chest without and with IV contrast,0 mSvO,0 mSv [ped]O,Usually not appropriate
1347,"Sepsis suspected, chest pain, chest radiography normal, next imaging study",3196661,MRI chest without IV contrast,0 mSvO,0 mSv [ped]O,Usually not appropriate
1348,"Sepsis suspected, chest pain, chest radiography normal, next imaging study",3196661,CT chest without and with IV contrast,1-10 mSv☢☢☢,3-10 mSv [ped]☢☢☢☢,Usually not appropriate
1349,"Sepsis suspected, chest pain, chest radiography normal, next imaging study",3196661,FDG-PET/CT skull base to mid-thigh,10-30 mSv☢☢☢☢,3-10 mSv [ped]☢☢☢☢,Usually not appropriate
1350,"Sepsis suspected, chest pain, initial imaging",3196650,Radiography chest,<0.1 mSv☢,<0.03 mSv [ped]☢,Usually appropriate
1351,"Sepsis suspected, chest pain, initial imaging",3196650,CT chest with IV contrast,1-10 mSv☢☢☢,3-10 mSv [ped]☢☢☢☢,May be appropriate
1352,"Sepsis suspected, chest pain, initial imaging",3196650,CT chest without IV contrast,1-10 mSv☢☢☢,3-10 mSv [ped]☢☢☢☢,May be appropriate
1353,"Sepsis suspected, chest pain, initial imaging",3196650,MRI chest without and with IV contrast,0 mSvO,0 mSv [ped]O,Usually not appropriate
1354,"Sepsis suspected, chest pain, initial imaging",3196650,MRI chest without IV contrast,0 mSvO,0 mSv [ped]O,Usually not appropriate
1355,"Sepsis suspected, chest pain, initial imaging",3196650,CT chest without and with IV contrast,1-10 mSv☢☢☢,3-10 mSv [ped]☢☢☢☢,Usually not appropriate
1356,"Sepsis suspected, chest pain, initial imaging",3196650,FDG-PET/CT skull base to mid-thigh,10-30 mSv☢☢☢☢,3-10 mSv [ped]☢☢☢☢,Usually not appropriate
1357,"Sepsis suspected, cough, chest radiography equivocal, next imaging study",3196656,CT chest with IV contrast,1-10 mSv☢☢☢,3-10 mSv [ped]☢☢☢☢,Usually appropriate
1358,"Sepsis suspected, cough, chest radiography equivocal, next imaging study",3196656,CT chest without IV contrast,1-10 mSv☢☢☢,3-10 mSv [ped]☢☢☢☢,Usually appropriate
1359,"Sepsis suspected, cough, chest radiography equivocal, next imaging study",3196656,MRI chest without and with IV contrast,0 mSvO,0 mSv [ped]O,Usually not appropriate
1360,"Sepsis suspected, cough, chest radiography equivocal, next imaging study",3196656,MRI chest without IV contrast,0 mSvO,0 mSv [ped]O,Usually not appropriate
1361,"Sepsis suspected, cough, chest radiography equivocal, next imaging study",3196656,CT chest without and with IV contrast,1-10 mSv☢☢☢,3-10 mSv [ped]☢☢☢☢,Usually not appropriate
1362,"Sepsis suspected, cough, chest radiography equivocal, next imaging study",3196656,FDG-PET/CT skull base to mid-thigh,10-30 mSv☢☢☢☢,3-10 mSv [ped]☢☢☢☢,Usually not appropriate
1363,"Sepsis suspected, cough, chest radiography nonspecific, next imaging study",3196657,CT chest with IV contrast,1-10 mSv☢☢☢,3-10 mSv [ped]☢☢☢☢,Usually appropriate
1364,"Sepsis suspected, cough, chest radiography nonspecific, next imaging study",3196657,CT chest without IV contrast,1-10 mSv☢☢☢,3-10 mSv [ped]☢☢☢☢,Usually appropriate
1365,"Sepsis suspected, cough, chest radiography nonspecific, next imaging study",3196657,MRI chest without and with IV contrast,0 mSvO,0 mSv [ped]O,Usually not appropriate
1366,"Sepsis suspected, cough, chest radiography nonspecific, next imaging study",3196657,MRI chest without IV contrast,0 mSvO,0 mSv [ped]O,Usually not appropriate
1367,"Sepsis suspected, cough, chest radiography nonspecific, next imaging study",3196657,CT chest without and with IV contrast,1-10 mSv☢☢☢,3-10 mSv [ped]☢☢☢☢,Usually not appropriate
1368,"Sepsis suspected, cough, chest radiography nonspecific, next imaging study",3196657,FDG-PET/CT skull base to mid-thigh,10-30 mSv☢☢☢☢,3-10 mSv [ped]☢☢☢☢,Usually not appropriate
1369,"Sepsis suspected, cough, chest radiography normal, next imaging study",3196655,CT chest with IV contrast,1-10 mSv☢☢☢,3-10 mSv [ped]☢☢☢☢,Usually appropriate
1370,"Sepsis suspected, cough, chest radiography normal, next imaging study",3196655,CT chest without IV contrast,1-10 mSv☢☢☢,3-10 mSv [ped]☢☢☢☢,Usually appropriate
1371,"Sepsis suspected, cough, chest radiography normal, next imaging study",3196655,MRI chest without and with IV contrast,0 mSvO,0 mSv [ped]O,Usually not appropriate
1372,"Sepsis suspected, cough, chest radiography normal, next imaging study",3196655,MRI chest without IV contrast,0 mSvO,0 mSv [ped]O,Usually not appropriate
1373,"Sepsis suspected, cough, chest radiography normal, next imaging study",3196655,CT chest without and with IV contrast,1-10 mSv☢☢☢,3-10 mSv [ped]☢☢☢☢,Usually not appropriate
1374,"Sepsis suspected, cough, chest radiography normal, next imaging study",3196655,FDG-PET/CT skull base to mid-thigh,10-30 mSv☢☢☢☢,3-10 mSv [ped]☢☢☢☢,Usually not appropriate
1375,"Sepsis suspected, cough, initial imaging",3196648,Radiography chest,<0.1 mSv☢,<0.03 mSv [ped]☢,Usually appropriate
1376,"Sepsis suspected, cough, initial imaging",3196648,CT chest with IV contrast,1-10 mSv☢☢☢,3-10 mSv [ped]☢☢☢☢,May be appropriate
1377,"Sepsis suspected, cough, initial imaging",3196648,CT chest without IV contrast,1-10 mSv☢☢☢,3-10 mSv [ped]☢☢☢☢,May be appropriate
1378,"Sepsis suspected, cough, initial imaging",3196648,MRI chest without and with IV contrast,0 mSvO,0 mSv [ped]O,Usually not appropriate
1379,"Sepsis suspected, cough, initial imaging",3196648,MRI chest without IV contrast,0 mSvO,0 mSv [ped]O,Usually not appropriate
1380,"Sepsis suspected, cough, initial imaging",3196648,CT chest without and with IV contrast,1-10 mSv☢☢☢,3-10 mSv [ped]☢☢☢☢,Usually not appropriate
1381,"Sepsis suspected, cough, initial imaging",3196648,FDG-PET/CT skull base to mid-thigh,10-30 mSv☢☢☢☢,3-10 mSv [ped]☢☢☢☢,Usually not appropriate
1382,"Sepsis suspected, dyspnea, chest radiography equivocal, next imaging study",3196659,CT chest with IV contrast,1-10 mSv☢☢☢,3-10 mSv [ped]☢☢☢☢,Usually appropriate
1383,"Sepsis suspected, dyspnea, chest radiography equivocal, next imaging study",3196659,CT chest without IV contrast,1-10 mSv☢☢☢,3-10 mSv [ped]☢☢☢☢,Usually appropriate
1384,"Sepsis suspected, dyspnea, chest radiography equivocal, next imaging study",3196659,MRI chest without and with IV contrast,0 mSvO,0 mSv [ped]O,Usually not appropriate
1385,"Sepsis suspected, dyspnea, chest radiography equivocal, next imaging study",3196659,MRI chest without IV contrast,0 mSvO,0 mSv [ped]O,Usually not appropriate
1386,"Sepsis suspected, dyspnea, chest radiography equivocal, next imaging study",3196659,CT chest without and with IV contrast,1-10 mSv☢☢☢,3-10 mSv [ped]☢☢☢☢,Usually not appropriate
1387,"Sepsis suspected, dyspnea, chest radiography equivocal, next imaging study",3196659,FDG-PET/CT skull base to mid-thigh,10-30 mSv☢☢☢☢,3-10 mSv [ped]☢☢☢☢,Usually not appropriate
1388,"Sepsis suspected, dyspnea, chest radiography nonspecific, next imaging study",3196660,CT chest with IV contrast,1-10 mSv☢☢☢,3-10 mSv [ped]☢☢☢☢,Usually appropriate
1389,"Sepsis suspected, dyspnea, chest radiography nonspecific, next imaging study",3196660,CT chest without IV contrast,1-10 mSv☢☢☢,3-10 mSv [ped]☢☢☢☢,Usually appropriate
1390,"Sepsis suspected, dyspnea, chest radiography nonspecific, next imaging study",3196660,MRI chest without and with IV contrast,0 mSvO,0 mSv [ped]O,Usually not appropriate
1391,"Sepsis suspected, dyspnea, chest radiography nonspecific, next imaging study",3196660,MRI chest without IV contrast,0 mSvO,0 mSv [ped]O,Usually not appropriate
1392,"Sepsis suspected, dyspnea, chest radiography nonspecific, next imaging study",3196660,CT chest without and with IV contrast,1-10 mSv☢☢☢,3-10 mSv [ped]☢☢☢☢,Usually not appropriate
1393,"Sepsis suspected, dyspnea, chest radiography nonspecific, next imaging study",3196660,FDG-PET/CT skull base to mid-thigh,10-30 mSv☢☢☢☢,3-10 mSv [ped]☢☢☢☢,Usually not appropriate
1394,"Sepsis suspected, dyspnea, chest radiography normal, next imaging study",3196658,CT chest with IV contrast,1-10 mSv☢☢☢,3-10 mSv [ped]☢☢☢☢,Usually appropriate
1395,"Sepsis suspected, dyspnea, chest radiography normal, next imaging study",3196658,CT chest without IV contrast,1-10 mSv☢☢☢,3-10 mSv [ped]☢☢☢☢,Usually appropriate
1396,"Sepsis suspected, dyspnea, chest radiography normal, next imaging study",3196658,MRI chest without and with IV contrast,0 mSvO,0 mSv [ped]O,Usually not appropriate
1397,"Sepsis suspected, dyspnea, chest radiography normal, next imaging study",3196658,MRI chest without IV contrast,0 mSvO,0 mSv [ped]O,Usually not appropriate
1398,"Sepsis suspected, dyspnea, chest radiography normal, next imaging study",3196658,CT chest without and with IV contrast,1-10 mSv☢☢☢,3-10 mSv [ped]☢☢☢☢,Usually not appropriate
1399,"Sepsis suspected, dyspnea, chest radiography normal, next imaging study",3196658,FDG-PET/CT skull base to mid-thigh,10-30 mSv☢☢☢☢,3-10 mSv [ped]☢☢☢☢,Usually not appropriate
1400,"Sepsis suspected, dyspnea, initial imaging",3196649,Radiography chest,<0.1 mSv☢,<0.03 mSv [ped]☢,Usually appropriate
1401,"Sepsis suspected, dyspnea, initial imaging",3196649,CT chest with IV contrast,1-10 mSv☢☢☢,3-10 mSv [ped]☢☢☢☢,May be appropriate
1402,"Sepsis suspected, dyspnea, initial imaging",3196649,CT chest without IV contrast,1-10 mSv☢☢☢,3-10 mSv [ped]☢☢☢☢,May be appropriate
1403,"Sepsis suspected, dyspnea, initial imaging",3196649,MRI chest without and with IV contrast,0 mSvO,0 mSv [ped]O,Usually not appropriate
1404,"Sepsis suspected, dyspnea, initial imaging",3196649,MRI chest without IV contrast,0 mSvO,0 mSv [ped]O,Usually not appropriate
1405,"Sepsis suspected, dyspnea, initial imaging",3196649,CT chest without and with IV contrast,1-10 mSv☢☢☢,3-10 mSv [ped]☢☢☢☢,Usually not appropriate
1406,"Sepsis suspected, dyspnea, initial imaging",3196649,FDG-PET/CT skull base to mid-thigh,10-30 mSv☢☢☢☢,3-10 mSv [ped]☢☢☢☢,Usually not appropriate
1407,"Sepsis suspected, non specific symptoms, unknown origin, initial imaging",3196677,Radiography chest,<0.1 mSv☢,<0.03 mSv [ped]☢,Usually appropriate
1408,"Sepsis suspected, non specific symptoms, unknown origin, initial imaging",3196677,US abdomen,0 mSvO,0 mSv [ped]O,May be appropriate
1409,"Sepsis suspected, non specific symptoms, unknown origin, initial imaging",3196677,CT abdomen and pelvis with IV contrast,1-10 mSv☢☢☢,3-10 mSv [ped]☢☢☢☢,May be appropriate
1410,"Sepsis suspected, non specific symptoms, unknown origin, initial imaging",3196677,CT chest with IV contrast,1-10 mSv☢☢☢,3-10 mSv [ped]☢☢☢☢,May be appropriate
1411,"Sepsis suspected, non specific symptoms, unknown origin, initial imaging",3196677,CT chest without IV contrast,1-10 mSv☢☢☢,3-10 mSv [ped]☢☢☢☢,May be appropriate
1412,"Sepsis suspected, non specific symptoms, unknown origin, initial imaging",3196677,CT chest abdomen pelvis with IV contrast,10-30 mSv☢☢☢☢,3-10 mSv [ped]☢☢☢☢,May be appropriate
1413,"Sepsis suspected, non specific symptoms, unknown origin, initial imaging",3196677,CT chest abdomen pelvis without IV contrast,10-30 mSv☢☢☢☢,3-10 mSv [ped]☢☢☢☢,May be appropriate (Disagreement)
1414,"Sepsis suspected, non specific symptoms, unknown origin, initial imaging",3196677,Radiography abdomen,0.1-1mSv☢☢,0.03-0.3 mSv [ped]☢☢,Usually not appropriate
1415,"Sepsis suspected, non specific symptoms, unknown origin, initial imaging",3196677,Fluoroscopy contrast enema,1-10 mSv☢☢☢,3-10 mSv [ped]☢☢☢☢,Usually not appropriate
1416,"Sepsis suspected, non specific symptoms, unknown origin, initial imaging",3196677,Fluoroscopy upper GI series with small bowel follow-through,1-10 mSv☢☢☢,3-10 mSv [ped]☢☢☢☢,Usually not appropriate
1417,"Sepsis suspected, non specific symptoms, unknown origin, initial imaging",3196677,MRI abdomen and pelvis without and with IV contrast,0 mSvO,0 mSv [ped]O,Usually not appropriate
1418,"Sepsis suspected, non specific symptoms, unknown origin, initial imaging",3196677,MRI abdomen and pelvis without IV contrast,0 mSvO,0 mSv [ped]O,Usually not appropriate
1419,"Sepsis suspected, non specific symptoms, unknown origin, initial imaging",3196677,MRI chest without and with IV contrast,0 mSvO,0 mSv [ped]O,Usually not appropriate
1420,"Sepsis suspected, non specific symptoms, unknown origin, initial imaging",3196677,MRI chest without IV contrast,0 mSvO,0 mSv [ped]O,Usually not appropriate
1421,"Sepsis suspected, non specific symptoms, unknown origin, initial imaging",3196677,Nuclear medicine scan gallbladder,0.1-1mSv☢☢,,Usually not appropriate
1422,"Sepsis suspected, non specific symptoms, unknown origin, initial imaging",3196677,CT abdomen and pelvis without IV contrast,1-10 mSv☢☢☢,3-10 mSv [ped]☢☢☢☢,Usually not appropriate
1423,"Sepsis suspected, non specific symptoms, unknown origin, initial imaging",3196677,CT chest without and with IV contrast,1-10 mSv☢☢☢,3-10 mSv [ped]☢☢☢☢,Usually not appropriate
1424,"Sepsis suspected, non specific symptoms, unknown origin, initial imaging",3196677,CT abdomen and pelvis without and with IV contrast,10-30 mSv☢☢☢☢,10-30 mSv [ped]☢☢☢☢☢,Usually not appropriate
1425,"Sepsis suspected, non specific symptoms, unknown origin, initial imaging",3196677,CT chest abdomen pelvis without and with IV contrast,10-30 mSv☢☢☢☢,10-30 mSv [ped]☢☢☢☢☢,Usually not appropriate
1426,"Sepsis suspected, non specific symptoms, unknown origin, initial imaging",3196677,FDG-PET/CT skull base to mid-thigh,10-30 mSv☢☢☢☢,3-10 mSv [ped]☢☢☢☢,Usually not appropriate
1427,"Sepsis suspected, non specific symptoms, unknown origin, initial imaging",3196677,WBC scan abdomen and pelvis,10-30 mSv☢☢☢☢,,Usually not appropriate
1428,"Sepsis, acute abdominal pain, initial imaging",3196675,CT abdomen and pelvis with IV contrast,1-10 mSv☢☢☢,3-10 mSv [ped]☢☢☢☢,Usually appropriate
1429,"Sepsis, acute abdominal pain, initial imaging",3196675,US abdomen,0 mSvO,0 mSv [ped]O,May be appropriate
1430,"Sepsis, acute abdominal pain, initial imaging",3196675,CT abdomen and pelvis without IV contrast,1-10 mSv☢☢☢,3-10 mSv [ped]☢☢☢☢,May be appropriate (Disagreement)
1431,"Sepsis, acute abdominal pain, initial imaging",3196675,Radiography abdomen,0.1-1mSv☢☢,0.03-0.3 mSv [ped]☢☢,Usually not appropriate
1432,"Sepsis, acute abdominal pain, initial imaging",3196675,Fluoroscopy contrast enema,1-10 mSv☢☢☢,3-10 mSv [ped]☢☢☢☢,Usually not appropriate
1433,"Sepsis, acute abdominal pain, initial imaging",3196675,Fluoroscopy upper GI series with small bowel follow-through,1-10 mSv☢☢☢,3-10 mSv [ped]☢☢☢☢,Usually not appropriate
1434,"Sepsis, acute abdominal pain, initial imaging",3196675,MRI abdomen and pelvis without and with IV contrast,0 mSvO,0 mSv [ped]O,Usually not appropriate
1435,"Sepsis, acute abdominal pain, initial imaging",3196675,MRI abdomen and pelvis without IV contrast,0 mSvO,0 mSv [ped]O,Usually not appropriate
1436,"Sepsis, acute abdominal pain, initial imaging",3196675,Nuclear medicine scan gallbladder,0.1-1mSv☢☢,,Usually not appropriate
1437,"Sepsis, acute abdominal pain, initial imaging",3196675,CT abdomen and pelvis without and with IV contrast,10-30 mSv☢☢☢☢,10-30 mSv [ped]☢☢☢☢☢,Usually not appropriate
1438,"Sepsis, acute abdominal pain, initial imaging",3196675,FDG-PET/CT skull base to mid-thigh,10-30 mSv☢☢☢☢,3-10 mSv [ped]☢☢☢☢,Usually not appropriate
1439,"Sepsis, acute abdominal pain, initial imaging",3196675,WBC scan abdomen and pelvis,10-30 mSv☢☢☢☢,,Usually not appropriate
1440,"Sepsis, cannot assess symptoms, chest radiography normal, next imaging study",3196691,CT abdomen and pelvis with IV contrast,1-10 mSv☢☢☢,3-10 mSv [ped]☢☢☢☢,Usually appropriate
1441,"Sepsis, cannot assess symptoms, chest radiography normal, next imaging study",3196691,US abdomen,0 mSvO,0 mSv [ped]O,May be appropriate
1442,"Sepsis, cannot assess symptoms, chest radiography normal, next imaging study",3196691,CT abdomen and pelvis without IV contrast,1-10 mSv☢☢☢,3-10 mSv [ped]☢☢☢☢,May be appropriate (Disagreement)
1443,"Sepsis, cannot assess symptoms, chest radiography normal, next imaging study",3196691,CT chest with IV contrast,1-10 mSv☢☢☢,3-10 mSv [ped]☢☢☢☢,May be appropriate
1444,"Sepsis, cannot assess symptoms, chest radiography normal, next imaging study",3196691,CT chest without IV contrast,1-10 mSv☢☢☢,3-10 mSv [ped]☢☢☢☢,May be appropriate
1445,"Sepsis, cannot assess symptoms, chest radiography normal, next imaging study",3196691,CT chest abdomen pelvis with IV contrast,10-30 mSv☢☢☢☢,3-10 mSv [ped]☢☢☢☢,May be appropriate (Disagreement)
1446,"Sepsis, cannot assess symptoms, chest radiography normal, next imaging study",3196691,CT chest abdomen pelvis without IV contrast,10-30 mSv☢☢☢☢,3-10 mSv [ped]☢☢☢☢,May be appropriate (Disagreement)
1447,"Sepsis, cannot assess symptoms, chest radiography normal, next imaging study",3196691,Radiography abdomen,0.1-1mSv☢☢,0.03-0.3 mSv [ped]☢☢,Usually not appropriate
1448,"Sepsis, cannot assess symptoms, chest radiography normal, next imaging study",3196691,Fluoroscopy contrast enema,1-10 mSv☢☢☢,3-10 mSv [ped]☢☢☢☢,Usually not appropriate
1449,"Sepsis, cannot assess symptoms, chest radiography normal, next imaging study",3196691,Fluoroscopy upper GI series with small bowel follow-through,1-10 mSv☢☢☢,3-10 mSv [ped]☢☢☢☢,Usually not appropriate
1450,"Sepsis, cannot assess symptoms, chest radiography normal, next imaging study",3196691,MRI abdomen and pelvis without and with IV contrast,0 mSvO,0 mSv [ped]O,Usually not appropriate
1451,"Sepsis, cannot assess symptoms, chest radiography normal, next imaging study",3196691,MRI abdomen and pelvis without IV contrast,0 mSvO,0 mSv [ped]O,Usually not appropriate
1452,"Sepsis, cannot assess symptoms, chest radiography normal, next imaging study",3196691,MRI chest without and with IV contrast,0 mSvO,0 mSv [ped]O,Usually not appropriate
1453,"Sepsis, cannot assess symptoms, chest radiography normal, next imaging study",3196691,MRI chest without IV contrast,0 mSvO,0 mSv [ped]O,Usually not appropriate
1454,"Sepsis, cannot assess symptoms, chest radiography normal, next imaging study",3196691,Nuclear medicine scan gallbladder,0.1-1mSv☢☢,,Usually not appropriate
1455,"Sepsis, cannot assess symptoms, chest radiography normal, next imaging study",3196691,CT chest without and with IV contrast,1-10 mSv☢☢☢,3-10 mSv [ped]☢☢☢☢,Usually not appropriate
1456,"Sepsis, cannot assess symptoms, chest radiography normal, next imaging study",3196691,CT abdomen and pelvis without and with IV contrast,10-30 mSv☢☢☢☢,10-30 mSv [ped]☢☢☢☢☢,Usually not appropriate
1457,"Sepsis, cannot assess symptoms, chest radiography normal, next imaging study",3196691,CT chest abdomen pelvis without and with IV contrast,10-30 mSv☢☢☢☢,10-30 mSv [ped]☢☢☢☢☢,Usually not appropriate
1458,"Sepsis, cannot assess symptoms, chest radiography normal, next imaging study",3196691,FDG-PET/CT skull base to mid-thigh,10-30 mSv☢☢☢☢,3-10 mSv [ped]☢☢☢☢,Usually not appropriate
1459,"Sepsis, cannot assess symptoms, chest radiography normal, next imaging study",3196691,WBC scan abdomen and pelvis,10-30 mSv☢☢☢☢,,Usually not appropriate
1460,"Sepsis, cannot assess symptoms, chest radiography equivocal, next imaging study",3196692,CT abdomen and pelvis with IV contrast,1-10 mSv☢☢☢,3-10 mSv [ped]☢☢☢☢,Usually appropriate
1461,"Sepsis, cannot assess symptoms, chest radiography equivocal, next imaging study",3196692,US abdomen,0 mSvO,0 mSv [ped]O,May be appropriate
1462,"Sepsis, cannot assess symptoms, chest radiography equivocal, next imaging study",3196692,CT abdomen and pelvis without IV contrast,1-10 mSv☢☢☢,3-10 mSv [ped]☢☢☢☢,May be appropriate (Disagreement)
1463,"Sepsis, cannot assess symptoms, chest radiography equivocal, next imaging study",3196692,CT chest with IV contrast,1-10 mSv☢☢☢,3-10 mSv [ped]☢☢☢☢,May be appropriate
1464,"Sepsis, cannot assess symptoms, chest radiography equivocal, next imaging study",3196692,CT chest without IV contrast,1-10 mSv☢☢☢,3-10 mSv [ped]☢☢☢☢,May be appropriate
1465,"Sepsis, cannot assess symptoms, chest radiography equivocal, next imaging study",3196692,CT chest abdomen pelvis with IV contrast,10-30 mSv☢☢☢☢,3-10 mSv [ped]☢☢☢☢,May be appropriate (Disagreement)
1466,"Sepsis, cannot assess symptoms, chest radiography equivocal, next imaging study",3196692,CT chest abdomen pelvis without IV contrast,10-30 mSv☢☢☢☢,3-10 mSv [ped]☢☢☢☢,May be appropriate (Disagreement)
1467,"Sepsis, cannot assess symptoms, chest radiography equivocal, next imaging study",3196692,Radiography abdomen,0.1-1mSv☢☢,0.03-0.3 mSv [ped]☢☢,Usually not appropriate
1468,"Sepsis, cannot assess symptoms, chest radiography equivocal, next imaging study",3196692,Fluoroscopy contrast enema,1-10 mSv☢☢☢,3-10 mSv [ped]☢☢☢☢,Usually not appropriate
1469,"Sepsis, cannot assess symptoms, chest radiography equivocal, next imaging study",3196692,Fluoroscopy upper GI series with small bowel follow-through,1-10 mSv☢☢☢,3-10 mSv [ped]☢☢☢☢,Usually not appropriate
1470,"Sepsis, cannot assess symptoms, chest radiography equivocal, next imaging study",3196692,MRI abdomen and pelvis without and with IV contrast,0 mSvO,0 mSv [ped]O,Usually not appropriate
1471,"Sepsis, cannot assess symptoms, chest radiography equivocal, next imaging study",3196692,MRI abdomen and pelvis without IV contrast,0 mSvO,0 mSv [ped]O,Usually not appropriate
1472,"Sepsis, cannot assess symptoms, chest radiography equivocal, next imaging study",3196692,MRI chest without and with IV contrast,0 mSvO,0 mSv [ped]O,Usually not appropriate
1473,"Sepsis, cannot assess symptoms, chest radiography equivocal, next imaging study",3196692,MRI chest without IV contrast,0 mSvO,0 mSv [ped]O,Usually not appropriate
1474,"Sepsis, cannot assess symptoms, chest radiography equivocal, next imaging study",3196692,Nuclear medicine scan gallbladder,0.1-1mSv☢☢,,Usually not appropriate
1475,"Sepsis, cannot assess symptoms, chest radiography equivocal, next imaging study",3196692,CT chest without and with IV contrast,1-10 mSv☢☢☢,3-10 mSv [ped]☢☢☢☢,Usually not appropriate
1476,"Sepsis, cannot assess symptoms, chest radiography equivocal, next imaging study",3196692,CT abdomen and pelvis without and with IV contrast,10-30 mSv☢☢☢☢,10-30 mSv [ped]☢☢☢☢☢,Usually not appropriate
1477,"Sepsis, cannot assess symptoms, chest radiography equivocal, next imaging study",3196692,CT chest abdomen pelvis without and with IV contrast,10-30 mSv☢☢☢☢,10-30 mSv [ped]☢☢☢☢☢,Usually not appropriate
1478,"Sepsis, cannot assess symptoms, chest radiography equivocal, next imaging study",3196692,FDG-PET/CT skull base to mid-thigh,10-30 mSv☢☢☢☢,3-10 mSv [ped]☢☢☢☢,Usually not appropriate
1479,"Sepsis, cannot assess symptoms, chest radiography equivocal, next imaging study",3196692,WBC scan abdomen and pelvis,10-30 mSv☢☢☢☢,,Usually not appropriate
1480,"Sepsis, cannot assess symptoms, chest radiography nonspecific, next imaging study",3196693,CT abdomen and pelvis with IV contrast,1-10 mSv☢☢☢,3-10 mSv [ped]☢☢☢☢,Usually appropriate
1481,"Sepsis, cannot assess symptoms, chest radiography nonspecific, next imaging study",3196693,US abdomen,0 mSvO,0 mSv [ped]O,May be appropriate
1482,"Sepsis, cannot assess symptoms, chest radiography nonspecific, next imaging study",3196693,CT abdomen and pelvis without IV contrast,1-10 mSv☢☢☢,3-10 mSv [ped]☢☢☢☢,May be appropriate (Disagreement)
1483,"Sepsis, cannot assess symptoms, chest radiography nonspecific, next imaging study",3196693,CT chest with IV contrast,1-10 mSv☢☢☢,3-10 mSv [ped]☢☢☢☢,May be appropriate
1484,"Sepsis, cannot assess symptoms, chest radiography nonspecific, next imaging study",3196693,CT chest without IV contrast,1-10 mSv☢☢☢,3-10 mSv [ped]☢☢☢☢,May be appropriate
1485,"Sepsis, cannot assess symptoms, chest radiography nonspecific, next imaging study",3196693,CT chest abdomen pelvis with IV contrast,10-30 mSv☢☢☢☢,3-10 mSv [ped]☢☢☢☢,May be appropriate (Disagreement)
1486,"Sepsis, cannot assess symptoms, chest radiography nonspecific, next imaging study",3196693,CT chest abdomen pelvis without IV contrast,10-30 mSv☢☢☢☢,3-10 mSv [ped]☢☢☢☢,May be appropriate (Disagreement)
1487,"Sepsis, cannot assess symptoms, chest radiography nonspecific, next imaging study",3196693,Radiography abdomen,0.1-1mSv☢☢,0.03-0.3 mSv [ped]☢☢,Usually not appropriate
1488,"Sepsis, cannot assess symptoms, chest radiography nonspecific, next imaging study",3196693,Fluoroscopy contrast enema,1-10 mSv☢☢☢,3-10 mSv [ped]☢☢☢☢,Usually not appropriate
1489,"Sepsis, cannot assess symptoms, chest radiography nonspecific, next imaging study",3196693,Fluoroscopy upper GI series with small bowel follow-through,1-10 mSv☢☢☢,3-10 mSv [ped]☢☢☢☢,Usually not appropriate
1490,"Sepsis, cannot assess symptoms, chest radiography nonspecific, next imaging study",3196693,MRI abdomen and pelvis without and with IV contrast,0 mSvO,0 mSv [ped]O,Usually not appropriate
1491,"Sepsis, cannot assess symptoms, chest radiography nonspecific, next imaging study",3196693,MRI abdomen and pelvis without IV contrast,0 mSvO,0 mSv [ped]O,Usually not appropriate
1492,"Sepsis, cannot assess symptoms, chest radiography nonspecific, next imaging study",3196693,MRI chest without and with IV contrast,0 mSvO,0 mSv [ped]O,Usually not appropriate
1493,"Sepsis, cannot assess symptoms, chest radiography nonspecific, next imaging study",3196693,MRI chest without IV contrast,0 mSvO,0 mSv [ped]O,Usually not appropriate
1494,"Sepsis, cannot assess symptoms, chest radiography nonspecific, next imaging study",3196693,Nuclear medicine scan gallbladder,0.1-1mSv☢☢,,Usually not appropriate
1495,"Sepsis, cannot assess symptoms, chest radiography nonspecific, next imaging study",3196693,CT chest without and with IV contrast,1-10 mSv☢☢☢,3-10 mSv [ped]☢☢☢☢,Usually not appropriate
1496,"Sepsis, cannot assess symptoms, chest radiography nonspecific, next imaging study",3196693,CT abdomen and pelvis without and with IV contrast,10-30 mSv☢☢☢☢,10-30 mSv [ped]☢☢☢☢☢,Usually not appropriate
1497,"Sepsis, cannot assess symptoms, chest radiography nonspecific, next imaging study",3196693,CT chest abdomen pelvis without and with IV contrast,10-30 mSv☢☢☢☢,10-30 mSv [ped]☢☢☢☢☢,Usually not appropriate
1498,"Sepsis, cannot assess symptoms, chest radiography nonspecific, next imaging study",3196693,FDG-PET/CT skull base to mid-thigh,10-30 mSv☢☢☢☢,3-10 mSv [ped]☢☢☢☢,Usually not appropriate
1499,"Sepsis, cannot assess symptoms, chest radiography nonspecific, next imaging study",3196693,WBC scan abdomen and pelvis,10-30 mSv☢☢☢☢,,Usually not appropriate
1500,"Sepsis, cannot assess symptoms, initial imaging",3196680,Radiography chest,<0.1 mSv☢,<0.03 mSv [ped]☢,Usually appropriate
1501,"Sepsis, cannot assess symptoms, initial imaging",3196680,US abdomen,0 mSvO,0 mSv [ped]O,May be appropriate
1502,"Sepsis, cannot assess symptoms, initial imaging",3196680,CT abdomen and pelvis with IV contrast,1-10 mSv☢☢☢,3-10 mSv [ped]☢☢☢☢,May be appropriate
1503,"Sepsis, cannot assess symptoms, initial imaging",3196680,CT chest with IV contrast,1-10 mSv☢☢☢,3-10 mSv [ped]☢☢☢☢,May be appropriate
1504,"Sepsis, cannot assess symptoms, initial imaging",3196680,CT chest without IV contrast,1-10 mSv☢☢☢,3-10 mSv [ped]☢☢☢☢,May be appropriate
1505,"Sepsis, cannot assess symptoms, initial imaging",3196680,CT chest abdomen pelvis with IV contrast,10-30 mSv☢☢☢☢,3-10 mSv [ped]☢☢☢☢,May be appropriate
1506,"Sepsis, cannot assess symptoms, initial imaging",3196680,CT chest abdomen pelvis without IV contrast,10-30 mSv☢☢☢☢,3-10 mSv [ped]☢☢☢☢,May be appropriate (Disagreement)
1507,"Sepsis, cannot assess symptoms, initial imaging",3196680,Radiography abdomen,0.1-1mSv☢☢,0.03-0.3 mSv [ped]☢☢,Usually not appropriate
1508,"Sepsis, cannot assess symptoms, initial imaging",3196680,Fluoroscopy contrast enema,1-10 mSv☢☢☢,3-10 mSv [ped]☢☢☢☢,Usually not appropriate
1509,"Sepsis, cannot assess symptoms, initial imaging",3196680,Fluoroscopy upper GI series with small bowel follow-through,1-10 mSv☢☢☢,3-10 mSv [ped]☢☢☢☢,Usually not appropriate
1510,"Sepsis, cannot assess symptoms, initial imaging",3196680,MRI abdomen and pelvis without and with IV contrast,0 mSvO,0 mSv [ped]O,Usually not appropriate
1511,"Sepsis, cannot assess symptoms, initial imaging",3196680,MRI abdomen and pelvis without IV contrast,0 mSvO,0 mSv [ped]O,Usually not appropriate
1512,"Sepsis, cannot assess symptoms, initial imaging",3196680,MRI chest without and with IV contrast,0 mSvO,0 mSv [ped]O,Usually not appropriate
1513,"Sepsis, cannot assess symptoms, initial imaging",3196680,MRI chest without IV contrast,0 mSvO,0 mSv [ped]O,Usually not appropriate
1514,"Sepsis, cannot assess symptoms, initial imaging",3196680,Nuclear medicine scan gallbladder,0.1-1mSv☢☢,,Usually not appropriate
1515,"Sepsis, cannot assess symptoms, initial imaging",3196680,CT abdomen and pelvis without IV contrast,1-10 mSv☢☢☢,3-10 mSv [ped]☢☢☢☢,Usually not appropriate
1516,"Sepsis, cannot assess symptoms, initial imaging",3196680,CT chest without and with IV contrast,1-10 mSv☢☢☢,3-10 mSv [ped]☢☢☢☢,Usually not appropriate
1517,"Sepsis, cannot assess symptoms, initial imaging",3196680,CT abdomen and pelvis without and with IV contrast,10-30 mSv☢☢☢☢,10-30 mSv [ped]☢☢☢☢☢,Usually not appropriate
1518,"Sepsis, cannot assess symptoms, initial imaging",3196680,CT chest abdomen pelvis without and with IV contrast,10-30 mSv☢☢☢☢,10-30 mSv [ped]☢☢☢☢☢,Usually not appropriate
1519,"Sepsis, cannot assess symptoms, initial imaging",3196680,FDG-PET/CT skull base to mid-thigh,10-30 mSv☢☢☢☢,3-10 mSv [ped]☢☢☢☢,Usually not appropriate
1520,"Sepsis, cannot assess symptoms, initial imaging",3196680,WBC scan abdomen and pelvis,10-30 mSv☢☢☢☢,,Usually not appropriate
1521,"Sepsis, chest pain, chest radiography , nonspecific, next imaging study",3196672,CT chest with IV contrast,1-10 mSv☢☢☢,3-10 mSv [ped]☢☢☢☢,Usually appropriate
1522,"Sepsis, chest pain, chest radiography , nonspecific, next imaging study",3196672,CT chest without IV contrast,1-10 mSv☢☢☢,3-10 mSv [ped]☢☢☢☢,Usually appropriate
1523,"Sepsis, chest pain, chest radiography , nonspecific, next imaging study",3196672,MRI chest without and with IV contrast,0 mSvO,0 mSv [ped]O,Usually not appropriate
1524,"Sepsis, chest pain, chest radiography , nonspecific, next imaging study",3196672,MRI chest without IV contrast,0 mSvO,0 mSv [ped]O,Usually not appropriate
1525,"Sepsis, chest pain, chest radiography , nonspecific, next imaging study",3196672,CT chest without and with IV contrast,1-10 mSv☢☢☢,3-10 mSv [ped]☢☢☢☢,Usually not appropriate
1526,"Sepsis, chest pain, chest radiography , nonspecific, next imaging study",3196672,FDG-PET/CT skull base to mid-thigh,10-30 mSv☢☢☢☢,3-10 mSv [ped]☢☢☢☢,Usually not appropriate
1527,"Sepsis, chest pain, chest radiography equivocal, next imaging study",3196671,CT chest with IV contrast,1-10 mSv☢☢☢,3-10 mSv [ped]☢☢☢☢,Usually appropriate
1528,"Sepsis, chest pain, chest radiography equivocal, next imaging study",3196671,CT chest without IV contrast,1-10 mSv☢☢☢,3-10 mSv [ped]☢☢☢☢,Usually appropriate
1529,"Sepsis, chest pain, chest radiography equivocal, next imaging study",3196671,MRI chest without and with IV contrast,0 mSvO,0 mSv [ped]O,Usually not appropriate
1530,"Sepsis, chest pain, chest radiography equivocal, next imaging study",3196671,MRI chest without IV contrast,0 mSvO,0 mSv [ped]O,Usually not appropriate
1531,"Sepsis, chest pain, chest radiography equivocal, next imaging study",3196671,CT chest without and with IV contrast,1-10 mSv☢☢☢,3-10 mSv [ped]☢☢☢☢,Usually not appropriate
1532,"Sepsis, chest pain, chest radiography equivocal, next imaging study",3196671,FDG-PET/CT skull base to mid-thigh,10-30 mSv☢☢☢☢,3-10 mSv [ped]☢☢☢☢,Usually not appropriate
1533,"Sepsis, chest pain, chest radiography normal, next imaging study",3196670,CT chest with IV contrast,1-10 mSv☢☢☢,3-10 mSv [ped]☢☢☢☢,Usually appropriate
1534,"Sepsis, chest pain, chest radiography normal, next imaging study",3196670,CT chest without IV contrast,1-10 mSv☢☢☢,3-10 mSv [ped]☢☢☢☢,Usually appropriate
1535,"Sepsis, chest pain, chest radiography normal, next imaging study",3196670,MRI chest without and with IV contrast,0 mSvO,0 mSv [ped]O,Usually not appropriate
1536,"Sepsis, chest pain, chest radiography normal, next imaging study",3196670,MRI chest without IV contrast,0 mSvO,0 mSv [ped]O,Usually not appropriate
1537,"Sepsis, chest pain, chest radiography normal, next imaging study",3196670,CT chest without and with IV contrast,1-10 mSv☢☢☢,3-10 mSv [ped]☢☢☢☢,Usually not appropriate
1538,"Sepsis, chest pain, chest radiography normal, next imaging study",3196670,FDG-PET/CT skull base to mid-thigh,10-30 mSv☢☢☢☢,3-10 mSv [ped]☢☢☢☢,Usually not appropriate
1539,"Sepsis, chest pain, initial imaging",3196653,Radiography chest,<0.1 mSv☢,<0.03 mSv [ped]☢,Usually appropriate
1540,"Sepsis, chest pain, initial imaging",3196653,CT chest with IV contrast,1-10 mSv☢☢☢,3-10 mSv [ped]☢☢☢☢,May be appropriate
1541,"Sepsis, chest pain, initial imaging",3196653,CT chest without IV contrast,1-10 mSv☢☢☢,3-10 mSv [ped]☢☢☢☢,May be appropriate
1542,"Sepsis, chest pain, initial imaging",3196653,MRI chest without and with IV contrast,0 mSvO,0 mSv [ped]O,Usually not appropriate
1543,"Sepsis, chest pain, initial imaging",3196653,MRI chest without IV contrast,0 mSvO,0 mSv [ped]O,Usually not appropriate
1544,"Sepsis, chest pain, initial imaging",3196653,CT chest without and with IV contrast,1-10 mSv☢☢☢,3-10 mSv [ped]☢☢☢☢,Usually not appropriate
1545,"Sepsis, chest pain, initial imaging",3196653,FDG-PET/CT skull base to mid-thigh,10-30 mSv☢☢☢☢,3-10 mSv [ped]☢☢☢☢,Usually not appropriate
1546,"Sepsis, cough, chest radiography equivocal, next imaging study",3196665,CT chest with IV contrast,1-10 mSv☢☢☢,3-10 mSv [ped]☢☢☢☢,Usually appropriate
1547,"Sepsis, cough, chest radiography equivocal, next imaging study",3196665,CT chest without IV contrast,1-10 mSv☢☢☢,3-10 mSv [ped]☢☢☢☢,Usually appropriate
1548,"Sepsis, cough, chest radiography equivocal, next imaging study",3196665,MRI chest without and with IV contrast,0 mSvO,0 mSv [ped]O,Usually not appropriate
1549,"Sepsis, cough, chest radiography equivocal, next imaging study",3196665,MRI chest without IV contrast,0 mSvO,0 mSv [ped]O,Usually not appropriate
1550,"Sepsis, cough, chest radiography equivocal, next imaging study",3196665,CT chest without and with IV contrast,1-10 mSv☢☢☢,3-10 mSv [ped]☢☢☢☢,Usually not appropriate
1551,"Sepsis, cough, chest radiography equivocal, next imaging study",3196665,FDG-PET/CT skull base to mid-thigh,10-30 mSv☢☢☢☢,3-10 mSv [ped]☢☢☢☢,Usually not appropriate
1552,"Sepsis, cough, chest radiography nonspecific, next imaging study",3196666,CT chest with IV contrast,1-10 mSv☢☢☢,3-10 mSv [ped]☢☢☢☢,Usually appropriate
1553,"Sepsis, cough, chest radiography nonspecific, next imaging study",3196666,CT chest without IV contrast,1-10 mSv☢☢☢,3-10 mSv [ped]☢☢☢☢,Usually appropriate
1554,"Sepsis, cough, chest radiography nonspecific, next imaging study",3196666,MRI chest without and with IV contrast,0 mSvO,0 mSv [ped]O,Usually not appropriate
1555,"Sepsis, cough, chest radiography nonspecific, next imaging study",3196666,MRI chest without IV contrast,0 mSvO,0 mSv [ped]O,Usually not appropriate
1556,"Sepsis, cough, chest radiography nonspecific, next imaging study",3196666,CT chest without and with IV contrast,1-10 mSv☢☢☢,3-10 mSv [ped]☢☢☢☢,Usually not appropriate
1557,"Sepsis, cough, chest radiography nonspecific, next imaging study",3196666,FDG-PET/CT skull base to mid-thigh,10-30 mSv☢☢☢☢,3-10 mSv [ped]☢☢☢☢,Usually not appropriate
1558,"Sepsis, cough, chest radiography normal, next imaging study",3196664,CT chest with IV contrast,1-10 mSv☢☢☢,3-10 mSv [ped]☢☢☢☢,Usually appropriate
1559,"Sepsis, cough, chest radiography normal, next imaging study",3196664,CT chest without IV contrast,1-10 mSv☢☢☢,3-10 mSv [ped]☢☢☢☢,Usually appropriate
1560,"Sepsis, cough, chest radiography normal, next imaging study",3196664,MRI chest without and with IV contrast,0 mSvO,0 mSv [ped]O,Usually not appropriate
1561,"Sepsis, cough, chest radiography normal, next imaging study",3196664,MRI chest without IV contrast,0 mSvO,0 mSv [ped]O,Usually not appropriate
1562,"Sepsis, cough, chest radiography normal, next imaging study",3196664,CT chest without and with IV contrast,1-10 mSv☢☢☢,3-10 mSv [ped]☢☢☢☢,Usually not appropriate
1563,"Sepsis, cough, chest radiography normal, next imaging study",3196664,FDG-PET/CT skull base to mid-thigh,10-30 mSv☢☢☢☢,3-10 mSv [ped]☢☢☢☢,Usually not appropriate
1564,"Sepsis, cough, initial imaging",3196651,Radiography chest,<0.1 mSv☢,<0.03 mSv [ped]☢,Usually appropriate
1565,"Sepsis, cough, initial imaging",3196651,CT chest with IV contrast,1-10 mSv☢☢☢,3-10 mSv [ped]☢☢☢☢,May be appropriate
1566,"Sepsis, cough, initial imaging",3196651,CT chest without IV contrast,1-10 mSv☢☢☢,3-10 mSv [ped]☢☢☢☢,May be appropriate
1567,"Sepsis, cough, initial imaging",3196651,MRI chest without and with IV contrast,0 mSvO,0 mSv [ped]O,Usually not appropriate
1568,"Sepsis, cough, initial imaging",3196651,MRI chest without IV contrast,0 mSvO,0 mSv [ped]O,Usually not appropriate
1569,"Sepsis, cough, initial imaging",3196651,CT chest without and with IV contrast,1-10 mSv☢☢☢,3-10 mSv [ped]☢☢☢☢,Usually not appropriate
1570,"Sepsis, cough, initial imaging",3196651,FDG-PET/CT skull base to mid-thigh,10-30 mSv☢☢☢☢,3-10 mSv [ped]☢☢☢☢,Usually not appropriate
1571,"Sepsis, dyspnea, chest radiography equivocal, next imaging study",3196668,CT chest with IV contrast,1-10 mSv☢☢☢,3-10 mSv [ped]☢☢☢☢,Usually appropriate
1572,"Sepsis, dyspnea, chest radiography equivocal, next imaging study",3196668,CT chest without IV contrast,1-10 mSv☢☢☢,3-10 mSv [ped]☢☢☢☢,Usually appropriate
1573,"Sepsis, dyspnea, chest radiography equivocal, next imaging study",3196668,MRI chest without and with IV contrast,0 mSvO,0 mSv [ped]O,Usually not appropriate
1574,"Sepsis, dyspnea, chest radiography equivocal, next imaging study",3196668,MRI chest without IV contrast,0 mSvO,0 mSv [ped]O,Usually not appropriate
1575,"Sepsis, dyspnea, chest radiography equivocal, next imaging study",3196668,CT chest without and with IV contrast,1-10 mSv☢☢☢,3-10 mSv [ped]☢☢☢☢,Usually not appropriate
1576,"Sepsis, dyspnea, chest radiography equivocal, next imaging study",3196668,FDG-PET/CT skull base to mid-thigh,10-30 mSv☢☢☢☢,3-10 mSv [ped]☢☢☢☢,Usually not appropriate
1577,"Sepsis, dyspnea, chest radiography nonspecific, next imaging study",3196669,CT chest with IV contrast,1-10 mSv☢☢☢,3-10 mSv [ped]☢☢☢☢,Usually appropriate
1578,"Sepsis, dyspnea, chest radiography nonspecific, next imaging study",3196669,CT chest without IV contrast,1-10 mSv☢☢☢,3-10 mSv [ped]☢☢☢☢,Usually appropriate
1579,"Sepsis, dyspnea, chest radiography nonspecific, next imaging study",3196669,MRI chest without and with IV contrast,0 mSvO,0 mSv [ped]O,Usually not appropriate
1580,"Sepsis, dyspnea, chest radiography nonspecific, next imaging study",3196669,MRI chest without IV contrast,0 mSvO,0 mSv [ped]O,Usually not appropriate
1581,"Sepsis, dyspnea, chest radiography nonspecific, next imaging study",3196669,CT chest without and with IV contrast,1-10 mSv☢☢☢,3-10 mSv [ped]☢☢☢☢,Usually not appropriate
1582,"Sepsis, dyspnea, chest radiography nonspecific, next imaging study",3196669,FDG-PET/CT skull base to mid-thigh,10-30 mSv☢☢☢☢,3-10 mSv [ped]☢☢☢☢,Usually not appropriate
1583,"Sepsis, dyspnea, chest radiography normal, next imaging study",3196667,CT chest with IV contrast,1-10 mSv☢☢☢,3-10 mSv [ped]☢☢☢☢,Usually appropriate
1584,"Sepsis, dyspnea, chest radiography normal, next imaging study",3196667,CT chest without IV contrast,1-10 mSv☢☢☢,3-10 mSv [ped]☢☢☢☢,Usually appropriate
1585,"Sepsis, dyspnea, chest radiography normal, next imaging study",3196667,MRI chest without and with IV contrast,0 mSvO,0 mSv [ped]O,Usually not appropriate
1586,"Sepsis, dyspnea, chest radiography normal, next imaging study",3196667,MRI chest without IV contrast,0 mSvO,0 mSv [ped]O,Usually not appropriate
1587,"Sepsis, dyspnea, chest radiography normal, next imaging study",3196667,CT chest without and with IV contrast,1-10 mSv☢☢☢,3-10 mSv [ped]☢☢☢☢,Usually not appropriate
1588,"Sepsis, dyspnea, chest radiography normal, next imaging study",3196667,FDG-PET/CT skull base to mid-thigh,10-30 mSv☢☢☢☢,3-10 mSv [ped]☢☢☢☢,Usually not appropriate
1589,"Sepsis, dyspnea, initial imaging",3196652,Radiography chest,<0.1 mSv☢,<0.03 mSv [ped]☢,Usually appropriate
1590,"Sepsis, dyspnea, initial imaging",3196652,CT chest with IV contrast,1-10 mSv☢☢☢,3-10 mSv [ped]☢☢☢☢,May be appropriate
1591,"Sepsis, dyspnea, initial imaging",3196652,CT chest without IV contrast,1-10 mSv☢☢☢,3-10 mSv [ped]☢☢☢☢,May be appropriate
1592,"Sepsis, dyspnea, initial imaging",3196652,MRI chest without and with IV contrast,0 mSvO,0 mSv [ped]O,Usually not appropriate
1593,"Sepsis, dyspnea, initial imaging",3196652,MRI chest without IV contrast,0 mSvO,0 mSv [ped]O,Usually not appropriate
1594,"Sepsis, dyspnea, initial imaging",3196652,CT chest without and with IV contrast,1-10 mSv☢☢☢,3-10 mSv [ped]☢☢☢☢,Usually not appropriate
1595,"Sepsis, dyspnea, initial imaging",3196652,FDG-PET/CT skull base to mid-thigh,10-30 mSv☢☢☢☢,3-10 mSv [ped]☢☢☢☢,Usually not appropriate
1596,"Sepsis, non specific symptoms, unknown origin, chest radiography equivocal, next imaging study",3196686,CT abdomen and pelvis with IV contrast,1-10 mSv☢☢☢,3-10 mSv [ped]☢☢☢☢,Usually appropriate
1597,"Sepsis, non specific symptoms, unknown origin, chest radiography equivocal, next imaging study",3196686,US abdomen,0 mSvO,0 mSv [ped]O,May be appropriate
1598,"Sepsis, non specific symptoms, unknown origin, chest radiography equivocal, next imaging study",3196686,CT abdomen and pelvis without IV contrast,1-10 mSv☢☢☢,3-10 mSv [ped]☢☢☢☢,May be appropriate (Disagreement)
1599,"Sepsis, non specific symptoms, unknown origin, chest radiography equivocal, next imaging study",3196686,CT chest with IV contrast,1-10 mSv☢☢☢,3-10 mSv [ped]☢☢☢☢,May be appropriate
1600,"Sepsis, non specific symptoms, unknown origin, chest radiography equivocal, next imaging study",3196686,CT chest without IV contrast,1-10 mSv☢☢☢,3-10 mSv [ped]☢☢☢☢,May be appropriate
1601,"Sepsis, non specific symptoms, unknown origin, chest radiography equivocal, next imaging study",3196686,CT chest abdomen pelvis with IV contrast,10-30 mSv☢☢☢☢,3-10 mSv [ped]☢☢☢☢,May be appropriate (Disagreement)
1602,"Sepsis, non specific symptoms, unknown origin, chest radiography equivocal, next imaging study",3196686,CT chest abdomen pelvis without IV contrast,10-30 mSv☢☢☢☢,3-10 mSv [ped]☢☢☢☢,May be appropriate (Disagreement)
1603,"Sepsis, non specific symptoms, unknown origin, chest radiography equivocal, next imaging study",3196686,Radiography abdomen,0.1-1mSv☢☢,0.03-0.3 mSv [ped]☢☢,Usually not appropriate
1604,"Sepsis, non specific symptoms, unknown origin, chest radiography equivocal, next imaging study",3196686,Fluoroscopy contrast enema,1-10 mSv☢☢☢,3-10 mSv [ped]☢☢☢☢,Usually not appropriate
1605,"Sepsis, non specific symptoms, unknown origin, chest radiography equivocal, next imaging study",3196686,Fluoroscopy upper GI series with small bowel follow-through,1-10 mSv☢☢☢,3-10 mSv [ped]☢☢☢☢,Usually not appropriate
1606,"Sepsis, non specific symptoms, unknown origin, chest radiography equivocal, next imaging study",3196686,MRI abdomen and pelvis without and with IV contrast,0 mSvO,0 mSv [ped]O,Usually not appropriate
1607,"Sepsis, non specific symptoms, unknown origin, chest radiography equivocal, next imaging study",3196686,MRI abdomen and pelvis without IV contrast,0 mSvO,0 mSv [ped]O,Usually not appropriate
1608,"Sepsis, non specific symptoms, unknown origin, chest radiography equivocal, next imaging study",3196686,MRI chest without and with IV contrast,0 mSvO,0 mSv [ped]O,Usually not appropriate
1609,"Sepsis, non specific symptoms, unknown origin, chest radiography equivocal, next imaging study",3196686,MRI chest without IV contrast,0 mSvO,0 mSv [ped]O,Usually not appropriate
1610,"Sepsis, non specific symptoms, unknown origin, chest radiography equivocal, next imaging study",3196686,Nuclear medicine scan gallbladder,0.1-1mSv☢☢,,Usually not appropriate
1611,"Sepsis, non specific symptoms, unknown origin, chest radiography equivocal, next imaging study",3196686,CT chest without and with IV contrast,1-10 mSv☢☢☢,3-10 mSv [ped]☢☢☢☢,Usually not appropriate
1612,"Sepsis, non specific symptoms, unknown origin, chest radiography equivocal, next imaging study",3196686,CT abdomen and pelvis without and with IV contrast,10-30 mSv☢☢☢☢,10-30 mSv [ped]☢☢☢☢☢,Usually not appropriate
1613,"Sepsis, non specific symptoms, unknown origin, chest radiography equivocal, next imaging study",3196686,CT chest abdomen pelvis without and with IV contrast,10-30 mSv☢☢☢☢,10-30 mSv [ped]☢☢☢☢☢,Usually not appropriate
1614,"Sepsis, non specific symptoms, unknown origin, chest radiography equivocal, next imaging study",3196686,FDG-PET/CT skull base to mid-thigh,10-30 mSv☢☢☢☢,3-10 mSv [ped]☢☢☢☢,Usually not appropriate
1615,"Sepsis, non specific symptoms, unknown origin, chest radiography equivocal, next imaging study",3196686,WBC scan abdomen and pelvis,10-30 mSv☢☢☢☢,,Usually not appropriate
1616,"Sepsis, non specific symptoms, unknown origin, chest radiography nonspecific, next imaging study",3196687,CT abdomen and pelvis with IV contrast,1-10 mSv☢☢☢,3-10 mSv [ped]☢☢☢☢,Usually appropriate
1617,"Sepsis, non specific symptoms, unknown origin, chest radiography nonspecific, next imaging study",3196687,US abdomen,0 mSvO,0 mSv [ped]O,May be appropriate
1618,"Sepsis, non specific symptoms, unknown origin, chest radiography nonspecific, next imaging study",3196687,CT abdomen and pelvis without IV contrast,1-10 mSv☢☢☢,3-10 mSv [ped]☢☢☢☢,May be appropriate (Disagreement)
1619,"Sepsis, non specific symptoms, unknown origin, chest radiography nonspecific, next imaging study",3196687,CT chest with IV contrast,1-10 mSv☢☢☢,3-10 mSv [ped]☢☢☢☢,May be appropriate
1620,"Sepsis, non specific symptoms, unknown origin, chest radiography nonspecific, next imaging study",3196687,CT chest without IV contrast,1-10 mSv☢☢☢,3-10 mSv [ped]☢☢☢☢,May be appropriate
1621,"Sepsis, non specific symptoms, unknown origin, chest radiography nonspecific, next imaging study",3196687,CT chest abdomen pelvis with IV contrast,10-30 mSv☢☢☢☢,3-10 mSv [ped]☢☢☢☢,May be appropriate (Disagreement)
1622,"Sepsis, non specific symptoms, unknown origin, chest radiography nonspecific, next imaging study",3196687,CT chest abdomen pelvis without IV contrast,10-30 mSv☢☢☢☢,3-10 mSv [ped]☢☢☢☢,May be appropriate (Disagreement)
1623,"Sepsis, non specific symptoms, unknown origin, chest radiography nonspecific, next imaging study",3196687,Radiography abdomen,0.1-1mSv☢☢,0.03-0.3 mSv [ped]☢☢,Usually not appropriate
1624,"Sepsis, non specific symptoms, unknown origin, chest radiography nonspecific, next imaging study",3196687,Fluoroscopy contrast enema,1-10 mSv☢☢☢,3-10 mSv [ped]☢☢☢☢,Usually not appropriate
1625,"Sepsis, non specific symptoms, unknown origin, chest radiography nonspecific, next imaging study",3196687,Fluoroscopy upper GI series with small bowel follow-through,1-10 mSv☢☢☢,3-10 mSv [ped]☢☢☢☢,Usually not appropriate
1626,"Sepsis, non specific symptoms, unknown origin, chest radiography nonspecific, next imaging study",3196687,MRI abdomen and pelvis without and with IV contrast,0 mSvO,0 mSv [ped]O,Usually not appropriate
1627,"Sepsis, non specific symptoms, unknown origin, chest radiography nonspecific, next imaging study",3196687,MRI abdomen and pelvis without IV contrast,0 mSvO,0 mSv [ped]O,Usually not appropriate
1628,"Sepsis, non specific symptoms, unknown origin, chest radiography nonspecific, next imaging study",3196687,MRI chest without and with IV contrast,0 mSvO,0 mSv [ped]O,Usually not appropriate
1629,"Sepsis, non specific symptoms, unknown origin, chest radiography nonspecific, next imaging study",3196687,MRI chest without IV contrast,0 mSvO,0 mSv [ped]O,Usually not appropriate
1630,"Sepsis, non specific symptoms, unknown origin, chest radiography nonspecific, next imaging study",3196687,Nuclear medicine scan gallbladder,0.1-1mSv☢☢,,Usually not appropriate
1631,"Sepsis, non specific symptoms, unknown origin, chest radiography nonspecific, next imaging study",3196687,CT chest without and with IV contrast,1-10 mSv☢☢☢,3-10 mSv [ped]☢☢☢☢,Usually not appropriate
1632,"Sepsis, non specific symptoms, unknown origin, chest radiography nonspecific, next imaging study",3196687,CT abdomen and pelvis without and with IV contrast,10-30 mSv☢☢☢☢,10-30 mSv [ped]☢☢☢☢☢,Usually not appropriate
1633,"Sepsis, non specific symptoms, unknown origin, chest radiography nonspecific, next imaging study",3196687,CT chest abdomen pelvis without and with IV contrast,10-30 mSv☢☢☢☢,10-30 mSv [ped]☢☢☢☢☢,Usually not appropriate
1634,"Sepsis, non specific symptoms, unknown origin, chest radiography nonspecific, next imaging study",3196687,FDG-PET/CT skull base to mid-thigh,10-30 mSv☢☢☢☢,3-10 mSv [ped]☢☢☢☢,Usually not appropriate
1635,"Sepsis, non specific symptoms, unknown origin, chest radiography nonspecific, next imaging study",3196687,WBC scan abdomen and pelvis,10-30 mSv☢☢☢☢,,Usually not appropriate
1636,"Sepsis, non specific symptoms, unknown origin, chest radiography normal, next imaging study",3196685,CT abdomen and pelvis with IV contrast,1-10 mSv☢☢☢,3-10 mSv [ped]☢☢☢☢,Usually appropriate
1637,"Sepsis, non specific symptoms, unknown origin, chest radiography normal, next imaging study",3196685,US abdomen,0 mSvO,0 mSv [ped]O,May be appropriate
1638,"Sepsis, non specific symptoms, unknown origin, chest radiography normal, next imaging study",3196685,CT abdomen and pelvis without IV contrast,1-10 mSv☢☢☢,3-10 mSv [ped]☢☢☢☢,May be appropriate (Disagreement)
1639,"Sepsis, non specific symptoms, unknown origin, chest radiography normal, next imaging study",3196685,CT chest with IV contrast,1-10 mSv☢☢☢,3-10 mSv [ped]☢☢☢☢,May be appropriate
1640,"Sepsis, non specific symptoms, unknown origin, chest radiography normal, next imaging study",3196685,CT chest without IV contrast,1-10 mSv☢☢☢,3-10 mSv [ped]☢☢☢☢,May be appropriate
1641,"Sepsis, non specific symptoms, unknown origin, chest radiography normal, next imaging study",3196685,CT chest abdomen pelvis with IV contrast,10-30 mSv☢☢☢☢,3-10 mSv [ped]☢☢☢☢,May be appropriate (Disagreement)
1642,"Sepsis, non specific symptoms, unknown origin, chest radiography normal, next imaging study",3196685,CT chest abdomen pelvis without IV contrast,10-30 mSv☢☢☢☢,3-10 mSv [ped]☢☢☢☢,May be appropriate (Disagreement)
1643,"Sepsis, non specific symptoms, unknown origin, chest radiography normal, next imaging study",3196685,Radiography abdomen,0.1-1mSv☢☢,0.03-0.3 mSv [ped]☢☢,Usually not appropriate
1644,"Sepsis, non specific symptoms, unknown origin, chest radiography normal, next imaging study",3196685,Fluoroscopy contrast enema,1-10 mSv☢☢☢,3-10 mSv [ped]☢☢☢☢,Usually not appropriate
1645,"Sepsis, non specific symptoms, unknown origin, chest radiography normal, next imaging study",3196685,Fluoroscopy upper GI series with small bowel follow-through,1-10 mSv☢☢☢,3-10 mSv [ped]☢☢☢☢,Usually not appropriate
1646,"Sepsis, non specific symptoms, unknown origin, chest radiography normal, next imaging study",3196685,MRI abdomen and pelvis without and with IV contrast,0 mSvO,0 mSv [ped]O,Usually not appropriate
1647,"Sepsis, non specific symptoms, unknown origin, chest radiography normal, next imaging study",3196685,MRI abdomen and pelvis without IV contrast,0 mSvO,0 mSv [ped]O,Usually not appropriate
1648,"Sepsis, non specific symptoms, unknown origin, chest radiography normal, next imaging study",3196685,MRI chest without and with IV contrast,0 mSvO,0 mSv [ped]O,Usually not appropriate
1649,"Sepsis, non specific symptoms, unknown origin, chest radiography normal, next imaging study",3196685,MRI chest without IV contrast,0 mSvO,0 mSv [ped]O,Usually not appropriate
1650,"Sepsis, non specific symptoms, unknown origin, chest radiography normal, next imaging study",3196685,Nuclear medicine scan gallbladder,0.1-1mSv☢☢,,Usually not appropriate
1651,"Sepsis, non specific symptoms, unknown origin, chest radiography normal, next imaging study",3196685,CT chest without and with IV contrast,1-10 mSv☢☢☢,3-10 mSv [ped]☢☢☢☢,Usually not appropriate
1652,"Sepsis, non specific symptoms, unknown origin, chest radiography normal, next imaging study",3196685,CT abdomen and pelvis without and with IV contrast,10-30 mSv☢☢☢☢,10-30 mSv [ped]☢☢☢☢☢,Usually not appropriate
1653,"Sepsis, non specific symptoms, unknown origin, chest radiography normal, next imaging study",3196685,CT chest abdomen pelvis without and with IV contrast,10-30 mSv☢☢☢☢,10-30 mSv [ped]☢☢☢☢☢,Usually not appropriate
1654,"Sepsis, non specific symptoms, unknown origin, chest radiography normal, next imaging study",3196685,FDG-PET/CT skull base to mid-thigh,10-30 mSv☢☢☢☢,3-10 mSv [ped]☢☢☢☢,Usually not appropriate
1655,"Sepsis, non specific symptoms, unknown origin, chest radiography normal, next imaging study",3196685,WBC scan abdomen and pelvis,10-30 mSv☢☢☢☢,,Usually not appropriate
1656,"Sepsis, non specific symptoms, unknown origin, initial imaging",3196678,Radiography chest,<0.1 mSv☢,<0.03 mSv [ped]☢,Usually appropriate
1657,"Sepsis, non specific symptoms, unknown origin, initial imaging",3196678,US abdomen,0 mSvO,0 mSv [ped]O,May be appropriate
1658,"Sepsis, non specific symptoms, unknown origin, initial imaging",3196678,CT abdomen and pelvis with IV contrast,1-10 mSv☢☢☢,3-10 mSv [ped]☢☢☢☢,May be appropriate
1659,"Sepsis, non specific symptoms, unknown origin, initial imaging",3196678,CT chest with IV contrast,1-10 mSv☢☢☢,3-10 mSv [ped]☢☢☢☢,May be appropriate
1660,"Sepsis, non specific symptoms, unknown origin, initial imaging",3196678,CT chest without IV contrast,1-10 mSv☢☢☢,3-10 mSv [ped]☢☢☢☢,May be appropriate
1661,"Sepsis, non specific symptoms, unknown origin, initial imaging",3196678,CT chest abdomen pelvis with IV contrast,10-30 mSv☢☢☢☢,3-10 mSv [ped]☢☢☢☢,May be appropriate
1662,"Sepsis, non specific symptoms, unknown origin, initial imaging",3196678,CT chest abdomen pelvis without IV contrast,10-30 mSv☢☢☢☢,3-10 mSv [ped]☢☢☢☢,May be appropriate (Disagreement)
1663,"Sepsis, non specific symptoms, unknown origin, initial imaging",3196678,Radiography abdomen,0.1-1mSv☢☢,0.03-0.3 mSv [ped]☢☢,Usually not appropriate
1664,"Sepsis, non specific symptoms, unknown origin, initial imaging",3196678,Fluoroscopy contrast enema,1-10 mSv☢☢☢,3-10 mSv [ped]☢☢☢☢,Usually not appropriate
1665,"Sepsis, non specific symptoms, unknown origin, initial imaging",3196678,Fluoroscopy upper GI series with small bowel follow-through,1-10 mSv☢☢☢,3-10 mSv [ped]☢☢☢☢,Usually not appropriate
1666,"Sepsis, non specific symptoms, unknown origin, initial imaging",3196678,MRI abdomen and pelvis without and with IV contrast,0 mSvO,0 mSv [ped]O,Usually not appropriate
1667,"Sepsis, non specific symptoms, unknown origin, initial imaging",3196678,MRI abdomen and pelvis without IV contrast,0 mSvO,0 mSv [ped]O,Usually not appropriate
1668,"Sepsis, non specific symptoms, unknown origin, initial imaging",3196678,MRI chest without and with IV contrast,0 mSvO,0 mSv [ped]O,Usually not appropriate
1669,"Sepsis, non specific symptoms, unknown origin, initial imaging",3196678,MRI chest without IV contrast,0 mSvO,0 mSv [ped]O,Usually not appropriate
1670,"Sepsis, non specific symptoms, unknown origin, initial imaging",3196678,Nuclear medicine scan gallbladder,0.1-1mSv☢☢,,Usually not appropriate
1671,"Sepsis, non specific symptoms, unknown origin, initial imaging",3196678,CT abdomen and pelvis without IV contrast,1-10 mSv☢☢☢,3-10 mSv [ped]☢☢☢☢,Usually not appropriate
1672,"Sepsis, non specific symptoms, unknown origin, initial imaging",3196678,CT chest without and with IV contrast,1-10 mSv☢☢☢,3-10 mSv [ped]☢☢☢☢,Usually not appropriate
1673,"Sepsis, non specific symptoms, unknown origin, initial imaging",3196678,CT abdomen and pelvis without and with IV contrast,10-30 mSv☢☢☢☢,10-30 mSv [ped]☢☢☢☢☢,Usually not appropriate
1674,"Sepsis, non specific symptoms, unknown origin, initial imaging",3196678,CT chest abdomen pelvis without and with IV contrast,10-30 mSv☢☢☢☢,10-30 mSv [ped]☢☢☢☢☢,Usually not appropriate
1675,"Sepsis, non specific symptoms, unknown origin, initial imaging",3196678,FDG-PET/CT skull base to mid-thigh,10-30 mSv☢☢☢☢,3-10 mSv [ped]☢☢☢☢,Usually not appropriate
1676,"Sepsis, non specific symptoms, unknown origin, initial imaging",3196678,WBC scan abdomen and pelvis,10-30 mSv☢☢☢☢,,Usually not appropriate
1677,"Small bowel obstruction suspected, acute presentation, initial imaging",3074217,CT abdomen and pelvis with IV contrast,1-10 mSv☢☢☢,3-10 mSv [ped]☢☢☢☢,Usually appropriate
1678,"Small bowel obstruction suspected, acute presentation, initial imaging",3074217,Fluoroscopy small bowel follow-through,1-10 mSv☢☢☢,3-10 mSv [ped]☢☢☢☢,May be appropriate
1679,"Small bowel obstruction suspected, acute presentation, initial imaging",3074217,Radiography abdomen and pelvis,1-10 mSv☢☢☢,0.3-3 mSv [ped]☢☢☢,May be appropriate (Disagreement)
1680,"Small bowel obstruction suspected, acute presentation, initial imaging",3074217,MRI abdomen and pelvis without and with IV contrast,0 mSvO,0 mSv [ped]O,May be appropriate
1681,"Small bowel obstruction suspected, acute presentation, initial imaging",3074217,MRI abdomen and pelvis without IV contrast,0 mSvO,0 mSv [ped]O,May be appropriate
1682,"Small bowel obstruction suspected, acute presentation, initial imaging",3074217,CT abdomen and pelvis without IV contrast,1-10 mSv☢☢☢,3-10 mSv [ped]☢☢☢☢,May be appropriate
1683,"Small bowel obstruction suspected, acute presentation, initial imaging",3074217,US abdomen and pelvis,0 mSvO,0 mSv [ped]O,Usually not appropriate
1684,"Small bowel obstruction suspected, acute presentation, initial imaging",3074217,Fluoroscopy small bowel enteroclysis,1-10 mSv☢☢☢,,Usually not appropriate
1685,"Small bowel obstruction suspected, acute presentation, initial imaging",3074217,MR enteroclysis,0 mSvO,0 mSv [ped]O,Usually not appropriate
1686,"Small bowel obstruction suspected, acute presentation, initial imaging",3074217,MR enterography,0 mSvO,0 mSv [ped]O,Usually not appropriate
1687,"Small bowel obstruction suspected, acute presentation, initial imaging",3074217,CT abdomen and pelvis without and with IV contrast,10-30 mSv☢☢☢☢,10-30 mSv [ped]☢☢☢☢☢,Usually not appropriate
1688,"Small bowel obstruction suspected, acute presentation, initial imaging",3074217,CT enteroclysis,10-30 mSv☢☢☢☢,3-10 mSv [ped]☢☢☢☢,Usually not appropriate
1689,"Small bowel obstruction suspected, acute presentation, initial imaging",3074217,CT enterography,10-30 mSv☢☢☢☢,3-10 mSv [ped]☢☢☢☢,Usually not appropriate
1690,"Small bowel obstruction suspected, intermittent or low grade, indolent presentation",3074218,CT abdomen and pelvis with IV contrast,1-10 mSv☢☢☢,3-10 mSv [ped]☢☢☢☢,Usually appropriate
1691,"Small bowel obstruction suspected, intermittent or low grade, indolent presentation",3074218,CT enterography,10-30 mSv☢☢☢☢,3-10 mSv [ped]☢☢☢☢,Usually appropriate
1692,"Small bowel obstruction suspected, intermittent or low grade, indolent presentation",3074218,Fluoroscopy small bowel enteroclysis,1-10 mSv☢☢☢,,May be appropriate
1693,"Small bowel obstruction suspected, intermittent or low grade, indolent presentation",3074218,Fluoroscopy small bowel follow-through,1-10 mSv☢☢☢,3-10 mSv [ped]☢☢☢☢,May be appropriate
1694,"Small bowel obstruction suspected, intermittent or low grade, indolent presentation",3074218,MR enteroclysis,0 mSvO,0 mSv [ped]O,May be appropriate
1695,"Small bowel obstruction suspected, intermittent or low grade, indolent presentation",3074218,MR enterography,0 mSvO,0 mSv [ped]O,May be appropriate
1696,"Small bowel obstruction suspected, intermittent or low grade, indolent presentation",3074218,MRI abdomen and pelvis without and with IV contrast,0 mSvO,0 mSv [ped]O,May be appropriate
1697,"Small bowel obstruction suspected, intermittent or low grade, indolent presentation",3074218,MRI abdomen and pelvis without IV contrast,0 mSvO,0 mSv [ped]O,May be appropriate
1698,"Small bowel obstruction suspected, intermittent or low grade, indolent presentation",3074218,CT abdomen and pelvis without IV contrast,1-10 mSv☢☢☢,3-10 mSv [ped]☢☢☢☢,May be appropriate
1699,"Small bowel obstruction suspected, intermittent or low grade, indolent presentation",3074218,CT enteroclysis,10-30 mSv☢☢☢☢,3-10 mSv [ped]☢☢☢☢,May be appropriate
1700,"Small bowel obstruction suspected, intermittent or low grade, indolent presentation",3074218,US abdomen and pelvis,0 mSvO,0 mSv [ped]O,Usually not appropriate
1701,"Small bowel obstruction suspected, intermittent or low grade, indolent presentation",3074218,Radiography abdomen and pelvis,1-10 mSv☢☢☢,0.3-3 mSv [ped]☢☢☢,Usually not appropriate
1702,"Small bowel obstruction suspected, intermittent or low grade, indolent presentation",3074218,CT abdomen and pelvis without and with IV contrast,10-30 mSv☢☢☢☢,10-30 mSv [ped]☢☢☢☢☢,Usually not appropriate
1703,"Upper GI bleeding suspected, nonvariceal, no endoscopy, initial imaging",3102193,CTA abdomen and pelvis without and with IV contrast,10-30 mSv☢☢☢☢,,Usually appropriate
1704,"Upper GI bleeding suspected, nonvariceal, no endoscopy, initial imaging",3102193,Arteriography visceral,1-10 mSv☢☢☢,,May be appropriate
1705,"Upper GI bleeding suspected, nonvariceal, no endoscopy, initial imaging",3102193,Fluoroscopy upper GI series,1-10 mSv☢☢☢,0.3-3 mSv [ped]☢☢☢,Usually not appropriate
1706,"Upper GI bleeding suspected, nonvariceal, no endoscopy, initial imaging",3102193,MR enterography,0 mSvO,0 mSv [ped]O,Usually not appropriate
1707,"Upper GI bleeding suspected, nonvariceal, no endoscopy, initial imaging",3102193,CT abdomen and pelvis with IV contrast,1-10 mSv☢☢☢,3-10 mSv [ped]☢☢☢☢,Usually not appropriate
1708,"Upper GI bleeding suspected, nonvariceal, no endoscopy, initial imaging",3102193,CT abdomen and pelvis without IV contrast,1-10 mSv☢☢☢,3-10 mSv [ped]☢☢☢☢,Usually not appropriate
1709,"Upper GI bleeding suspected, nonvariceal, no endoscopy, initial imaging",3102193,CT abdomen with IV contrast,1-10 mSv☢☢☢,3-10 mSv [ped]☢☢☢☢,Usually not appropriate
1710,"Upper GI bleeding suspected, nonvariceal, no endoscopy, initial imaging",3102193,CT abdomen without IV contrast,1-10 mSv☢☢☢,3-10 mSv [ped]☢☢☢☢,Usually not appropriate
1711,"Upper GI bleeding suspected, nonvariceal, no endoscopy, initial imaging",3102193,CTA abdomen with IV contrast,1-10 mSv☢☢☢,,Usually not appropriate
1712,"Upper GI bleeding suspected, nonvariceal, no endoscopy, initial imaging",3102193,CTA chest with IV contrast,1-10 mSv☢☢☢,3-10 mSv [ped]☢☢☢☢,Usually not appropriate
1713,"Upper GI bleeding suspected, nonvariceal, no endoscopy, initial imaging",3102193,CTA chest without and with IV contrast,1-10 mSv☢☢☢,,Usually not appropriate
1714,"Upper GI bleeding suspected, nonvariceal, no endoscopy, initial imaging",3102193,RBC scan abdomen and pelvis,1-10 mSv☢☢☢,,Usually not appropriate
1715,"Upper GI bleeding suspected, nonvariceal, no endoscopy, initial imaging",3102193,CT abdomen and pelvis without and with IV contrast,10-30 mSv☢☢☢☢,10-30 mSv [ped]☢☢☢☢☢,Usually not appropriate
1716,"Upper GI bleeding suspected, nonvariceal, no endoscopy, initial imaging",3102193,CT abdomen without and with IV contrast,10-30 mSv☢☢☢☢,10-30 mSv [ped]☢☢☢☢☢,Usually not appropriate
1717,"Upper GI bleeding suspected, nonvariceal, no endoscopy, initial imaging",3102193,CT enterography,10-30 mSv☢☢☢☢,3-10 mSv [ped]☢☢☢☢,Usually not appropriate
1718,"Upper GI bleeding suspected, nonvariceal, no endoscopy, initial imaging",3102193,CTA abdomen and pelvis with IV contrast,10-30 mSv☢☢☢☢,,Usually not appropriate
1719,"Upper GI bleeding suspected, nonvariceal, no endoscopy, initial imaging",3102193,CTA abdomen without and with IV contrast,10-30 mSv☢☢☢☢,,Usually not appropriate
1720,"Upper GI bleeding, nonvariceal, clear source on endoscopy, continued bleeding after treatment, initial imaging",3197481,Arteriography visceral,1-10 mSv☢☢☢,,Usually appropriate
1721,"Upper GI bleeding, nonvariceal, clear source on endoscopy, continued bleeding after treatment, initial imaging",3197481,CTA abdomen and pelvis without and with IV contrast,10-30 mSv☢☢☢☢,,Usually appropriate
1722,"Upper GI bleeding, nonvariceal, clear source on endoscopy, continued bleeding after treatment, initial imaging",3197481,CTA chest without and with IV contrast,1-10 mSv☢☢☢,,May be appropriate
1723,"Upper GI bleeding, nonvariceal, clear source on endoscopy, continued bleeding after treatment, initial imaging",3197481,CTA abdomen without and with IV contrast,10-30 mSv☢☢☢☢,,May be appropriate
1724,"Upper GI bleeding, nonvariceal, clear source on endoscopy, continued bleeding after treatment, initial imaging",3197481,Fluoroscopy upper GI series,1-10 mSv☢☢☢,0.3-3 mSv [ped]☢☢☢,Usually not appropriate
1725,"Upper GI bleeding, nonvariceal, clear source on endoscopy, continued bleeding after treatment, initial imaging",3197481,MR enterography,0 mSvO,0 mSv [ped]O,Usually not appropriate
1726,"Upper GI bleeding, nonvariceal, clear source on endoscopy, continued bleeding after treatment, initial imaging",3197481,CT abdomen and pelvis with IV contrast,1-10 mSv☢☢☢,3-10 mSv [ped]☢☢☢☢,Usually not appropriate
1727,"Upper GI bleeding, nonvariceal, clear source on endoscopy, continued bleeding after treatment, initial imaging",3197481,CT abdomen and pelvis without IV contrast,1-10 mSv☢☢☢,3-10 mSv [ped]☢☢☢☢,Usually not appropriate
1728,"Upper GI bleeding, nonvariceal, clear source on endoscopy, continued bleeding after treatment, initial imaging",3197481,CT abdomen with IV contrast,1-10 mSv☢☢☢,3-10 mSv [ped]☢☢☢☢,Usually not appropriate
1729,"Upper GI bleeding, nonvariceal, clear source on endoscopy, continued bleeding after treatment, initial imaging",3197481,CT abdomen without IV contrast,1-10 mSv☢☢☢,3-10 mSv [ped]☢☢☢☢,Usually not appropriate
1730,"Upper GI bleeding, nonvariceal, clear source on endoscopy, continued bleeding after treatment, initial imaging",3197481,CTA abdomen with IV contrast,1-10 mSv☢☢☢,,Usually not appropriate
1731,"Upper GI bleeding, nonvariceal, clear source on endoscopy, continued bleeding after treatment, initial imaging",3197481,CTA chest with IV contrast,1-10 mSv☢☢☢,3-10 mSv [ped]☢☢☢☢,Usually not appropriate
1732,"Upper GI bleeding, nonvariceal, clear source on endoscopy, continued bleeding after treatment, initial imaging",3197481,RBC scan abdomen and pelvis,1-10 mSv☢☢☢,,Usually not appropriate
1733,"Upper GI bleeding, nonvariceal, clear source on endoscopy, continued bleeding after treatment, initial imaging",3197481,CT abdomen and pelvis without and with IV contrast,10-30 mSv☢☢☢☢,10-30 mSv [ped]☢☢☢☢☢,Usually not appropriate
1734,"Upper GI bleeding, nonvariceal, clear source on endoscopy, continued bleeding after treatment, initial imaging",3197481,CT abdomen without and with IV contrast,10-30 mSv☢☢☢☢,10-30 mSv [ped]☢☢☢☢☢,Usually not appropriate
1735,"Upper GI bleeding, nonvariceal, clear source on endoscopy, continued bleeding after treatment, initial imaging",3197481,CT enterography,10-30 mSv☢☢☢☢,3-10 mSv [ped]☢☢☢☢,Usually not appropriate
1736,"Upper GI bleeding, nonvariceal, clear source on endoscopy, continued bleeding after treatment, initial imaging",3197481,CTA abdomen and pelvis with IV contrast,10-30 mSv☢☢☢☢,,Usually not appropriate
1737,"Upper GI bleeding, nonvariceal, clear source on endoscopy, treatment not possible, initial imaging",3102194,Arteriography visceral,1-10 mSv☢☢☢,,Usually appropriate
1738,"Upper GI bleeding, nonvariceal, clear source on endoscopy, treatment not possible, initial imaging",3102194,CTA abdomen and pelvis without and with IV contrast,10-30 mSv☢☢☢☢,,Usually appropriate
1739,"Upper GI bleeding, nonvariceal, clear source on endoscopy, treatment not possible, initial imaging",3102194,CTA chest without and with IV contrast,1-10 mSv☢☢☢,,May be appropriate
1740,"Upper GI bleeding, nonvariceal, clear source on endoscopy, treatment not possible, initial imaging",3102194,CTA abdomen without and with IV contrast,10-30 mSv☢☢☢☢,,May be appropriate
1741,"Upper GI bleeding, nonvariceal, clear source on endoscopy, treatment not possible, initial imaging",3102194,Fluoroscopy upper GI series,1-10 mSv☢☢☢,0.3-3 mSv [ped]☢☢☢,Usually not appropriate
1742,"Upper GI bleeding, nonvariceal, clear source on endoscopy, treatment not possible, initial imaging",3102194,MR enterography,0 mSvO,0 mSv [ped]O,Usually not appropriate
1743,"Upper GI bleeding, nonvariceal, clear source on endoscopy, treatment not possible, initial imaging",3102194,CT abdomen and pelvis with IV contrast,1-10 mSv☢☢☢,3-10 mSv [ped]☢☢☢☢,Usually not appropriate
1744,"Upper GI bleeding, nonvariceal, clear source on endoscopy, treatment not possible, initial imaging",3102194,CT abdomen and pelvis without IV contrast,1-10 mSv☢☢☢,3-10 mSv [ped]☢☢☢☢,Usually not appropriate
1745,"Upper GI bleeding, nonvariceal, clear source on endoscopy, treatment not possible, initial imaging",3102194,CT abdomen with IV contrast,1-10 mSv☢☢☢,3-10 mSv [ped]☢☢☢☢,Usually not appropriate
1746,"Upper GI bleeding, nonvariceal, clear source on endoscopy, treatment not possible, initial imaging",3102194,CT abdomen without IV contrast,1-10 mSv☢☢☢,3-10 mSv [ped]☢☢☢☢,Usually not appropriate
1747,"Upper GI bleeding, nonvariceal, clear source on endoscopy, treatment not possible, initial imaging",3102194,CTA abdomen with IV contrast,1-10 mSv☢☢☢,,Usually not appropriate
1748,"Upper GI bleeding, nonvariceal, clear source on endoscopy, treatment not possible, initial imaging",3102194,CTA chest with IV contrast,1-10 mSv☢☢☢,3-10 mSv [ped]☢☢☢☢,Usually not appropriate
1749,"Upper GI bleeding, nonvariceal, clear source on endoscopy, treatment not possible, initial imaging",3102194,RBC scan abdomen and pelvis,1-10 mSv☢☢☢,,Usually not appropriate
1750,"Upper GI bleeding, nonvariceal, clear source on endoscopy, treatment not possible, initial imaging",3102194,CT abdomen and pelvis without and with IV contrast,10-30 mSv☢☢☢☢,10-30 mSv [ped]☢☢☢☢☢,Usually not appropriate
1751,"Upper GI bleeding, nonvariceal, clear source on endoscopy, treatment not possible, initial imaging",3102194,CT abdomen without and with IV contrast,10-30 mSv☢☢☢☢,10-30 mSv [ped]☢☢☢☢☢,Usually not appropriate
1752,"Upper GI bleeding, nonvariceal, clear source on endoscopy, treatment not possible, initial imaging",3102194,CT enterography,10-30 mSv☢☢☢☢,3-10 mSv [ped]☢☢☢☢,Usually not appropriate
1753,"Upper GI bleeding, nonvariceal, clear source on endoscopy, treatment not possible, initial imaging",3102194,CTA abdomen and pelvis with IV contrast,10-30 mSv☢☢☢☢,,Usually not appropriate
1754,"Upper GI bleeding, nonvariceal, endoscopy negative, initial imaging",3102196,CT enterography,10-30 mSv☢☢☢☢,3-10 mSv [ped]☢☢☢☢,Usually appropriate
1755,"Upper GI bleeding, nonvariceal, endoscopy negative, initial imaging",3102196,CTA abdomen and pelvis without and with IV contrast,10-30 mSv☢☢☢☢,,Usually appropriate
1756,"Upper GI bleeding, nonvariceal, endoscopy negative, initial imaging",3102196,MR enterography,0 mSvO,0 mSv [ped]O,May be appropriate
1757,"Upper GI bleeding, nonvariceal, endoscopy negative, initial imaging",3102196,RBC scan abdomen and pelvis,1-10 mSv☢☢☢,,May be appropriate
1758,"Upper GI bleeding, nonvariceal, endoscopy negative, initial imaging",3102196,CT abdomen and pelvis without and with IV contrast,10-30 mSv☢☢☢☢,10-30 mSv [ped]☢☢☢☢☢,May be appropriate
1759,"Upper GI bleeding, nonvariceal, endoscopy negative, initial imaging",3102196,CTA abdomen without and with IV contrast,10-30 mSv☢☢☢☢,,May be appropriate (Disagreement)
1760,"Upper GI bleeding, nonvariceal, endoscopy negative, initial imaging",3102196,Arteriography visceral,1-10 mSv☢☢☢,,Usually not appropriate
1761,"Upper GI bleeding, nonvariceal, endoscopy negative, initial imaging",3102196,Fluoroscopy upper GI series,1-10 mSv☢☢☢,0.3-3 mSv [ped]☢☢☢,Usually not appropriate
1762,"Upper GI bleeding, nonvariceal, endoscopy negative, initial imaging",3102196,CT abdomen and pelvis with IV contrast,1-10 mSv☢☢☢,3-10 mSv [ped]☢☢☢☢,Usually not appropriate
1763,"Upper GI bleeding, nonvariceal, endoscopy negative, initial imaging",3102196,CT abdomen and pelvis without IV contrast,1-10 mSv☢☢☢,3-10 mSv [ped]☢☢☢☢,Usually not appropriate
1764,"Upper GI bleeding, nonvariceal, endoscopy negative, initial imaging",3102196,CT abdomen with IV contrast,1-10 mSv☢☢☢,3-10 mSv [ped]☢☢☢☢,Usually not appropriate
1765,"Upper GI bleeding, nonvariceal, endoscopy negative, initial imaging",3102196,CT abdomen without IV contrast,1-10 mSv☢☢☢,3-10 mSv [ped]☢☢☢☢,Usually not appropriate
1766,"Upper GI bleeding, nonvariceal, endoscopy negative, initial imaging",3102196,CTA abdomen with IV contrast,1-10 mSv☢☢☢,,Usually not appropriate
1767,"Upper GI bleeding, nonvariceal, endoscopy negative, initial imaging",3102196,CTA chest with IV contrast,1-10 mSv☢☢☢,3-10 mSv [ped]☢☢☢☢,Usually not appropriate
1768,"Upper GI bleeding, nonvariceal, endoscopy negative, initial imaging",3102196,CTA chest without and with IV contrast,1-10 mSv☢☢☢,,Usually not appropriate
1769,"Upper GI bleeding, nonvariceal, endoscopy negative, initial imaging",3102196,CT abdomen without and with IV contrast,10-30 mSv☢☢☢☢,10-30 mSv [ped]☢☢☢☢☢,Usually not appropriate
1770,"Upper GI bleeding, nonvariceal, endoscopy negative, initial imaging",3102196,CTA abdomen and pelvis with IV contrast,10-30 mSv☢☢☢☢,,Usually not appropriate
1771,"Upper GI bleeding, nonvariceal, no clear source on endoscopy, initial imaging",3102195,CTA abdomen and pelvis without and with IV contrast,10-30 mSv☢☢☢☢,,Usually appropriate
1772,"Upper GI bleeding, nonvariceal, no clear source on endoscopy, initial imaging",3102195,Arteriography visceral,1-10 mSv☢☢☢,,May be appropriate
1773,"Upper GI bleeding, nonvariceal, no clear source on endoscopy, initial imaging",3102195,CTA chest without and with IV contrast,1-10 mSv☢☢☢,,May be appropriate
1774,"Upper GI bleeding, nonvariceal, no clear source on endoscopy, initial imaging",3102195,RBC scan abdomen and pelvis,1-10 mSv☢☢☢,,May be appropriate
1775,"Upper GI bleeding, nonvariceal, no clear source on endoscopy, initial imaging",3102195,CT enterography,10-30 mSv☢☢☢☢,3-10 mSv [ped]☢☢☢☢,May be appropriate
1776,"Upper GI bleeding, nonvariceal, no clear source on endoscopy, initial imaging",3102195,Fluoroscopy upper GI series,1-10 mSv☢☢☢,0.3-3 mSv [ped]☢☢☢,Usually not appropriate
1777,"Upper GI bleeding, nonvariceal, no clear source on endoscopy, initial imaging",3102195,MR enterography,0 mSvO,0 mSv [ped]O,Usually not appropriate
1778,"Upper GI bleeding, nonvariceal, no clear source on endoscopy, initial imaging",3102195,CT abdomen and pelvis with IV contrast,1-10 mSv☢☢☢,3-10 mSv [ped]☢☢☢☢,Usually not appropriate
1779,"Upper GI bleeding, nonvariceal, no clear source on endoscopy, initial imaging",3102195,CT abdomen and pelvis without IV contrast,1-10 mSv☢☢☢,3-10 mSv [ped]☢☢☢☢,Usually not appropriate
1780,"Upper GI bleeding, nonvariceal, no clear source on endoscopy, initial imaging",3102195,CT abdomen with IV contrast,1-10 mSv☢☢☢,3-10 mSv [ped]☢☢☢☢,Usually not appropriate
1781,"Upper GI bleeding, nonvariceal, no clear source on endoscopy, initial imaging",3102195,CT abdomen without IV contrast,1-10 mSv☢☢☢,3-10 mSv [ped]☢☢☢☢,Usually not appropriate
1782,"Upper GI bleeding, nonvariceal, no clear source on endoscopy, initial imaging",3102195,CTA abdomen with IV contrast,1-10 mSv☢☢☢,,Usually not appropriate
1783,"Upper GI bleeding, nonvariceal, no clear source on endoscopy, initial imaging",3102195,CTA chest with IV contrast,1-10 mSv☢☢☢,3-10 mSv [ped]☢☢☢☢,Usually not appropriate
1784,"Upper GI bleeding, nonvariceal, no clear source on endoscopy, initial imaging",3102195,CT abdomen and pelvis without and with IV contrast,10-30 mSv☢☢☢☢,10-30 mSv [ped]☢☢☢☢☢,Usually not appropriate
1785,"Upper GI bleeding, nonvariceal, no clear source on endoscopy, initial imaging",3102195,CT abdomen without and with IV contrast,10-30 mSv☢☢☢☢,10-30 mSv [ped]☢☢☢☢☢,Usually not appropriate
1786,"Upper GI bleeding, nonvariceal, no clear source on endoscopy, initial imaging",3102195,CTA abdomen and pelvis with IV contrast,10-30 mSv☢☢☢☢,,Usually not appropriate
1787,"Upper GI bleeding, nonvariceal, no clear source on endoscopy, initial imaging",3102195,CTA abdomen without and with IV contrast,10-30 mSv☢☢☢☢,,Usually not appropriate
1788,"Upper GI bleeding, nonvariceal, postsurgical cause, endoscopy contraindicated, initial imaging",3197482,Arteriography visceral,1-10 mSv☢☢☢,,Usually appropriate
1789,"Upper GI bleeding, nonvariceal, postsurgical cause, endoscopy contraindicated, initial imaging",3197482,CTA abdomen and pelvis without and with IV contrast,10-30 mSv☢☢☢☢,,Usually appropriate
1790,"Upper GI bleeding, nonvariceal, postsurgical cause, endoscopy contraindicated, initial imaging",3197482,CT abdomen and pelvis with IV contrast,1-10 mSv☢☢☢,3-10 mSv [ped]☢☢☢☢,May be appropriate
1791,"Upper GI bleeding, nonvariceal, postsurgical cause, endoscopy contraindicated, initial imaging",3197482,CTA chest without and with IV contrast,1-10 mSv☢☢☢,,May be appropriate
1792,"Upper GI bleeding, nonvariceal, postsurgical cause, endoscopy contraindicated, initial imaging",3197482,CT abdomen and pelvis without and with IV contrast,10-30 mSv☢☢☢☢,10-30 mSv [ped]☢☢☢☢☢,May be appropriate
1793,"Upper GI bleeding, nonvariceal, postsurgical cause, endoscopy contraindicated, initial imaging",3197482,CT enterography,10-30 mSv☢☢☢☢,3-10 mSv [ped]☢☢☢☢,May be appropriate
1794,"Upper GI bleeding, nonvariceal, postsurgical cause, endoscopy contraindicated, initial imaging",3197482,Fluoroscopy upper GI series,1-10 mSv☢☢☢,0.3-3 mSv [ped]☢☢☢,Usually not appropriate
1795,"Upper GI bleeding, nonvariceal, postsurgical cause, endoscopy contraindicated, initial imaging",3197482,CT abdomen and pelvis without IV contrast,1-10 mSv☢☢☢,3-10 mSv [ped]☢☢☢☢,Usually not appropriate
1796,"Upper GI bleeding, nonvariceal, postsurgical cause, endoscopy contraindicated, initial imaging",3197482,CT abdomen with IV contrast,1-10 mSv☢☢☢,3-10 mSv [ped]☢☢☢☢,Usually not appropriate
1797,"Upper GI bleeding, nonvariceal, postsurgical cause, endoscopy contraindicated, initial imaging",3197482,CT abdomen without IV contrast,1-10 mSv☢☢☢,3-10 mSv [ped]☢☢☢☢,Usually not appropriate
1798,"Upper GI bleeding, nonvariceal, postsurgical cause, endoscopy contraindicated, initial imaging",3197482,CTA abdomen with IV contrast,1-10 mSv☢☢☢,,Usually not appropriate
1799,"Upper GI bleeding, nonvariceal, postsurgical cause, endoscopy contraindicated, initial imaging",3197482,CTA chest with IV contrast,1-10 mSv☢☢☢,3-10 mSv [ped]☢☢☢☢,Usually not appropriate
1800,"Upper GI bleeding, nonvariceal, postsurgical cause, endoscopy contraindicated, initial imaging",3197482,RBC scan abdomen and pelvis,1-10 mSv☢☢☢,,Usually not appropriate
1801,"Upper GI bleeding, nonvariceal, postsurgical cause, endoscopy contraindicated, initial imaging",3197482,CT abdomen without and with IV contrast,10-30 mSv☢☢☢☢,10-30 mSv [ped]☢☢☢☢☢,Usually not appropriate
1802,"Upper GI bleeding, nonvariceal, postsurgical cause, endoscopy contraindicated, initial imaging",3197482,CTA abdomen and pelvis with IV contrast,10-30 mSv☢☢☢☢,,Usually not appropriate
1803,"Upper GI bleeding, nonvariceal, postsurgical cause, endoscopy contraindicated, initial imaging",3197482,CTA abdomen without and with IV contrast,10-30 mSv☢☢☢☢,,Usually not appropriate
1804,"Upper GI bleeding, nonvariceal, traumatic cause, endoscopy contraindicated, initial imaging",3197483,Arteriography visceral,1-10 mSv☢☢☢,,Usually appropriate
1805,"Upper GI bleeding, nonvariceal, traumatic cause, endoscopy contraindicated, initial imaging",3197483,CTA abdomen and pelvis without and with IV contrast,10-30 mSv☢☢☢☢,,Usually appropriate
1806,"Upper GI bleeding, nonvariceal, traumatic cause, endoscopy contraindicated, initial imaging",3197483,CT abdomen and pelvis with IV contrast,1-10 mSv☢☢☢,3-10 mSv [ped]☢☢☢☢,May be appropriate
1807,"Upper GI bleeding, nonvariceal, traumatic cause, endoscopy contraindicated, initial imaging",3197483,CTA chest without and with IV contrast,1-10 mSv☢☢☢,,May be appropriate
1808,"Upper GI bleeding, nonvariceal, traumatic cause, endoscopy contraindicated, initial imaging",3197483,CT abdomen and pelvis without and with IV contrast,10-30 mSv☢☢☢☢,10-30 mSv [ped]☢☢☢☢☢,May be appropriate
1809,"Upper GI bleeding, nonvariceal, traumatic cause, endoscopy contraindicated, initial imaging",3197483,CT enterography,10-30 mSv☢☢☢☢,3-10 mSv [ped]☢☢☢☢,May be appropriate
1810,"Upper GI bleeding, nonvariceal, traumatic cause, endoscopy contraindicated, initial imaging",3197483,Fluoroscopy upper GI series,1-10 mSv☢☢☢,0.3-3 mSv [ped]☢☢☢,Usually not appropriate
1811,"Upper GI bleeding, nonvariceal, traumatic cause, endoscopy contraindicated, initial imaging",3197483,CT abdomen and pelvis without IV contrast,1-10 mSv☢☢☢,3-10 mSv [ped]☢☢☢☢,Usually not appropriate
1812,"Upper GI bleeding, nonvariceal, traumatic cause, endoscopy contraindicated, initial imaging",3197483,CT abdomen with IV contrast,1-10 mSv☢☢☢,3-10 mSv [ped]☢☢☢☢,Usually not appropriate
1813,"Upper GI bleeding, nonvariceal, traumatic cause, endoscopy contraindicated, initial imaging",3197483,CT abdomen without IV contrast,1-10 mSv☢☢☢,3-10 mSv [ped]☢☢☢☢,Usually not appropriate
1814,"Upper GI bleeding, nonvariceal, traumatic cause, endoscopy contraindicated, initial imaging",3197483,CTA abdomen with IV contrast,1-10 mSv☢☢☢,,Usually not appropriate
1815,"Upper GI bleeding, nonvariceal, traumatic cause, endoscopy contraindicated, initial imaging",3197483,CTA chest with IV contrast,1-10 mSv☢☢☢,3-10 mSv [ped]☢☢☢☢,Usually not appropriate
1816,"Upper GI bleeding, nonvariceal, traumatic cause, endoscopy contraindicated, initial imaging",3197483,RBC scan abdomen and pelvis,1-10 mSv☢☢☢,,Usually not appropriate
1817,"Upper GI bleeding, nonvariceal, traumatic cause, endoscopy contraindicated, initial imaging",3197483,CT abdomen without and with IV contrast,10-30 mSv☢☢☢☢,10-30 mSv [ped]☢☢☢☢☢,Usually not appropriate
1818,"Upper GI bleeding, nonvariceal, traumatic cause, endoscopy contraindicated, initial imaging",3197483,CTA abdomen and pelvis with IV contrast,10-30 mSv☢☢☢☢,,Usually not appropriate
1819,"Upper GI bleeding, nonvariceal, traumatic cause, endoscopy contraindicated, initial imaging",3197483,CTA abdomen without and with IV contrast,10-30 mSv☢☢☢☢,,Usually not appropriate
