panel,scenario-id,scenario-text,scenario-url,sex,age,body-area,priority-clinical-areas
Breast,3110141,"Axillary adenopathy, breast cancer suspected",https://gravitas.acr.org/ACPortal/GetDataForOneScenario?senarioId=3209,Male Only,18 - 150,Breast,
Breast,3194817,"Axillary lump, palpable, new, bilateral, initial axilla imaging",https://gravitas.acr.org/ACPortal/GetDataForOneScenario?senarioId=5930,Female Only,18 - 150,Breast,
Breast,3194815,"Axillary lump, palpable, new, unilateral, initial axilla imaging",https://gravitas.acr.org/ACPortal/GetDataForOneScenario?senarioId=5929,Female Only,18 - 150,Breast,
Breast,3194837,"Axillary node, suspicious on imaging, not mammo or US, next imaging study",https://gravitas.acr.org/ACPortal/GetDataForOneScenario?senarioId=5940,Female Only,18 - 150,Breast,
Breast,3194835,"Axillary node, suspicious on mammo or US, next imaging study",https://gravitas.acr.org/ACPortal/GetDataForOneScenario?senarioId=5939,Female Only,18 - 150,Breast,
Breast,3197142,"Breast cancer screening, >=20-25% estimated lifetime risk",https://gravitas.acr.org/ACPortal/GetDataForOneScenario?senarioId=7515,Female Only,25 - 150,Breast,
Breast,3197137,"Breast cancer screening, 15-20% estimated lifetime risk",https://gravitas.acr.org/ACPortal/GetDataForOneScenario?senarioId=7510,Female Only,30 - 150,Breast,
Breast,3197134,"Breast cancer screening, average risk",https://gravitas.acr.org/ACPortal/GetDataForOneScenario?senarioId=7507,Female Only,40 - 150,Breast,
Breast,3185415,"Breast cancer screening, cancer hx, mastectomy side, no reconstruction",https://gravitas.acr.org/ACPortal/GetDataForOneScenario?senarioId=5366,Female Only,18 - 150,Breast,
Breast,3185416,"Breast cancer screening, cancer hx, mastectomy, autologous reconstruction side",https://gravitas.acr.org/ACPortal/GetDataForOneScenario?senarioId=5367,Female Only,18 - 150,Breast,
Breast,3185417,"Breast cancer screening, cancer hx, mastectomy, nonautologous reconstruction side",https://gravitas.acr.org/ACPortal/GetDataForOneScenario?senarioId=5368,Female Only,18 - 150,Breast,
Breast,3197138,"Breast cancer screening, extremely dense breasts",https://gravitas.acr.org/ACPortal/GetDataForOneScenario?senarioId=7511,Female Only,30 - 150,Breast,
Breast,3197139,"Breast cancer screening, family hx breast cancer",https://gravitas.acr.org/ACPortal/GetDataForOneScenario?senarioId=7512,Female Only,30 - 150,Breast,
Breast,3197141,"Breast cancer screening, high risk",https://gravitas.acr.org/ACPortal/GetDataForOneScenario?senarioId=7514,Female Only,25 - 150,Breast,
Breast,3185419,"Breast cancer screening, high risk, bilateral prophylactic mastectomy, autologous reconstructions",https://gravitas.acr.org/ACPortal/GetDataForOneScenario?senarioId=5370,Female Only,18 - 150,Breast,
Breast,3185418,"Breast cancer screening, high risk, bilateral prophylactic mastectomy, no reconstruction",https://gravitas.acr.org/ACPortal/GetDataForOneScenario?senarioId=5369,Female Only,18 - 150,Breast,
Breast,3185420,"Breast cancer screening, high risk, bilateral prophylactic mastectomy, nonautologous reconstructions",https://gravitas.acr.org/ACPortal/GetDataForOneScenario?senarioId=5371,Female Only,18 - 150,Breast,
Breast,3141514,"Breast cancer screening, high risk, pregnant, initial exam",https://gravitas.acr.org/ACPortal/GetDataForOneScenario?senarioId=3552,Female Only,12 - 29,Breast,
Breast,3197135,"Breast cancer screening, hx of atypical neoplasia prior to 40yo",https://gravitas.acr.org/ACPortal/GetDataForOneScenario?senarioId=7508,Female Only,30 - 150,Breast,
Breast,3197146,"Breast cancer screening, hx of breast cancer",https://gravitas.acr.org/ACPortal/GetDataForOneScenario?senarioId=7519,Female Only,25 - 150,Breast,
Breast,3197140,"Breast cancer screening, hx of lobular neoplasia prior to 40yo",https://gravitas.acr.org/ACPortal/GetDataForOneScenario?senarioId=7513,Female Only,30 - 150,Breast,
Breast,3141515,"Breast cancer screening, intermediate or high risk, pregnant, initial exam",https://gravitas.acr.org/ACPortal/GetDataForOneScenario?senarioId=3553,Female Only,30 - 39,Breast,
Breast,3197136,"Breast cancer screening, intermediate risk",https://gravitas.acr.org/ACPortal/GetDataForOneScenario?senarioId=7509,Female Only,30 - 150,Breast,
Breast,3141513,"Breast cancer screening, lactating, initial exam",https://gravitas.acr.org/ACPortal/GetDataForOneScenario?senarioId=3551,Female Only,10 - 60,Breast,
Breast,3197143,"Breast cancer screening, pathogenic mutation",https://gravitas.acr.org/ACPortal/GetDataForOneScenario?senarioId=7516,Female Only,25 - 150,Breast,
Breast,3197144,"Breast cancer screening, pathogenic mutation in first degree relative, untested",https://gravitas.acr.org/ACPortal/GetDataForOneScenario?senarioId=7517,Female Only,25 - 150,Breast,
Breast,3141516,"Breast cancer screening, pregnant, initial exam",https://gravitas.acr.org/ACPortal/GetDataForOneScenario?senarioId=3554,Female Only,40 - 60,Breast,
Breast,3194281,"Breast cancer screening, supplemental, dense breasts, average risk",https://gravitas.acr.org/ACPortal/GetDataForOneScenario?senarioId=5615,Female Only,30 - 150,Breast,
Breast,3194285,"Breast cancer screening, supplemental, dense breasts, high risk",https://gravitas.acr.org/ACPortal/GetDataForOneScenario?senarioId=5617,Female Only,18 - 150,Breast,
Breast,3194283,"Breast cancer screening, supplemental, dense breasts, intermediate risk",https://gravitas.acr.org/ACPortal/GetDataForOneScenario?senarioId=5616,Female Only,18 - 150,Breast,
Breast,3194275,"Breast cancer screening, supplemental, nondense breasts, average risk",https://gravitas.acr.org/ACPortal/GetDataForOneScenario?senarioId=5612,Female Only,30 - 150,Breast,
Breast,3194279,"Breast cancer screening, supplemental, nondense breasts, high risk",https://gravitas.acr.org/ACPortal/GetDataForOneScenario?senarioId=5614,Female Only,18 - 150,Breast,
Breast,3194277,"Breast cancer screening, supplemental, nondense breasts, intermediate risk",https://gravitas.acr.org/ACPortal/GetDataForOneScenario?senarioId=5613,Female Only,18 - 150,Breast,
Breast,3197145,"Breast cancer screening, thoracic radiation therapy at 10-30yo",https://gravitas.acr.org/ACPortal/GetDataForOneScenario?senarioId=7518,Female Only,25 - 150,Breast,
Breast,3194314,"Breast cancer screening, transfeminine, average risk, current hormone use >=5 yrs",https://gravitas.acr.org/ACPortal/GetDataForOneScenario?senarioId=5633,All,40 - 150,Breast,
Breast,3194330,"Breast cancer screening, transfeminine, average risk, hormone use <5 yrs",https://gravitas.acr.org/ACPortal/GetDataForOneScenario?senarioId=5647,All,40 - 150,Breast,
Breast,3194331,"Breast cancer screening, transfeminine, average risk, no hormone use",https://gravitas.acr.org/ACPortal/GetDataForOneScenario?senarioId=5648,All,40 - 150,Breast,
Breast,3194315,"Breast cancer screening, transfeminine, average risk, past hormone use >=5 yrs",https://gravitas.acr.org/ACPortal/GetDataForOneScenario?senarioId=5634,All,40 - 150,Breast,
Breast,3194321,"Breast cancer screening, transfeminine, higher than average risk, current hormone use >=5 yrs, chest irradiation at 10-30 yo",https://gravitas.acr.org/ACPortal/GetDataForOneScenario?senarioId=5639,All,25 - 150,Breast,
Breast,3194319,"Breast cancer screening, transfeminine, higher than average risk, current hormone use >=5 yrs, family hx breast cancer",https://gravitas.acr.org/ACPortal/GetDataForOneScenario?senarioId=5637,All,25 - 150,Breast,
Breast,3194318,"Breast cancer screening, transfeminine, higher than average risk, current hormone use >=5 yrs, family hx ovarian cancer",https://gravitas.acr.org/ACPortal/GetDataForOneScenario?senarioId=5636,All,25 - 150,Breast,
Breast,3194320,"Breast cancer screening, transfeminine, higher than average risk, current hormone use >=5 yrs, genetic predisposition to breast cancer",https://gravitas.acr.org/ACPortal/GetDataForOneScenario?senarioId=5638,All,25 - 150,Breast,
Breast,3194322,"Breast cancer screening, transfeminine, higher than average risk, current hormone use >=5 yrs, personal hx breast cancer",https://gravitas.acr.org/ACPortal/GetDataForOneScenario?senarioId=5640,All,25 - 150,Breast,
Breast,3194317,"Breast cancer screening, transfeminine, higher than average risk, current hormone use >=5 yrs, untested, genetic predisposition to breast cancer in first degree relative",https://gravitas.acr.org/ACPortal/GetDataForOneScenario?senarioId=5635,All,25 - 150,Breast,
Breast,3194337,"Breast cancer screening, transfeminine, higher than average risk, hormone use <5 yrs, chest irradiation at 10-30yo",https://gravitas.acr.org/ACPortal/GetDataForOneScenario?senarioId=5653,All,25 - 150,Breast,
Breast,3194335,"Breast cancer screening, transfeminine, higher than average risk, hormone use <5 yrs, family hx breast cancer",https://gravitas.acr.org/ACPortal/GetDataForOneScenario?senarioId=5651,All,25 - 150,Breast,
Breast,3194334,"Breast cancer screening, transfeminine, higher than average risk, hormone use <5 yrs, family hx ovarian cancer",https://gravitas.acr.org/ACPortal/GetDataForOneScenario?senarioId=5650,All,25 - 150,Breast,
Breast,3194336,"Breast cancer screening, transfeminine, higher than average risk, hormone use <5 yrs, genetic predisposition to breast cancer",https://gravitas.acr.org/ACPortal/GetDataForOneScenario?senarioId=5652,All,25 - 150,Breast,
Breast,3194338,"Breast cancer screening, transfeminine, higher than average risk, hormone use <5 yrs, personal hx breast cancer",https://gravitas.acr.org/ACPortal/GetDataForOneScenario?senarioId=5654,All,25 - 150,Breast,
Breast,3194343,"Breast cancer screening, transfeminine, higher than average risk, no hormone use, chest irradiation at 10-30 yo",https://gravitas.acr.org/ACPortal/GetDataForOneScenario?senarioId=5659,All,25 - 150,Breast,
Breast,3194341,"Breast cancer screening, transfeminine, higher than average risk, no hormone use, family hx breast cancer",https://gravitas.acr.org/ACPortal/GetDataForOneScenario?senarioId=5657,All,25 - 150,Breast,
Breast,3194340,"Breast cancer screening, transfeminine, higher than average risk, no hormone use, family hx ovarian cancer",https://gravitas.acr.org/ACPortal/GetDataForOneScenario?senarioId=5656,All,25 - 150,Breast,
Breast,3194342,"Breast cancer screening, transfeminine, higher than average risk, no hormone use, genetic predisposition to breast cancer",https://gravitas.acr.org/ACPortal/GetDataForOneScenario?senarioId=5658,All,25 - 150,Breast,
Breast,3194344,"Breast cancer screening, transfeminine, higher than average risk, no hormone use, personal hx breast cancer",https://gravitas.acr.org/ACPortal/GetDataForOneScenario?senarioId=5660,All,25 - 150,Breast,
Breast,3194339,"Breast cancer screening, transfeminine, higher than average risk, no hormone use, untested, genetic predisposition to breast cancer in first degree relative",https://gravitas.acr.org/ACPortal/GetDataForOneScenario?senarioId=5655,All,25 - 150,Breast,
Breast,3194327,"Breast cancer screening, transfeminine, higher than average risk, past hormone use >=5 yrs, chest irradiation at 10-30 yo",https://gravitas.acr.org/ACPortal/GetDataForOneScenario?senarioId=5645,All,25 - 150,Breast,
Breast,3194325,"Breast cancer screening, transfeminine, higher than average risk, past hormone use >=5 yrs, family hx breast cancer",https://gravitas.acr.org/ACPortal/GetDataForOneScenario?senarioId=5643,All,25 - 150,Breast,
Breast,3194324,"Breast cancer screening, transfeminine, higher than average risk, past hormone use >=5 yrs, family hx ovarian cancer",https://gravitas.acr.org/ACPortal/GetDataForOneScenario?senarioId=5642,All,25 - 150,Breast,
Breast,3194326,"Breast cancer screening, transfeminine, higher than average risk, past hormone use >=5 yrs, genetic predisposition to breast cancer",https://gravitas.acr.org/ACPortal/GetDataForOneScenario?senarioId=5644,All,25 - 150,Breast,
Breast,3194328,"Breast cancer screening, transfeminine, higher than average risk, past hormone use >=5 yrs, personal hx breast cancer",https://gravitas.acr.org/ACPortal/GetDataForOneScenario?senarioId=5646,All,25 - 150,Breast,
Breast,3194323,"Breast cancer screening, transfeminine, higher than average risk, past hormone use >=5 yrs, untested, genetic predisposition to breast cancer in first degree relative",https://gravitas.acr.org/ACPortal/GetDataForOneScenario?senarioId=5641,All,25 - 150,Breast,
Breast,3194333,"Breast cancer screening, transfeminine, higher than average risk,hormone use <5 yrs, untested, genetic predisposition to breast cancer in first degree relative",https://gravitas.acr.org/ACPortal/GetDataForOneScenario?senarioId=5649,All,25 - 150,Breast,
Breast,3194346,"Breast cancer screening, transmasculine, any risk, bilateral mastectomies",https://gravitas.acr.org/ACPortal/GetDataForOneScenario?senarioId=5661,All,25 - 150,Breast,
Breast,3194348,"Breast cancer screening, transmasculine, average risk, <15% lifetime risk, no chest surgery",https://gravitas.acr.org/ACPortal/GetDataForOneScenario?senarioId=5662,All,40 - 150,Breast,
Breast,3194349,"Breast cancer screening, transmasculine, average risk, <15% lifetime risk, reduction mammoplasty",https://gravitas.acr.org/ACPortal/GetDataForOneScenario?senarioId=5663,All,40 - 150,Breast,
Breast,3194360,"Breast cancer screening, transmasculine, high risk, no chest surgery, >=20% lifetime risk",https://gravitas.acr.org/ACPortal/GetDataForOneScenario?senarioId=5672,All,25 - 150,Breast,
Breast,3194361,"Breast cancer screening, transmasculine, high risk, no chest surgery, chest irradiation 10-30 yo",https://gravitas.acr.org/ACPortal/GetDataForOneScenario?senarioId=5673,All,25 - 150,Breast,
Breast,3194363,"Breast cancer screening, transmasculine, high risk, no chest surgery, genetic predisposition to breast cancer",https://gravitas.acr.org/ACPortal/GetDataForOneScenario?senarioId=5675,All,25 - 150,Breast,
Breast,3194362,"Breast cancer screening, transmasculine, high risk, no chest surgery, untested, genetic predisposition to breast cancer in first degree relative",https://gravitas.acr.org/ACPortal/GetDataForOneScenario?senarioId=5674,All,25 - 150,Breast,
Breast,3194364,"Breast cancer screening, transmasculine, high risk, reduction mammoplasty, >=20% lifetime risk",https://gravitas.acr.org/ACPortal/GetDataForOneScenario?senarioId=5676,All,25 - 150,Breast,
Breast,3194365,"Breast cancer screening, transmasculine, high risk, reduction mammoplasty, chest irradiation 10-30 yo",https://gravitas.acr.org/ACPortal/GetDataForOneScenario?senarioId=5677,All,25 - 150,Breast,
Breast,3194367,"Breast cancer screening, transmasculine, high risk, reduction mammoplasty, genetic predisposition to breast cancer",https://gravitas.acr.org/ACPortal/GetDataForOneScenario?senarioId=5679,All,25 - 150,Breast,
Breast,3194366,"Breast cancer screening, transmasculine, high risk, reduction mammoplasty, untested, genetic predisposition to breast cancer in first degree relative",https://gravitas.acr.org/ACPortal/GetDataForOneScenario?senarioId=5678,All,25 - 150,Breast,
Breast,3194351,"Breast cancer screening, transmasculine, intermediate risk, no chest surgery, 15-20% lifetime risk",https://gravitas.acr.org/ACPortal/GetDataForOneScenario?senarioId=5664,All,30 - 150,Breast,
Breast,3194352,"Breast cancer screening, transmasculine, intermediate risk, no chest surgery, personal hx atypical ductal hyperplasia",https://gravitas.acr.org/ACPortal/GetDataForOneScenario?senarioId=5665,All,30 - 150,Breast,
Breast,3194354,"Breast cancer screening, transmasculine, intermediate risk, no chest surgery, personal hx breast cancer",https://gravitas.acr.org/ACPortal/GetDataForOneScenario?senarioId=5667,All,30 - 150,Breast,
Breast,3194353,"Breast cancer screening, transmasculine, intermediate risk, no chest surgery, personal hx lobular neoplasia",https://gravitas.acr.org/ACPortal/GetDataForOneScenario?senarioId=5666,All,30 - 150,Breast,
Breast,3194355,"Breast cancer screening, transmasculine, intermediate risk, reduction mammoplasty, 15-20% lifetime risk",https://gravitas.acr.org/ACPortal/GetDataForOneScenario?senarioId=5668,All,30 - 150,Breast,
Breast,3194356,"Breast cancer screening, transmasculine, intermediate risk, reduction mammoplasty, personal hx atypical ductal hyperplasia",https://gravitas.acr.org/ACPortal/GetDataForOneScenario?senarioId=5669,All,30 - 150,Breast,
Breast,3194358,"Breast cancer screening, transmasculine, intermediate risk, reduction mammoplasty, personal hx breast cancer",https://gravitas.acr.org/ACPortal/GetDataForOneScenario?senarioId=5671,All,30 - 150,Breast,
Breast,3194357,"Breast cancer screening, transmasculine, intermediate risk, reduction mammoplasty, personal hx lobular neoplasia",https://gravitas.acr.org/ACPortal/GetDataForOneScenario?senarioId=5670,All,30 - 150,Breast,
Breast,3194819,"Breast cancer, <=2cm, newly diagnosed, clinical node negative, diagnostic mammo or DBT performed, initial axilla imaging",https://gravitas.acr.org/ACPortal/GetDataForOneScenario?senarioId=5931,Female Only,18 - 150,Breast,
Breast,3194821,"Breast cancer, <=2cm, newly diagnosed, clinical node positive, diagnostic mammo or DBT performed, initial axilla imaging",https://gravitas.acr.org/ACPortal/GetDataForOneScenario?senarioId=5932,Female Only,18 - 150,Breast,
Breast,3194829,"Breast cancer, >2cm, clinical node negative, neoadjuvant chemotherapy completed, axilla imaging",https://gravitas.acr.org/ACPortal/GetDataForOneScenario?senarioId=5936,Female Only,18 - 150,Breast,
Breast,3194831,"Breast cancer, >2cm, clinical node positive, neoadjuvant chemotherapy completed, prior to surgery, axilla imaging",https://gravitas.acr.org/ACPortal/GetDataForOneScenario?senarioId=5937,Female Only,18 - 150,Breast,
Breast,3194827,"Breast cancer, >2cm, mid treatment neoadjuvant chemotherapy, initial clinical node negative, new palpable axillary lump, axilla imaging",https://gravitas.acr.org/ACPortal/GetDataForOneScenario?senarioId=5935,Female Only,18 - 150,Breast,
Breast,3194823,"Breast cancer, >2cm, newly diagnosed, clinical node negative, diagnostic mammo or DBT performed, initial axilla imaging",https://gravitas.acr.org/ACPortal/GetDataForOneScenario?senarioId=5933,Female Only,18 - 150,Breast,
Breast,3194825,"Breast cancer, >2cm, newly diagnosed, clinical node positive, diagnostic mammo or DBT performed before treatment, initial axilla imaging",https://gravitas.acr.org/ACPortal/GetDataForOneScenario?senarioId=5934,Female Only,18 - 150,Breast,
Breast,3196767,"Breast cancer, any clinical stage at original presentation, distant disease surveillance",https://gravitas.acr.org/ACPortal/GetDataForOneScenario?senarioId=7305,All,18 - 150,Breast,
Breast,3196769,"Breast cancer, any clinical stage at original presentation, distant recurrence suspected",https://gravitas.acr.org/ACPortal/GetDataForOneScenario?senarioId=7306,All,18 - 150,Breast,
Breast,3196759,"Breast cancer, any clinical stage at original presentation, treated with breast conservation, local recurrence surveillance",https://gravitas.acr.org/ACPortal/GetDataForOneScenario?senarioId=7301,All,18 - 150,Breast,
Breast,3196763,"Breast cancer, any clinical stage at original presentation, treated with breast conservation, local recurrence suspected",https://gravitas.acr.org/ACPortal/GetDataForOneScenario?senarioId=7303,All,18 - 150,Breast,
Breast,3196761,"Breast cancer, any clinical stage at original presentation, treated with mastectomy, local recurrence surveillance",https://gravitas.acr.org/ACPortal/GetDataForOneScenario?senarioId=7302,All,18 - 150,Breast,
Breast,3196765,"Breast cancer, any clinical stage at original presentation, treated with mastectomy, local recurrence suspected",https://gravitas.acr.org/ACPortal/GetDataForOneScenario?senarioId=7304,All,18 - 150,Breast,
Breast,3195965,"Breast cancer, axillary mets suspected on mammo or US or MRI, next imaging study",https://gravitas.acr.org/ACPortal/GetDataForOneScenario?senarioId=6766,All,18 - 150,Breast,
Breast,3195963,"Breast cancer, axillary node positive on prior mammo or US or MRI, post completion neoadjuvant chemo, next imaging study to evaluate axilla",https://gravitas.acr.org/ACPortal/GetDataForOneScenario?senarioId=6765,All,18 - 150,Breast,
Breast,3195959,"Breast cancer, clinically node negative, evaluate axilla, post completion neoadjuvant chemo, initial imaging",https://gravitas.acr.org/ACPortal/GetDataForOneScenario?senarioId=6762,All,18 - 150,Breast,
Breast,3195955,"Breast cancer, clinically node negative, evaluate axilla, prior to neoadjuvant chemo, initial imaging",https://gravitas.acr.org/ACPortal/GetDataForOneScenario?senarioId=6760,All,18 - 150,Breast,
Breast,3195957,"Breast cancer, clinically node positive, evaluate axilla, prior to neoadjuvant chemo, initial imaging",https://gravitas.acr.org/ACPortal/GetDataForOneScenario?senarioId=6761,All,18 - 150,Breast,
Breast,3195951,"Breast cancer, determine tumor size and extent within the breast, prior to neoadjuvant chemo, initial imaging",https://gravitas.acr.org/ACPortal/GetDataForOneScenario?senarioId=6757,All,18 - 150,Breast,
Breast,3195953,"Breast cancer, evaluate breast, post completion neoadjuvant chemo, initial imaging",https://gravitas.acr.org/ACPortal/GetDataForOneScenario?senarioId=6759,All,18 - 150,Breast,
Breast,3195952,"Breast cancer, evaluate breast, post initiation neoadjuvant chemo, initial imaging",https://gravitas.acr.org/ACPortal/GetDataForOneScenario?senarioId=6758,All,18 - 150,Breast,
Breast,3194833,"Breast cancer, locally recurrent, newly diagnosed, diagnostic mammo or DBT performed, initial axilla imaging",https://gravitas.acr.org/ACPortal/GetDataForOneScenario?senarioId=5938,Female Only,18 - 150,Breast,
Breast,3141519,"Breast cancer, locoregional staging, pregnant, initial exam",https://gravitas.acr.org/ACPortal/GetDataForOneScenario?senarioId=3557,Female Only,10 - 60,Breast,
Breast,3195961,"Breast cancer, metastatic disease suspected, post completion neoadjuvant chemo, assess response, initial imaging",https://gravitas.acr.org/ACPortal/GetDataForOneScenario?senarioId=6764,All,18 - 150,Breast,
Breast,3195960,"Breast cancer, metastatic disease suspected, staging, initial imaging",https://gravitas.acr.org/ACPortal/GetDataForOneScenario?senarioId=6763,All,18 - 150,Breast,
Breast,3196755,"Breast cancer, newly diagnosed, clinical stage IIB-III, IDC, ER-/PR-/HER2-, distant disease evaluation",https://gravitas.acr.org/ACPortal/GetDataForOneScenario?senarioId=7298,All,18 - 150,Breast,
Breast,3196751,"Breast cancer, newly diagnosed, clinical stage IIB-III, IDC, ER+/HER2-, distant disease evaluation",https://gravitas.acr.org/ACPortal/GetDataForOneScenario?senarioId=7295,All,18 - 150,Breast,
Breast,3196754,"Breast cancer, newly diagnosed, clinical stage IIB-III, IDC, HER2+, distant disease evaluation",https://gravitas.acr.org/ACPortal/GetDataForOneScenario?senarioId=7297,All,18 - 150,Breast,
Breast,3196757,"Breast cancer, newly diagnosed, clinical stage IIB-III, ILC, ER-/PR-/HER2-, distant disease evaluation",https://gravitas.acr.org/ACPortal/GetDataForOneScenario?senarioId=7300,All,18 - 150,Breast,
Breast,3196752,"Breast cancer, newly diagnosed, clinical stage IIB-III, ILC, ER+/HER2-, distant disease evaluation",https://gravitas.acr.org/ACPortal/GetDataForOneScenario?senarioId=7296,All,18 - 150,Breast,
Breast,3196756,"Breast cancer, newly diagnosed, clinical stage IIB-III, ILC, HER2+, distant disease evaluation",https://gravitas.acr.org/ACPortal/GetDataForOneScenario?senarioId=7299,All,18 - 150,Breast,
Breast,3196749,"Breast cancer, newly diagnosed, clinical stage IIB-III, locoregional disease evaluation",https://gravitas.acr.org/ACPortal/GetDataForOneScenario?senarioId=7294,All,18 - 150,Breast,
Breast,3196747,"Breast cancer, newly diagnosed, clinical stage I-IIA, distant disease evaluation",https://gravitas.acr.org/ACPortal/GetDataForOneScenario?senarioId=7293,All,18 - 150,Breast,
Breast,3196745,"Breast cancer, newly diagnosed, clinical stage I-IIA, locoregional disease evaluation",https://gravitas.acr.org/ACPortal/GetDataForOneScenario?senarioId=7292,All,18 - 150,Breast,
Breast,3195401,"Breast conservation surgery for breast cancer, negative margins, no radiation therapy, asymptomatic, surveillance",https://gravitas.acr.org/ACPortal/GetDataForOneScenario?senarioId=6313,Female Only,18 - 150,Breast,
Breast,3195400,"Breast conservation surgery for breast cancer, negative margins, radiation therapy, asymptomatic, surveillance",https://gravitas.acr.org/ACPortal/GetDataForOneScenario?senarioId=6312,Female Only,18 - 150,Breast,
Breast,3195398,"Breast excision, malignant, positive margins, asymptomatic, postsurgical, initial imaging",https://gravitas.acr.org/ACPortal/GetDataForOneScenario?senarioId=6311,Female Only,18 - 150,Breast,
Breast,3195392,"Breast excision, nonmalignant, asymptomatic, postsurgical, initial imaging",https://gravitas.acr.org/ACPortal/GetDataForOneScenario?senarioId=6308,Female Only,40 - 150,Breast,
Breast,3195394,"Breast excision, nonmalignant, asymptomatic, postsurgical, initial imaging",https://gravitas.acr.org/ACPortal/GetDataForOneScenario?senarioId=6309,Female Only,30 - 39,Breast,
Breast,3195396,"Breast excision, nonmalignant, asymptomatic, postsurgical, initial imaging",https://gravitas.acr.org/ACPortal/GetDataForOneScenario?senarioId=6310,Female Only,18 - 29,Breast,
Breast,3196621,"Breast implant associated anaplastic large cell lymphoma suspected, initial imaging",https://gravitas.acr.org/ACPortal/GetDataForOneScenario?senarioId=7215,All,18 - 150,Breast,
Breast,3141501,"Breast implant evaluation, saline, asymptomatic, initial imaging",https://gravitas.acr.org/ACPortal/GetDataForOneScenario?senarioId=3539,All,18 - 150,Breast,
Breast,3141502,"Breast implant evaluation, saline, clinical exam equivocal for implant rupture, initial imaging",https://gravitas.acr.org/ACPortal/GetDataForOneScenario?senarioId=3540,All,18 - 29,Breast,
Breast,3196608,"Breast implant evaluation, saline, clinical exam equivocal for implant rupture, initial imaging",https://gravitas.acr.org/ACPortal/GetDataForOneScenario?senarioId=7204,All,30 - 39,Breast,
Breast,3196609,"Breast implant evaluation, saline, clinical exam equivocal for implant rupture, initial imaging",https://gravitas.acr.org/ACPortal/GetDataForOneScenario?senarioId=7205,All,40 - 150,Breast,
Breast,3196611,"Breast implant evaluation, silicone, asymptomatic, <5 yrs after implant placement, initial imaging",https://gravitas.acr.org/ACPortal/GetDataForOneScenario?senarioId=7206,All,18 - 150,Breast,
Breast,3196613,"Breast implant evaluation, silicone, asymptomatic, 5 to 6 yrs after implant placement, initial imaging",https://gravitas.acr.org/ACPortal/GetDataForOneScenario?senarioId=7207,All,18 - 150,Breast,
Breast,3196614,"Breast implant evaluation, silicone, asymptomatic, negative imaging 5 to 6 yrs after implant placement, follow-up imaging every 2 to 3 yrs",https://gravitas.acr.org/ACPortal/GetDataForOneScenario?senarioId=7208,All,18 - 150,Breast,
Breast,3196615,"Breast implant evaluation, silicone, complication suspected, initial imaging",https://gravitas.acr.org/ACPortal/GetDataForOneScenario?senarioId=7209,All,18 - 29,Breast,
Breast,3196616,"Breast implant evaluation, silicone, complication suspected, initial imaging",https://gravitas.acr.org/ACPortal/GetDataForOneScenario?senarioId=7210,All,30 - 39,Breast,
Breast,3196617,"Breast implant evaluation, silicone, complication suspected, initial imaging",https://gravitas.acr.org/ACPortal/GetDataForOneScenario?senarioId=7211,All,40 - 150,Breast,
Breast,3196618,"Breast implant, silicone, unexplained axillary adenopathy, initial imaging",https://gravitas.acr.org/ACPortal/GetDataForOneScenario?senarioId=7212,All,18 - 29,Breast,
Breast,3196619,"Breast implant, silicone, unexplained axillary adenopathy, initial imaging",https://gravitas.acr.org/ACPortal/GetDataForOneScenario?senarioId=7213,All,30 - 39,Breast,
Breast,3196620,"Breast implant, silicone, unexplained axillary adenopathy, initial imaging",https://gravitas.acr.org/ACPortal/GetDataForOneScenario?senarioId=7214,All,40 - 150,Breast,
Breast,3110139,"Breast mass palpable, breast cancer suspected",https://gravitas.acr.org/ACPortal/GetDataForOneScenario?senarioId=3207,Male Only,18 - 150,Breast,
Breast,3097338,"Breast mass palpable, initial exam (male<25y)",https://gravitas.acr.org/ACPortal/GetDataForOneScenario?senarioId=2132,Male Only,0 - 24,Breast,
Breast,3097339,"Breast mass palpable, initial exam (male>=25y)",https://gravitas.acr.org/ACPortal/GetDataForOneScenario?senarioId=2133,Male Only,25 - 150,Breast,
Breast,3191925,"Breast mass palpable, mastectomy side, no reconstruction, initial imaging",https://gravitas.acr.org/ACPortal/GetDataForOneScenario?senarioId=5430,Female Only,18 - 150,Breast,
Breast,3191927,"Breast mass palpable, mastectomy side, reconstruction, initial imaging",https://gravitas.acr.org/ACPortal/GetDataForOneScenario?senarioId=5432,Female Only,18 - 150,Breast,
Breast,3148151,"Breast mass palpable, tomo or mammo indeterminate",https://gravitas.acr.org/ACPortal/GetDataForOneScenario?senarioId=4526,Male Only,25 - 150,Breast,
Breast,3196052,"Breast mass, palpable, diagnostic mammo, DBT and US findings probably benign, BI-RADS 3, next imaging study",https://gravitas.acr.org/ACPortal/GetDataForOneScenario?senarioId=6805,Female Only,40 - 150,Breast,
Breast,3196055,"Breast mass, palpable, initial imaging",https://gravitas.acr.org/ACPortal/GetDataForOneScenario?senarioId=6808,Female Only,18 - 29,Breast,
Breast,3196062,"Breast mass, palpable, initial imaging",https://gravitas.acr.org/ACPortal/GetDataForOneScenario?senarioId=6814,Female Only,30 - 39,Breast,
Breast,3196047,"Breast mass, palpable, initial imaging",https://gravitas.acr.org/ACPortal/GetDataForOneScenario?senarioId=6802,Female Only,40 - 150,Breast,
Breast,3196053,"Breast mass, palpable, mammo findings benign at site of palpable mass, BI-RADS 2, next imaging study",https://gravitas.acr.org/ACPortal/GetDataForOneScenario?senarioId=6806,Female Only,40 - 150,Breast,
Breast,3196050,"Breast mass, palpable, mammo findings highly suggestive of malignancy, BI-RADS 5, next imaging study",https://gravitas.acr.org/ACPortal/GetDataForOneScenario?senarioId=6804,Female Only,40 - 150,Breast,
Breast,3196054,"Breast mass, palpable, mammo findings negative, BI-RADS 1, next imaging study",https://gravitas.acr.org/ACPortal/GetDataForOneScenario?senarioId=6807,Female Only,40 - 150,Breast,
Breast,3196049,"Breast mass, palpable, mammo findings suspicious, BI-RADS 4, next imaging study",https://gravitas.acr.org/ACPortal/GetDataForOneScenario?senarioId=6803,Female Only,40 - 150,Breast,
Breast,3196060,"Breast mass, palpable, US findings benign, BI-RADS 2, next imaging study",https://gravitas.acr.org/ACPortal/GetDataForOneScenario?senarioId=6812,Female Only,18 - 29,Breast,
Breast,3196057,"Breast mass, palpable, US findings highly suggestive of malignancy, BI-RADS 5, next imaging study",https://gravitas.acr.org/ACPortal/GetDataForOneScenario?senarioId=6809,Female Only,18 - 29,Breast,
Breast,3196061,"Breast mass, palpable, US findings negative, BI-RADS 1, next imaging study",https://gravitas.acr.org/ACPortal/GetDataForOneScenario?senarioId=6813,Female Only,18 - 29,Breast,
Breast,3196059,"Breast mass, palpable, US findings probably benign, BI-RADS 3, next imaging study",https://gravitas.acr.org/ACPortal/GetDataForOneScenario?senarioId=6811,Female Only,18 - 29,Breast,
Breast,3196058,"Breast mass, palpable, US findings suspicious of malignancy, BI-RADS 4, next imaging study",https://gravitas.acr.org/ACPortal/GetDataForOneScenario?senarioId=6810,Female Only,18 - 29,Breast,
Breast,3148605,"Breast pain, cyclical",https://gravitas.acr.org/ACPortal/GetDataForOneScenario?senarioId=4576,Female Only,18 - 150,Breast,
Breast,3148607,"Breast pain, diffuse",https://gravitas.acr.org/ACPortal/GetDataForOneScenario?senarioId=4578,Female Only,18 - 150,Breast,
Breast,3191926,"Breast pain, mastectomy side, no reconstruction, initial imaging",https://gravitas.acr.org/ACPortal/GetDataForOneScenario?senarioId=5431,Female Only,18 - 150,Breast,
Breast,3191928,"Breast pain, mastectomy side, reconstruction, initial imaging",https://gravitas.acr.org/ACPortal/GetDataForOneScenario?senarioId=5433,Female Only,18 - 150,Breast,
Breast,3097333,"Breast pain, noncyclical, focal",https://gravitas.acr.org/ACPortal/GetDataForOneScenario?senarioId=2127,Female Only,0 - 29,Breast,
Breast,3148149,"Breast pain, noncyclical, focal",https://gravitas.acr.org/ACPortal/GetDataForOneScenario?senarioId=4524,Female Only,30 - 39,Breast,
Breast,3148150,"Breast pain, noncyclical, focal",https://gravitas.acr.org/ACPortal/GetDataForOneScenario?senarioId=4525,Female Only,40 - 150,Breast,
Breast,3148606,"Breast pain, nonfocal",https://gravitas.acr.org/ACPortal/GetDataForOneScenario?senarioId=4577,Female Only,18 - 150,Breast,
Breast,3148583,Gynecomastia,https://gravitas.acr.org/ACPortal/GetDataForOneScenario?senarioId=4571,Male Only,18 - 150,Breast,
Breast,3110140,"Nipple discharge or retraction, breast cancer suspected",https://gravitas.acr.org/ACPortal/GetDataForOneScenario?senarioId=3208,Male Only,18 - 150,Breast,
Breast,3195250,"Nipple discharge, pathologic, initial imaging",https://gravitas.acr.org/ACPortal/GetDataForOneScenario?senarioId=6214,All,40 - 150,Breast,
Breast,3195251,"Nipple discharge, pathologic, initial imaging",https://gravitas.acr.org/ACPortal/GetDataForOneScenario?senarioId=6215,All,30 - 39,Breast,
Breast,3195252,"Nipple discharge, pathologic, initial imaging",https://gravitas.acr.org/ACPortal/GetDataForOneScenario?senarioId=6216,Male Only,18 - 29,Breast,
Breast,3195253,"Nipple discharge, pathologic, initial imaging",https://gravitas.acr.org/ACPortal/GetDataForOneScenario?senarioId=6217,Female Only,18 - 29,Breast,
Breast,3195255,"Nipple discharge, pathologic, transfeminine, initial imaging",https://gravitas.acr.org/ACPortal/GetDataForOneScenario?senarioId=6218,All,30 - 150,Breast,
Breast,3195257,"Nipple discharge, pathologic, transfeminine, initial imaging",https://gravitas.acr.org/ACPortal/GetDataForOneScenario?senarioId=6219,All,18 - 29,Breast,
Breast,3195246,"Nipple discharge, physiologic, initial imaging",https://gravitas.acr.org/ACPortal/GetDataForOneScenario?senarioId=6210,Male Only,18 - 150,Breast,
Breast,3195247,"Nipple discharge, physiologic, initial imaging",https://gravitas.acr.org/ACPortal/GetDataForOneScenario?senarioId=6211,Female Only,18 - 150,Breast,
Breast,3195249,"Nipple discharge, physiologic, transfeminine, initial imaging",https://gravitas.acr.org/ACPortal/GetDataForOneScenario?senarioId=6213,All,18 - 150,Breast,
Breast,3195248,"Nipple discharge, physiologic, transmasculine, initial imaging",https://gravitas.acr.org/ACPortal/GetDataForOneScenario?senarioId=6212,All,18 - 150,Breast,
Breast,3141518,"Nipple discharge, pregnant, initial exam",https://gravitas.acr.org/ACPortal/GetDataForOneScenario?senarioId=3556,Female Only,10 - 60,Breast,
Breast,3141517,"Palpable mass, pregnant, initial exam",https://gravitas.acr.org/ACPortal/GetDataForOneScenario?senarioId=3555,Female Only,10 - 60,Breast,
Breast,3148584,Pseudogynecomastia,https://gravitas.acr.org/ACPortal/GetDataForOneScenario?senarioId=4572,Male Only,18 - 150,Breast,
Cardiac,3196446,"Acquired coronary artery abnormality suspected, TTE inadequate assessment of coronary morphology, next imaging study",https://gravitas.acr.org/ACPortal/GetDataForOneScenario?senarioId=7099,All,0 - 17,Cardiac-chest,
Cardiac,3196445,"Acquired coronary artery abnormality, TTE inadequate assessment of coronary morphology, next imaging study",https://gravitas.acr.org/ACPortal/GetDataForOneScenario?senarioId=7098,All,0 - 17,Cardiac-chest,
Cardiac,3196456,"Anomalous pulmonary venous return suspected, TTE inadequate, next imaging study",https://gravitas.acr.org/ACPortal/GetDataForOneScenario?senarioId=7105,All,0 - 150,Cardiac-chest,
Cardiac,3196457,"Anomalous pulmonary venous return, TTE inadequate, next imaging study",https://gravitas.acr.org/ACPortal/GetDataForOneScenario?senarioId=7106,All,0 - 150,Cardiac-chest,
Cardiac,3196459,"Aortic coarctation suspected, TTE inadequate, next imaging study.",https://gravitas.acr.org/ACPortal/GetDataForOneScenario?senarioId=7107,All,0 - 150,Cardiac-chest,
Cardiac,3196461,"Aortopathy, aorta surveillance, TTE inadequate, next imaging study",https://gravitas.acr.org/ACPortal/GetDataForOneScenario?senarioId=7108,All,0 - 17,Cardiac-chest,
Cardiac,3195891,"Arterial occlusion, lower extremity, embolic etiology suspected, next imaging study, determine source",https://gravitas.acr.org/ACPortal/GetDataForOneScenario?senarioId=6712,All,18 - 150,Chest-abdomen-pelvis,
Cardiac,3195887,"Arterial occlusion, mesenteric arterial system, embolic etiology suspected, next imaging study, determine source",https://gravitas.acr.org/ACPortal/GetDataForOneScenario?senarioId=6709,All,18 - 150,Chest-abdomen,
Cardiac,3195888,"Arterial occlusion, renal arterial system, embolic etiology suspected, next imaging study, determine source",https://gravitas.acr.org/ACPortal/GetDataForOneScenario?senarioId=6710,All,18 - 150,Chest-abdomen,
Cardiac,3195889,"Arterial occlusion, renal infarcts, embolic etiology suspected, next imaging study, determine source",https://gravitas.acr.org/ACPortal/GetDataForOneScenario?senarioId=6711,All,18 - 150,Chest-abdomen,
Cardiac,3195885,"Arterial occlusion, upper extremity, embolic etiology suspected, next imaging study, determine source",https://gravitas.acr.org/ACPortal/GetDataForOneScenario?senarioId=6708,All,18 - 150,Chest-abdomen,
Cardiac,3195893,"Arterial occlusions, multi organ system, embolic etiology suspected, next imaging study, determine source",https://gravitas.acr.org/ACPortal/GetDataForOneScenario?senarioId=6713,All,18 - 150,Chest-abdomen-pelvis,
Cardiac,3196722,"Atrial fibrillation, preprocedural planning, electrical cardioversion",https://gravitas.acr.org/ACPortal/GetDataForOneScenario?senarioId=7285,All,18 - 150,Cardiac-chest,
Cardiac,3196716,"Atrial fibrillation, preprocedural planning, left atrial ablation",https://gravitas.acr.org/ACPortal/GetDataForOneScenario?senarioId=7281,All,18 - 150,Cardiac-chest,
Cardiac,3196720,"Atrial fibrillation, preprocedural planning, left atrial appendage endovascular occlusion",https://gravitas.acr.org/ACPortal/GetDataForOneScenario?senarioId=7284,All,18 - 150,Cardiac-chest,
Cardiac,3196723,"Atrial fibrillation, preprocedural planning, pharmacologic cardioversion",https://gravitas.acr.org/ACPortal/GetDataForOneScenario?senarioId=7286,All,18 - 150,Cardiac-chest,
Cardiac,3196718,"Atrial flutter, atypical, preprocedural planning, left atrial ablation",https://gravitas.acr.org/ACPortal/GetDataForOneScenario?senarioId=7283,All,18 - 150,Cardiac-chest,
Cardiac,3196717,"Atrial tachycardia, preprocedural planning, left atrial ablation",https://gravitas.acr.org/ACPortal/GetDataForOneScenario?senarioId=7282,All,18 - 150,Cardiac-chest,
Cardiac,3084019,"CAD high risk, asymptomatic, initial imaging",https://gravitas.acr.org/ACPortal/GetDataForOneScenario?senarioId=2043,All,18 - 150,Cardiac-chest,Coronary Artery Disease (suspected or diagnosed)
Cardiac,3084020,"CAD intermediate risk, asymptomatic, initial imaging",https://gravitas.acr.org/ACPortal/GetDataForOneScenario?senarioId=2044,All,18 - 150,Cardiac-chest,Coronary Artery Disease (suspected or diagnosed)
Cardiac,3084021,"CAD low risk, asymptomatic, initial imaging",https://gravitas.acr.org/ACPortal/GetDataForOneScenario?senarioId=2045,All,18 - 150,Cardiac-chest,Coronary Artery Disease (suspected or diagnosed)
Cardiac,3194060,"Cardiomyopathy dilated suspected, not ischemic, initial imaging",https://gravitas.acr.org/ACPortal/GetDataForOneScenario?senarioId=5549,All,18 - 150,Cardiac-chest,
Cardiac,3084075,"Cardiomyopathy hypertrophic suspected, not ischemic, initial imaging",https://gravitas.acr.org/ACPortal/GetDataForOneScenario?senarioId=2099,All,18 - 150,Cardiac-chest,
Cardiac,3194018,"Cardiomyopathy inflammatory suspected, not ischemic, initial imaging",https://gravitas.acr.org/ACPortal/GetDataForOneScenario?senarioId=5511,All,18 - 150,Cardiac-chest,
Cardiac,3084076,"Cardiomyopathy restrictive suspected, not ischemic, initial imaging",https://gravitas.acr.org/ACPortal/GetDataForOneScenario?senarioId=2100,All,18 - 150,Cardiac-chest,
Cardiac,3194061,"Cardiomyopathy unclassified suspected, not ischemic, initial imaging",https://gravitas.acr.org/ACPortal/GetDataForOneScenario?senarioId=5550,All,18 - 150,Cardiac-chest,
Cardiac,3084074,"Cardiomyopathy ventricular arrhythmogenic suspected, not ischemic, initial imaging",https://gravitas.acr.org/ACPortal/GetDataForOneScenario?senarioId=2098,All,18 - 150,Cardiac-chest,
Cardiac,3194179,"Chest pain, acute aortic syndrome suspected",https://gravitas.acr.org/ACPortal/GetDataForOneScenario?senarioId=5554,All,18 - 150,Cardiac-chest,
Cardiac,3073871,"Chest pain, acute, nonspecific, low probability CAD, initial imaging",https://gravitas.acr.org/ACPortal/GetDataForOneScenario?senarioId=652,All,18 - 150,Cardiac-chest,Coronary Artery Disease (suspected or diagnosed)
Cardiac,3194883,"Chest pain, chronic, high probability of CAD, ischemic heart disease, no prior definitive treatment, initial imaging",https://gravitas.acr.org/ACPortal/GetDataForOneScenario?senarioId=5975,All,18 - 150,Cardiac-chest,Coronary Artery Disease (suspected or diagnosed)
Cardiac,3194881,"Chest pain, chronic, high probability of CAD, no ischemic heart disease, initial imaging",https://gravitas.acr.org/ACPortal/GetDataForOneScenario?senarioId=5974,All,18 - 150,Cardiac-chest,Coronary Artery Disease (suspected or diagnosed)
Cardiac,3073531,"Chest pain, chronic, low-mod prob of CAD",https://gravitas.acr.org/ACPortal/GetDataForOneScenario?senarioId=577,All,18 - 150,Cardiac,Coronary Artery Disease (suspected or diagnosed)
Cardiac,3164901,"Chest pain, high prob acute coronary syndrome, initial imaging",https://gravitas.acr.org/ACPortal/GetDataForOneScenario?senarioId=5215,All,18 - 150,Cardiac,Coronary Artery Disease (suspected or diagnosed)
Cardiac,3073873,"Chest pain, low to intermed prob acute coronary syndrome, initial imaging",https://gravitas.acr.org/ACPortal/GetDataForOneScenario?senarioId=654,All,18 - 150,Cardiac,Coronary Artery Disease (suspected or diagnosed)
Cardiac,3185411,"Chest trauma, blunt, cardiac injury suspected, hemodynamically stable",https://gravitas.acr.org/ACPortal/GetDataForOneScenario?senarioId=5362,All,18 - 150,Chest,
Cardiac,3185412,"Chest trauma, blunt, cardiac injury suspected, hemodynamically unstable",https://gravitas.acr.org/ACPortal/GetDataForOneScenario?senarioId=5363,All,18 - 150,Chest,
Cardiac,3196448,"Congenital coronary artery abnormality suspected, TTE inadequate assessment of coronary morphology, next imaging study",https://gravitas.acr.org/ACPortal/GetDataForOneScenario?senarioId=7101,All,0 - 17,Cardiac-chest,
Cardiac,3196447,"Congenital coronary artery abnormality, TTE inadequate assessment of coronary morphology, next imaging study",https://gravitas.acr.org/ACPortal/GetDataForOneScenario?senarioId=7100,All,0 - 17,Cardiac-chest,
Cardiac,3196462,"Connective tissue disease, aorta surveillance, TTE inadequate, next imaging study",https://gravitas.acr.org/ACPortal/GetDataForOneScenario?senarioId=7109,All,0 - 17,Cardiac-chest,
Cardiac,3194885,"Dyspnea, cardiac arrhythmia suspected, ischemia excluded, initial imaging",https://gravitas.acr.org/ACPortal/GetDataForOneScenario?senarioId=5977,All,18 - 150,Cardiac-chest,
Cardiac,3194886,"Dyspnea, pericardial disease suspected, ischemia excluded, initial imaging",https://gravitas.acr.org/ACPortal/GetDataForOneScenario?senarioId=5978,All,18 - 150,Cardiac-chest,
Cardiac,3194884,"Dyspnea, valvular heart disease suspected, ischemia excluded, initial imaging",https://gravitas.acr.org/ACPortal/GetDataForOneScenario?senarioId=5976,All,18 - 150,Cardiac-chest,
Cardiac,3148153,"Heart failure suspected, initial imaging",https://gravitas.acr.org/ACPortal/GetDataForOneScenario?senarioId=4528,All,18 - 150,Cardiac,
Cardiac,3148154,"Heart failure, assess LVEF",https://gravitas.acr.org/ACPortal/GetDataForOneScenario?senarioId=4529,All,18 - 150,Cardiac,
Cardiac,3148155,"Heart failure, reduced EF, determine etiology",https://gravitas.acr.org/ACPortal/GetDataForOneScenario?senarioId=4530,All,18 - 150,Cardiac,
Cardiac,3194050,"Infective endocarditis suspected, additional imaging for management or treatment",https://gravitas.acr.org/ACPortal/GetDataForOneScenario?senarioId=5539,All,18 - 150,Cardiac-chest,
Cardiac,3073880,"Infective endocarditis suspected, initial imaging",https://gravitas.acr.org/ACPortal/GetDataForOneScenario?senarioId=658,All,18 - 150,Cardiac-chest,
Cardiac,3194051,"Infective endocarditis, additional imaging for management or treatment",https://gravitas.acr.org/ACPortal/GetDataForOneScenario?senarioId=5540,All,18 - 150,Cardiac-chest,
Cardiac,3194040,"Presyncope, cardiovascular etiology suspected, initial imaging",https://gravitas.acr.org/ACPortal/GetDataForOneScenario?senarioId=5529,All,18 - 150,Cardiac,
Cardiac,3194042,"Presyncope, low probability of cardiovascular etiology, initial imaging",https://gravitas.acr.org/ACPortal/GetDataForOneScenario?senarioId=5531,All,18 - 150,Cardiac,
Cardiac,3195265,"Pulmonary embolism suspected, high pretest probability, initial imaging",https://gravitas.acr.org/ACPortal/GetDataForOneScenario?senarioId=6224,All,18 - 150,Cardiac-chest,Suspected Pulmonary Embolism
Cardiac,3195260,"Pulmonary embolism suspected, intermediate pretest probability, negative D-dimer, initial imaging",https://gravitas.acr.org/ACPortal/GetDataForOneScenario?senarioId=6221,All,18 - 150,Cardiac-chest,Suspected Pulmonary Embolism
Cardiac,3195263,"Pulmonary embolism suspected, intermediate pretest probability, positive D-dimer, initial imaging",https://gravitas.acr.org/ACPortal/GetDataForOneScenario?senarioId=6223,All,18 - 150,Cardiac-chest,Suspected Pulmonary Embolism
Cardiac,3195259,"Pulmonary embolism suspected, low pretest probability, negative D-dimer, initial imaging",https://gravitas.acr.org/ACPortal/GetDataForOneScenario?senarioId=6220,All,18 - 150,Cardiac-chest,Suspected Pulmonary Embolism
Cardiac,3195262,"Pulmonary embolism suspected, low pretest probability, positive D-dimer, initial imaging",https://gravitas.acr.org/ACPortal/GetDataForOneScenario?senarioId=6222,All,18 - 150,Cardiac-chest,Suspected Pulmonary Embolism
Cardiac,3195266,"Pulmonary embolism suspected, pregnant, initial imaging",https://gravitas.acr.org/ACPortal/GetDataForOneScenario?senarioId=6225,Female Only,10 - 60,Cardiac-chest,Suspected Pulmonary Embolism
Cardiac,3196439,"Repaired pulmonary valve stenosis, branch pulmonary artery stenosis suspected, TTE inadequate assessment of cardiovascular morphology and function, next imaging study",https://gravitas.acr.org/ACPortal/GetDataForOneScenario?senarioId=7095,All,0 - 150,Cardiac-chest,
Cardiac,3196438,"Repaired pulmonary valve stenosis, pulmonary valve dysfunction suspected, TTE inadequate assessment of cardiovascular morphology and function, next imaging study",https://gravitas.acr.org/ACPortal/GetDataForOneScenario?senarioId=7094,All,0 - 150,Cardiac-chest,
Cardiac,3196437,"Repaired tetralogy of Fallot, branch pulmonary artery stenosis suspected, TTE inadequate assessment of cardiovascular morphology and function, next imaging study",https://gravitas.acr.org/ACPortal/GetDataForOneScenario?senarioId=7093,All,0 - 150,Cardiac-chest,
Cardiac,3196436,"Repaired tetralogy of Fallot, pulmonary valve dysfunction suspected, TTE inadequate assessment of cardiovascular morphology and function, next imaging study",https://gravitas.acr.org/ACPortal/GetDataForOneScenario?senarioId=7092,All,0 - 150,Cardiac-chest,
Cardiac,3196454,"Single ventricle physiology, postop eval, stage 3 single ventricle palliation, total cavopulmonary connection, TTE inadequate assessment of cardiovascular morphology and function, next imaging study",https://gravitas.acr.org/ACPortal/GetDataForOneScenario?senarioId=7104,All,0 - 150,Cardiac-chest,
Cardiac,3196450,"Single ventricle physiology, preop eval, stage 2 single ventricle palliation, TTE inadequate assessment of cardiovascular morphology and function, next imaging study",https://gravitas.acr.org/ACPortal/GetDataForOneScenario?senarioId=7102,All,0 - 17,Cardiac-chest,
Cardiac,3196452,"Single ventricle physiology, preop eval, stage 3 single ventricle palliation, total cavopulmonary connection, TTE inadequate assessment of cardiovascular morphology and function, next imaging study",https://gravitas.acr.org/ACPortal/GetDataForOneScenario?senarioId=7103,All,0 - 17,Cardiac-chest,
Cardiac,3194041,"Syncope, cardiovascular etiology suspected, initial imaging",https://gravitas.acr.org/ACPortal/GetDataForOneScenario?senarioId=5530,All,18 - 150,Cardiac,
Cardiac,3194043,"Syncope, low probability of cardiovascular etiology, initial imaging",https://gravitas.acr.org/ACPortal/GetDataForOneScenario?senarioId=5532,All,18 - 150,Cardiac,
Cardiac,3196585,"TAVR, preintervention planning, aortic root assessment, initial imaging",https://gravitas.acr.org/ACPortal/GetDataForOneScenario?senarioId=7191,All,18 - 150,Cardiac-chest,
Cardiac,3196586,"TAVR, preintervention planning, supravalvular aorta and vascular access assessment, initial imaging",https://gravitas.acr.org/ACPortal/GetDataForOneScenario?senarioId=7192,All,18 - 150,cardiac-chest-pelvis,
Cardiac,3196443,"Transposition of the great arteries, post arterial switch, TTE inadequate assessment of cardiovascular morphology and function, next imaging study",https://gravitas.acr.org/ACPortal/GetDataForOneScenario?senarioId=7097,All,0 - 150,Cardiac-chest,
Cardiac,3196441,"Transposition of the great arteries, post atrial switch, TTE inadequate assessment of cardiovascular morphology and function, next imaging study",https://gravitas.acr.org/ACPortal/GetDataForOneScenario?senarioId=7096,All,0 - 150,Cardiac-chest,
Gastrointestinal,3081311,"Abd pain, acute, nonlocalized, fever, initial exam",https://gravitas.acr.org/ACPortal/GetDataForOneScenario?senarioId=1133,All,18 - 150,Abdomen-pelvis,
Gastrointestinal,3074175,"Abd pain, acute, nonlocalized, fever, post op, initial exam",https://gravitas.acr.org/ACPortal/GetDataForOneScenario?senarioId=883,All,18 - 150,Abdomen-pelvis,
Gastrointestinal,3141529,"Abd pain, acute, nonlocalized, initial exam",https://gravitas.acr.org/ACPortal/GetDataForOneScenario?senarioId=3567,All,18 - 150,Abdomen-pelvis,
Gastrointestinal,3141528,"Abd pain, acute, nonlocalized, neutropenic, initial exam",https://gravitas.acr.org/ACPortal/GetDataForOneScenario?senarioId=3566,All,18 - 150,Abdomen-pelvis,
Gastrointestinal,3074207,"Abdominal mass, intra-abdominal neoplasm suspected",https://gravitas.acr.org/ACPortal/GetDataForOneScenario?senarioId=906,All,18 - 150,Abdomen,
Gastrointestinal,3195278,"Abdominal wall hernia suspected, incisional, initial imaging",https://gravitas.acr.org/ACPortal/GetDataForOneScenario?senarioId=6232,All,18 - 150,Abdomen,
Gastrointestinal,3195279,"Abdominal wall hernia suspected, lumbar, initial imaging",https://gravitas.acr.org/ACPortal/GetDataForOneScenario?senarioId=6233,All,18 - 150,Abdomen,
Gastrointestinal,3195280,"Abdominal wall hernia suspected, spigelian, initial imaging",https://gravitas.acr.org/ACPortal/GetDataForOneScenario?senarioId=6234,All,18 - 150,Abdomen,
Gastrointestinal,3195276,"Abdominal wall hernia suspected, umbilical, initial imaging",https://gravitas.acr.org/ACPortal/GetDataForOneScenario?senarioId=6230,All,18 - 150,Abdomen,
Gastrointestinal,3195277,"Abdominal wall hernia suspected, ventral, initial imaging",https://gravitas.acr.org/ACPortal/GetDataForOneScenario?senarioId=6231,All,18 - 150,Abdomen,
Gastrointestinal,3155927,"Abdominal wall mass, suspected",https://gravitas.acr.org/ACPortal/GetDataForOneScenario?senarioId=4790,All,18 - 150,Abdomen,
Gastrointestinal,3196531,"Abnormal liver function tests, cholestatic predominance, elevated alkaline phosphatase with or without elevated gamma-glutamyl transpeptidase, initial imaging",https://gravitas.acr.org/ACPortal/GetDataForOneScenario?senarioId=7154,All,18 - 150,Abdomen,
Gastrointestinal,3196526,"Abnormal liver function tests, hepatocellular predominance, mild aminotransferase increase , initial imaging",https://gravitas.acr.org/ACPortal/GetDataForOneScenario?senarioId=7151,All,18 - 150,Abdomen,
Gastrointestinal,3196528,"Abnormal liver function tests, hepatocellular predominance, moderate aminotransferase increase, initial imaging",https://gravitas.acr.org/ACPortal/GetDataForOneScenario?senarioId=7152,All,18 - 150,Abdomen,
Gastrointestinal,3196529,"Abnormal liver function tests, hepatocellular predominance, severe aminotransferase increase, initial imaging",https://gravitas.acr.org/ACPortal/GetDataForOneScenario?senarioId=7153,All,18 - 150,Abdomen,
Gastrointestinal,3196533,"Abnormal liver function tests, hyperbilirubinemia, acute cholestasis, conjugated, initial imaging",https://gravitas.acr.org/ACPortal/GetDataForOneScenario?senarioId=7155,All,18 - 150,Abdomen,
Gastrointestinal,3196534,"Abnormal liver function tests, hyperbilirubinemia, acute cholestasis, unconjugated, initial imaging",https://gravitas.acr.org/ACPortal/GetDataForOneScenario?senarioId=7156,All,18 - 150,Abdomen,
Gastrointestinal,3196535,"Abnormal liver function tests, hyperbilirubinemia, subacute cholestasis, conjugated, initial imaging",https://gravitas.acr.org/ACPortal/GetDataForOneScenario?senarioId=7157,All,18 - 150,Abdomen,
Gastrointestinal,3196536,"Abnormal liver function tests, hyperbilirubinemia, subacute cholestasis, unconjugated, initial imaging",https://gravitas.acr.org/ACPortal/GetDataForOneScenario?senarioId=7158,All,18 - 150,Abdomen,
Gastrointestinal,3411,"Abscess, liver",https://gravitas.acr.org/ACPortal/GetDataForOneScenario?senarioId=495,All,18 - 150,Abdomen,
Gastrointestinal,3194195,"Colectomy with anastomosis, complication suspected, initial imaging.",https://gravitas.acr.org/ACPortal/GetDataForOneScenario?senarioId=5563,All,18 - 150,Abdomen-pelvis,
Gastrointestinal,3194890,"Colon cancer, staging, distant mets, initial imaging",https://gravitas.acr.org/ACPortal/GetDataForOneScenario?senarioId=5981,All,18 - 150,Pelvis,
Gastrointestinal,3194194,"Coloproctectomy with anastomosis, complication suspected, initial imaging.",https://gravitas.acr.org/ACPortal/GetDataForOneScenario?senarioId=5562,All,18 - 150,Abdomen-pelvis,
Gastrointestinal,3074184,"Colorectal cancer screen, average risk, >=50y",https://gravitas.acr.org/ACPortal/GetDataForOneScenario?senarioId=890,All,45 - 150,Abdomen-pelvis,
Gastrointestinal,3141657,"Colorectal cancer screen, high risk, hereditary nonpoylp colorectal cancer",https://gravitas.acr.org/ACPortal/GetDataForOneScenario?senarioId=4455,All,18 - 150,Abdomen-pelvis,
Gastrointestinal,3141658,"Colorectal cancer screen, high risk, ulcerative colitis or Crohns",https://gravitas.acr.org/ACPortal/GetDataForOneScenario?senarioId=4456,All,18 - 150,Abdomen-pelvis,
Gastrointestinal,3074186,"Colorectal cancer screen, incomplete colonoscopy",https://gravitas.acr.org/ACPortal/GetDataForOneScenario?senarioId=892,All,18 - 150,Abdomen-pelvis,
Gastrointestinal,3074187,"Colorectal cancer screen, moderate risk, family hx of adenoma or carcinoma",https://gravitas.acr.org/ACPortal/GetDataForOneScenario?senarioId=893,All,18 - 150,Abdomen,
Gastrointestinal,3141490,"Colorectal cancer screen, moderate risk, positive fecal test",https://gravitas.acr.org/ACPortal/GetDataForOneScenario?senarioId=3528,All,18 - 150,Abdomen-pelvis,
Gastrointestinal,3074190,"Crohn disease suspected, initial imaging",https://gravitas.acr.org/ACPortal/GetDataForOneScenario?senarioId=896,All,18 - 150,Abdomen,
Gastrointestinal,3074192,"Crohn disease, acute exacerbation suspected",https://gravitas.acr.org/ACPortal/GetDataForOneScenario?senarioId=898,All,18 - 150,Abdomen,
Gastrointestinal,3074194,"Crohn disease, surveillance and monitoring therapy",https://gravitas.acr.org/ACPortal/GetDataForOneScenario?senarioId=900,All,18 - 150,Abdomen,
Gastrointestinal,3195285,"Deep pelvic hernia suspected, obturator, initial imaging",https://gravitas.acr.org/ACPortal/GetDataForOneScenario?senarioId=6237,All,18 - 150,Pelvis,
Gastrointestinal,3195287,"Deep pelvic hernia suspected, perineal, initial imaging",https://gravitas.acr.org/ACPortal/GetDataForOneScenario?senarioId=6239,All,18 - 150,Pelvis,
Gastrointestinal,3195286,"Deep pelvic hernia suspected, sciatic, initial imaging",https://gravitas.acr.org/ACPortal/GetDataForOneScenario?senarioId=6238,All,18 - 150,Pelvis,
Gastrointestinal,3195290,"Diaphragmatic hernia suspected, Bochdalek, initial imaging",https://gravitas.acr.org/ACPortal/GetDataForOneScenario?senarioId=6241,All,18 - 150,Chest-abdomen,
Gastrointestinal,3195291,"Diaphragmatic hernia suspected, Morgagni, initial imaging",https://gravitas.acr.org/ACPortal/GetDataForOneScenario?senarioId=6242,All,18 - 150,Chest-abdomen,
Gastrointestinal,3195289,"Diaphragmatic hernia suspected, traumatic, initial imaging",https://gravitas.acr.org/ACPortal/GetDataForOneScenario?senarioId=6240,All,18 - 150,Chest-abdomen,
Gastrointestinal,3074196,"Dysphagia, oropharyngeal, known cause",https://gravitas.acr.org/ACPortal/GetDataForOneScenario?senarioId=902,All,18 - 150,Neck-chest,
Gastrointestinal,3074197,"Dysphagia, oropharyngeal, unexplained",https://gravitas.acr.org/ACPortal/GetDataForOneScenario?senarioId=903,All,18 - 150,Neck-chest,
Gastrointestinal,3149291,"Dysphagia, postop <1 mo",https://gravitas.acr.org/ACPortal/GetDataForOneScenario?senarioId=4655,All,18 - 150,Neck-chest,
Gastrointestinal,3149292,"Dysphagia, postop >1 mo",https://gravitas.acr.org/ACPortal/GetDataForOneScenario?senarioId=4656,All,18 - 150,Neck-chest,
Gastrointestinal,3074199,"Dysphagia, retrosternal, immunocompromised",https://gravitas.acr.org/ACPortal/GetDataForOneScenario?senarioId=905,All,18 - 150,Neck-chest,
Gastrointestinal,3074198,"Dysphagia, retrosternal, not immunocompromised",https://gravitas.acr.org/ACPortal/GetDataForOneScenario?senarioId=904,All,18 - 150,Neck-chest,
Gastrointestinal,3194197,"Epigastric pain, acid reflux suspected, initial imaging",https://gravitas.acr.org/ACPortal/GetDataForOneScenario?senarioId=5564,All,18 - 150,Abdomen,
Gastrointestinal,3194201,"Epigastric pain, duodenal ulcer suspected, initial imaging",https://gravitas.acr.org/ACPortal/GetDataForOneScenario?senarioId=5568,All,18 - 150,Abdomen,
Gastrointestinal,3194198,"Epigastric pain, esophagitis suspected, initial imaging",https://gravitas.acr.org/ACPortal/GetDataForOneScenario?senarioId=5565,All,18 - 150,Abdomen,
Gastrointestinal,3194203,"Epigastric pain, gastric cancer suspected, initial imaging",https://gravitas.acr.org/ACPortal/GetDataForOneScenario?senarioId=5569,All,18 - 150,Abdomen,
Gastrointestinal,3194199,"Epigastric pain, gastritis suspected, initial imaging",https://gravitas.acr.org/ACPortal/GetDataForOneScenario?senarioId=5566,All,18 - 150,Abdomen,
Gastrointestinal,3194205,"Epigastric pain, hiatal hernia suspected, initial imaging",https://gravitas.acr.org/ACPortal/GetDataForOneScenario?senarioId=5570,All,18 - 150,Abdomen,
Gastrointestinal,3194200,"Epigastric pain, peptic ulcer suspected, initial imaging",https://gravitas.acr.org/ACPortal/GetDataForOneScenario?senarioId=5567,All,18 - 150,Abdomen,
Gastrointestinal,3195417,"Esophageal cancer, recurrence, posttreatment imaging",https://gravitas.acr.org/ACPortal/GetDataForOneScenario?senarioId=6322,All,18 - 150,Chest-abdomen,
Gastrointestinal,3195411,"Esophageal cancer, imaging during treatment",https://gravitas.acr.org/ACPortal/GetDataForOneScenario?senarioId=6318,All,18 - 150,Chest-abdomen,
Gastrointestinal,3195409,"Esophageal cancer, newly diagnosed, pretreatment clinical staging, initial imaging",https://gravitas.acr.org/ACPortal/GetDataForOneScenario?senarioId=6317,All,18 - 150,Chest-abdomen,
Gastrointestinal,3195413,"Esophageal cancer, no recurrence suspected, posttreatment imaging",https://gravitas.acr.org/ACPortal/GetDataForOneScenario?senarioId=6319,All,18 - 150,Chest-abdomen,
Gastrointestinal,3195414,"Esophageal cancer, no recurrence, posttreatment imaging",https://gravitas.acr.org/ACPortal/GetDataForOneScenario?senarioId=6320,All,18 - 150,Chest-abdomen,
Gastrointestinal,3195416,"Esophageal cancer, recurrence suspected, posttreatment imaging",https://gravitas.acr.org/ACPortal/GetDataForOneScenario?senarioId=6321,All,18 - 150,Chest-abdomen,
Gastrointestinal,3195283,"Groin hernia suspected, femoral, initial imaging",https://gravitas.acr.org/ACPortal/GetDataForOneScenario?senarioId=6236,All,18 - 150,Abdomen-pelvis,
Gastrointestinal,3195282,"Groin hernia suspected, inguinal, initial imaging",https://gravitas.acr.org/ACPortal/GetDataForOneScenario?senarioId=6235,All,18 - 150,Abdomen-pelvis,
Gastrointestinal,3149322,"Jaundice, biliary obstruction suspected",https://gravitas.acr.org/ACPortal/GetDataForOneScenario?senarioId=4686,All,18 - 150,Abdomen,
Gastrointestinal,3149321,"Jaundice, initial exam",https://gravitas.acr.org/ACPortal/GetDataForOneScenario?senarioId=4685,All,18 - 150,Abdomen,
Gastrointestinal,3081486,"Jaundice, non-obstructive etiology suspected",https://gravitas.acr.org/ACPortal/GetDataForOneScenario?senarioId=1139,All,18 - 150,Abdomen,
Gastrointestinal,3102641,"Liver disease, chronic, fibrosis suspected, diagnosis and staging, initial imaging",https://gravitas.acr.org/ACPortal/GetDataForOneScenario?senarioId=2429,All,18 - 150,Abdomen,
Gastrointestinal,3102661,"Liver disease, chronic, hx of HCC, post treatment imaging",https://gravitas.acr.org/ACPortal/GetDataForOneScenario?senarioId=2449,All,18 - 150,Abdomen,
Gastrointestinal,3102660,"Liver disease, chronic, no hx of HCC, screening and surveillance",https://gravitas.acr.org/ACPortal/GetDataForOneScenario?senarioId=2448,All,18 - 150,Abdomen,
Gastrointestinal,3191942,"Liver lesion, <1cm, incidental finding on noncontrast MRI, chronic liver disease",https://gravitas.acr.org/ACPortal/GetDataForOneScenario?senarioId=5447,All,18 - 150,Abdomen,
Gastrointestinal,3191941,"Liver lesion, <1cm, incidental finding on noncontrast or single phase CT, chronic liver disease",https://gravitas.acr.org/ACPortal/GetDataForOneScenario?senarioId=5446,All,18 - 150,Abdomen,
Gastrointestinal,3191940,"Liver lesion, <1cm, incidental finding on US, chronic liver disease",https://gravitas.acr.org/ACPortal/GetDataForOneScenario?senarioId=5445,All,18 - 150,Abdomen,
Gastrointestinal,3191939,"Liver lesion, <1cm, indeterminate on noncontrast MRI, hx of extrahepatic malignancy",https://gravitas.acr.org/ACPortal/GetDataForOneScenario?senarioId=5444,All,18 - 150,Abdomen,
Gastrointestinal,3191938,"Liver lesion, <1cm, indeterminate on noncontrast or single phase CT, hx of extrahepatic malignancy",https://gravitas.acr.org/ACPortal/GetDataForOneScenario?senarioId=5443,All,18 - 150,Abdomen,
Gastrointestinal,3100710,"Liver lesion, <1cm, indeterminate on US, hx of extrahepatic malignancy",https://gravitas.acr.org/ACPortal/GetDataForOneScenario?senarioId=2164,All,18 - 150,Abdomen,
Gastrointestinal,3191937,"Liver lesion, >1cm, incidental finding on noncontrast MRI, chronic liver disease",https://gravitas.acr.org/ACPortal/GetDataForOneScenario?senarioId=5442,All,18 - 150,Abdomen,
Gastrointestinal,3191936,"Liver lesion, >1cm, incidental finding on noncontrast or single phase CT, chronic liver disease",https://gravitas.acr.org/ACPortal/GetDataForOneScenario?senarioId=5441,All,18 - 150,Abdomen,
Gastrointestinal,3191935,"Liver lesion, >1cm, incidental finding on US, chronic liver disease",https://gravitas.acr.org/ACPortal/GetDataForOneScenario?senarioId=5440,All,18 - 150,Abdomen,
Gastrointestinal,3191934,"Liver lesion, >1cm, indeterminate on noncontrast MRI, hx of extrahepatic malignancy",https://gravitas.acr.org/ACPortal/GetDataForOneScenario?senarioId=5439,All,18 - 150,Abdomen,
Gastrointestinal,3191932,"Liver lesion, >1cm, indeterminate on noncontrast MRI, normal liver, no extrahepatic malignancy",https://gravitas.acr.org/ACPortal/GetDataForOneScenario?senarioId=5437,All,18 - 150,Abdomen,
Gastrointestinal,3191933,"Liver lesion, >1cm, indeterminate on noncontrast or single phase CT, hx of extrahepatic malignancy",https://gravitas.acr.org/ACPortal/GetDataForOneScenario?senarioId=5438,All,18 - 150,Abdomen,
Gastrointestinal,3191931,"Liver lesion, >1cm, indeterminate on noncontrast or single phase CT, normal liver, no extrahepatic malignancy",https://gravitas.acr.org/ACPortal/GetDataForOneScenario?senarioId=5436,All,18 - 150,Abdomen,
Gastrointestinal,3100714,"Liver lesion, >1cm, indeterminate on US, hx of extrahepatic malignancy",https://gravitas.acr.org/ACPortal/GetDataForOneScenario?senarioId=2168,All,18 - 150,Abdomen,
Gastrointestinal,3100711,"Liver lesion, >1cm, indeterminate on US, normal liver, no extrahepatic malignancy",https://gravitas.acr.org/ACPortal/GetDataForOneScenario?senarioId=2165,All,18 - 150,Abdomen,
Gastrointestinal,3196472,"LLQ pain, diverticulitis complications suspected, initial imaging",https://gravitas.acr.org/ACPortal/GetDataForOneScenario?senarioId=7112,All,18 - 150,Abdomen,
Gastrointestinal,3196471,"LLQ pain, diverticulitis suspected, initial imaging",https://gravitas.acr.org/ACPortal/GetDataForOneScenario?senarioId=7111,All,18 - 150,Abdomen,
Gastrointestinal,3196470,"LLQ pain, initial imaging",https://gravitas.acr.org/ACPortal/GetDataForOneScenario?senarioId=7110,All,18 - 150,Abdomen,
Gastrointestinal,3141499,"Mesenteric ischemia, acute, suspected, initial exam",https://gravitas.acr.org/ACPortal/GetDataForOneScenario?senarioId=3537,All,18 - 150,Abdomen-pelvis,
Gastrointestinal,3141500,"Mesenteric ischemia, chronic, suspected, initial exam",https://gravitas.acr.org/ACPortal/GetDataForOneScenario?senarioId=3538,All,18 - 150,Abdomen-pelvis,
Gastrointestinal,3164902,"Pancreas cyst, <=2.5cm, incidental, initial evaluation",https://gravitas.acr.org/ACPortal/GetDataForOneScenario?senarioId=5216,All,18 - 150,Abdomen,
Gastrointestinal,3164904,"Pancreas cyst, >2.5cm, incidental, high risk features, initial evaluation",https://gravitas.acr.org/ACPortal/GetDataForOneScenario?senarioId=5218,All,18 - 150,Abdomen,
Gastrointestinal,3164903,"Pancreas cyst, >2.5cm, incidental, no high risk features, initial evaluation",https://gravitas.acr.org/ACPortal/GetDataForOneScenario?senarioId=5217,All,18 - 150,Abdomen,
Gastrointestinal,3164906,"Pancreas cyst, follow-up imaging",https://gravitas.acr.org/ACPortal/GetDataForOneScenario?senarioId=5220,All,18 - 150,Abdomen,
Gastrointestinal,3164905,"Pancreas duct dilation, >7mm, IPMN suspected, initial evaluation",https://gravitas.acr.org/ACPortal/GetDataForOneScenario?senarioId=5219,All,18 - 150,Abdomen,
Gastrointestinal,3128539,"Pancreatic adenocarcinoma, post neoadjuvant tx, eval for resectability",https://gravitas.acr.org/ACPortal/GetDataForOneScenario?senarioId=3370,All,18 - 150,Abdomen,
Gastrointestinal,3128538,"Pancreatic adenocarcinoma, staging, pretreatment",https://gravitas.acr.org/ACPortal/GetDataForOneScenario?senarioId=3369,All,18 - 150,Abdomen,
Gastrointestinal,3084081,"Pancreatitis necrotizing, significant clinical deterioration",https://gravitas.acr.org/ACPortal/GetDataForOneScenario?senarioId=2105,All,18 - 150,Abdomen,
Gastrointestinal,3084080,"Pancreatitis suspected, atypical presentation",https://gravitas.acr.org/ACPortal/GetDataForOneScenario?senarioId=2104,All,18 - 150,Abdomen,
Gastrointestinal,3084079,"Pancreatitis suspected, typical presentation",https://gravitas.acr.org/ACPortal/GetDataForOneScenario?senarioId=2103,All,18 - 150,Abdomen,
Gastrointestinal,3084078,"Pancreatitis, acute, critically ill, >48 hours",https://gravitas.acr.org/ACPortal/GetDataForOneScenario?senarioId=2102,All,18 - 150,Abdomen,
Gastrointestinal,3084077,"Pancreatitis, acute, severe, > 7 days",https://gravitas.acr.org/ACPortal/GetDataForOneScenario?senarioId=2101,All,18 - 150,Abdomen,
Gastrointestinal,3155938,"Pancreatitis, persistent > 4 weeks",https://gravitas.acr.org/ACPortal/GetDataForOneScenario?senarioId=4801,All,18 - 150,Abdomen,
Gastrointestinal,3194184,"Perianal abscess suspected, initial imaging",https://gravitas.acr.org/ACPortal/GetDataForOneScenario?senarioId=5555,All,18 - 150,Pelvis,
Gastrointestinal,3194185,"Perianal fistula suspected, initial imaging",https://gravitas.acr.org/ACPortal/GetDataForOneScenario?senarioId=5556,All,18 - 150,Pelvis,
Gastrointestinal,3194193,"Postproctectomy with anastomosis, complication suspected, initial imaging",https://gravitas.acr.org/ACPortal/GetDataForOneScenario?senarioId=5561,All,18 - 150,Abdomen-pelvis,
Gastrointestinal,3194191,"Pouchitis suspected, initial imaging",https://gravitas.acr.org/ACPortal/GetDataForOneScenario?senarioId=5560,All,18 - 150,Abdomen-pelvis,
Gastrointestinal,3194190,"Proctitis suspected, initial imaging",https://gravitas.acr.org/ACPortal/GetDataForOneScenario?senarioId=5559,All,18 - 150,Abdomen-pelvis,
Gastrointestinal,3194891,"Rectal cancer, staging, distant mets, initial imaging",https://gravitas.acr.org/ACPortal/GetDataForOneScenario?senarioId=5982,All,18 - 150,Pelvis,
Gastrointestinal,3194887,"Rectal cancer, staging, locoregional, initial imaging",https://gravitas.acr.org/ACPortal/GetDataForOneScenario?senarioId=5979,All,18 - 150,Pelvis,
Gastrointestinal,3194889,"Rectal cancer, staging, locoregional, postneoadjuvant therapy",https://gravitas.acr.org/ACPortal/GetDataForOneScenario?senarioId=5980,All,18 - 150,Pelvis,
Gastrointestinal,3194188,"Rectovaginal fistula suspected, initial imaging",https://gravitas.acr.org/ACPortal/GetDataForOneScenario?senarioId=5558,All,18 - 150,Pelvis,
Gastrointestinal,3194187,"Rectovesicular fistula suspected, initial imaging",https://gravitas.acr.org/ACPortal/GetDataForOneScenario?senarioId=5557,All,18 - 150,Pelvis,
Gastrointestinal,3195406,"RLQ pain, fever, leukocytosis, appendicitis suspected, initial imaging",https://gravitas.acr.org/ACPortal/GetDataForOneScenario?senarioId=6315,All,18 - 150,Abdomen,
Gastrointestinal,3195407,"RLQ pain, fever, leukocytosis, appendicitis suspected, pregnant, initial imaging",https://gravitas.acr.org/ACPortal/GetDataForOneScenario?senarioId=6316,Female Only,10 - 60,Abdomen,
Gastrointestinal,3195405,"RLQ pain, initial imaging",https://gravitas.acr.org/ACPortal/GetDataForOneScenario?senarioId=6314,All,18 - 150,Abdomen,
Gastrointestinal,3195883,"RUQ pain, acalculous cholecystitis suspected, US equivocal, next imaging study",https://gravitas.acr.org/ACPortal/GetDataForOneScenario?senarioId=6707,All,18 - 150,Abdomen,
Gastrointestinal,3195882,"RUQ pain, acalculous cholecystitis suspected, US negative, next imaging study",https://gravitas.acr.org/ACPortal/GetDataForOneScenario?senarioId=6706,All,18 - 150,Abdomen,
Gastrointestinal,3195877,"RUQ pain, biliary disease suspected, initial imaging",https://gravitas.acr.org/ACPortal/GetDataForOneScenario?senarioId=6701,All,18 - 150,Abdomen,
Gastrointestinal,3195876,"RUQ pain, etiology unknown, initial imaging",https://gravitas.acr.org/ACPortal/GetDataForOneScenario?senarioId=6700,All,18 - 150,Abdomen,
Gastrointestinal,3195881,"RUQ pain, fever, high WBC count , biliary disease suspected, US equivocal, next imaging study",https://gravitas.acr.org/ACPortal/GetDataForOneScenario?senarioId=6705,All,18 - 150,Abdomen,
Gastrointestinal,3195880,"RUQ pain, fever, high WBC count , biliary disease suspected, US negative, next imaging study",https://gravitas.acr.org/ACPortal/GetDataForOneScenario?senarioId=6704,All,18 - 150,Abdomen,
Gastrointestinal,3195879,"RUQ pain, no fever, no high WBC count, biliary disease suspected, US equivocal, next imaging study",https://gravitas.acr.org/ACPortal/GetDataForOneScenario?senarioId=6703,All,18 - 150,Abdomen,
Gastrointestinal,3195878,"RUQ pain, no fever, no high WBC count, biliary disease suspected, US negative, next imaging study",https://gravitas.acr.org/ACPortal/GetDataForOneScenario?senarioId=6702,All,18 - 150,Abdomen,
Gastrointestinal,3196683,"Sepsis suspected, non specific symptoms, unknown origin, chest radiography equivocal, next imaging study",https://gravitas.acr.org/ACPortal/GetDataForOneScenario?senarioId=7256,All,18 - 150,Chest,
Gastrointestinal,3196684,"Sepsis suspected, non specific symptoms, unknown origin, chest radiography nonspecific, next imaging study",https://gravitas.acr.org/ACPortal/GetDataForOneScenario?senarioId=7257,All,18 - 150,Chest,
Gastrointestinal,3196682,"Sepsis suspected, non specific symptoms, unknown origin, chest radiography normal, next imaging study",https://gravitas.acr.org/ACPortal/GetDataForOneScenario?senarioId=7255,All,18 - 150,Chest,
Gastrointestinal,3196674,"Sepsis suspected, acute abdominal pain, initial imaging",https://gravitas.acr.org/ACPortal/GetDataForOneScenario?senarioId=7249,All,18 - 150,Abdomen,
Gastrointestinal,3196689,"Sepsis suspected, cannot assess symptoms, chest radiography equivocal, next imaging study",https://gravitas.acr.org/ACPortal/GetDataForOneScenario?senarioId=7262,All,18 - 150,Chest,
Gastrointestinal,3196690,"Sepsis suspected, cannot assess symptoms, chest radiography nonspecific, next imaging study",https://gravitas.acr.org/ACPortal/GetDataForOneScenario?senarioId=7263,All,18 - 150,Chest,
Gastrointestinal,3196688,"Sepsis suspected, cannot assess symptoms, chest radiography normal, next imaging study",https://gravitas.acr.org/ACPortal/GetDataForOneScenario?senarioId=7261,All,18 - 150,Chest,
Gastrointestinal,3196679,"Sepsis suspected, cannot assess symptoms, initial imaging",https://gravitas.acr.org/ACPortal/GetDataForOneScenario?senarioId=7253,All,18 - 150,Unspecified,
Gastrointestinal,3196662,"Sepsis suspected, chest pain, chest radiography equivocal, next imaging study",https://gravitas.acr.org/ACPortal/GetDataForOneScenario?senarioId=7238,All,18 - 150,Chest,
Gastrointestinal,3196663,"Sepsis suspected, chest pain, chest radiography nonspecific, next imaging study",https://gravitas.acr.org/ACPortal/GetDataForOneScenario?senarioId=7239,All,18 - 150,Chest,
Gastrointestinal,3196661,"Sepsis suspected, chest pain, chest radiography normal, next imaging study",https://gravitas.acr.org/ACPortal/GetDataForOneScenario?senarioId=7237,All,18 - 150,Chest,
Gastrointestinal,3196650,"Sepsis suspected, chest pain, initial imaging",https://gravitas.acr.org/ACPortal/GetDataForOneScenario?senarioId=7227,All,18 - 150,Chest,
Gastrointestinal,3196656,"Sepsis suspected, cough, chest radiography equivocal, next imaging study",https://gravitas.acr.org/ACPortal/GetDataForOneScenario?senarioId=7232,All,18 - 150,Chest,
Gastrointestinal,3196657,"Sepsis suspected, cough, chest radiography nonspecific, next imaging study",https://gravitas.acr.org/ACPortal/GetDataForOneScenario?senarioId=7233,All,18 - 150,Chest,
Gastrointestinal,3196655,"Sepsis suspected, cough, chest radiography normal, next imaging study",https://gravitas.acr.org/ACPortal/GetDataForOneScenario?senarioId=7231,All,18 - 150,Chest,
Gastrointestinal,3196648,"Sepsis suspected, cough, initial imaging",https://gravitas.acr.org/ACPortal/GetDataForOneScenario?senarioId=7225,All,18 - 150,Chest,
Gastrointestinal,3196659,"Sepsis suspected, dyspnea, chest radiography equivocal, next imaging study",https://gravitas.acr.org/ACPortal/GetDataForOneScenario?senarioId=7235,All,18 - 150,Chest,
Gastrointestinal,3196660,"Sepsis suspected, dyspnea, chest radiography nonspecific, next imaging study",https://gravitas.acr.org/ACPortal/GetDataForOneScenario?senarioId=7236,All,18 - 150,Chest,
Gastrointestinal,3196658,"Sepsis suspected, dyspnea, chest radiography normal, next imaging study",https://gravitas.acr.org/ACPortal/GetDataForOneScenario?senarioId=7234,All,18 - 150,Chest,
Gastrointestinal,3196649,"Sepsis suspected, dyspnea, initial imaging",https://gravitas.acr.org/ACPortal/GetDataForOneScenario?senarioId=7226,All,18 - 150,Chest,
Gastrointestinal,3196677,"Sepsis suspected, non specific symptoms, unknown origin, initial imaging",https://gravitas.acr.org/ACPortal/GetDataForOneScenario?senarioId=7251,All,18 - 150,Unspecified,
Gastrointestinal,3196675,"Sepsis, acute abdominal pain, initial imaging",https://gravitas.acr.org/ACPortal/GetDataForOneScenario?senarioId=7250,All,18 - 150,Abdomen,
Gastrointestinal,3196691,"Sepsis, cannot assess symptoms, chest radiography normal, next imaging study",https://gravitas.acr.org/ACPortal/GetDataForOneScenario?senarioId=7264,All,18 - 150,Chest,
Gastrointestinal,3196692,"Sepsis, cannot assess symptoms, chest radiography equivocal, next imaging study",https://gravitas.acr.org/ACPortal/GetDataForOneScenario?senarioId=7265,All,18 - 150,Chest,
Gastrointestinal,3196693,"Sepsis, cannot assess symptoms, chest radiography nonspecific, next imaging study",https://gravitas.acr.org/ACPortal/GetDataForOneScenario?senarioId=7266,All,18 - 150,Chest,
Gastrointestinal,3196680,"Sepsis, cannot assess symptoms, initial imaging",https://gravitas.acr.org/ACPortal/GetDataForOneScenario?senarioId=7254,All,18 - 150,Unspecified,
Gastrointestinal,3196672,"Sepsis, chest pain, chest radiography , nonspecific, next imaging study",https://gravitas.acr.org/ACPortal/GetDataForOneScenario?senarioId=7248,All,18 - 150,Chest,
Gastrointestinal,3196671,"Sepsis, chest pain, chest radiography equivocal, next imaging study",https://gravitas.acr.org/ACPortal/GetDataForOneScenario?senarioId=7247,All,18 - 150,Chest,
Gastrointestinal,3196670,"Sepsis, chest pain, chest radiography normal, next imaging study",https://gravitas.acr.org/ACPortal/GetDataForOneScenario?senarioId=7246,All,18 - 150,Chest,
Gastrointestinal,3196653,"Sepsis, chest pain, initial imaging",https://gravitas.acr.org/ACPortal/GetDataForOneScenario?senarioId=7230,All,18 - 150,Chest,
Gastrointestinal,3196665,"Sepsis, cough, chest radiography equivocal, next imaging study",https://gravitas.acr.org/ACPortal/GetDataForOneScenario?senarioId=7241,All,18 - 150,Chest,
Gastrointestinal,3196666,"Sepsis, cough, chest radiography nonspecific, next imaging study",https://gravitas.acr.org/ACPortal/GetDataForOneScenario?senarioId=7242,All,18 - 150,Chest,
Gastrointestinal,3196664,"Sepsis, cough, chest radiography normal, next imaging study",https://gravitas.acr.org/ACPortal/GetDataForOneScenario?senarioId=7240,All,18 - 150,Chest,
Gastrointestinal,3196651,"Sepsis, cough, initial imaging",https://gravitas.acr.org/ACPortal/GetDataForOneScenario?senarioId=7228,All,18 - 150,Chest,
Gastrointestinal,3196668,"Sepsis, dyspnea, chest radiography equivocal, next imaging study",https://gravitas.acr.org/ACPortal/GetDataForOneScenario?senarioId=7244,All,18 - 150,Chest,
Gastrointestinal,3196669,"Sepsis, dyspnea, chest radiography nonspecific, next imaging study",https://gravitas.acr.org/ACPortal/GetDataForOneScenario?senarioId=7245,All,18 - 150,Chest,
Gastrointestinal,3196667,"Sepsis, dyspnea, chest radiography normal, next imaging study",https://gravitas.acr.org/ACPortal/GetDataForOneScenario?senarioId=7243,All,18 - 150,Chest,
Gastrointestinal,3196652,"Sepsis, dyspnea, initial imaging",https://gravitas.acr.org/ACPortal/GetDataForOneScenario?senarioId=7229,All,18 - 150,Chest,
Gastrointestinal,3196686,"Sepsis, non specific symptoms, unknown origin, chest radiography equivocal, next imaging study",https://gravitas.acr.org/ACPortal/GetDataForOneScenario?senarioId=7259,All,18 - 150,Chest,
Gastrointestinal,3196687,"Sepsis, non specific symptoms, unknown origin, chest radiography nonspecific, next imaging study",https://gravitas.acr.org/ACPortal/GetDataForOneScenario?senarioId=7260,All,18 - 150,Chest,
Gastrointestinal,3196685,"Sepsis, non specific symptoms, unknown origin, chest radiography normal, next imaging study",https://gravitas.acr.org/ACPortal/GetDataForOneScenario?senarioId=7258,All,18 - 150,Chest,
Gastrointestinal,3196678,"Sepsis, non specific symptoms, unknown origin, initial imaging",https://gravitas.acr.org/ACPortal/GetDataForOneScenario?senarioId=7252,All,18 - 150,Unspecified,
Gastrointestinal,3074217,"Small bowel obstruction suspected, acute presentation, initial imaging",https://gravitas.acr.org/ACPortal/GetDataForOneScenario?senarioId=916,All,18 - 150,Abdomen,
Gastrointestinal,3074218,"Small bowel obstruction suspected, intermittent or low grade, indolent presentation",https://gravitas.acr.org/ACPortal/GetDataForOneScenario?senarioId=917,All,18 - 150,Abdomen,
Gastrointestinal,3102193,"Upper GI bleeding suspected, nonvariceal, no endoscopy, initial imaging",https://gravitas.acr.org/ACPortal/GetDataForOneScenario?senarioId=2377,All,18 - 150,Abdomen,
Gastrointestinal,3197481,"Upper GI bleeding, nonvariceal, clear source on endoscopy, continued bleeding after treatment, initial imaging",https://gravitas.acr.org/ACPortal/GetDataForOneScenario?senarioId=7753,All,18 - 150,Abdomen,
Gastrointestinal,3102194,"Upper GI bleeding, nonvariceal, clear source on endoscopy, treatment not possible, initial imaging",https://gravitas.acr.org/ACPortal/GetDataForOneScenario?senarioId=2378,All,18 - 150,Abdomen,
Gastrointestinal,3102196,"Upper GI bleeding, nonvariceal, endoscopy negative, initial imaging",https://gravitas.acr.org/ACPortal/GetDataForOneScenario?senarioId=2380,All,18 - 150,Abdomen,
Gastrointestinal,3102195,"Upper GI bleeding, nonvariceal, no clear source on endoscopy, initial imaging",https://gravitas.acr.org/ACPortal/GetDataForOneScenario?senarioId=2379,All,18 - 150,Abdomen,
Gastrointestinal,3197482,"Upper GI bleeding, nonvariceal, postsurgical cause, endoscopy contraindicated, initial imaging",https://gravitas.acr.org/ACPortal/GetDataForOneScenario?senarioId=7754,All,18 - 150,Abdomen,
Gastrointestinal,3197483,"Upper GI bleeding, nonvariceal, traumatic cause, endoscopy contraindicated, initial imaging",https://gravitas.acr.org/ACPortal/GetDataForOneScenario?senarioId=7755,All,18 - 150,Abdomen,
Gyn and OB,3197148,"Adnexal mass suspected, no acute symptoms, postmenopausal, initial imaging",https://gravitas.acr.org/ACPortal/GetDataForOneScenario?senarioId=7520,Female Only,18 - 150,Pelvis,
Gyn and OB,3149744,"Adnexal mass suspected, no acute symptoms, pregnant, initial imaging",https://gravitas.acr.org/ACPortal/GetDataForOneScenario?senarioId=4749,Female Only,10 - 60,Pelvis,
Gyn and OB,3074166,"Adnexal mass suspected, no acute symptoms, premenopausal, initial imaging",https://gravitas.acr.org/ACPortal/GetDataForOneScenario?senarioId=877,Female Only,18 - 150,Pelvis,
Gyn and OB,3082200,"Adnexal mass, likely benign, no acute symptoms, postmenopausal, follow-up imaging",https://gravitas.acr.org/ACPortal/GetDataForOneScenario?senarioId=1171,Female Only,18 - 150,Pelvis,
Gyn and OB,3074171,"Adnexal mass, likely benign, no acute symptoms, premenopausal, follow-up imaging",https://gravitas.acr.org/ACPortal/GetDataForOneScenario?senarioId=881,Female Only,18 - 150,Pelvis,
Gyn and OB,3149341,"Adnexal mass, no acute symptoms, postmenopausal, initial pelvic US indeterminate, follow-up imaging",https://gravitas.acr.org/ACPortal/GetDataForOneScenario?senarioId=4705,Female Only,18 - 150,Pelvis,
Gyn and OB,3197151,"Adnexal mass, no acute symptoms, postmenopausal, initial pelvic US indeterminate, next imaging study for characterization",https://gravitas.acr.org/ACPortal/GetDataForOneScenario?senarioId=7522,Female Only,18 - 150,Pelvis,
Gyn and OB,3197155,"Adnexal mass, no acute symptoms, postmenopausal, pelvic US suspicious for malignancy, next imaging study for characterization",https://gravitas.acr.org/ACPortal/GetDataForOneScenario?senarioId=7523,Female Only,18 - 150,Pelvis,
Gyn and OB,3197158,"Adnexal mass, no acute symptoms, pregnant, initial pelvic US indeterminate, next imaging study for characterization",https://gravitas.acr.org/ACPortal/GetDataForOneScenario?senarioId=7524,Female Only,10 - 60,Pelvis,
Gyn and OB,3082202,"Adnexal mass, no acute symptoms, premenopausal, initial pelvic US indeterminate, follow-up imaging",https://gravitas.acr.org/ACPortal/GetDataForOneScenario?senarioId=1172,Female Only,18 - 150,Pelvis,
Gyn and OB,3197150,"Adnexal mass, no acute symptoms, premenopausal, initial pelvic US indeterminate, next imaging study for characterization",https://gravitas.acr.org/ACPortal/GetDataForOneScenario?senarioId=7521,Female Only,18 - 150,Pelvis,
Gyn and OB,3149342,"Adnexal mass, no acute symptoms, premenopausal, pelvic US suspicious for malignancy, next imaging study for characterization",https://gravitas.acr.org/ACPortal/GetDataForOneScenario?senarioId=4706,Female Only,18 - 150,Pelvis,
Gyn and OB,3196732,"Cervical cancer, chemoradiation, posttreatment evaluation",https://gravitas.acr.org/ACPortal/GetDataForOneScenario?senarioId=7287,Female Only,18 - 150,Pelvis,
Gyn and OB,3196735,"Cervical cancer, local recurrence suspected, follow-up imaging",https://gravitas.acr.org/ACPortal/GetDataForOneScenario?senarioId=7288,Female Only,18 - 150,Pelvis,
Gyn and OB,3196736,"Cervical cancer, local recurrence, follow-up imaging",https://gravitas.acr.org/ACPortal/GetDataForOneScenario?senarioId=7289,Female Only,18 - 150,Pelvis,
Gyn and OB,3196737,"Cervical cancer, mets recurrence suspected, follow-up imaging",https://gravitas.acr.org/ACPortal/GetDataForOneScenario?senarioId=7290,Female Only,18 - 150,Pelvis,
Gyn and OB,3196738,"Cervical cancer, mets recurrence, follow-up imaging",https://gravitas.acr.org/ACPortal/GetDataForOneScenario?senarioId=7291,Female Only,18 - 150,Pelvis,
Gyn and OB,3074148,"Cervical cancer, pretreatment, clinically visible lesion, local tumor staging",https://gravitas.acr.org/ACPortal/GetDataForOneScenario?senarioId=862,Female Only,18 - 150,Pelvis,
Gyn and OB,3074149,"Cervical cancer, pretreatment, systemic staging",https://gravitas.acr.org/ACPortal/GetDataForOneScenario?senarioId=863,Female Only,18 - 150,Pelvis,
Gyn and OB,3074150,"Cervical cancer, treated, asymptomatic, surveillance",https://gravitas.acr.org/ACPortal/GetDataForOneScenario?senarioId=864,Female Only,18 - 150,Pelvis,
Gyn and OB,3194854,"Defecatory dysfunction, difficulty initiating defecation, initial imaging",https://gravitas.acr.org/ACPortal/GetDataForOneScenario?senarioId=5955,Female Only,18 - 150,Pelvis,
Gyn and OB,3194857,"Defecatory dysfunction, digital maneuvers to defecate, initial imaging",https://gravitas.acr.org/ACPortal/GetDataForOneScenario?senarioId=5958,Female Only,18 - 150,Pelvis,
Gyn and OB,3194855,"Defecatory dysfunction, incomplete evacuation, initial imaging",https://gravitas.acr.org/ACPortal/GetDataForOneScenario?senarioId=5956,Female Only,18 - 150,Pelvis,
Gyn and OB,3194852,"Defecatory dysfunction, incontinence of gas, initial imaging",https://gravitas.acr.org/ACPortal/GetDataForOneScenario?senarioId=5953,Female Only,18 - 150,Pelvis,
Gyn and OB,3194851,"Defecatory dysfunction, incontinence of liquid, initial imaging",https://gravitas.acr.org/ACPortal/GetDataForOneScenario?senarioId=5952,Female Only,18 - 150,Pelvis,
Gyn and OB,3194850,"Defecatory dysfunction, incontinence of stool, initial imaging",https://gravitas.acr.org/ACPortal/GetDataForOneScenario?senarioId=5951,Female Only,18 - 150,Pelvis,
Gyn and OB,3194856,"Defecatory dysfunction, splinting, initial imaging",https://gravitas.acr.org/ACPortal/GetDataForOneScenario?senarioId=5957,Female Only,18 - 150,Pelvis,
Gyn and OB,3194853,"Defecatory dysfunction, straining during defecation, initial imaging",https://gravitas.acr.org/ACPortal/GetDataForOneScenario?senarioId=5954,Female Only,18 - 150,Pelvis,
Gyn and OB,3185436,"Endometrial cancer, pretreatment evaluation, low grade, assess lymph node and mets",https://gravitas.acr.org/ACPortal/GetDataForOneScenario?senarioId=5387,Female Only,18 - 150,Pelvis,
Gyn and OB,3185435,"Endometrial cancer, pretreatment staging, all grades, assess local tumor extension",https://gravitas.acr.org/ACPortal/GetDataForOneScenario?senarioId=5386,Female Only,18 - 150,Pelvis,
Gyn and OB,3185437,"Endometrial cancer, pretreatment staging, high grade, assess lymph node and mets",https://gravitas.acr.org/ACPortal/GetDataForOneScenario?senarioId=5388,Female Only,18 - 150,Pelvis,
Gyn and OB,3185439,"Endometrial cancer, treated, high risk, no sxs, surveillance",https://gravitas.acr.org/ACPortal/GetDataForOneScenario?senarioId=5390,Female Only,18 - 150,Pelvis,
Gyn and OB,3185438,"Endometrial cancer, treated, low to intermediate risk, no sxs, surveillance",https://gravitas.acr.org/ACPortal/GetDataForOneScenario?senarioId=5389,Female Only,18 - 150,Pelvis,
Gyn and OB,3079768,"Endometrial cancer, treated, recurrence suspected",https://gravitas.acr.org/ACPortal/GetDataForOneScenario?senarioId=1100,Female Only,18 - 150,Pelvis,
Gyn and OB,3197524,"Endometriosis suspected, initial imaging",https://gravitas.acr.org/ACPortal/GetDataForOneScenario?senarioId=7774,Female Only,18 - 150,Pelvis,
Gyn and OB,3197531,"Endometriosis suspected, rectosigmoid, initial imaging",https://gravitas.acr.org/ACPortal/GetDataForOneScenario?senarioId=7779,Female Only,18 - 150,Pelvis,
Gyn and OB,3197526,"Endometriosis suspected, US indeterminate, next imaging study, characterization",https://gravitas.acr.org/ACPortal/GetDataForOneScenario?senarioId=7775,Female Only,18 - 150,Pelvis,
Gyn and OB,3197527,"Endometriosis suspected, US indeterminate, next imaging study, treatment planning",https://gravitas.acr.org/ACPortal/GetDataForOneScenario?senarioId=7776,Female Only,18 - 150,Pelvis,
Gyn and OB,3197528,"Endometriosis suspected, US negative, next imaging study, characterization",https://gravitas.acr.org/ACPortal/GetDataForOneScenario?senarioId=7777,Female Only,18 - 150,Pelvis,
Gyn and OB,3197529,"Endometriosis suspected, US negative, next imaging study, treatment planning",https://gravitas.acr.org/ACPortal/GetDataForOneScenario?senarioId=7778,Female Only,18 - 150,Pelvis,
Gyn and OB,3197534,"Endometriosis, postoperative diagnosis, new symptoms, follow-up imaging",https://gravitas.acr.org/ACPortal/GetDataForOneScenario?senarioId=7781,Female Only,18 - 150,Pelvis,
Gyn and OB,3197533,"Endometriosis, postoperative diagnosis, ongoing symptoms, follow-up imaging",https://gravitas.acr.org/ACPortal/GetDataForOneScenario?senarioId=7780,Female Only,18 - 150,Pelvis,
Gyn and OB,3194006,"Fetal anomaly screening, gestation >= 14 weeks, high risk pregnancy, initial imaging",https://gravitas.acr.org/ACPortal/GetDataForOneScenario?senarioId=5499,Female Only,10 - 60,Pelvis,
Gyn and OB,3194005,"Fetal anomaly screening, gestation >= 14 weeks, low risk pregnancy, initial imaging",https://gravitas.acr.org/ACPortal/GetDataForOneScenario?senarioId=5498,Female Only,10 - 60,Pelvis,
Gyn and OB,3194008,"Fetal anomaly screening, gestation >= 14 weeks, major anomalies on US, next imaging study",https://gravitas.acr.org/ACPortal/GetDataForOneScenario?senarioId=5501,Female Only,10 - 60,Pelvis,
Gyn and OB,3194007,"Fetal anomaly screening, gestation >= 14 weeks, soft marker findings on US, next imaging study",https://gravitas.acr.org/ACPortal/GetDataForOneScenario?senarioId=5500,Female Only,10 - 60,Pelvis,
Gyn and OB,3149273,"Fetal growth disturbance, high risk for fetal growth restriction",https://gravitas.acr.org/ACPortal/GetDataForOneScenario?senarioId=4637,Female Only,10 - 60,Pelvis,
Gyn and OB,3149272,"Fetal growth disturbance, low risk for fetal growth restriction",https://gravitas.acr.org/ACPortal/GetDataForOneScenario?senarioId=4636,Female Only,10 - 60,Pelvis,
Gyn and OB,3149274,"Fetal growth restriction, follow up",https://gravitas.acr.org/ACPortal/GetDataForOneScenario?senarioId=4638,Female Only,10 - 60,Pelvis,
Gyn and OB,3195269,"Fibroids suspected, initial imaging",https://gravitas.acr.org/ACPortal/GetDataForOneScenario?senarioId=6226,Female Only,18 - 150,Pelvis,
Gyn and OB,3195274,"Fibroids, posttreatment imaging",https://gravitas.acr.org/ACPortal/GetDataForOneScenario?senarioId=6229,Female Only,18 - 150,Pelvis,
Gyn and OB,3195273,"Fibroids, surveillance",https://gravitas.acr.org/ACPortal/GetDataForOneScenario?senarioId=6228,Female Only,18 - 150,Pelvis,
Gyn and OB,3195271,"Fibroids, treatment planning, initial imaging",https://gravitas.acr.org/ACPortal/GetDataForOneScenario?senarioId=6227,Female Only,18 - 150,Pelvis,
Gyn and OB,3155923,Gestational trophoblastic disease (GTD) suspected,https://gravitas.acr.org/ACPortal/GetDataForOneScenario?senarioId=4786,Female Only,10 - 60,Pelvis,
Gyn and OB,3163053,"Gestational trophoblastic disease (GTD), assess for complications",https://gravitas.acr.org/ACPortal/GetDataForOneScenario?senarioId=4912,Female Only,10 - 60,Pelvis,
Gyn and OB,3163051,Gestational trophoblastic neoplasia (GTN) suspected,https://gravitas.acr.org/ACPortal/GetDataForOneScenario?senarioId=4910,Female Only,10 - 60,Pelvis,
Gyn and OB,3163054,"Gestational trophoblastic neoplasia (GTN), assess for complications",https://gravitas.acr.org/ACPortal/GetDataForOneScenario?senarioId=4913,Female Only,10 - 60,Pelvis,
Gyn and OB,3163052,"Gestational trophoblastic neoplasia (GTN), staging",https://gravitas.acr.org/ACPortal/GetDataForOneScenario?senarioId=4911,Female Only,10 - 60,Pelvis,
Gyn and OB,3155925,"Gestational trophoblastic neoplasia (GTN), surveillance",https://gravitas.acr.org/ACPortal/GetDataForOneScenario?senarioId=4788,Female Only,10 - 60,Pelvis,
Gyn and OB,3183774,"Gravid cervix assessment, active term labor, initial imaging",https://gravitas.acr.org/ACPortal/GetDataForOneScenario?senarioId=5337,Female Only,10 - 60,Pelvis,
Gyn and OB,3181230,"Gravid cervix assessment, hx of preterm birth, initial imaging",https://gravitas.acr.org/ACPortal/GetDataForOneScenario?senarioId=5302,Female Only,10 - 60,Pelvis,
Gyn and OB,3183773,"Gravid cervix assessment, labor induction, initial imaging",https://gravitas.acr.org/ACPortal/GetDataForOneScenario?senarioId=5336,Female Only,10 - 60,Pelvis,
Gyn and OB,3183772,"Gravid cervix assessment, no hx of preterm birth, initial imaging",https://gravitas.acr.org/ACPortal/GetDataForOneScenario?senarioId=5335,Female Only,10 - 60,Pelvis,
Gyn and OB,3183771,"Gravid cervix assessment, nulliparous, initial imaging",https://gravitas.acr.org/ACPortal/GetDataForOneScenario?senarioId=5334,Female Only,10 - 60,Pelvis,
Gyn and OB,3181231,"Gravid cervix assessment, preterm labor suspected, initial imaging",https://gravitas.acr.org/ACPortal/GetDataForOneScenario?senarioId=5303,Female Only,10 - 60,Pelvis,
Gyn and OB,3180663,"Infertility, endometriosis suspected, initial imaging",https://gravitas.acr.org/ACPortal/GetDataForOneScenario?senarioId=5291,Female Only,10 - 60,Pelvis,
Gyn and OB,3180664,"Infertility, endometriosis, initial imaging",https://gravitas.acr.org/ACPortal/GetDataForOneScenario?senarioId=5292,Female Only,10 - 60,Pelvis,
Gyn and OB,3164925,"Infertility, evaluate ovulatory function and reserve, initial imaging",https://gravitas.acr.org/ACPortal/GetDataForOneScenario?senarioId=5239,Female Only,10 - 60,Pelvis,
Gyn and OB,3180661,"Infertility, polycystic ovary syndrome suspected, initial imaging",https://gravitas.acr.org/ACPortal/GetDataForOneScenario?senarioId=5289,Female Only,10 - 60,Pelvis,
Gyn and OB,3180662,"Infertility, polycystic ovary syndrome, initial imaging",https://gravitas.acr.org/ACPortal/GetDataForOneScenario?senarioId=5290,Female Only,10 - 60,Pelvis,
Gyn and OB,3097329,"Infertility, recurring pregnancy loss, initial imaging",https://gravitas.acr.org/ACPortal/GetDataForOneScenario?senarioId=2123,Female Only,10 - 60,Pelvis,
Gyn and OB,3164926,"Infertility, tubal occlusion suspected, initial imaging",https://gravitas.acr.org/ACPortal/GetDataForOneScenario?senarioId=5240,Female Only,10 - 60,Pelvis,
Gyn and OB,3197485,"Multiple gestations suspected, dichorionic, first trimester, initial imaging",https://gravitas.acr.org/ACPortal/GetDataForOneScenario?senarioId=7756,Female Only,10 - 60,Pelvis,
Gyn and OB,3197486,"Multiple gestations suspected, monochorionic, first trimester, initial imaging",https://gravitas.acr.org/ACPortal/GetDataForOneScenario?senarioId=7757,Female Only,10 - 60,Pelvis,
Gyn and OB,3197499,"Multiple gestations, dichorionic twins, growth and antepartum surveillance",https://gravitas.acr.org/ACPortal/GetDataForOneScenario?senarioId=7766,Female Only,10 - 60,Pelvis,
Gyn and OB,3197494,"Multiple gestations, dichorionic twins, second trimester anatomy exam, follow-up imaging",https://gravitas.acr.org/ACPortal/GetDataForOneScenario?senarioId=7763,Female Only,10 - 60,Pelvis,
Gyn and OB,3197507,"Multiple gestations, dichorionic, abnormality, growth and antepartum surveillance",https://gravitas.acr.org/ACPortal/GetDataForOneScenario?senarioId=7773,Female Only,10 - 60,Pelvis,
Gyn and OB,3197506,"Multiple gestations, dichorionic, discordance between fetuses, growth and antepartum surveillance",https://gravitas.acr.org/ACPortal/GetDataForOneScenario?senarioId=7772,Female Only,10 - 60,Pelvis,
Gyn and OB,3197490,"Multiple gestations, dichorionic, first trimester US performed, next imaging study",https://gravitas.acr.org/ACPortal/GetDataForOneScenario?senarioId=7760,Female Only,10 - 60,Pelvis,
Gyn and OB,3197487,"Multiple gestations, dichorionic, first trimester, initial imaging",https://gravitas.acr.org/ACPortal/GetDataForOneScenario?senarioId=7758,Female Only,10 - 60,Pelvis,
Gyn and OB,3197500,"Multiple gestations, monochorionic twins, growth and antepartum surveillance",https://gravitas.acr.org/ACPortal/GetDataForOneScenario?senarioId=7767,Female Only,10 - 60,Pelvis,
Gyn and OB,3197496,"Multiple gestations, monochorionic twins, second trimester anatomy exam, follow-up imaging",https://gravitas.acr.org/ACPortal/GetDataForOneScenario?senarioId=7764,Female Only,10 - 60,Pelvis,
Gyn and OB,3197505,"Multiple gestations, monochorionic, abnormality, growth and antepartum surveillance",https://gravitas.acr.org/ACPortal/GetDataForOneScenario?senarioId=7771,Female Only,10 - 60,Pelvis,
Gyn and OB,3197504,"Multiple gestations, monochorionic, discordance between fetuses, growth and antepartum surveillance",https://gravitas.acr.org/ACPortal/GetDataForOneScenario?senarioId=7770,Female Only,10 - 60,Pelvis,
Gyn and OB,3197491,"Multiple gestations, monochorionic, first trimester US performed, next imaging study",https://gravitas.acr.org/ACPortal/GetDataForOneScenario?senarioId=7761,Female Only,10 - 60,Pelvis,
Gyn and OB,3197488,"Multiple gestations, monochorionic, first trimester, initial imaging",https://gravitas.acr.org/ACPortal/GetDataForOneScenario?senarioId=7759,Female Only,10 - 60,Pelvis,
Gyn and OB,3197503,"Multiple gestations, multichorionic higher order multiples, abnormality, growth and antepartum surveillance",https://gravitas.acr.org/ACPortal/GetDataForOneScenario?senarioId=7769,Female Only,10 - 60,Pelvis,
Gyn and OB,3197502,"Multiple gestations, multichorionic higher order multiples, discordance between fetuses, growth and antepartum surveillance",https://gravitas.acr.org/ACPortal/GetDataForOneScenario?senarioId=7768,Female Only,10 - 60,Pelvis,
Gyn and OB,3197498,"Multiple gestations, multichorionic higher order multiples, growth and antepartum surveillance",https://gravitas.acr.org/ACPortal/GetDataForOneScenario?senarioId=7765,Female Only,10 - 60,Pelvis,
Gyn and OB,3197493,"Multiple gestations, multichorionic higher order multiples, second trimester anatomy exam, follow-up imaging",https://gravitas.acr.org/ACPortal/GetDataForOneScenario?senarioId=7762,Female Only,10 - 60,Pelvis,
Gyn and OB,3185425,"Nuchal translucency measurement, increased, 11-14 weeks gestation, dichorionic twins",https://gravitas.acr.org/ACPortal/GetDataForOneScenario?senarioId=5376,Female Only,10 - 60,Pelvis,
Gyn and OB,3185426,"Nuchal translucency measurement, increased, 11-14 weeks gestation, monochorionic twins,",https://gravitas.acr.org/ACPortal/GetDataForOneScenario?senarioId=5377,Female Only,10 - 60,Pelvis,
Gyn and OB,3185424,"Nuchal translucency measurement, increased, 11-14 weeks gestation, single gestation",https://gravitas.acr.org/ACPortal/GetDataForOneScenario?senarioId=5375,Female Only,10 - 60,Pelvis,
Gyn and OB,3185423,"Nuchal translucency measurement, routine, 11-14 weeks gestation, single or twins, initial imaging",https://gravitas.acr.org/ACPortal/GetDataForOneScenario?senarioId=5374,Female Only,10 - 60,Pelvis,
Gyn and OB,3106348,"Ovarian cancer screen, postmenopausal, average risk",https://gravitas.acr.org/ACPortal/GetDataForOneScenario?senarioId=2475,Female Only,18 - 150,Pelvis,
Gyn and OB,3106350,"Ovarian cancer screen, postmenopausal, high risk (pers/fam hx or genetic predisp or elev CA-125)",https://gravitas.acr.org/ACPortal/GetDataForOneScenario?senarioId=2477,Female Only,18 - 150,Pelvis,
Gyn and OB,3106347,"Ovarian cancer screen, premenopausal, average risk",https://gravitas.acr.org/ACPortal/GetDataForOneScenario?senarioId=2474,Female Only,18 - 150,Pelvis,
Gyn and OB,3106349,"Ovarian cancer screen, premenopausal, high risk (pers/fam hx or genetic predisp or elev CA-125)",https://gravitas.acr.org/ACPortal/GetDataForOneScenario?senarioId=2476,Female Only,18 - 150,Pelvis,
Gyn and OB,3073731,"Ovarian cancer, initial staging",https://gravitas.acr.org/ACPortal/GetDataForOneScenario?senarioId=650,Female Only,18 - 150,Pelvis,
Gyn and OB,3141652,"Ovarian cancer, recurrence known",https://gravitas.acr.org/ACPortal/GetDataForOneScenario?senarioId=4450,Female Only,18 - 150,Pelvis,
Gyn and OB,3141651,"Ovarian cancer, recurrence suspected",https://gravitas.acr.org/ACPortal/GetDataForOneScenario?senarioId=4449,Female Only,18 - 150,Pelvis,
Gyn and OB,3194860,"Pelvic floor surgery, postoperative, chronic complications, not recurrent pelvic floor dysfunction, initial imaging",https://gravitas.acr.org/ACPortal/GetDataForOneScenario?senarioId=5960,Female Only,18 - 150,Pelvis,
Gyn and OB,3194859,"Pelvic floor surgery, postoperative, subacute complications, not recurrent pelvic floor dysfunction, initial imaging",https://gravitas.acr.org/ACPortal/GetDataForOneScenario?senarioId=5959,Female Only,18 - 150,Pelvis,
Gyn and OB,3194841,"Pelvic organ prolapse suspected, initial imaging",https://gravitas.acr.org/ACPortal/GetDataForOneScenario?senarioId=5943,Female Only,18 - 150,Pelvis,
Gyn and OB,3074377,"Pelvic pain, acute, negative beta-hCG, gynecological etiology suspected, initial imaging",https://gravitas.acr.org/ACPortal/GetDataForOneScenario?senarioId=1042,Female Only,10 - 60,Pelvis,
Gyn and OB,3074379,"Pelvic pain, acute, negative beta-hCG, non-gynecological etiology suspected, initial imaging",https://gravitas.acr.org/ACPortal/GetDataForOneScenario?senarioId=1044,Female Only,10 - 60,Pelvis,
Gyn and OB,3074376,"Pelvic pain, acute, positive beta-hCG, gynecological etiology suspected, initial imaging",https://gravitas.acr.org/ACPortal/GetDataForOneScenario?senarioId=1041,Female Only,10 - 60,Pelvis,
Gyn and OB,3074378,"Pelvic pain, acute, positive beta-hCG, non-gynecological etiology suspected, initial imaging",https://gravitas.acr.org/ACPortal/GetDataForOneScenario?senarioId=1043,Female Only,10 - 60,Pelvis,
Gyn and OB,3193989,"Pelvic pain, acute, postmenopausal, initial imaging",https://gravitas.acr.org/ACPortal/GetDataForOneScenario?senarioId=5482,Female Only,18 - 150,Pelvis,
Gyn and OB,3148178,"Pelvic pain, chronic, post-menopausal",https://gravitas.acr.org/ACPortal/GetDataForOneScenario?senarioId=4553,Female Only,18 - 150,Pelvis,
Gyn and OB,3148585,"Perineal pain, chronic, post-menopausal",https://gravitas.acr.org/ACPortal/GetDataForOneScenario?senarioId=4573,Female Only,18 - 150,Pelvis,
Gyn and OB,3164898,"Placenta accreta spectrum disorder screening, initial imaging",https://gravitas.acr.org/ACPortal/GetDataForOneScenario?senarioId=5212,Female Only,10 - 60,Pelvis,
Gyn and OB,3164899,"Placenta accreta spectrum disorder suspected, high risk, initial imaging",https://gravitas.acr.org/ACPortal/GetDataForOneScenario?senarioId=5213,Female Only,10 - 60,Pelvis,
Gyn and OB,3164900,"Placenta accreta spectrum disorder, follow up imaging",https://gravitas.acr.org/ACPortal/GetDataForOneScenario?senarioId=5214,Female Only,10 - 60,Pelvis,
Gyn and OB,3185407,"Postpartum hemorrhage, <= 24 hrs after cesarean delivery, initial Imaging",https://gravitas.acr.org/ACPortal/GetDataForOneScenario?senarioId=5358,Female Only,10 - 60,Pelvis,
Gyn and OB,3185408,"Postpartum hemorrhage, <= 24 hrs after vaginal delivery, initial Imaging",https://gravitas.acr.org/ACPortal/GetDataForOneScenario?senarioId=5359,Female Only,10 - 60,Pelvis,
Gyn and OB,3185409,"Postpartum hemorrhage, >24hrs to <= 6wks hrs after cesarean delivery, initial Imaging",https://gravitas.acr.org/ACPortal/GetDataForOneScenario?senarioId=5360,Female Only,10 - 60,Pelvis,
Gyn and OB,3185410,"Postpartum hemorrhage, >24hrs to <= 6wks hrs after vaginal delivery, initial Imaging",https://gravitas.acr.org/ACPortal/GetDataForOneScenario?senarioId=5361,Female Only,10 - 60,Pelvis,
Gyn and OB,3194848,"Urinary dysfunction, digital maneuvers to void, initial imaging",https://gravitas.acr.org/ACPortal/GetDataForOneScenario?senarioId=5950,Female Only,18 - 150,Pelvis,
Gyn and OB,3194843,"Urinary dysfunction, frequent urination, initial imaging",https://gravitas.acr.org/ACPortal/GetDataForOneScenario?senarioId=5945,Female Only,18 - 150,Pelvis,
Gyn and OB,3194846,"Urinary dysfunction, incomplete voiding, initial imaging",https://gravitas.acr.org/ACPortal/GetDataForOneScenario?senarioId=5948,Female Only,18 - 150,Pelvis,
Gyn and OB,3194842,"Urinary dysfunction, involuntary leakage of urine, initial imaging",https://gravitas.acr.org/ACPortal/GetDataForOneScenario?senarioId=5944,Female Only,18 - 150,Pelvis,
Gyn and OB,3194847,"Urinary dysfunction, splinting, initial imaging",https://gravitas.acr.org/ACPortal/GetDataForOneScenario?senarioId=5949,Female Only,18 - 150,Pelvis,
Gyn and OB,3194845,"Urinary dysfunction, straining to void, initial imaging",https://gravitas.acr.org/ACPortal/GetDataForOneScenario?senarioId=5947,Female Only,18 - 150,Pelvis,
Gyn and OB,3194844,"Urinary dysfunction, urgency, initial imaging",https://gravitas.acr.org/ACPortal/GetDataForOneScenario?senarioId=5946,Female Only,18 - 150,Pelvis,
Gyn and OB,3185427,"Uterine bleeding, abnormal, initial imaging",https://gravitas.acr.org/ACPortal/GetDataForOneScenario?senarioId=5378,Female Only,12 - 150,Pelvis,
Gyn and OB,3191929,"Uterine bleeding, abnormal, US inconclusive, follow-up imaging",https://gravitas.acr.org/ACPortal/GetDataForOneScenario?senarioId=5434,Female Only,12 - 150,Pelvis,
Gyn and OB,3191930,"Uterine bleeding, abnormal, US performed, follow-up imaging for further characterization",https://gravitas.acr.org/ACPortal/GetDataForOneScenario?senarioId=5435,Female Only,12 - 150,Pelvis,
Gyn and OB,3185429,"Uterine bleeding, abnormal, US performed, surveillance",https://gravitas.acr.org/ACPortal/GetDataForOneScenario?senarioId=5380,Female Only,12 - 150,Pelvis,
Gyn and OB,3191945,"Vaginal bleeding, after first trimester, low lying placenta suspected, initial imaging",https://gravitas.acr.org/ACPortal/GetDataForOneScenario?senarioId=5450,Female Only,10 - 60,Pelvis,
Gyn and OB,3191946,"Vaginal bleeding, after first trimester, low lying placenta, initial imaging",https://gravitas.acr.org/ACPortal/GetDataForOneScenario?senarioId=5451,Female Only,10 - 60,Pelvis,
Gyn and OB,3185440,"Vaginal bleeding, after first trimester, painful, initial imaging",https://gravitas.acr.org/ACPortal/GetDataForOneScenario?senarioId=5391,Female Only,10 - 60,Pelvis,
Gyn and OB,3074160,"Vaginal bleeding, after first trimester, painless, initial imaging",https://gravitas.acr.org/ACPortal/GetDataForOneScenario?senarioId=871,Female Only,10 - 60,Pelvis,
Gyn and OB,3191943,"Vaginal bleeding, after first trimester, placenta previa suspected, initial imaging",https://gravitas.acr.org/ACPortal/GetDataForOneScenario?senarioId=5448,Female Only,10 - 60,Pelvis,
Gyn and OB,3191944,"Vaginal bleeding, after first trimester, placenta previa, initial imaging",https://gravitas.acr.org/ACPortal/GetDataForOneScenario?senarioId=5449,Female Only,10 - 60,Pelvis,
Gyn and OB,3191947,"Vaginal bleeding, after first trimester, vasa previa suspected, initial imaging",https://gravitas.acr.org/ACPortal/GetDataForOneScenario?senarioId=5452,Female Only,10 - 60,Pelvis,
Gyn and OB,3191948,"Vaginal bleeding, after first trimester, vasa previa, initial imaging",https://gravitas.acr.org/ACPortal/GetDataForOneScenario?senarioId=5453,Female Only,10 - 60,Pelvis,
Gyn and OB,3074147,"Vaginal bleeding, first trimester, positive beta-HCG",https://gravitas.acr.org/ACPortal/GetDataForOneScenario?senarioId=861,Female Only,10 - 60,Pelvis,
Gyn and OB,3194840,"Vaginal bulge, initial imaging",https://gravitas.acr.org/ACPortal/GetDataForOneScenario?senarioId=5942,Female Only,18 - 150,Pelvis,
Gyn and OB,3194207,"Vaginal cancer, initial pretreatment staging",https://gravitas.acr.org/ACPortal/GetDataForOneScenario?senarioId=5571,Female Only,18 - 150,Pelvis,
Gyn and OB,3194209,"Vaginal cancer, no recurrence suspected, post treatment evaluation, initial imaging",https://gravitas.acr.org/ACPortal/GetDataForOneScenario?senarioId=5572,Female Only,18 - 150,Pelvis,
Gyn and OB,3194212,"Vaginal cancer, recurrence known, extent of disease evaluation, initial imaging",https://gravitas.acr.org/ACPortal/GetDataForOneScenario?senarioId=5574,Female Only,18 - 150,Pelvis,
Gyn and OB,3194211,"Vaginal cancer, recurrence suspected, extent of disease evaluation, initial imaging",https://gravitas.acr.org/ACPortal/GetDataForOneScenario?senarioId=5573,Female Only,18 - 150,Pelvis,
Gyn and OB,3148587,"Vaginal pain, chronic, post-menopausal",https://gravitas.acr.org/ACPortal/GetDataForOneScenario?senarioId=4575,Female Only,18 - 150,Pelvis,
Gyn and OB,3194839,"Vaginal protrusion, initial imaging",https://gravitas.acr.org/ACPortal/GetDataForOneScenario?senarioId=5941,Female Only,18 - 150,Pelvis,
Gyn and OB,3193990,"Vulvar cancer, primary tumor <=2cm, confined to vulva or perineum, <=1mm stromal invasion, initial pretreatment staging",https://gravitas.acr.org/ACPortal/GetDataForOneScenario?senarioId=5483,Female Only,18 - 150,Pelvis,
Gyn and OB,3194044,"Vulvar cancer, primary tumor <=4cm, >1mm stromal invasion, confined to vulva or perineum, initial pretreatment staging",https://gravitas.acr.org/ACPortal/GetDataForOneScenario?senarioId=5533,Female Only,18 - 150,Pelvis,
Gyn and OB,3194045,"Vulvar cancer, primary tumor <=4cm, >1mm stromal invasion, minimal involvement of urethra or vagina or anus, initial pretreatment staging",https://gravitas.acr.org/ACPortal/GetDataForOneScenario?senarioId=5534,Female Only,18 - 150,Pelvis,
Gyn and OB,3194046,"Vulvar cancer, primary tumor >4 cm, initial pretreatment staging",https://gravitas.acr.org/ACPortal/GetDataForOneScenario?senarioId=5535,Female Only,18 - 150,Pelvis,
Gyn and OB,3194047,"Vulvar cancer, primary tumor any size, more than minimal involvement of urethra or vagina or anus, initial pretreatment staging",https://gravitas.acr.org/ACPortal/GetDataForOneScenario?senarioId=5536,Female Only,18 - 150,Pelvis,
Gyn and OB,3193993,"Vulvar cancer, treated, recurrence suspected",https://gravitas.acr.org/ACPortal/GetDataForOneScenario?senarioId=5486,Female Only,18 - 150,Pelvis,
Gyn and OB,3148586,"Vulvar pain, chronic, post-menopausal",https://gravitas.acr.org/ACPortal/GetDataForOneScenario?senarioId=4574,Female Only,18 - 150,Pelvis,
Interventional Radiology,3079770,"AAA, f/u after repair (open or endovasc)",https://gravitas.acr.org/ACPortal/GetDataForOneScenario?senarioId=1102,All,18 - 150,Abdomen-pelvis,
Interventional Radiology,3079769,"AAA, pre-op planning (open or endovasc)",https://gravitas.acr.org/ACPortal/GetDataForOneScenario?senarioId=1101,All,18 - 150,Abdomen-pelvis,
Interventional Radiology,3195695,"Abdominal pain after meals and CTA showing widely patent origins of SMA and IMA, with compression of the celiac origin by the median arcuate ligament. Initial therapy.",https://gravitas.acr.org/ACPortal/GetDataForOneScenario?senarioId=6587,All,18 - 150,Abdomen-pelvis,
Interventional Radiology,3196515,"Abnormal skin changes associated with the upper or lower extremity hemodialysis access cannulation site, including marked thinning, ulceration, eschar formation, spontaneous bleeding, pseudoaneurysm formation, superficial or deep infection. Treatment and procedures.",https://gravitas.acr.org/ACPortal/GetDataForOneScenario?senarioId=7145,All,18 - 150,Extremities,
Interventional Radiology,3196005,"Asymptomatic, osteoporotic VCF. Initial treatment.",https://gravitas.acr.org/ACPortal/GetDataForOneScenario?senarioId=6791,All,18 - 150,Spine,"Cervical or Neck Pain, Low Back Pain"
Interventional Radiology,3196486,"AVF, lower extremity, not mature 2 mos after created, initial imaging, guide IR therapy",https://gravitas.acr.org/ACPortal/GetDataForOneScenario?senarioId=7121,All,18 - 150,Lower extremity,
Interventional Radiology,3196487,"AVF, upper extremity, not mature 2 mos after created, initial imaging, guide IR therapy",https://gravitas.acr.org/ACPortal/GetDataForOneScenario?senarioId=7122,All,18 - 150,Upper extremity,
Interventional Radiology,3196011,"Benign VCF with worsening pain, or deformity, or pulmonary dysfunction. Initial treatment.",https://gravitas.acr.org/ACPortal/GetDataForOneScenario?senarioId=6794,All,18 - 150,Spine,"Cervical or Neck Pain, Low Back Pain"
Interventional Radiology,3196496,"Clinical suspicion of central venous stenosis or occlusion suggested by swelling (ie, soft tissue edema) of the extremity ipsilateral to the upper or lower extremity hemodialysis access, with or without the development of venous collaterals. Treatment and procedures.",https://gravitas.acr.org/ACPortal/GetDataForOneScenario?senarioId=7128,All,18 - 150,Extremities,
Interventional Radiology,3195968,"Device selection: Acutely ill patient requiring infusion of vesicant medication, hemodynamic monitoring, and frequent blood draws for 2 weeks or shorter.",https://gravitas.acr.org/ACPortal/GetDataForOneScenario?senarioId=6767,All,18 - 150,Unspecified,
Interventional Radiology,3195976,Device selection: Patient requiring continuous or very frequent intravenous administration of intravenous medications (excluding total parenteral nutrition) for more than 2 weeks.,https://gravitas.acr.org/ACPortal/GetDataForOneScenario?senarioId=6771,All,18 - 150,Unspecified,
Interventional Radiology,3195978,Device selection: Patient requiring long term total parenteral nutrition and another indication for central access.,https://gravitas.acr.org/ACPortal/GetDataForOneScenario?senarioId=6772,All,18 - 150,Unspecified,
Interventional Radiology,3195970,"Device selection: Patient with acute renal failure requiring central venous access for renal replacement therapy, anticipated duration of therapy for 2 weeks or shorter.",https://gravitas.acr.org/ACPortal/GetDataForOneScenario?senarioId=6768,All,18 - 150,Unspecified,
Interventional Radiology,3195974,Device selection: Patient with cancer diagnosis requiring central venous access for weekly chemotherapy infusion for more than 2 weeks.,https://gravitas.acr.org/ACPortal/GetDataForOneScenario?senarioId=6770,All,18 - 150,Unspecified,
Interventional Radiology,3195980,Device selection: Patient with Chronic Kidney Disease requiring central venous catheter IV infusions for more than 2 weeks.,https://gravitas.acr.org/ACPortal/GetDataForOneScenario?senarioId=6773,All,18 - 150,Unspecified,
Interventional Radiology,3195972,"Device selection: Patient with renal failure requiring central venous access for renal replacement therapy, anticipated duration of therapy for more than 2 weeks.",https://gravitas.acr.org/ACPortal/GetDataForOneScenario?senarioId=6769,All,18 - 150,Unspecified,
Interventional Radiology,3195323,"Ductal cholangiocarcinoma: Hilar cholangiocarcinoma, greater than 3 cm with poorly defined margins, vascular invasion, and periportal lymphadenopathy.",https://gravitas.acr.org/ACPortal/GetDataForOneScenario?senarioId=6262,All,18 - 150,Abdomen,
Interventional Radiology,3196489,Failure of an upper or lower extremity arteriovenous fistula to mature within 2 months after creation. Treatment and procedures.,https://gravitas.acr.org/ACPortal/GetDataForOneScenario?senarioId=7123,All,18 - 150,Extremities,
Interventional Radiology,3196498,"Hemodialysis access cannulation site, lower extremity, abnormal skin changes, initial imaging, guide IR therapy",https://gravitas.acr.org/ACPortal/GetDataForOneScenario?senarioId=7129,All,18 - 150,Lower extremity,
Interventional Radiology,3196506,"Hemodialysis access cannulation site, lower extremity, deep infection, initial imaging, guide IR therapy",https://gravitas.acr.org/ACPortal/GetDataForOneScenario?senarioId=7137,All,18 - 150,Lower extremity,
Interventional Radiology,3196502,"Hemodialysis access cannulation site, lower extremity, eschar, initial imaging, guide IR therapy",https://gravitas.acr.org/ACPortal/GetDataForOneScenario?senarioId=7133,All,18 - 150,Lower extremity,
Interventional Radiology,3196500,"Hemodialysis access cannulation site, lower extremity, marked skin thinning, initial imaging, guide IR therapy",https://gravitas.acr.org/ACPortal/GetDataForOneScenario?senarioId=7131,All,18 - 150,Lower extremity,
Interventional Radiology,3196504,"Hemodialysis access cannulation site, lower extremity, pseudoaneurysm, initial imaging, guide IR therapy",https://gravitas.acr.org/ACPortal/GetDataForOneScenario?senarioId=7135,All,18 - 150,Lower extremity,
Interventional Radiology,3196503,"Hemodialysis access cannulation site, lower extremity, spontaneous bleeding, initial imaging, guide IR therapy",https://gravitas.acr.org/ACPortal/GetDataForOneScenario?senarioId=7134,All,18 - 150,Lower extremity,
Interventional Radiology,3196505,"Hemodialysis access cannulation site, lower extremity, superficial infection, initial imaging, guide IR therapy",https://gravitas.acr.org/ACPortal/GetDataForOneScenario?senarioId=7136,All,18 - 150,Lower extremity,
Interventional Radiology,3196501,"Hemodialysis access cannulation site, lower extremity, ulceration, initial imaging, guide IR therapy",https://gravitas.acr.org/ACPortal/GetDataForOneScenario?senarioId=7132,All,18 - 150,Lower extremity,
Interventional Radiology,3196499,"Hemodialysis access cannulation site, upper extremity, abnormal skin changes, initial imaging, guide IR therapy",https://gravitas.acr.org/ACPortal/GetDataForOneScenario?senarioId=7130,All,18 - 150,Upper extremity,
Interventional Radiology,3196513,"Hemodialysis access cannulation site, upper extremity, deep infection, initial imaging, guide IR therapy",https://gravitas.acr.org/ACPortal/GetDataForOneScenario?senarioId=7144,All,18 - 150,Upper extremity,
Interventional Radiology,3196509,"Hemodialysis access cannulation site, upper extremity, eschar, initial imaging, guide IR therapy",https://gravitas.acr.org/ACPortal/GetDataForOneScenario?senarioId=7140,All,18 - 150,Upper extremity,
Interventional Radiology,3196507,"Hemodialysis access cannulation site, upper extremity, marked skin thinning, initial imaging, guide IR therapy",https://gravitas.acr.org/ACPortal/GetDataForOneScenario?senarioId=7138,All,18 - 150,Upper extremity,
Interventional Radiology,3196511,"Hemodialysis access cannulation site, upper extremity, pseudoaneurysm, initial imaging, guide IR therapy",https://gravitas.acr.org/ACPortal/GetDataForOneScenario?senarioId=7142,All,18 - 150,Upper extremity,
Interventional Radiology,3196510,"Hemodialysis access cannulation site, upper extremity, spontaneous bleeding, initial imaging, guide IR therapy",https://gravitas.acr.org/ACPortal/GetDataForOneScenario?senarioId=7141,All,18 - 150,Upper extremity,
Interventional Radiology,3196512,"Hemodialysis access cannulation site, upper extremity, superficial infection, initial imaging, guide IR therapy",https://gravitas.acr.org/ACPortal/GetDataForOneScenario?senarioId=7143,All,18 - 150,Upper extremity,
Interventional Radiology,3196508,"Hemodialysis access cannulation site, upper extremity, ulceration, initial imaging, guide IR therapy",https://gravitas.acr.org/ACPortal/GetDataForOneScenario?senarioId=7139,All,18 - 150,Upper extremity,
Interventional Radiology,3196476,"Hemodialysis access dysfunction suspected, lower extremity, abnormal clinical indicator, initial imaging, guide IR therapy",https://gravitas.acr.org/ACPortal/GetDataForOneScenario?senarioId=7115,All,18 - 150,Lower extremity,
Interventional Radiology,3196477,"Hemodialysis access dysfunction suspected, lower extremity, abnormal hemodynamic indicator, initial imaging, guide IR therapy",https://gravitas.acr.org/ACPortal/GetDataForOneScenario?senarioId=7116,All,18 - 150,Lower extremity,
Interventional Radiology,3196474,"Hemodialysis access dysfunction suspected, upper extremity, abnormal clinical indicator, initial imaging, guide IR therapy",https://gravitas.acr.org/ACPortal/GetDataForOneScenario?senarioId=7113,All,18 - 150,Upper extremity,
Interventional Radiology,3196475,"Hemodialysis access dysfunction suspected, upper extremity, abnormal hemodynamic indicator, initial imaging, guide IR therapy",https://gravitas.acr.org/ACPortal/GetDataForOneScenario?senarioId=7114,All,18 - 150,Upper extremity,
Interventional Radiology,3196481,"Hemodialysis access thrombosis suspected, lower extremity, no pulse or thrill on physical exam, initial imaging, guide IR therapy",https://gravitas.acr.org/ACPortal/GetDataForOneScenario?senarioId=7118,All,18 - 150,Lower extremity,
Interventional Radiology,3196482,"Hemodialysis access thrombosis suspected, upper extremity, no pulse or thrill on physical exam, initial imaging, guide IR therapy",https://gravitas.acr.org/ACPortal/GetDataForOneScenario?senarioId=7119,All,18 - 150,Upper extremity,
Interventional Radiology,3196494,"Hemodialysis access, lower extremity, ipsilateral extremity swelling, with or without venous collaterals, central venous occlusion suspected, initial imaging, guide IR therapy",https://gravitas.acr.org/ACPortal/GetDataForOneScenario?senarioId=7127,All,18 - 150,Lower extremity,
Interventional Radiology,3196492,"Hemodialysis access, lower extremity, ipsilateral extremity swelling, with or without venous collaterals, central venous stenosis suspected, initial imaging, guide IR therapy",https://gravitas.acr.org/ACPortal/GetDataForOneScenario?senarioId=7125,All,18 - 150,Lower extremity,
Interventional Radiology,3196493,"Hemodialysis access, upper extremity, ipsilateral extremity swelling, with or without venous collaterals, central venous occlusion suspected, initial imaging, guide IR therapy",https://gravitas.acr.org/ACPortal/GetDataForOneScenario?senarioId=7126,All,18 - 150,Upper extremity,
Interventional Radiology,3196491,"Hemodialysis access, upper extremity, ipsilateral extremity swelling, with or without venous collaterals, central venous stenosis suspected, initial imaging, guide IR therapy",https://gravitas.acr.org/ACPortal/GetDataForOneScenario?senarioId=7124,All,18 - 150,Upper extremity,
Interventional Radiology,3195317,"Hepatocellular cancer: Multifocal, bilobar disease, at least 1 tumor greater than 5 cm, cirrhotic.",https://gravitas.acr.org/ACPortal/GetDataForOneScenario?senarioId=6259,All,18 - 150,Abdomen,
Interventional Radiology,3195319,"Hepatocellular cancer: Solitary or multifocal disease with vascular invasion, cirrhotic.",https://gravitas.acr.org/ACPortal/GetDataForOneScenario?senarioId=6260,All,18 - 150,Abdomen,
Interventional Radiology,3195315,"Hepatocellular cancer: Solitary tumor 3 to 5 cm, cirrhotic.",https://gravitas.acr.org/ACPortal/GetDataForOneScenario?senarioId=6258,All,18 - 150,Abdomen,
Interventional Radiology,3195313,"Hepatocellular cancer: Solitary tumor less than 3 cm, cirrhotic.",https://gravitas.acr.org/ACPortal/GetDataForOneScenario?senarioId=6257,All,18 - 150,Abdomen,
Interventional Radiology,3195696,History of abdominal pain after meals for the past few months and weight loss. CTA shows aortic atherosclerotic disease and suggests SMA-origin stenosis with occlusion of celiac origin and an occluded IMA. Initial therapy.,https://gravitas.acr.org/ACPortal/GetDataForOneScenario?senarioId=6588,All,18 - 150,Abdomen-pelvis,
Interventional Radiology,3196600,"Iliocaval disease suspected, severe post thrombotic changes, initial imaging",https://gravitas.acr.org/ACPortal/GetDataForOneScenario?senarioId=7199,All,18 - 150,Abdomen,
Interventional Radiology,3196603,"Iliocaval disease, severe post thrombotic changes, treatment",https://gravitas.acr.org/ACPortal/GetDataForOneScenario?senarioId=7201,All,18 - 150,Abdomen,
Interventional Radiology,3195321,"Intrahepatic cholangiocarcinoma: Peripheral hepatic lobar cholangiocarcinoma, less than 3 cm; no biliary ductal dilatation, macroscopic vascular invasion, regional lymphadenopathy, or distant metastases.",https://gravitas.acr.org/ACPortal/GetDataForOneScenario?senarioId=6261,All,18 - 150,Abdomen,
Interventional Radiology,3195998,"Low back pain, new, hx of multiple vertebral compression fractures, initial imaging",https://gravitas.acr.org/ACPortal/GetDataForOneScenario?senarioId=6786,All,18 - 150,Spine,"Cervical or Neck Pain, Low Back Pain"
Interventional Radiology,3195996,"Low back pain, new, previously treated vertebral compression fracture, initial imaging",https://gravitas.acr.org/ACPortal/GetDataForOneScenario?senarioId=6784,All,18 - 150,Spine,"Cervical or Neck Pain, Low Back Pain"
Interventional Radiology,3196604,"Lower extremity disease, severe post thrombotic changes, treatment",https://gravitas.acr.org/ACPortal/GetDataForOneScenario?senarioId=7202,All,18 - 150,Lower extremity,
Interventional Radiology,3196601,"Lower extremity venous disease suspected, severe post thrombotic changes, initial imaging",https://gravitas.acr.org/ACPortal/GetDataForOneScenario?senarioId=7200,All,18 - 150,Lower extremity,
Interventional Radiology,3195326,Metastatic liver disease: Multifocal bilobar colorectal carcinoma (liver dominant or isolated).,https://gravitas.acr.org/ACPortal/GetDataForOneScenario?senarioId=6265,All,18 - 150,Abdomen,
Interventional Radiology,3195324,Metastatic liver disease: Multifocal metastatic neuroendocrine tumor (includes carcinoid tumors as well as islet cell tumors of the pancreas).,https://gravitas.acr.org/ACPortal/GetDataForOneScenario?senarioId=6263,All,18 - 150,Abdomen,
Interventional Radiology,3195325,Metastatic liver disease: Solitary colorectal liver metastasis.,https://gravitas.acr.org/ACPortal/GetDataForOneScenario?senarioId=6264,All,18 - 150,Abdomen,
Interventional Radiology,3195999,"Mid-back pain, new, hx of multiple vertebral compression fractures, initial imaging",https://gravitas.acr.org/ACPortal/GetDataForOneScenario?senarioId=6787,All,18 - 150,Spine,"Cervical or Neck Pain, Low Back Pain"
Interventional Radiology,3195995,"Mid-back pain, new, previously treated vertebral compression fracture, initial imaging",https://gravitas.acr.org/ACPortal/GetDataForOneScenario?senarioId=6783,All,18 - 150,Spine,"Cervical or Neck Pain, Low Back Pain"
Interventional Radiology,3195994,"Neck pain, new, previously treated vertebral compression fracture, initial imaging",https://gravitas.acr.org/ACPortal/GetDataForOneScenario?senarioId=6782,All,18 - 150,Spine,"Cervical or Neck Pain, Low Back Pain"
Interventional Radiology,3195997,"Neck pain, new, hx of multiple vertebral compression fractures, initial imaging",https://gravitas.acr.org/ACPortal/GetDataForOneScenario?senarioId=6785,All,18 - 150,Spine,"Cervical or Neck Pain, Low Back Pain"
Interventional Radiology,3196009,"New, symptomatic VCF. History of prior vertebroplasty or surgery. Initial treatment.",https://gravitas.acr.org/ACPortal/GetDataForOneScenario?senarioId=6793,All,18 - 150,Spine,"Cervical or Neck Pain, Low Back Pain"
Interventional Radiology,3196013,Pathological VCF with ongoing or increasing mechanical pain. Initial treatment.,https://gravitas.acr.org/ACPortal/GetDataForOneScenario?senarioId=6795,All,18 - 150,Spine,"Cervical or Neck Pain, Low Back Pain"
Interventional Radiology,3195692,"Patient with cardiac disease causing low cardiac output who developed abdominal pain but without peritoneal signs. CTA shows patent origins and proximal portions of celiac artery, SMA, and IMA, with diffuse irregular narrowing of SMA branches. Initial therapy.",https://gravitas.acr.org/ACPortal/GetDataForOneScenario?senarioId=6585,All,18 - 150,Abdomen-pelvis,
Interventional Radiology,3196898,"Postmenopausal female with uterine fibroids, symptomatic with heavy uterine bleeding or bulk symptoms (eg, pressure, pain, fullness, bladder, or bowel symptoms). Negative endometrial biopsy. Next step.",https://gravitas.acr.org/ACPortal/GetDataForOneScenario?senarioId=7338,Female Only,18 - 150,Pelvis,
Interventional Radiology,3195698,Previously healthy with worsening diffuse abdominal pain for 2 weeks. CTA shows occlusion of the superior mesenteric vein and its major tributaries. Bowel appears normal. Serum lactate level is normal. Initial therapy.,https://gravitas.acr.org/ACPortal/GetDataForOneScenario?senarioId=6589,All,18 - 150,Abdomen-pelvis,
Interventional Radiology,3195691,"Recent onset abdominal pain, no peritoneal signs, and known atrial fibrillation. CTA shows calcified atherosclerotic plaque involving the aorta and its major branches, as well as proximal short-segment occlusion of the proximal SMA. No intramural or extra-luminal air. Initial therapy.",https://gravitas.acr.org/ACPortal/GetDataForOneScenario?senarioId=6584,All,18 - 150,Abdomen-pelvis,
Interventional Radiology,3195689,"Recent onset abdominal pain, no peritoneal signs, and known atrial fibrillation. CTA shows filling defect in proximal SMA consistent with embolus. No intramural or extra-luminal air. Initial therapy.",https://gravitas.acr.org/ACPortal/GetDataForOneScenario?senarioId=6583,All,18 - 150,Abdomen-pelvis,
Interventional Radiology,3195694,"Recent onset abdominal pain, peritoneal signs, and known atrial fibrillation. CTA shows filling defect in the proximal SMA consistent with embolus and evidence of bowel infarction. Initial therapy.",https://gravitas.acr.org/ACPortal/GetDataForOneScenario?senarioId=6586,All,18 - 150,Abdomen-pelvis,
Interventional Radiology,3196896,"Reproductive age female with pedunculated submucosal uterine fibroids, symptomatic with heavy uterine bleeding. Initial therapy.",https://gravitas.acr.org/ACPortal/GetDataForOneScenario?senarioId=7337,Female Only,10 - 60,Pelvis,
Interventional Radiology,3196890,"Reproductive age female with uterine fibroids (leiomyomas), symptomatic with heavy uterine bleeding or bulk symptoms (e.g., pressure, pain, fullness, bladder or bowel symptoms), and a desire to preserve fertility. Initial therapy.",https://gravitas.acr.org/ACPortal/GetDataForOneScenario?senarioId=7334,Female Only,10 - 60,Pelvis,
Interventional Radiology,3196894,"Reproductive age female with uterine fibroids and concurrent adenomyosis, symptomatic with heavy uterine bleeding or bulk symptoms (eg, pressure, pain, fullness, bladder, or bowel symptoms), and no desire for future fertility. Initial therapy.",https://gravitas.acr.org/ACPortal/GetDataForOneScenario?senarioId=7336,Female Only,10 - 60,Pelvis,
Interventional Radiology,3196900,Reproductive age female with uterine fibroids desiring pregnancy and experiencing reproductive dysfunction. Initial therapy.,https://gravitas.acr.org/ACPortal/GetDataForOneScenario?senarioId=7339,Female Only,10 - 60,Pelvis,
Interventional Radiology,3196892,"Reproductive age female with uterine fibroids, symptomatic with heavy uterine bleeding or bulk symptoms (eg, pressure, pain, fullness, bowel, or bladder symptoms), and no desire for future fertility. Initial therapy.",https://gravitas.acr.org/ACPortal/GetDataForOneScenario?senarioId=7335,Female Only,10 - 60,Pelvis,
Interventional Radiology,3195982,Site selection: Patient with acute illness requiring central venous catheter for anticipated therapy for 2 weeks or shorter.,https://gravitas.acr.org/ACPortal/GetDataForOneScenario?senarioId=6774,All,18 - 150,Unspecified,
Interventional Radiology,3195984,Site selection: Patient with chronic kidney disease or end-stage renal disease requiring central venous catheter.,https://gravitas.acr.org/ACPortal/GetDataForOneScenario?senarioId=6775,All,18 - 150,Unspecified,
Interventional Radiology,3196479,"Suspected dysfunction of the upper or lower extremity hemodialysis access (ie, arteriovenous fistula or graft) suggested by an abnormal clinical indicator or hemodynamic indicator (ie, reduction in dialysis vascular access blood flow rate or kinetics). Treatment and procedures.",https://gravitas.acr.org/ACPortal/GetDataForOneScenario?senarioId=7117,All,18 - 150,Extremities,
Interventional Radiology,3196484,"Suspected thrombosis of the upper or lower extremity hemodialysis access, marked by absent pulse and thrill on physical examination. Treatment and procedures.",https://gravitas.acr.org/ACPortal/GetDataForOneScenario?senarioId=7120,All,18 - 150,Extremities,
Interventional Radiology,3196522,"Suspected vascular steal syndrome (upper or lower extremity), suggested by cardiac failure or ischemic symptoms. Treatment and procedures.",https://gravitas.acr.org/ACPortal/GetDataForOneScenario?senarioId=7150,All,18 - 150,Extremities,
Interventional Radiology,3196007,Symptomatic osteoporotic VCF with bone marrow edema or intravertebral cleft. Initial treatment.,https://gravitas.acr.org/ACPortal/GetDataForOneScenario?senarioId=6792,All,18 - 150,Spine,"Cervical or Neck Pain, Low Back Pain"
Interventional Radiology,3106346,"Thoracic aorta disease, post repair (TEVAR), follow up",https://gravitas.acr.org/ACPortal/GetDataForOneScenario?senarioId=2473,All,18 - 150,Chest-abdomen,
Interventional Radiology,3106345,"Thoracic aorta disease, pre-op planning (TEVAR)",https://gravitas.acr.org/ACPortal/GetDataForOneScenario?senarioId=2472,All,18 - 150,Chest-abdomen,
Interventional Radiology,3196095,"Thoracoabdominal aortic aneurysm, post open repair, follow-up imaging",https://gravitas.acr.org/ACPortal/GetDataForOneScenario?senarioId=6835,All,18 - 150,Chest-abdomen,
Interventional Radiology,3196092,"Thoracoabdominal aortic aneurysm, post TEVAR, follow-up imaging",https://gravitas.acr.org/ACPortal/GetDataForOneScenario?senarioId=6833,All,18 - 150,Chest-abdomen,
Interventional Radiology,3196088,"Thoracoabdominal aortic aneurysm, preop planning, open repair",https://gravitas.acr.org/ACPortal/GetDataForOneScenario?senarioId=6830,All,18 - 150,Chest-abdomen,
Interventional Radiology,3196087,"Thoracoabdominal aortic aneurysm, preop planning, TEVAR",https://gravitas.acr.org/ACPortal/GetDataForOneScenario?senarioId=6829,All,18 - 150,Chest-abdomen,
Interventional Radiology,3196084,"Thoracoabdominal aortic aneurysm, without repair, without or with new symptoms, follow-up imaging",https://gravitas.acr.org/ACPortal/GetDataForOneScenario?senarioId=6827,All,18 - 150,Chest-abdomen,
Interventional Radiology,3196094,"Thoracoabdominal aortic dissection, post open repair, follow up imaging",https://gravitas.acr.org/ACPortal/GetDataForOneScenario?senarioId=6834,All,18 - 150,Chest-abdomen,
Interventional Radiology,3196091,"Thoracoabdominal aortic dissection, post TEVAR, follow-up imaging",https://gravitas.acr.org/ACPortal/GetDataForOneScenario?senarioId=6832,All,18 - 150,Chest-abdomen,
Interventional Radiology,3196086,"Thoracoabdominal aortic dissection, preop planning, open repair",https://gravitas.acr.org/ACPortal/GetDataForOneScenario?senarioId=6828,All,18 - 150,Chest-abdomen,
Interventional Radiology,3196089,"Thoracoabdominal aortic dissection, preop planning, TEVAR",https://gravitas.acr.org/ACPortal/GetDataForOneScenario?senarioId=6831,All,18 - 150,Chest-abdomen,
Interventional Radiology,3196083,"Thoracoabdominal aortic dissection, without repair, without or with new symptoms, follow-up imaging",https://gravitas.acr.org/ACPortal/GetDataForOneScenario?senarioId=6826,All,18 - 150,Chest-abdomen,
Interventional Radiology,3196588,"Varicose veins, lower extremity, initial imaging",https://gravitas.acr.org/ACPortal/GetDataForOneScenario?senarioId=7193,All,18 - 150,Lower extremity,
Interventional Radiology,3196596,"Varicose veins, lower extremity, pelvic origin suspected, initial imaging",https://gravitas.acr.org/ACPortal/GetDataForOneScenario?senarioId=7197,Female Only,18 - 150,Lower extremity,
Interventional Radiology,3196598,"Varicose veins, lower extremity, pelvic origin suspected, treatment",https://gravitas.acr.org/ACPortal/GetDataForOneScenario?senarioId=7198,Female Only,18 - 150,Lower extremity,
Interventional Radiology,3196590,"Varicose veins, lower extremity, treatment",https://gravitas.acr.org/ACPortal/GetDataForOneScenario?senarioId=7194,All,18 - 150,Lower extremity,
Interventional Radiology,3196517,"Vascular steal syndrome suspected, lower extremity, cardiac failure, initial imaging, guide IR therapy",https://gravitas.acr.org/ACPortal/GetDataForOneScenario?senarioId=7146,All,18 - 150,Lower extremity,
Interventional Radiology,3196518,"Vascular steal syndrome suspected, lower extremity, ischemic symptoms, initial imaging, guide IR therapy",https://gravitas.acr.org/ACPortal/GetDataForOneScenario?senarioId=7147,All,18 - 150,Lower extremity,
Interventional Radiology,3196519,"Vascular steal syndrome suspected, upper extremity, cardiac failure, initial imaging, guide IR therapy",https://gravitas.acr.org/ACPortal/GetDataForOneScenario?senarioId=7148,All,18 - 150,Upper extremity,
Interventional Radiology,3196520,"Vascular steal syndrome suspected, upper extremity, ischemic symptoms, initial imaging, guide IR therapy options",https://gravitas.acr.org/ACPortal/GetDataForOneScenario?senarioId=7149,All,18 - 150,Upper extremity,
Interventional Radiology,3196592,"Venous leg ulcer, lower extremity, initial imaging",https://gravitas.acr.org/ACPortal/GetDataForOneScenario?senarioId=7195,All,18 - 150,Lower extremity,
Interventional Radiology,3196594,"Venous leg ulcer, lower extremity, treatment",https://gravitas.acr.org/ACPortal/GetDataForOneScenario?senarioId=7196,All,18 - 150,Lower extremity,
Interventional Radiology,3196001,"Vertebral compression fracture on radiography, cervical, asymptomatic, hx of malignancy, next imaging study",https://gravitas.acr.org/ACPortal/GetDataForOneScenario?senarioId=6788,All,18 - 150,Spine,"Cervical or Neck Pain, Low Back Pain"
Interventional Radiology,3195990,"Vertebral compression fracture on radiography, cervical, symptomatic, new, hx of malignancy, next imaging study",https://gravitas.acr.org/ACPortal/GetDataForOneScenario?senarioId=6779,All,18 - 150,Spine,"Cervical or Neck Pain, Low Back Pain"
Interventional Radiology,3196003,"Vertebral compression fracture on radiography, lumbar, asymptomatic, hx of malignancy, next imaging study",https://gravitas.acr.org/ACPortal/GetDataForOneScenario?senarioId=6790,All,18 - 150,Spine,"Cervical or Neck Pain, Low Back Pain"
Interventional Radiology,3195992,"Vertebral compression fracture on radiography, lumbar, symptomatic, new, hx of malignancy, next imaging study",https://gravitas.acr.org/ACPortal/GetDataForOneScenario?senarioId=6781,All,18 - 150,Spine,"Cervical or Neck Pain, Low Back Pain"
Interventional Radiology,3196002,"Vertebral compression fracture on radiography, thoracic, asymptomatic, hx of malignancy, next imaging study",https://gravitas.acr.org/ACPortal/GetDataForOneScenario?senarioId=6789,All,18 - 150,Spine,"Cervical or Neck Pain, Low Back Pain"
Interventional Radiology,3195991,"Vertebral compression fracture on radiography, thoracic, symptomatic, new, hx of malignancy, next imaging study",https://gravitas.acr.org/ACPortal/GetDataForOneScenario?senarioId=6780,All,18 - 150,Spine,"Cervical or Neck Pain, Low Back Pain"
Interventional Radiology,3195986,"Vertebral compression fracture on xray, cervical, symptomatic, new, no malignancy, next imaging study",https://gravitas.acr.org/ACPortal/GetDataForOneScenario?senarioId=6776,All,18 - 150,Spine,"Cervical or Neck Pain, Low Back Pain"
Interventional Radiology,3195988,"Vertebral compression fracture on xray, lumbar, symptomatic, new, no malignancy, next imaging study",https://gravitas.acr.org/ACPortal/GetDataForOneScenario?senarioId=6778,All,18 - 150,Spine,"Cervical or Neck Pain, Low Back Pain"
Interventional Radiology,3195987,"Vertebral compression fracture on xray, thoracic, symptomatic, new, no malignancy, next imaging study",https://gravitas.acr.org/ACPortal/GetDataForOneScenario?senarioId=6777,All,18 - 150,Spine,"Cervical or Neck Pain, Low Back Pain"
Musculoskeletal,3196119,"Ankle pain, chronic, crystalline arthritis suspected, gout, initial imaging",https://gravitas.acr.org/ACPortal/GetDataForOneScenario?senarioId=6853,All,18 - 150,Lower extremity,"Hip Pain, Shoulder Pain (to include suspected rotator cuff injury)"
Musculoskeletal,3196118,"Ankle pain, chronic, crystalline arthritis suspected, pseudogout, initial imaging",https://gravitas.acr.org/ACPortal/GetDataForOneScenario?senarioId=6852,All,18 - 150,Lower extremity,"Hip Pain, Shoulder Pain (to include suspected rotator cuff injury)"
Musculoskeletal,3196117,"Ankle pain, chronic, erosive osteoarthritis suspected, initial imaging",https://gravitas.acr.org/ACPortal/GetDataForOneScenario?senarioId=6851,All,18 - 150,Lower extremity,"Hip Pain, Shoulder Pain (to include suspected rotator cuff injury)"
Musculoskeletal,3196210,"Ankle pain, chronic, erosive osteoarthritis suspected, radiography inconclusive, next imaging study",https://gravitas.acr.org/ACPortal/GetDataForOneScenario?senarioId=6940,All,18 - 150,Lower extremity,"Hip Pain, Shoulder Pain (to include suspected rotator cuff injury)"
Musculoskeletal,3108754,"Ankle pain, chronic, erosive osteoarthritis suspected, radiography normal, next imaging study",https://gravitas.acr.org/ACPortal/GetDataForOneScenario?senarioId=2558,All,18 - 150,Lower extremity,"Hip Pain, Shoulder Pain (to include suspected rotator cuff injury)"
Musculoskeletal,3196176,"Ankle pain, chronic, gout suspected, radiography inconclusive, next imaging study",https://gravitas.acr.org/ACPortal/GetDataForOneScenario?senarioId=6908,All,18 - 150,Lower extremity,"Hip Pain, Shoulder Pain (to include suspected rotator cuff injury)"
Musculoskeletal,3196184,"Ankle pain, chronic, gout suspected, radiography normal, next imaging study",https://gravitas.acr.org/ACPortal/GetDataForOneScenario?senarioId=6916,All,18 - 150,Lower extremity,"Hip Pain, Shoulder Pain (to include suspected rotator cuff injury)"
Musculoskeletal,3196201,"Ankle pain, chronic, pseudogout suspected, radiography inconclusive, next imaging study",https://gravitas.acr.org/ACPortal/GetDataForOneScenario?senarioId=6932,All,18 - 150,Lower extremity,"Hip Pain, Shoulder Pain (to include suspected rotator cuff injury)"
Musculoskeletal,3196193,"Ankle pain, chronic, pseudogout suspected, radiography normal, next imaging study",https://gravitas.acr.org/ACPortal/GetDataForOneScenario?senarioId=6924,All,18 - 150,Lower extremity,"Hip Pain, Shoulder Pain (to include suspected rotator cuff injury)"
Musculoskeletal,3196120,"Ankle pain, chronic, seronegative inflammatory arthritis suspected, initial imaging",https://gravitas.acr.org/ACPortal/GetDataForOneScenario?senarioId=6854,All,18 - 150,Lower extremity,"Hip Pain, Shoulder Pain (to include suspected rotator cuff injury)"
Musculoskeletal,3196159,"Ankle pain, chronic, seronegative inflammatory arthritis suspected, radiography inconclusive, next imaging study",https://gravitas.acr.org/ACPortal/GetDataForOneScenario?senarioId=6892,All,18 - 150,Lower extremity,"Hip Pain, Shoulder Pain (to include suspected rotator cuff injury)"
Musculoskeletal,3196144,"Ankle pain, chronic, seronegative inflammatory arthritis suspected, radiography normal, next imaging study",https://gravitas.acr.org/ACPortal/GetDataForOneScenario?senarioId=6877,All,18 - 150,Lower extremity,"Hip Pain, Shoulder Pain (to include suspected rotator cuff injury)"
Musculoskeletal,3196121,"Ankle pain, chronic, seropositive inflammatory arthritis suspected, initial imaging",https://gravitas.acr.org/ACPortal/GetDataForOneScenario?senarioId=6855,All,18 - 150,Lower extremity,"Hip Pain, Shoulder Pain (to include suspected rotator cuff injury)"
Musculoskeletal,3196160,"Ankle pain, chronic, seropositive inflammatory arthritis suspected, radiography inconclusive, next imaging study",https://gravitas.acr.org/ACPortal/GetDataForOneScenario?senarioId=6893,All,18 - 150,Lower extremity,"Hip Pain, Shoulder Pain (to include suspected rotator cuff injury)"
Musculoskeletal,3196143,"Ankle pain, chronic, seropositive inflammatory arthritis suspected, radiography normal, next imaging study",https://gravitas.acr.org/ACPortal/GetDataForOneScenario?senarioId=6876,All,18 - 150,Lower extremity,"Hip Pain, Shoulder Pain (to include suspected rotator cuff injury)"
Musculoskeletal,3073924,"Ankle pain, djd multi-site on radiography",https://gravitas.acr.org/ACPortal/GetDataForOneScenario?senarioId=700,All,18 - 150,Lower extremity,
Musculoskeletal,3073922,"Ankle pain, impingement syndrome suspected, neg radiography",https://gravitas.acr.org/ACPortal/GetDataForOneScenario?senarioId=698,All,18 - 150,Lower extremity,
Musculoskeletal,3073925,"Ankle pain, initial exam",https://gravitas.acr.org/ACPortal/GetDataForOneScenario?senarioId=701,All,18 - 150,Lower extremity,
Musculoskeletal,3073927,"Ankle pain, instability suspected, neg radiography",https://gravitas.acr.org/ACPortal/GetDataForOneScenario?senarioId=703,All,18 - 150,Lower extremity,
Musculoskeletal,3073921,"Ankle pain, osteochondral lesion suspected, neg radiography",https://gravitas.acr.org/ACPortal/GetDataForOneScenario?senarioId=697,All,18 - 150,Lower extremity,
Musculoskeletal,3073926,"Ankle pain, tendon abnormality suspected, neg radiography",https://gravitas.acr.org/ACPortal/GetDataForOneScenario?senarioId=702,All,18 - 150,Lower extremity,
Musculoskeletal,3073923,"Ankle pain, uncertain etiol, neg radiography",https://gravitas.acr.org/ACPortal/GetDataForOneScenario?senarioId=699,All,18 - 150,Lower extremity,
Musculoskeletal,3197420,"Ankle stress fracture on radiography, next imaging study, associated complication",https://gravitas.acr.org/ACPortal/GetDataForOneScenario?senarioId=7719,All,18 - 150,Lower extremity,"Hip Pain, Shoulder Pain (to include suspected rotator cuff injury)"
Musculoskeletal,3197419,"Ankle stress fracture on radiography, next imaging study, determining extent",https://gravitas.acr.org/ACPortal/GetDataForOneScenario?senarioId=7718,All,18 - 150,Lower extremity,"Hip Pain, Shoulder Pain (to include suspected rotator cuff injury)"
Musculoskeletal,3191910,"Ankle trauma, altered sensorium or cannot communicate, initial imaging",https://gravitas.acr.org/ACPortal/GetDataForOneScenario?senarioId=5415,All,5 - 150,Lower extremity,
Musculoskeletal,3084087,"Ankle trauma, continued pain >1wk and <3wks, no exclusionary criteria, radiography negative",https://gravitas.acr.org/ACPortal/GetDataForOneScenario?senarioId=2111,All,5 - 150,Lower extremity,
Musculoskeletal,3191911,"Ankle trauma, does not meet requirements for Ottawa rules evaluation, initial imaging",https://gravitas.acr.org/ACPortal/GetDataForOneScenario?senarioId=5416,All,5 - 150,Lower extremity,
Musculoskeletal,3191908,"Ankle trauma, neurologic disorder lower leg, initial imaging",https://gravitas.acr.org/ACPortal/GetDataForOneScenario?senarioId=5413,All,5 - 150,Lower extremity,
Musculoskeletal,3191909,"Ankle trauma, neuropathy, initial imaging",https://gravitas.acr.org/ACPortal/GetDataForOneScenario?senarioId=5414,All,5 - 150,Lower extremity,
Musculoskeletal,3191921,"Ankle trauma, no exclusionary criteria, fracture on radiography, next imaging study",https://gravitas.acr.org/ACPortal/GetDataForOneScenario?senarioId=5426,All,5 - 150,Lower extremity,
Musculoskeletal,3191922,"Ankle trauma, no exclusionary criteria, osteochondral injury suspected on radiography, next imaging study",https://gravitas.acr.org/ACPortal/GetDataForOneScenario?senarioId=5427,All,5 - 150,Lower extremity,
Musculoskeletal,3191898,"Ankle trauma, no point tenderness over the malleoli or talus or calcaneus, able to walk, no exclusionary criteria, initial imaging",https://gravitas.acr.org/ACPortal/GetDataForOneScenario?senarioId=5403,All,5 - 150,Lower extremity,
Musculoskeletal,3191924,"Ankle trauma, osseous injury negative on radiography, alignment abnormality on radiography or physical exam, dislocation suspected, next imaging study",https://gravitas.acr.org/ACPortal/GetDataForOneScenario?senarioId=5429,All,5 - 150,Lower extremity,
Musculoskeletal,3191923,"Ankle trauma, osseous injury negative on radiography, alignment abnormality on radiography or physical exam, syndesmotic injury suspected, next imaging study",https://gravitas.acr.org/ACPortal/GetDataForOneScenario?senarioId=5428,All,5 - 150,Lower extremity,
Musculoskeletal,3191899,"Ankle trauma, Ottawa rules negative, no exclusionary criteria, initial imaging",https://gravitas.acr.org/ACPortal/GetDataForOneScenario?senarioId=5404,All,5 - 150,Lower extremity,
Musculoskeletal,3191903,"Ankle trauma, up to 3 weeks after injury, no exclusionary criteria, Ottawa rules positive, initial imaging",https://gravitas.acr.org/ACPortal/GetDataForOneScenario?senarioId=5408,All,5 - 150,Lower extremity,
Musculoskeletal,3191901,"Ankle trauma, up to 3 weeks after injury, no exclusionary criteria, point tenderness over malleolus or talus or calcaneus, initial imaging",https://gravitas.acr.org/ACPortal/GetDataForOneScenario?senarioId=5406,All,5 - 150,Lower extremity,
Musculoskeletal,3191900,"Ankle trauma, up to 3 weeks after injury, no exclusionary criteria, unable to bear weight immediately after injury, initial imaging",https://gravitas.acr.org/ACPortal/GetDataForOneScenario?senarioId=5405,All,5 - 150,Lower extremity,
Musculoskeletal,3191902,"Ankle trauma, up to 3 weeks after injury, no exclusionary criteria, unable to take 4 steps, initial imaging",https://gravitas.acr.org/ACPortal/GetDataForOneScenario?senarioId=5407,All,5 - 150,Lower extremity,
Musculoskeletal,3196005,"Asymptomatic, osteoporotic VCF. Initial treatment.",https://gravitas.acr.org/ACPortal/GetDataForOneScenario?senarioId=6791,All,18 - 150,Spine,"Cervical or Neck Pain, Low Back Pain"
Musculoskeletal,3194645,"Axial spondyloarthritis, cervical and lumbar spine, disease progression, follow up imaging",https://gravitas.acr.org/ACPortal/GetDataForOneScenario?senarioId=5902,All,18 - 150,Spine-pelvis,"Cervical or Neck Pain, Low Back Pain"
Musculoskeletal,3194646,"Axial spondyloarthritis, cervical and lumbar spine, treatment response, follow up imaging",https://gravitas.acr.org/ACPortal/GetDataForOneScenario?senarioId=5903,All,18 - 150,Spine-pelvis,"Cervical or Neck Pain, Low Back Pain"
Musculoskeletal,3194649,"Axial spondyloarthritis, cervical and thoracic spine, disease progression, follow up imaging",https://gravitas.acr.org/ACPortal/GetDataForOneScenario?senarioId=5906,All,18 - 150,Spine-pelvis,"Cervical or Neck Pain, Low Back Pain"
Musculoskeletal,3194650,"Axial spondyloarthritis, cervical and thoracic spine, treatment response, follow up imaging",https://gravitas.acr.org/ACPortal/GetDataForOneScenario?senarioId=5907,All,18 - 150,Spine-pelvis,"Cervical or Neck Pain, Low Back Pain"
Musculoskeletal,3194655,"Axial spondyloarthritis, cervical spine, disease progression, follow up imaging",https://gravitas.acr.org/ACPortal/GetDataForOneScenario?senarioId=5912,All,18 - 150,Spine-pelvis,"Cervical or Neck Pain, Low Back Pain"
Musculoskeletal,3194656,"Axial spondyloarthritis, cervical spine, treatment response, follow up imaging",https://gravitas.acr.org/ACPortal/GetDataForOneScenario?senarioId=5913,All,18 - 150,Spine-pelvis,"Cervical or Neck Pain, Low Back Pain"
Musculoskeletal,3194643,"Axial spondyloarthritis, complete spine, disease progression, follow up imaging",https://gravitas.acr.org/ACPortal/GetDataForOneScenario?senarioId=5900,All,18 - 150,Spine-pelvis,"Cervical or Neck Pain, Low Back Pain"
Musculoskeletal,3194644,"Axial spondyloarthritis, complete spine, treatment response, follow up imaging",https://gravitas.acr.org/ACPortal/GetDataForOneScenario?senarioId=5901,All,18 - 150,Spine-pelvis,"Cervical or Neck Pain, Low Back Pain"
Musculoskeletal,3194651,"Axial spondyloarthritis, lumbar spine, disease progression, follow up imaging",https://gravitas.acr.org/ACPortal/GetDataForOneScenario?senarioId=5908,All,18 - 150,Spine-pelvis,"Cervical or Neck Pain, Low Back Pain"
Musculoskeletal,3194652,"Axial spondyloarthritis, lumbar spine, treatment response, follow up imaging",https://gravitas.acr.org/ACPortal/GetDataForOneScenario?senarioId=5909,All,18 - 150,Spine-pelvis,"Cervical or Neck Pain, Low Back Pain"
Musculoskeletal,3194641,"Axial spondyloarthritis, sacroiliac joints, disease progression, follow up imaging",https://gravitas.acr.org/ACPortal/GetDataForOneScenario?senarioId=5898,All,18 - 150,Spine-pelvis,"Cervical or Neck Pain, Low Back Pain"
Musculoskeletal,3194642,"Axial spondyloarthritis, sacroiliac joints, treatment response, follow up imaging",https://gravitas.acr.org/ACPortal/GetDataForOneScenario?senarioId=5899,All,18 - 150,Spine-pelvis,"Cervical or Neck Pain, Low Back Pain"
Musculoskeletal,3194658,"Axial spondyloarthritis, spine ankylosis, cervical and lumbar spine fracture suspected, initial imaging",https://gravitas.acr.org/ACPortal/GetDataForOneScenario?senarioId=5915,All,18 - 150,Spine,"Cervical or Neck Pain, Low Back Pain"
Musculoskeletal,3194660,"Axial spondyloarthritis, spine ankylosis, cervical and thoracic spine fracture suspected, initial imaging",https://gravitas.acr.org/ACPortal/GetDataForOneScenario?senarioId=5917,All,18 - 150,Spine,"Cervical or Neck Pain, Low Back Pain"
Musculoskeletal,3194663,"Axial spondyloarthritis, spine ankylosis, cervical spine fracture suspected, initial imaging",https://gravitas.acr.org/ACPortal/GetDataForOneScenario?senarioId=5920,All,18 - 150,Spine,"Cervical or Neck Pain, Low Back Pain"
Musculoskeletal,3194657,"Axial spondyloarthritis, spine ankylosis, complete spine fracture suspected, initial imaging",https://gravitas.acr.org/ACPortal/GetDataForOneScenario?senarioId=5914,All,18 - 150,Spine,"Cervical or Neck Pain, Low Back Pain"
Musculoskeletal,3194661,"Axial spondyloarthritis, spine ankylosis, lumbar spine fracture suspected, initial imaging",https://gravitas.acr.org/ACPortal/GetDataForOneScenario?senarioId=5918,All,18 - 150,Spine,"Cervical or Neck Pain, Low Back Pain"
Musculoskeletal,3194659,"Axial spondyloarthritis, spine ankylosis, thoracic and lumbar spine fracture suspected, initial imaging",https://gravitas.acr.org/ACPortal/GetDataForOneScenario?senarioId=5916,All,18 - 150,Spine,"Cervical or Neck Pain, Low Back Pain"
Musculoskeletal,3194662,"Axial spondyloarthritis, spine ankylosis, thoracic spine fracture suspected, initial imaging",https://gravitas.acr.org/ACPortal/GetDataForOneScenario?senarioId=5919,All,18 - 150,Spine,"Cervical or Neck Pain, Low Back Pain"
Musculoskeletal,3194647,"Axial spondyloarthritis, thoracic and lumbar spine, disease progression, follow up imaging",https://gravitas.acr.org/ACPortal/GetDataForOneScenario?senarioId=5904,All,18 - 150,Spine-pelvis,"Cervical or Neck Pain, Low Back Pain"
Musculoskeletal,3194648,"Axial spondyloarthritis, thoracic and lumbar spine, treatment response, follow up imaging",https://gravitas.acr.org/ACPortal/GetDataForOneScenario?senarioId=5905,All,18 - 150,Spine-pelvis,"Cervical or Neck Pain, Low Back Pain"
Musculoskeletal,3194653,"Axial spondyloarthritis, thoracic spine, disease progression, follow up imaging",https://gravitas.acr.org/ACPortal/GetDataForOneScenario?senarioId=5910,All,18 - 150,Spine-pelvis,"Cervical or Neck Pain, Low Back Pain"
Musculoskeletal,3194654,"Axial spondyloarthritis, thoracic spine, treatment response, follow up imaging",https://gravitas.acr.org/ACPortal/GetDataForOneScenario?senarioId=5911,All,18 - 150,Spine-pelvis,"Cervical or Neck Pain, Low Back Pain"
Musculoskeletal,3149320,"Back trauma, abnormal neuro exam, ct or radiography positive",https://gravitas.acr.org/ACPortal/GetDataForOneScenario?senarioId=4684,All,16 - 150,Spine,"Cervical or Neck Pain, Low Back Pain"
Musculoskeletal,3111290,"Back trauma, initial exam",https://gravitas.acr.org/ACPortal/GetDataForOneScenario?senarioId=3311,All,16 - 150,Spine,"Cervical or Neck Pain, Low Back Pain"
Musculoskeletal,3196011,"Benign VCF with worsening pain, or deformity, or pulmonary dysfunction. Initial treatment.",https://gravitas.acr.org/ACPortal/GetDataForOneScenario?senarioId=6794,All,18 - 150,Spine,"Cervical or Neck Pain, Low Back Pain"
Musculoskeletal,3195374,"Bone mineral density assess, bone loss risk factors, initial imaging",https://gravitas.acr.org/ACPortal/GetDataForOneScenario?senarioId=6302,Male Only,18 - 49,Unspecified,
Musculoskeletal,3195373,"Bone mineral density assess, bone loss risk factors, premenopausal, initial imaging",https://gravitas.acr.org/ACPortal/GetDataForOneScenario?senarioId=6301,Female Only,18 - 150,Unspecified,
Musculoskeletal,3195366,"Bone mineral density assess, increased fracture risk on prior imaging, follow up imaging",https://gravitas.acr.org/ACPortal/GetDataForOneScenario?senarioId=6295,All,18 - 150,Unspecified,
Musculoskeletal,3197541,"Elbow pain, acute, fracture suspected, radiography indeterminate, next imaging study",https://gravitas.acr.org/ACPortal/GetDataForOneScenario?senarioId=7784,All,18 - 150,Upper extremity,
Musculoskeletal,3197542,"Elbow pain, acute, fracture suspected, radiography normal, next imaging study",https://gravitas.acr.org/ACPortal/GetDataForOneScenario?senarioId=7785,All,18 - 150,Upper extremity,
Musculoskeletal,3197539,"Elbow pain, acute, initial imaging",https://gravitas.acr.org/ACPortal/GetDataForOneScenario?senarioId=7783,All,18 - 150,Upper extremity,
Musculoskeletal,3197553,"Elbow pain, acute, ligament injury suspected, radiography indeterminate, next imaging study",https://gravitas.acr.org/ACPortal/GetDataForOneScenario?senarioId=7795,All,18 - 150,Upper extremity,
Musculoskeletal,3197556,"Elbow pain, acute, ligament injury suspected, radiography normal, next imaging study",https://gravitas.acr.org/ACPortal/GetDataForOneScenario?senarioId=7798,All,18 - 150,Upper extremity,
Musculoskeletal,3197552,"Elbow pain, acute, muscle injury suspected, radiography indeterminate, next imaging study",https://gravitas.acr.org/ACPortal/GetDataForOneScenario?senarioId=7794,All,18 - 150,Upper extremity,
Musculoskeletal,3197555,"Elbow pain, acute, muscle injury suspected, radiography normal, next imaging study",https://gravitas.acr.org/ACPortal/GetDataForOneScenario?senarioId=7797,All,18 - 150,Upper extremity,
Musculoskeletal,3197554,"Elbow pain, acute, tendon injury suspected, radiography indeterminate, next imaging study",https://gravitas.acr.org/ACPortal/GetDataForOneScenario?senarioId=7796,All,18 - 150,Upper extremity,
Musculoskeletal,3197557,"Elbow pain, acute, tendon injury suspected, radiography normal, next imaging study",https://gravitas.acr.org/ACPortal/GetDataForOneScenario?senarioId=7799,All,18 - 150,Upper extremity,
Musculoskeletal,3195428,"Elbow pain, chronic, bone abnormality suspected, radiography nonspecific, next imaging study",https://gravitas.acr.org/ACPortal/GetDataForOneScenario?senarioId=6333,All,18 - 150,Upper extremity,
Musculoskeletal,3195429,"Elbow pain, chronic, bone abnormality suspected, radiography normal, next imaging study",https://gravitas.acr.org/ACPortal/GetDataForOneScenario?senarioId=6334,All,18 - 150,Upper extremity,
Musculoskeletal,3195437,"Elbow pain, chronic, collateral ligament tear suspected, radiography nonspecific, next imaging study",https://gravitas.acr.org/ACPortal/GetDataForOneScenario?senarioId=6341,All,18 - 150,Upper extremity,
Musculoskeletal,3195438,"Elbow pain, chronic, collateral ligament tear suspected, radiography normal, next imaging study",https://gravitas.acr.org/ACPortal/GetDataForOneScenario?senarioId=6342,All,18 - 150,Upper extremity,
Musculoskeletal,3196114,"Elbow pain, chronic, crystalline arthritis suspected, gout, initial imaging",https://gravitas.acr.org/ACPortal/GetDataForOneScenario?senarioId=6848,All,18 - 150,Upper extremity,"Hip Pain, Shoulder Pain (to include suspected rotator cuff injury)"
Musculoskeletal,3196113,"Elbow pain, chronic, crystalline arthritis suspected, pseudogout, initial imaging",https://gravitas.acr.org/ACPortal/GetDataForOneScenario?senarioId=6847,All,18 - 150,Upper extremity,"Hip Pain, Shoulder Pain (to include suspected rotator cuff injury)"
Musculoskeletal,3195433,"Elbow pain, chronic, epicondylalgia suspected, refractory to empirical treatment, radiography nonspecific, next imaging study",https://gravitas.acr.org/ACPortal/GetDataForOneScenario?senarioId=6337,All,18 - 150,Upper extremity,
Musculoskeletal,3195434,"Elbow pain, chronic, epicondylalgia suspected, refractory to empirical treatment, radiography normal, next imaging study",https://gravitas.acr.org/ACPortal/GetDataForOneScenario?senarioId=6338,All,18 - 150,Upper extremity,
Musculoskeletal,3196112,"Elbow pain, chronic, erosive osteoarthritis suspected, initial imaging",https://gravitas.acr.org/ACPortal/GetDataForOneScenario?senarioId=6846,All,18 - 150,Upper extremity,"Hip Pain, Shoulder Pain (to include suspected rotator cuff injury)"
Musculoskeletal,3196211,"Elbow pain, chronic, erosive osteoarthritis suspected, radiography inconclusive, next imaging study",https://gravitas.acr.org/ACPortal/GetDataForOneScenario?senarioId=6941,All,18 - 150,Upper extremity,"Hip Pain, Shoulder Pain (to include suspected rotator cuff injury)"
Musculoskeletal,3108755,"Elbow pain, chronic, erosive osteoarthritis suspected, radiography normal, next imaging study",https://gravitas.acr.org/ACPortal/GetDataForOneScenario?senarioId=2559,All,18 - 150,Upper extremity,"Hip Pain, Shoulder Pain (to include suspected rotator cuff injury)"
Musculoskeletal,3196177,"Elbow pain, chronic, gout suspected, radiography inconclusive, next imaging study",https://gravitas.acr.org/ACPortal/GetDataForOneScenario?senarioId=6909,All,18 - 150,Upper extremity,"Hip Pain, Shoulder Pain (to include suspected rotator cuff injury)"
Musculoskeletal,3196185,"Elbow pain, chronic, gout suspected, radiography normal, next imaging study",https://gravitas.acr.org/ACPortal/GetDataForOneScenario?senarioId=6917,All,18 - 150,Upper extremity,"Hip Pain, Shoulder Pain (to include suspected rotator cuff injury)"
Musculoskeletal,3195419,"Elbow pain, chronic, initial imaging",https://gravitas.acr.org/ACPortal/GetDataForOneScenario?senarioId=6324,All,18 - 150,Upper extremity,
Musculoskeletal,3195423,"Elbow pain, chronic, mechanical symptoms, intra-articular pathology suspected, radiography nonspecific, next imaging study",https://gravitas.acr.org/ACPortal/GetDataForOneScenario?senarioId=6328,All,18 - 150,Upper extremity,
Musculoskeletal,3195427,"Elbow pain, chronic, mechanical symptoms, intra-articular pathology suspected, radiography normal, next imaging study",https://gravitas.acr.org/ACPortal/GetDataForOneScenario?senarioId=6332,All,18 - 150,Upper extremity,
Musculoskeletal,3195422,"Elbow pain, chronic, mechanical symptoms, osteocartilaginous body suspected, radiography nonspecific, next imaging study",https://gravitas.acr.org/ACPortal/GetDataForOneScenario?senarioId=6327,All,18 - 150,Upper extremity,
Musculoskeletal,3195426,"Elbow pain, chronic, mechanical symptoms, osteocartilaginous body suspected, radiography normal, next imaging study",https://gravitas.acr.org/ACPortal/GetDataForOneScenario?senarioId=6331,All,18 - 150,Upper extremity,
Musculoskeletal,3195421,"Elbow pain, chronic, mechanical symptoms, osteochondral lesion suspected, radiography nonspecific, next imaging study",https://gravitas.acr.org/ACPortal/GetDataForOneScenario?senarioId=6326,All,18 - 150,Upper extremity,
Musculoskeletal,3195425,"Elbow pain, chronic, mechanical symptoms, osteochondral lesion suspected, radiography normal, next imaging study",https://gravitas.acr.org/ACPortal/GetDataForOneScenario?senarioId=6330,All,18 - 150,Upper extremity,
Musculoskeletal,3195420,"Elbow pain, chronic, mechanical symptoms, synovial abnormality suspected, radiography nonspecific, next imaging study",https://gravitas.acr.org/ACPortal/GetDataForOneScenario?senarioId=6325,All,18 - 150,Upper extremity,
Musculoskeletal,3195424,"Elbow pain, chronic, mechanical symptoms, synovial abnormality suspected, radiography normal, next imaging study",https://gravitas.acr.org/ACPortal/GetDataForOneScenario?senarioId=6329,All,18 - 150,Upper extremity,
Musculoskeletal,3195439,"Elbow pain, chronic, nerve abnormality suspected, radiography nonspecific, next imaging study",https://gravitas.acr.org/ACPortal/GetDataForOneScenario?senarioId=6343,All,18 - 150,Upper extremity,
Musculoskeletal,3195440,"Elbow pain, chronic, nerve abnormality suspected, radiography normal, next imaging study",https://gravitas.acr.org/ACPortal/GetDataForOneScenario?senarioId=6344,All,18 - 150,Upper extremity,
Musculoskeletal,3195430,"Elbow pain, chronic, occult stress fracture suspected, radiography nonspecific, next imaging study",https://gravitas.acr.org/ACPortal/GetDataForOneScenario?senarioId=6335,All,18 - 150,Upper extremity,
Musculoskeletal,3195431,"Elbow pain, chronic, occult stress fracture suspected, radiography normal, next imaging study",https://gravitas.acr.org/ACPortal/GetDataForOneScenario?senarioId=6336,All,18 - 150,Upper extremity,
Musculoskeletal,3196202,"Elbow pain, chronic, pseudogout suspected, radiography inconclusive, next imaging study",https://gravitas.acr.org/ACPortal/GetDataForOneScenario?senarioId=6933,All,18 - 150,Upper extremity,"Hip Pain, Shoulder Pain (to include suspected rotator cuff injury)"
Musculoskeletal,3196194,"Elbow pain, chronic, pseudogout suspected, radiography normal, next imaging study",https://gravitas.acr.org/ACPortal/GetDataForOneScenario?senarioId=6925,All,18 - 150,Upper extremity,"Hip Pain, Shoulder Pain (to include suspected rotator cuff injury)"
Musculoskeletal,3196115,"Elbow pain, chronic, seronegative inflammatory arthritis suspected, initial imaging",https://gravitas.acr.org/ACPortal/GetDataForOneScenario?senarioId=6849,All,18 - 150,Upper extremity,"Hip Pain, Shoulder Pain (to include suspected rotator cuff injury)"
Musculoskeletal,3196161,"Elbow pain, chronic, seronegative inflammatory arthritis suspected, radiography inconclusive, next imaging study",https://gravitas.acr.org/ACPortal/GetDataForOneScenario?senarioId=6894,All,18 - 150,Upper extremity,"Hip Pain, Shoulder Pain (to include suspected rotator cuff injury)"
Musculoskeletal,3196157,"Elbow pain, chronic, seronegative inflammatory arthritis suspected, radiography normal, next imaging study",https://gravitas.acr.org/ACPortal/GetDataForOneScenario?senarioId=6890,All,18 - 150,Upper extremity,"Hip Pain, Shoulder Pain (to include suspected rotator cuff injury)"
Musculoskeletal,3196116,"Elbow pain, chronic, seropositive inflammatory arthritis suspected, initial imaging",https://gravitas.acr.org/ACPortal/GetDataForOneScenario?senarioId=6850,All,18 - 150,Upper extremity,"Hip Pain, Shoulder Pain (to include suspected rotator cuff injury)"
Musculoskeletal,3196162,"Elbow pain, chronic, seropositive inflammatory arthritis suspected, radiography inconclusive, next imaging study",https://gravitas.acr.org/ACPortal/GetDataForOneScenario?senarioId=6895,All,18 - 150,Upper extremity,"Hip Pain, Shoulder Pain (to include suspected rotator cuff injury)"
Musculoskeletal,3196158,"Elbow pain, chronic, seropositive inflammatory arthritis suspected, radiography normal, next imaging study",https://gravitas.acr.org/ACPortal/GetDataForOneScenario?senarioId=6891,All,18 - 150,Upper extremity,"Hip Pain, Shoulder Pain (to include suspected rotator cuff injury)"
Musculoskeletal,3195435,"Elbow pain, chronic, tendon tear suspected, refractory to empirical treatment, radiography nonspecific, next imaging study",https://gravitas.acr.org/ACPortal/GetDataForOneScenario?senarioId=6339,All,18 - 150,Upper extremity,
Musculoskeletal,3195436,"Elbow pain, chronic, tendon tear suspected, refractory to empirical treatment, radiography normal, next imaging study",https://gravitas.acr.org/ACPortal/GetDataForOneScenario?senarioId=6340,All,18 - 150,Upper extremity,
Musculoskeletal,3197418,"Elbow stress fracture on radiography, next imaging study, associated complication",https://gravitas.acr.org/ACPortal/GetDataForOneScenario?senarioId=7717,All,18 - 150,Upper extremity,"Hip Pain, Shoulder Pain (to include suspected rotator cuff injury)"
Musculoskeletal,3197417,"Elbow stress fracture on radiography, next imaging study, determining extent",https://gravitas.acr.org/ACPortal/GetDataForOneScenario?senarioId=7716,All,18 - 150,Upper extremity,"Hip Pain, Shoulder Pain (to include suspected rotator cuff injury)"
Musculoskeletal,3197416,"Femur stress fracture on radiography, next imaging study, associated complication",https://gravitas.acr.org/ACPortal/GetDataForOneScenario?senarioId=7715,All,18 - 150,Lower extremity,"Hip Pain, Shoulder Pain (to include suspected rotator cuff injury)"
Musculoskeletal,3197415,"Femur stress fracture on radiography, next imaging study, determining extent",https://gravitas.acr.org/ACPortal/GetDataForOneScenario?senarioId=7714,All,18 - 150,Lower extremity,"Hip Pain, Shoulder Pain (to include suspected rotator cuff injury)"
Musculoskeletal,3196109,"Foot pain, chronic, crystalline arthritis suspected, gout, initial imaging",https://gravitas.acr.org/ACPortal/GetDataForOneScenario?senarioId=6843,All,18 - 150,Lower extremity,"Hip Pain, Shoulder Pain (to include suspected rotator cuff injury)"
Musculoskeletal,3196108,"Foot pain, chronic, crystalline arthritis suspected, pseudogout, initial imaging",https://gravitas.acr.org/ACPortal/GetDataForOneScenario?senarioId=6842,All,18 - 150,Lower extremity,"Hip Pain, Shoulder Pain (to include suspected rotator cuff injury)"
Musculoskeletal,3185445,"Foot pain, chronic, entrapment syndrome, negative or equivocal radiography, baxters neuropathy suspected, next imaging study",https://gravitas.acr.org/ACPortal/GetDataForOneScenario?senarioId=5396,All,18 - 150,Lower extremity,
Musculoskeletal,3196107,"Foot pain, chronic, erosive osteoarthritis suspected, initial imaging",https://gravitas.acr.org/ACPortal/GetDataForOneScenario?senarioId=6841,All,18 - 150,Lower extremity,"Hip Pain, Shoulder Pain (to include suspected rotator cuff injury)"
Musculoskeletal,3196212,"Foot pain, chronic, erosive osteoarthritis suspected, radiography inconclusive, next imaging study",https://gravitas.acr.org/ACPortal/GetDataForOneScenario?senarioId=6942,All,18 - 150,Lower extremity,"Hip Pain, Shoulder Pain (to include suspected rotator cuff injury)"
Musculoskeletal,3108756,"Foot pain, chronic, erosive osteoarthritis suspected, radiography normal, next imaging study",https://gravitas.acr.org/ACPortal/GetDataForOneScenario?senarioId=2560,All,18 - 150,Lower extremity,"Hip Pain, Shoulder Pain (to include suspected rotator cuff injury)"
Musculoskeletal,3084044,"Foot pain, chronic, etiology unknown, initial imaging",https://gravitas.acr.org/ACPortal/GetDataForOneScenario?senarioId=2068,All,18 - 150,Lower extremity,
Musculoskeletal,3196178,"Foot pain, chronic, gout suspected, radiography inconclusive, next imaging study",https://gravitas.acr.org/ACPortal/GetDataForOneScenario?senarioId=6910,All,18 - 150,Lower extremity,"Hip Pain, Shoulder Pain (to include suspected rotator cuff injury)"
Musculoskeletal,3196186,"Foot pain, chronic, gout suspected, radiography normal, next imaging study",https://gravitas.acr.org/ACPortal/GetDataForOneScenario?senarioId=6918,All,18 - 150,Lower extremity,"Hip Pain, Shoulder Pain (to include suspected rotator cuff injury)"
Musculoskeletal,3073938,"Foot pain, chronic, posttraumatic, negative or equivocal radiography, complex regional pain syndrome type 1 suspected, next imaging study",https://gravitas.acr.org/ACPortal/GetDataForOneScenario?senarioId=714,All,18 - 150,Lower extremity,
Musculoskeletal,3196203,"Foot pain, chronic, pseudogout suspected, radiography inconclusive, next imaging study",https://gravitas.acr.org/ACPortal/GetDataForOneScenario?senarioId=6934,All,18 - 150,Lower extremity,"Hip Pain, Shoulder Pain (to include suspected rotator cuff injury)"
Musculoskeletal,3196195,"Foot pain, chronic, pseudogout suspected, radiography normal, next imaging study",https://gravitas.acr.org/ACPortal/GetDataForOneScenario?senarioId=6926,All,18 - 150,Lower extremity,"Hip Pain, Shoulder Pain (to include suspected rotator cuff injury)"
Musculoskeletal,3196110,"Foot pain, chronic, seronegative inflammatory arthritis suspected, initial imaging",https://gravitas.acr.org/ACPortal/GetDataForOneScenario?senarioId=6844,All,18 - 150,Lower extremity,"Hip Pain, Shoulder Pain (to include suspected rotator cuff injury)"
Musculoskeletal,3196163,"Foot pain, chronic, seronegative inflammatory arthritis suspected, radiography inconclusive, next imaging study",https://gravitas.acr.org/ACPortal/GetDataForOneScenario?senarioId=6896,All,18 - 150,Lower extremity,"Hip Pain, Shoulder Pain (to include suspected rotator cuff injury)"
Musculoskeletal,3196155,"Foot pain, chronic, seronegative inflammatory arthritis suspected, radiography normal, next imaging study",https://gravitas.acr.org/ACPortal/GetDataForOneScenario?senarioId=6888,All,18 - 150,Lower extremity,"Hip Pain, Shoulder Pain (to include suspected rotator cuff injury)"
Musculoskeletal,3196111,"Foot pain, chronic, seropositive inflammatory arthritis suspected, initial imaging",https://gravitas.acr.org/ACPortal/GetDataForOneScenario?senarioId=6845,All,18 - 150,Lower extremity,"Hip Pain, Shoulder Pain (to include suspected rotator cuff injury)"
Musculoskeletal,3196164,"Foot pain, chronic, seropositive inflammatory arthritis suspected, radiography inconclusive, next imaging study",https://gravitas.acr.org/ACPortal/GetDataForOneScenario?senarioId=6897,All,18 - 150,Lower extremity,"Hip Pain, Shoulder Pain (to include suspected rotator cuff injury)"
Musculoskeletal,3196156,"Foot pain, chronic, seropositive inflammatory arthritis suspected, radiography normal, next imaging study",https://gravitas.acr.org/ACPortal/GetDataForOneScenario?senarioId=6889,All,18 - 150,Lower extremity,"Hip Pain, Shoulder Pain (to include suspected rotator cuff injury)"
Musculoskeletal,3197414,"Foot stress fracture on radiography, next imaging study, associated complication",https://gravitas.acr.org/ACPortal/GetDataForOneScenario?senarioId=7713,All,18 - 150,Lower extremity,"Hip Pain, Shoulder Pain (to include suspected rotator cuff injury)"
Musculoskeletal,3197413,"Foot stress fracture on radiography, next imaging study, determining extent",https://gravitas.acr.org/ACPortal/GetDataForOneScenario?senarioId=7712,All,18 - 150,Lower extremity,"Hip Pain, Shoulder Pain (to include suspected rotator cuff injury)"
Musculoskeletal,3097325,"Foot trauma penetrating, foreign body suspected, radiography negative, next imaging study",https://gravitas.acr.org/ACPortal/GetDataForOneScenario?senarioId=2119,All,6 - 150,Lower extremity,
Musculoskeletal,3180651,"Foot trauma, dislocation suspected, radiography nondiagnostic, next imaging study",https://gravitas.acr.org/ACPortal/GetDataForOneScenario?senarioId=5279,All,6 - 150,Lower extremity,
Musculoskeletal,3180648,"Foot trauma, lisfranc injury suspected, radiography nondiagnostic, next imaging study",https://gravitas.acr.org/ACPortal/GetDataForOneScenario?senarioId=5276,All,6 - 150,Lower extremity,
Musculoskeletal,3180650,"Foot trauma, occult fracture suspected, radiography nondiagnostic, next imaging study",https://gravitas.acr.org/ACPortal/GetDataForOneScenario?senarioId=5278,All,6 - 150,Lower extremity,
Musculoskeletal,3079752,"Foot trauma, Ottawa rules negative, initial imaging",https://gravitas.acr.org/ACPortal/GetDataForOneScenario?senarioId=1084,All,6 - 150,Lower extremity,
Musculoskeletal,3079755,"Foot trauma, Ottawa rules negative, injury suspected in area not addressed by Ottawa, initial imaging",https://gravitas.acr.org/ACPortal/GetDataForOneScenario?senarioId=1087,All,6 - 150,Lower extremity,
Musculoskeletal,3079753,"Foot trauma, Ottawa rules not applicable, initial imaging",https://gravitas.acr.org/ACPortal/GetDataForOneScenario?senarioId=1085,All,6 - 150,Lower extremity,
Musculoskeletal,3164907,"Foot trauma, Ottawa rules positive, initial imaging",https://gravitas.acr.org/ACPortal/GetDataForOneScenario?senarioId=5221,All,6 - 150,Lower extremity,
Musculoskeletal,3180649,"Foot trauma, tendon injury suspected, radiography nondiagnostic, next imaging study",https://gravitas.acr.org/ACPortal/GetDataForOneScenario?senarioId=5277,All,6 - 150,Lower extremity,
Musculoskeletal,3197543,"Forearm pain, acute, fracture suspected, radiography indeterminate, next imaging study",https://gravitas.acr.org/ACPortal/GetDataForOneScenario?senarioId=7786,All,18 - 150,Upper extremity,
Musculoskeletal,3197544,"Forearm pain, acute, fracture suspected, radiography normal, next imaging study",https://gravitas.acr.org/ACPortal/GetDataForOneScenario?senarioId=7787,All,18 - 150,Upper extremity,
Musculoskeletal,3197538,"Forearm pain, acute, initial imaging",https://gravitas.acr.org/ACPortal/GetDataForOneScenario?senarioId=7782,All,18 - 150,Upper extremity,
Musculoskeletal,3197547,"Forearm pain, acute, ligament injury suspected, radiography indeterminate, next imaging study",https://gravitas.acr.org/ACPortal/GetDataForOneScenario?senarioId=7789,All,18 - 150,Upper extremity,
Musculoskeletal,3197550,"Forearm pain, acute, ligament injury suspected, radiography normal, next imaging study",https://gravitas.acr.org/ACPortal/GetDataForOneScenario?senarioId=7792,All,18 - 150,Upper extremity,
Musculoskeletal,3197546,"Forearm pain, acute, muscle injury suspected, radiography indeterminate, next imaging study",https://gravitas.acr.org/ACPortal/GetDataForOneScenario?senarioId=7788,All,18 - 150,Upper extremity,
Musculoskeletal,3197549,"Forearm pain, acute, muscle injury suspected, radiography normal, next imaging study",https://gravitas.acr.org/ACPortal/GetDataForOneScenario?senarioId=7791,All,18 - 150,Upper extremity,
Musculoskeletal,3197548,"Forearm pain, acute, tendon injury suspected, radiography indeterminate, next imaging study",https://gravitas.acr.org/ACPortal/GetDataForOneScenario?senarioId=7790,All,18 - 150,Upper extremity,
Musculoskeletal,3197551,"Forearm pain, acute, tendon injury suspected, radiography normal, next imaging study",https://gravitas.acr.org/ACPortal/GetDataForOneScenario?senarioId=7793,All,18 - 150,Upper extremity,
Musculoskeletal,3149337,"Hand fracture, tendon or ligament trauma suspected, radiography done",https://gravitas.acr.org/ACPortal/GetDataForOneScenario?senarioId=4701,All,18 - 150,Upper extremity,
Musculoskeletal,3196873,"Hand pain, chronic, carpal tunnel syndrome suspected, radiography indeterminate, next imaging study",https://gravitas.acr.org/ACPortal/GetDataForOneScenario?senarioId=7319,All,18 - 150,Upper extremity,
Musculoskeletal,3128528,"Hand pain, chronic, carpal tunnel syndrome suspected, radiography normal, next imaging study",https://gravitas.acr.org/ACPortal/GetDataForOneScenario?senarioId=3359,All,18 - 150,Upper extremity,
Musculoskeletal,3196104,"Hand pain, chronic, crystalline arthritis suspected, gout, initial imaging",https://gravitas.acr.org/ACPortal/GetDataForOneScenario?senarioId=6838,All,18 - 150,Upper extremity,"Hip Pain, Shoulder Pain (to include suspected rotator cuff injury)"
Musculoskeletal,3196103,"Hand pain, chronic, crystalline arthritis suspected, pseudogout, initial imaging",https://gravitas.acr.org/ACPortal/GetDataForOneScenario?senarioId=6837,All,18 - 150,Upper extremity,"Hip Pain, Shoulder Pain (to include suspected rotator cuff injury)"
Musculoskeletal,3196102,"Hand pain, chronic, erosive osteoarthritis suspected, initial imaging",https://gravitas.acr.org/ACPortal/GetDataForOneScenario?senarioId=6836,All,18 - 150,Upper extremity,"Hip Pain, Shoulder Pain (to include suspected rotator cuff injury)"
Musculoskeletal,3196213,"Hand pain, chronic, erosive osteoarthritis suspected, radiography inconclusive, next imaging study",https://gravitas.acr.org/ACPortal/GetDataForOneScenario?senarioId=6943,All,18 - 150,Upper extremity,"Hip Pain, Shoulder Pain (to include suspected rotator cuff injury)"
Musculoskeletal,3108757,"Hand pain, chronic, erosive osteoarthritis suspected, radiography normal, next imaging study",https://gravitas.acr.org/ACPortal/GetDataForOneScenario?senarioId=2561,All,18 - 150,Upper extremity,"Hip Pain, Shoulder Pain (to include suspected rotator cuff injury)"
Musculoskeletal,3196179,"Hand pain, chronic, gout suspected, radiography inconclusive, next imaging study",https://gravitas.acr.org/ACPortal/GetDataForOneScenario?senarioId=6911,All,18 - 150,Upper extremity,"Hip Pain, Shoulder Pain (to include suspected rotator cuff injury)"
Musculoskeletal,3196187,"Hand pain, chronic, gout suspected, radiography normal, next imaging study",https://gravitas.acr.org/ACPortal/GetDataForOneScenario?senarioId=6919,All,18 - 150,Upper extremity,"Hip Pain, Shoulder Pain (to include suspected rotator cuff injury)"
Musculoskeletal,3196863,"Hand pain, chronic, initial imaging",https://gravitas.acr.org/ACPortal/GetDataForOneScenario?senarioId=7313,All,18 - 150,Upper extremity,
Musculoskeletal,3073967,"Hand pain, chronic, nonspecific arthritis findings on radiography, next imaging study",https://gravitas.acr.org/ACPortal/GetDataForOneScenario?senarioId=742,All,18 - 150,Upper extremity,
Musculoskeletal,3196204,"Hand pain, chronic, pseudogout suspected, radiography inconclusive, next imaging study",https://gravitas.acr.org/ACPortal/GetDataForOneScenario?senarioId=6935,All,18 - 150,Upper extremity,"Hip Pain, Shoulder Pain (to include suspected rotator cuff injury)"
Musculoskeletal,3196196,"Hand pain, chronic, pseudogout suspected, radiography normal, next imaging study",https://gravitas.acr.org/ACPortal/GetDataForOneScenario?senarioId=6927,All,18 - 150,Upper extremity,"Hip Pain, Shoulder Pain (to include suspected rotator cuff injury)"
Musculoskeletal,3196867,"Hand pain, chronic, radiography normal, next imaging study",https://gravitas.acr.org/ACPortal/GetDataForOneScenario?senarioId=7315,All,18 - 150,Upper extremity,
Musculoskeletal,3196105,"Hand pain, chronic, seronegative inflammatory arthritis suspected, initial imaging",https://gravitas.acr.org/ACPortal/GetDataForOneScenario?senarioId=6839,All,18 - 150,Upper extremity,"Hip Pain, Shoulder Pain (to include suspected rotator cuff injury)"
Musculoskeletal,3196165,"Hand pain, chronic, seronegative inflammatory arthritis suspected, radiography inconclusive, next imaging study",https://gravitas.acr.org/ACPortal/GetDataForOneScenario?senarioId=6898,All,18 - 150,Upper extremity,"Hip Pain, Shoulder Pain (to include suspected rotator cuff injury)"
Musculoskeletal,3196153,"Hand pain, chronic, seronegative inflammatory arthritis suspected, radiography normal, next imaging study",https://gravitas.acr.org/ACPortal/GetDataForOneScenario?senarioId=6886,All,18 - 150,Upper extremity,"Hip Pain, Shoulder Pain (to include suspected rotator cuff injury)"
Musculoskeletal,3196106,"Hand pain, chronic, seropositive inflammatory arthritis suspected, initial imaging",https://gravitas.acr.org/ACPortal/GetDataForOneScenario?senarioId=6840,All,18 - 150,Upper extremity,"Hip Pain, Shoulder Pain (to include suspected rotator cuff injury)"
Musculoskeletal,3196166,"Hand pain, chronic, seropositive inflammatory arthritis suspected, radiography inconclusive, next imaging study",https://gravitas.acr.org/ACPortal/GetDataForOneScenario?senarioId=6899,All,18 - 150,Upper extremity,"Hip Pain, Shoulder Pain (to include suspected rotator cuff injury)"
Musculoskeletal,3196154,"Hand pain, chronic, seropositive inflammatory arthritis suspected, radiography normal, next imaging study",https://gravitas.acr.org/ACPortal/GetDataForOneScenario?senarioId=6887,All,18 - 150,Upper extremity,"Hip Pain, Shoulder Pain (to include suspected rotator cuff injury)"
Musculoskeletal,3196886,"Hand pain, chronic, tendon injury suspected, nonspecific arthritis findings on radiography, next imaging study",https://gravitas.acr.org/ACPortal/GetDataForOneScenario?senarioId=7331,All,18 - 150,Upper extremity,
Musculoskeletal,3196877,"Hand pain, chronic, tendon injury suspected, radiography normal, next imaging study",https://gravitas.acr.org/ACPortal/GetDataForOneScenario?senarioId=7322,All,18 - 150,Upper extremity,
Musculoskeletal,3196884,"Hand pain, chronic, tendon pathology suspected, nonspecific arthritis findings on radiography, next imaging study",https://gravitas.acr.org/ACPortal/GetDataForOneScenario?senarioId=7329,All,18 - 150,Upper extremity,
Musculoskeletal,3196881,"Hand pain, chronic, tendon pathology suspected, radiography normal, next imaging study",https://gravitas.acr.org/ACPortal/GetDataForOneScenario?senarioId=7326,All,18 - 150,Upper extremity,
Musculoskeletal,3196888,"Hand pain, chronic, tenosynovitis suspected, nonspecific arthritis findings on radiography, next imaging study",https://gravitas.acr.org/ACPortal/GetDataForOneScenario?senarioId=7333,All,18 - 150,Upper extremity,
Musculoskeletal,3196882,"Hand pain, chronic, tenosynovitis suspected, radiography normal, next imaging study",https://gravitas.acr.org/ACPortal/GetDataForOneScenario?senarioId=7327,All,18 - 150,Upper extremity,
Musculoskeletal,3197410,"Hand stress fracture on radiography, next imaging study, associated complication",https://gravitas.acr.org/ACPortal/GetDataForOneScenario?senarioId=7709,All,18 - 150,Upper extremity,"Hip Pain, Shoulder Pain (to include suspected rotator cuff injury)"
Musculoskeletal,3197409,"Hand stress fracture on radiography, next imaging study, determining extent",https://gravitas.acr.org/ACPortal/GetDataForOneScenario?senarioId=7708,All,18 - 150,Upper extremity,"Hip Pain, Shoulder Pain (to include suspected rotator cuff injury)"
Musculoskeletal,3148781,"Hand trauma, fracture suspected, equivocal radiography",https://gravitas.acr.org/ACPortal/GetDataForOneScenario?senarioId=4620,All,18 - 150,Upper extremity,
Musculoskeletal,3148780,"Hand trauma, fracture suspected, neg or equivocal radiography",https://gravitas.acr.org/ACPortal/GetDataForOneScenario?senarioId=4619,All,18 - 150,Upper extremity,
Musculoskeletal,3148778,"Hand trauma, initial exam",https://gravitas.acr.org/ACPortal/GetDataForOneScenario?senarioId=4617,All,18 - 150,Upper extremity,
Musculoskeletal,3148784,"Hand trauma, penetrating, foreign body suspected, neg radiography",https://gravitas.acr.org/ACPortal/GetDataForOneScenario?senarioId=4623,All,18 - 150,Upper extremity,
Musculoskeletal,3149338,"Hand trauma, subluxation on radiography",https://gravitas.acr.org/ACPortal/GetDataForOneScenario?senarioId=4702,All,18 - 150,Upper extremity,
Musculoskeletal,3191955,"Heel pain, chronic, negative or equivocal radiography, plantar fascia tear suspected, next imaging study",https://gravitas.acr.org/ACPortal/GetDataForOneScenario?senarioId=5460,All,18 - 150,Lower extremity,
Musculoskeletal,3191954,"Heel pain, chronic, negative or equivocal radiography, plantar fasciitis suspected, next imaging study",https://gravitas.acr.org/ACPortal/GetDataForOneScenario?senarioId=5459,All,18 - 150,Lower extremity,
Musculoskeletal,3196140,"Hip chronic, seronegative inflammatory arthritis suspected, initial imaging",https://gravitas.acr.org/ACPortal/GetDataForOneScenario?senarioId=6874,All,18 - 150,Lower extremity,"Hip Pain, Shoulder Pain (to include suspected rotator cuff injury)"
Musculoskeletal,3196141,"Hip chronic, seropositive inflammatory arthritis suspected, initial imaging",https://gravitas.acr.org/ACPortal/GetDataForOneScenario?senarioId=6875,All,18 - 150,Lower extremity,"Hip Pain, Shoulder Pain (to include suspected rotator cuff injury)"
Musculoskeletal,3195902,"Hip pain, chronic, bursitis suspected, radiography negative, next imaging study",https://gravitas.acr.org/ACPortal/GetDataForOneScenario?senarioId=6718,All,18 - 150,Lower extremity,Hip Pain
Musculoskeletal,3195899,"Hip pain, chronic, bursitis suspected, radiography nondiagnostic, next imaging study",https://gravitas.acr.org/ACPortal/GetDataForOneScenario?senarioId=6715,All,18 - 150,Lower extremity,Hip Pain
Musculoskeletal,3196139,"Hip pain, chronic, crystalline arthritis suspected, gout, initial imaging",https://gravitas.acr.org/ACPortal/GetDataForOneScenario?senarioId=6873,All,18 - 150,Lower extremity,"Hip Pain, Shoulder Pain (to include suspected rotator cuff injury)"
Musculoskeletal,3196138,"Hip pain, chronic, crystalline arthritis suspected, pseudogout, initial imaging",https://gravitas.acr.org/ACPortal/GetDataForOneScenario?senarioId=6872,All,18 - 150,Lower extremity,"Hip Pain, Shoulder Pain (to include suspected rotator cuff injury)"
Musculoskeletal,3195907,"Hip pain, chronic, dysplasia suspected, radiography negative, next imaging study",https://gravitas.acr.org/ACPortal/GetDataForOneScenario?senarioId=6722,All,18 - 150,Lower extremity,Hip Pain
Musculoskeletal,3195906,"Hip pain, chronic, dysplasia suspected, radiography nondiagnostic, next imaging study",https://gravitas.acr.org/ACPortal/GetDataForOneScenario?senarioId=6721,All,18 - 150,Lower extremity,Hip Pain
Musculoskeletal,3196137,"Hip pain, chronic, erosive osteoarthritis suspected, initial imaging",https://gravitas.acr.org/ACPortal/GetDataForOneScenario?senarioId=6871,All,18 - 150,Lower extremity,"Hip Pain, Shoulder Pain (to include suspected rotator cuff injury)"
Musculoskeletal,3196214,"Hip pain, chronic, erosive osteoarthritis suspected, radiography inconclusive, next imaging study",https://gravitas.acr.org/ACPortal/GetDataForOneScenario?senarioId=6944,All,18 - 150,Lower extremity,"Hip Pain, Shoulder Pain (to include suspected rotator cuff injury)"
Musculoskeletal,3108758,"Hip pain, chronic, erosive osteoarthritis suspected, radiography normal, next imaging study",https://gravitas.acr.org/ACPortal/GetDataForOneScenario?senarioId=2562,All,18 - 150,Lower extremity,"Hip Pain, Shoulder Pain (to include suspected rotator cuff injury)"
Musculoskeletal,3196180,"Hip pain, chronic, gout suspected, radiography inconclusive, next imaging study",https://gravitas.acr.org/ACPortal/GetDataForOneScenario?senarioId=6912,All,18 - 150,Lower extremity,"Hip Pain, Shoulder Pain (to include suspected rotator cuff injury)"
Musculoskeletal,3196188,"Hip pain, chronic, gout suspected, radiography normal, next imaging study",https://gravitas.acr.org/ACPortal/GetDataForOneScenario?senarioId=6920,All,18 - 150,Lower extremity,"Hip Pain, Shoulder Pain (to include suspected rotator cuff injury)"
Musculoskeletal,3195909,"Hip pain, chronic, impingement suspected, radiography negative, next imaging study",https://gravitas.acr.org/ACPortal/GetDataForOneScenario?senarioId=6724,All,18 - 150,Lower extremity,Hip Pain
Musculoskeletal,3195908,"Hip pain, chronic, impingement suspected, radiography nondiagnostic, next imaging study",https://gravitas.acr.org/ACPortal/GetDataForOneScenario?senarioId=6723,All,18 - 150,Lower extremity,Hip Pain
Musculoskeletal,3195898,"Hip pain, chronic, initial imaging",https://gravitas.acr.org/ACPortal/GetDataForOneScenario?senarioId=6714,All,18 - 150,Lower extremity,Hip Pain
Musculoskeletal,3195920,"Hip pain, chronic, knee pain, hip osteoarthritis on radiography, next imaging study, quantify pain from hip pathology",https://gravitas.acr.org/ACPortal/GetDataForOneScenario?senarioId=6732,All,18 - 150,Lower extremity,Hip Pain
Musculoskeletal,3195922,"Hip pain, chronic, knee pathology, hip osteoarthritis on radiography, next imaging study, quantify pain from hip pathology",https://gravitas.acr.org/ACPortal/GetDataForOneScenario?senarioId=6734,All,18 - 150,Lower extremity,Hip Pain
Musculoskeletal,3195911,"Hip pain, chronic, labral tear suspected, radiography negative, next imaging study",https://gravitas.acr.org/ACPortal/GetDataForOneScenario?senarioId=6726,All,18 - 150,Lower extremity,Hip Pain
Musculoskeletal,3195910,"Hip pain, chronic, labral tear suspected, radiography nondiagnostic, next imaging study",https://gravitas.acr.org/ACPortal/GetDataForOneScenario?senarioId=6725,All,18 - 150,Lower extremity,Hip Pain
Musculoskeletal,3195921,"Hip pain, chronic, low back pain, hip osteoarthritis on radiography, next imaging study, quantify pain from hip pathology",https://gravitas.acr.org/ACPortal/GetDataForOneScenario?senarioId=6733,All,18 - 150,Lower extremity,Hip Pain
Musculoskeletal,3195923,"Hip pain, chronic, low back pathology, hip osteoarthritis on radiography, next imaging study, quantify pain from hip pathology",https://gravitas.acr.org/ACPortal/GetDataForOneScenario?senarioId=6735,All,18 - 150,Lower extremity,Hip Pain
Musculoskeletal,3195913,"Hip pain, chronic, mild osteoarthritis on radiography, next imaging study, evaluate articular cartilage integrity",https://gravitas.acr.org/ACPortal/GetDataForOneScenario?senarioId=6727,All,18 - 150,Lower extremity,Hip Pain
Musculoskeletal,3195904,"Hip pain, chronic, noninfectious extraarticular abnormality suspected, radiography negative, next imaging study",https://gravitas.acr.org/ACPortal/GetDataForOneScenario?senarioId=6720,All,18 - 150,Lower extremity,Hip Pain
Musculoskeletal,3195901,"Hip pain, chronic, noninfectious extraarticular abnormality suspected, radiography nondiagnostic, next imaging study",https://gravitas.acr.org/ACPortal/GetDataForOneScenario?senarioId=6717,All,18 - 150,Lower extremity,Hip Pain
Musculoskeletal,3196205,"Hip pain, chronic, pseudogout suspected, radiography inconclusive, next imaging study",https://gravitas.acr.org/ACPortal/GetDataForOneScenario?senarioId=6936,All,18 - 150,Lower extremity,"Hip Pain, Shoulder Pain (to include suspected rotator cuff injury)"
Musculoskeletal,3196197,"Hip pain, chronic, pseudogout suspected, radiography normal, next imaging study",https://gravitas.acr.org/ACPortal/GetDataForOneScenario?senarioId=6928,All,18 - 150,Lower extremity,"Hip Pain, Shoulder Pain (to include suspected rotator cuff injury)"
Musculoskeletal,3195914,"Hip pain, chronic, radiography equivocal for osteoarthritis, next imaging study, evaluate articular cartilage integrity",https://gravitas.acr.org/ACPortal/GetDataForOneScenario?senarioId=6728,All,18 - 150,Lower extremity,Hip Pain
Musculoskeletal,3195918,"Hip pain, chronic, radiography suspicious for intraarticular synovial hyperplasia, next imaging study",https://gravitas.acr.org/ACPortal/GetDataForOneScenario?senarioId=6731,All,18 - 150,Lower extremity,Hip Pain
Musculoskeletal,3195917,"Hip pain, chronic, radiography suspicious for intraarticular synovial neoplasia, next imaging study",https://gravitas.acr.org/ACPortal/GetDataForOneScenario?senarioId=6730,All,18 - 150,Lower extremity,Hip Pain
Musculoskeletal,3195916,"Hip pain, chronic, radiography suspicious for synovial neoplasm, next imaging study",https://gravitas.acr.org/ACPortal/GetDataForOneScenario?senarioId=6729,All,18 - 150,Lower extremity,Hip Pain
Musculoskeletal,3196167,"Hip pain, chronic, seronegative inflammatory arthritis suspected, radiography inconclusive, next imaging study",https://gravitas.acr.org/ACPortal/GetDataForOneScenario?senarioId=6900,All,18 - 150,Lower extremity,"Hip Pain, Shoulder Pain (to include suspected rotator cuff injury)"
Musculoskeletal,3196151,"Hip pain, chronic, seronegative inflammatory arthritis suspected, radiography normal, next imaging study",https://gravitas.acr.org/ACPortal/GetDataForOneScenario?senarioId=6884,All,18 - 150,Lower extremity,"Hip Pain, Shoulder Pain (to include suspected rotator cuff injury)"
Musculoskeletal,3196168,"Hip pain, chronic, seropositive inflammatory arthritis suspected, radiography inconclusive, next imaging study",https://gravitas.acr.org/ACPortal/GetDataForOneScenario?senarioId=6901,All,18 - 150,Lower extremity,"Hip Pain, Shoulder Pain (to include suspected rotator cuff injury)"
Musculoskeletal,3196152,"Hip pain, chronic, seropositive inflammatory arthritis suspected, radiography normal, next imaging study",https://gravitas.acr.org/ACPortal/GetDataForOneScenario?senarioId=6885,All,18 - 150,Lower extremity,"Hip Pain, Shoulder Pain (to include suspected rotator cuff injury)"
Musculoskeletal,3195903,"Hip pain, chronic, tendonitis suspected, radiography negative, next imaging study",https://gravitas.acr.org/ACPortal/GetDataForOneScenario?senarioId=6719,All,18 - 150,Lower extremity,Hip Pain
Musculoskeletal,3195900,"Hip pain, chronic, tendonitis suspected, radiography nondiagnostic, next imaging study",https://gravitas.acr.org/ACPortal/GetDataForOneScenario?senarioId=6716,All,18 - 150,Lower extremity,Hip Pain
Musculoskeletal,3196545,"Hip replaced, asymptomatic, follow-up imaging",https://gravitas.acr.org/ACPortal/GetDataForOneScenario?senarioId=7163,All,18 - 150,Lower extremity,Hip Pain
Musculoskeletal,3196549,"Hip replaced, symptomatic, hx of acute injury, radiography performed, next imaging study",https://gravitas.acr.org/ACPortal/GetDataForOneScenario?senarioId=7165,All,18 - 150,Lower extremity,Hip Pain
Musculoskeletal,3196553,"Hip replaced, symptomatic, infection excluded, radiography performed, next imaging study",https://gravitas.acr.org/ACPortal/GetDataForOneScenario?senarioId=7167,All,18 - 150,Lower extremity,Hip Pain
Musculoskeletal,3196551,"Hip replaced, symptomatic, infection not excluded, radiography performed, next imaging study",https://gravitas.acr.org/ACPortal/GetDataForOneScenario?senarioId=7166,All,18 - 150,Lower extremity,Hip Pain
Musculoskeletal,3196547,"Hip replaced, symptomatic, initial imaging",https://gravitas.acr.org/ACPortal/GetDataForOneScenario?senarioId=7164,All,18 - 150,Lower extremity,Hip Pain
Musculoskeletal,3196555,"Hip replaced, symptomatic, metal-on-metal prosthesis, adverse reaction to metal debris suspected, radiography performed, next imaging study",https://gravitas.acr.org/ACPortal/GetDataForOneScenario?senarioId=7168,All,18 - 150,Lower extremity,Hip Pain
Musculoskeletal,3196556,"Hip replaced, symptomatic, trunnionosis suspected, adverse reaction to metal debris suspected, radiography performed, next imaging study",https://gravitas.acr.org/ACPortal/GetDataForOneScenario?senarioId=7169,All,18 - 150,Lower extremity,Hip Pain
Musculoskeletal,3196560,"Hip replaced, trochanteric pain, abductor injury suspected, radiography performed, next imaging study",https://gravitas.acr.org/ACPortal/GetDataForOneScenario?senarioId=7172,All,18 - 150,Lower extremity,Hip Pain
Musculoskeletal,3196558,"Hip replaced, trochanteric pain, soft tissue abnormality suspected, radiography performed, next imaging study",https://gravitas.acr.org/ACPortal/GetDataForOneScenario?senarioId=7170,All,18 - 150,Lower extremity,Hip Pain
Musculoskeletal,3196559,"Hip replaced, trochanteric pain, trochanteric bursitis suspected, radiography performed, next imaging study",https://gravitas.acr.org/ACPortal/GetDataForOneScenario?senarioId=7171,All,18 - 150,Lower extremity,Hip Pain
Musculoskeletal,3197408,"Hip stress fracture on radiography, next imaging study, associated complication",https://gravitas.acr.org/ACPortal/GetDataForOneScenario?senarioId=7707,All,18 - 150,Lower extremity,"Hip Pain, Shoulder Pain (to include suspected rotator cuff injury)"
Musculoskeletal,3197407,"Hip stress fracture on radiography, next imaging study, determining extent",https://gravitas.acr.org/ACPortal/GetDataForOneScenario?senarioId=7706,All,18 - 150,Lower extremity,"Hip Pain, Shoulder Pain (to include suspected rotator cuff injury)"
Musculoskeletal,3197272,"Hip stress fracture suspected, pregnant, radiography indeterminate, next imaging study.",https://gravitas.acr.org/ACPortal/GetDataForOneScenario?senarioId=7574,Female Only,10 - 60,Pelvis,"Hip Pain, Shoulder Pain (to include suspected rotator cuff injury)"
Musculoskeletal,3197273,"Hip stress fracture suspected, pregnant, radiography negative, next imaging study.",https://gravitas.acr.org/ACPortal/GetDataForOneScenario?senarioId=7575,Female Only,10 - 60,Pelvis,"Hip Pain, Shoulder Pain (to include suspected rotator cuff injury)"
Musculoskeletal,3149312,"Hip trauma, fracture suspected, initial exam",https://gravitas.acr.org/ACPortal/GetDataForOneScenario?senarioId=4676,All,18 - 150,Lower extremity,Hip Pain
Musculoskeletal,3149313,"Hip trauma, fracture suspected, neg radiography",https://gravitas.acr.org/ACPortal/GetDataForOneScenario?senarioId=4677,All,18 - 150,Lower extremity,Hip Pain
Musculoskeletal,3197406,"Humerus stress fracture on radiography, next imaging study, associated complication",https://gravitas.acr.org/ACPortal/GetDataForOneScenario?senarioId=7705,All,18 - 150,Upper extremity,"Hip Pain, Shoulder Pain (to include suspected rotator cuff injury)"
Musculoskeletal,3197405,"Humerus stress fracture on radiography, next imaging study, determining extent",https://gravitas.acr.org/ACPortal/GetDataForOneScenario?senarioId=7704,All,18 - 150,Upper extremity,"Hip Pain, Shoulder Pain (to include suspected rotator cuff injury)"
Musculoskeletal,3194616,"Inflammatory back pain, buttock symptoms, axial spondyloarthritis suspected, initial imaging",https://gravitas.acr.org/ACPortal/GetDataForOneScenario?senarioId=5874,All,18 - 150,Spine-pelvis,"Cervical or Neck Pain, Low Back Pain"
Musculoskeletal,3194640,"Inflammatory back pain, buttock symptoms, axial spondyloarthritis suspected, radiography and mri sacroiliac joints negative, next imaging study",https://gravitas.acr.org/ACPortal/GetDataForOneScenario?senarioId=5897,All,18 - 150,Spine-pelvis,"Cervical or Neck Pain, Low Back Pain"
Musculoskeletal,3194625,"Inflammatory back pain, buttock symptoms, axial spondyloarthritis suspected, radiography performed, next imaging study",https://gravitas.acr.org/ACPortal/GetDataForOneScenario?senarioId=5882,All,18 - 150,Spine-pelvis,"Cervical or Neck Pain, Low Back Pain"
Musculoskeletal,3194618,"Inflammatory back pain, cervical and lumbar spine symptoms, axial spondyloarthritis suspected, initial imaging",https://gravitas.acr.org/ACPortal/GetDataForOneScenario?senarioId=5876,All,18 - 150,Spine-pelvis,"Cervical or Neck Pain, Low Back Pain"
Musculoskeletal,3194634,"Inflammatory back pain, cervical and lumbar spine symptoms, axial spondyloarthritis suspected, radiography and mri sacroiliac joints negative, next imaging study",https://gravitas.acr.org/ACPortal/GetDataForOneScenario?senarioId=5891,All,18 - 150,Spine-pelvis,"Cervical or Neck Pain, Low Back Pain"
Musculoskeletal,3194627,"Inflammatory back pain, cervical and lumbar spine symptoms, axial spondyloarthritis suspected, radiography performed, next imaging study",https://gravitas.acr.org/ACPortal/GetDataForOneScenario?senarioId=5884,All,18 - 150,Spine-pelvis,"Cervical or Neck Pain, Low Back Pain"
Musculoskeletal,3194620,"Inflammatory back pain, cervical and thoracic spine symptoms, axial spondyloarthritis suspected, initial imaging",https://gravitas.acr.org/ACPortal/GetDataForOneScenario?senarioId=5878,All,18 - 150,Spine-pelvis,"Cervical or Neck Pain, Low Back Pain"
Musculoskeletal,3194636,"Inflammatory back pain, cervical and thoracic spine symptoms, axial spondyloarthritis suspected, radiography and mri sacroiliac joints negative, next imaging study",https://gravitas.acr.org/ACPortal/GetDataForOneScenario?senarioId=5893,All,18 - 150,Spine-pelvis,"Cervical or Neck Pain, Low Back Pain"
Musculoskeletal,3194629,"Inflammatory back pain, cervical and thoracic spine symptoms, axial spondyloarthritis suspected, radiography performed, next imaging study",https://gravitas.acr.org/ACPortal/GetDataForOneScenario?senarioId=5886,All,18 - 150,Spine-pelvis,"Cervical or Neck Pain, Low Back Pain"
Musculoskeletal,3194623,"Inflammatory back pain, cervical spine symptoms, axial spondyloarthritis suspected, initial imaging",https://gravitas.acr.org/ACPortal/GetDataForOneScenario?senarioId=5881,All,18 - 150,Spine-pelvis,"Cervical or Neck Pain, Low Back Pain"
Musculoskeletal,3194639,"Inflammatory back pain, cervical spine symptoms, axial spondyloarthritis suspected, radiography and mri sacroiliac joints negative, next imaging study",https://gravitas.acr.org/ACPortal/GetDataForOneScenario?senarioId=5896,All,18 - 150,Spine-pelvis,"Cervical or Neck Pain, Low Back Pain"
Musculoskeletal,3194632,"Inflammatory back pain, cervical spine symptoms, axial spondyloarthritis suspected, radiography performed, next imaging study",https://gravitas.acr.org/ACPortal/GetDataForOneScenario?senarioId=5889,All,18 - 150,Spine-pelvis,"Cervical or Neck Pain, Low Back Pain"
Musculoskeletal,3194617,"Inflammatory back pain, complete spine symptoms, axial spondyloarthritis suspected, initial imaging",https://gravitas.acr.org/ACPortal/GetDataForOneScenario?senarioId=5875,All,18 - 150,Spine-pelvis,"Cervical or Neck Pain, Low Back Pain"
Musculoskeletal,3194633,"Inflammatory back pain, complete spine symptoms, axial spondyloarthritis suspected, radiography and mri sacroiliac joints negative, next imaging study",https://gravitas.acr.org/ACPortal/GetDataForOneScenario?senarioId=5890,All,18 - 150,Spine-pelvis,"Cervical or Neck Pain, Low Back Pain"
Musculoskeletal,3194626,"Inflammatory back pain, complete spine symptoms, axial spondyloarthritis suspected, radiography performed, next imaging study",https://gravitas.acr.org/ACPortal/GetDataForOneScenario?senarioId=5883,All,18 - 150,Spine-pelvis,"Cervical or Neck Pain, Low Back Pain"
Musculoskeletal,3194621,"Inflammatory back pain, lumbar spine symptoms, axial spondyloarthritis suspected, initial imaging",https://gravitas.acr.org/ACPortal/GetDataForOneScenario?senarioId=5879,All,18 - 150,Spine-pelvis,"Cervical or Neck Pain, Low Back Pain"
Musculoskeletal,3194637,"Inflammatory back pain, lumbar spine symptoms, axial spondyloarthritis suspected, radiography and mri sacroiliac joints negative, next imaging study",https://gravitas.acr.org/ACPortal/GetDataForOneScenario?senarioId=5894,All,18 - 150,Spine-pelvis,"Cervical or Neck Pain, Low Back Pain"
Musculoskeletal,3194630,"Inflammatory back pain, lumbar spine symptoms, axial spondyloarthritis suspected, radiography performed, next imaging study",https://gravitas.acr.org/ACPortal/GetDataForOneScenario?senarioId=5887,All,18 - 150,Spine-pelvis,"Cervical or Neck Pain, Low Back Pain"
Musculoskeletal,3194619,"Inflammatory back pain, thoracic and lumbar spine symptoms, axial spondyloarthritis suspected, initial imaging",https://gravitas.acr.org/ACPortal/GetDataForOneScenario?senarioId=5877,All,18 - 150,Spine-pelvis,"Cervical or Neck Pain, Low Back Pain"
Musculoskeletal,3194635,"Inflammatory back pain, thoracic and lumbar spine symptoms, axial spondyloarthritis suspected, radiography and mri sacroiliac joints negative, next imaging study",https://gravitas.acr.org/ACPortal/GetDataForOneScenario?senarioId=5892,All,18 - 150,Spine-pelvis,"Cervical or Neck Pain, Low Back Pain"
Musculoskeletal,3194628,"Inflammatory back pain, thoracic and lumbar spine symptoms, axial spondyloarthritis suspected, radiography performed, next imaging study",https://gravitas.acr.org/ACPortal/GetDataForOneScenario?senarioId=5885,All,18 - 150,Spine-pelvis,"Cervical or Neck Pain, Low Back Pain"
Musculoskeletal,3194622,"Inflammatory back pain, thoracic spine symptoms, axial spondyloarthritis suspected, initial imaging",https://gravitas.acr.org/ACPortal/GetDataForOneScenario?senarioId=5880,All,18 - 150,Spine-pelvis,"Cervical or Neck Pain, Low Back Pain"
Musculoskeletal,3194638,"Inflammatory back pain, thoracic spine symptoms, axial spondyloarthritis suspected, radiography and mri sacroiliac joints negative, next imaging study",https://gravitas.acr.org/ACPortal/GetDataForOneScenario?senarioId=5895,All,18 - 150,Spine-pelvis,"Cervical or Neck Pain, Low Back Pain"
Musculoskeletal,3194631,"Inflammatory back pain, thoracic spine symptoms, axial spondyloarthritis suspected, radiography performed, next imaging study",https://gravitas.acr.org/ACPortal/GetDataForOneScenario?senarioId=5888,All,18 - 150,Spine-pelvis,"Cervical or Neck Pain, Low Back Pain"
Musculoskeletal,3148159,"Knee pain, chronic, calcinosis or degenerative disease on radiography",https://gravitas.acr.org/ACPortal/GetDataForOneScenario?senarioId=4534,All,5 - 150,Lower extremity,
Musculoskeletal,3196134,"Knee pain, chronic, crystalline arthritis suspected, gout, initial imaging",https://gravitas.acr.org/ACPortal/GetDataForOneScenario?senarioId=6868,All,18 - 150,Lower extremity,"Hip Pain, Shoulder Pain (to include suspected rotator cuff injury)"
Musculoskeletal,3196133,"Knee pain, chronic, crystalline arthritis suspected, pseudogout, initial imaging",https://gravitas.acr.org/ACPortal/GetDataForOneScenario?senarioId=6867,All,18 - 150,Lower extremity,"Hip Pain, Shoulder Pain (to include suspected rotator cuff injury)"
Musculoskeletal,3196132,"Knee pain, chronic, erosive osteoarthritis suspected, initial imaging",https://gravitas.acr.org/ACPortal/GetDataForOneScenario?senarioId=6866,All,18 - 150,Lower extremity,"Hip Pain, Shoulder Pain (to include suspected rotator cuff injury)"
Musculoskeletal,3196215,"Knee pain, chronic, erosive osteoarthritis suspected, radiography inconclusive, next imaging study",https://gravitas.acr.org/ACPortal/GetDataForOneScenario?senarioId=6945,All,18 - 150,Lower extremity,"Hip Pain, Shoulder Pain (to include suspected rotator cuff injury)"
Musculoskeletal,3108759,"Knee pain, chronic, erosive osteoarthritis suspected, radiography normal, next imaging study",https://gravitas.acr.org/ACPortal/GetDataForOneScenario?senarioId=2563,All,18 - 150,Lower extremity,"Hip Pain, Shoulder Pain (to include suspected rotator cuff injury)"
Musculoskeletal,3196181,"Knee pain, chronic, gout suspected, radiography inconclusive, next imaging study",https://gravitas.acr.org/ACPortal/GetDataForOneScenario?senarioId=6913,All,18 - 150,Lower extremity,"Hip Pain, Shoulder Pain (to include suspected rotator cuff injury)"
Musculoskeletal,3196189,"Knee pain, chronic, gout suspected, radiography normal, next imaging study",https://gravitas.acr.org/ACPortal/GetDataForOneScenario?senarioId=6921,All,18 - 150,Lower extremity,"Hip Pain, Shoulder Pain (to include suspected rotator cuff injury)"
Musculoskeletal,3148156,"Knee pain, chronic, initial exam",https://gravitas.acr.org/ACPortal/GetDataForOneScenario?senarioId=4531,All,5 - 150,Lower extremity,
Musculoskeletal,3148609,"Knee pain, chronic, joint effusion on radiography",https://gravitas.acr.org/ACPortal/GetDataForOneScenario?senarioId=4580,All,5 - 150,Lower extremity,
Musculoskeletal,3148608,"Knee pain, chronic, negative radiography",https://gravitas.acr.org/ACPortal/GetDataForOneScenario?senarioId=4579,All,5 - 150,Lower extremity,
Musculoskeletal,3148158,"Knee pain, chronic, osteochondritis or loose bodies or prev surgery on radiography",https://gravitas.acr.org/ACPortal/GetDataForOneScenario?senarioId=4533,All,5 - 150,Lower extremity,
Musculoskeletal,3148160,"Knee pain, chronic, prior injury on radiography",https://gravitas.acr.org/ACPortal/GetDataForOneScenario?senarioId=4535,All,5 - 150,Lower extremity,
Musculoskeletal,3196206,"Knee pain, chronic, pseudogout suspected, radiography inconclusive, next imaging study",https://gravitas.acr.org/ACPortal/GetDataForOneScenario?senarioId=6937,All,18 - 150,Lower extremity,"Hip Pain, Shoulder Pain (to include suspected rotator cuff injury)"
Musculoskeletal,3196198,"Knee pain, chronic, pseudogout suspected, radiography normal, next imaging study",https://gravitas.acr.org/ACPortal/GetDataForOneScenario?senarioId=6929,All,18 - 150,Lower extremity,"Hip Pain, Shoulder Pain (to include suspected rotator cuff injury)"
Musculoskeletal,3196135,"Knee pain, chronic, seronegative inflammatory arthritis suspected, initial imaging",https://gravitas.acr.org/ACPortal/GetDataForOneScenario?senarioId=6869,All,18 - 150,Lower extremity,"Hip Pain, Shoulder Pain (to include suspected rotator cuff injury)"
Musculoskeletal,3196169,"Knee pain, chronic, seronegative inflammatory arthritis suspected, radiography inconclusive, next imaging study",https://gravitas.acr.org/ACPortal/GetDataForOneScenario?senarioId=6902,All,18 - 150,Lower extremity,"Hip Pain, Shoulder Pain (to include suspected rotator cuff injury)"
Musculoskeletal,3196149,"Knee pain, chronic, seronegative inflammatory arthritis suspected, radiography normal, next imaging study",https://gravitas.acr.org/ACPortal/GetDataForOneScenario?senarioId=6882,All,18 - 150,Lower extremity,"Hip Pain, Shoulder Pain (to include suspected rotator cuff injury)"
Musculoskeletal,3196136,"Knee pain, chronic, seropositive inflammatory arthritis suspected, initial imaging",https://gravitas.acr.org/ACPortal/GetDataForOneScenario?senarioId=6870,All,18 - 150,Lower extremity,"Hip Pain, Shoulder Pain (to include suspected rotator cuff injury)"
Musculoskeletal,3196170,"Knee pain, chronic, seropositive inflammatory arthritis suspected, radiography inconclusive, next imaging study",https://gravitas.acr.org/ACPortal/GetDataForOneScenario?senarioId=6903,All,18 - 150,Lower extremity,"Hip Pain, Shoulder Pain (to include suspected rotator cuff injury)"
Musculoskeletal,3196150,"Knee pain, chronic, seropositive inflammatory arthritis suspected, radiography normal, next imaging study",https://gravitas.acr.org/ACPortal/GetDataForOneScenario?senarioId=6883,All,18 - 150,Lower extremity,"Hip Pain, Shoulder Pain (to include suspected rotator cuff injury)"
Musculoskeletal,3196563,"Knee replaced, follow-up, asymptomatic, initial imaging",https://gravitas.acr.org/ACPortal/GetDataForOneScenario?senarioId=7174,All,18 - 150,Lower extremity,
Musculoskeletal,3196562,"Knee replaced, follow-up, symptomatic, initial imaging",https://gravitas.acr.org/ACPortal/GetDataForOneScenario?senarioId=7173,All,18 - 150,Lower extremity,
Musculoskeletal,3196565,"Knee replaced, infection suspected, radiography performed, next imaging study",https://gravitas.acr.org/ACPortal/GetDataForOneScenario?senarioId=7175,All,18 - 150,Lower extremity,
Musculoskeletal,3196569,"Knee replaced, pain, aseptic loosening suspected, no infection, radiography performed, next imaging study",https://gravitas.acr.org/ACPortal/GetDataForOneScenario?senarioId=7178,All,18 - 150,Lower extremity,
Musculoskeletal,3196571,"Knee replaced, pain, hardware fracture suspected, radiography performed, next imaging study",https://gravitas.acr.org/ACPortal/GetDataForOneScenario?senarioId=7179,All,18 - 150,Lower extremity,
Musculoskeletal,3196567,"Knee replaced, pain, instability suspected, no infection, radiography performed, next imaging study",https://gravitas.acr.org/ACPortal/GetDataForOneScenario?senarioId=7176,All,18 - 150,Lower extremity,
Musculoskeletal,3196574,"Knee replaced, pain, measure component rotation, radiography performed, next imaging study",https://gravitas.acr.org/ACPortal/GetDataForOneScenario?senarioId=7181,All,18 - 150,Lower extremity,
Musculoskeletal,3196580,"Knee replaced, pain, nerve impingement suspected, radiography performed, next imaging study",https://gravitas.acr.org/ACPortal/GetDataForOneScenario?senarioId=7186,All,18 - 150,Lower extremity,
Musculoskeletal,3196568,"Knee replaced, pain, osteolysis suspected, no infection, radiography performed, next imaging study",https://gravitas.acr.org/ACPortal/GetDataForOneScenario?senarioId=7177,All,18 - 150,Lower extremity,
Musculoskeletal,3196581,"Knee replaced, pain, patellar clunk syndrome suspected, radiography performed, next imaging study",https://gravitas.acr.org/ACPortal/GetDataForOneScenario?senarioId=7187,All,18 - 150,Lower extremity,
Musculoskeletal,3196577,"Knee replaced, pain, patellar tendinopathy suspected, radiography performed, next imaging study",https://gravitas.acr.org/ACPortal/GetDataForOneScenario?senarioId=7183,All,18 - 150,Lower extremity,
Musculoskeletal,3196583,"Knee replaced, pain, patellar tendon tears suspected, radiography performed, next imaging study",https://gravitas.acr.org/ACPortal/GetDataForOneScenario?senarioId=7189,All,18 - 150,Lower extremity,
Musculoskeletal,3196572,"Knee replaced, pain, periprosthetic fracture suspected, radiography performed, next imaging study",https://gravitas.acr.org/ACPortal/GetDataForOneScenario?senarioId=7180,All,18 - 150,Lower extremity,
Musculoskeletal,3196576,"Knee replaced, pain, periprosthetic soft tissue abnormality suspected, no infection, radiography performed, next imaging study",https://gravitas.acr.org/ACPortal/GetDataForOneScenario?senarioId=7182,All,18 - 150,Lower extremity,
Musculoskeletal,3196582,"Knee replaced, pain, postoperative arthrofibrosis suspected, radiography performed, next imaging study",https://gravitas.acr.org/ACPortal/GetDataForOneScenario?senarioId=7188,All,18 - 150,Lower extremity,
Musculoskeletal,3196578,"Knee replaced, pain, quadriceps tendinopathy suspected, radiography performed, next imaging study",https://gravitas.acr.org/ACPortal/GetDataForOneScenario?senarioId=7184,All,18 - 150,Lower extremity,
Musculoskeletal,3196584,"Knee replaced, pain, quadriceps tendon tears suspected, radiography performed, next imaging study",https://gravitas.acr.org/ACPortal/GetDataForOneScenario?senarioId=7190,All,18 - 150,Lower extremity,
Musculoskeletal,3196579,"Knee replaced, pain, soft tissue impingement suspected, radiography performed, next imaging study",https://gravitas.acr.org/ACPortal/GetDataForOneScenario?senarioId=7185,All,18 - 150,Lower extremity,
Musculoskeletal,3197404,"Knee stress fracture on radiography, next imaging study, associated complication",https://gravitas.acr.org/ACPortal/GetDataForOneScenario?senarioId=7703,All,18 - 150,Lower extremity,"Hip Pain, Shoulder Pain (to include suspected rotator cuff injury)"
Musculoskeletal,3197403,"Knee stress fracture on radiography, next imaging study, determining extent",https://gravitas.acr.org/ACPortal/GetDataForOneScenario?senarioId=7702,All,18 - 150,Lower extremity,"Hip Pain, Shoulder Pain (to include suspected rotator cuff injury)"
Musculoskeletal,3183749,"Knee trauma, fall or twisting, cannot bear weight, initial imaging",https://gravitas.acr.org/ACPortal/GetDataForOneScenario?senarioId=5321,All,5 - 150,Lower extremity,
Musculoskeletal,3183748,"Knee trauma, fall or twisting, effusion, initial imaging",https://gravitas.acr.org/ACPortal/GetDataForOneScenario?senarioId=5320,All,5 - 150,Lower extremity,
Musculoskeletal,3183747,"Knee trauma, fall or twisting, focal tenderness, initial imaging",https://gravitas.acr.org/ACPortal/GetDataForOneScenario?senarioId=5319,All,5 - 150,Lower extremity,
Musculoskeletal,3183751,"Knee trauma, fall or twisting, internal derangement suspected, no fracture on radiography, next imaging study",https://gravitas.acr.org/ACPortal/GetDataForOneScenario?senarioId=5323,All,10 - 150,Lower extremity,
Musculoskeletal,3183788,"Knee trauma, fall or twisting, internal derangement suspected, no fracture on radiography, next imaging study",https://gravitas.acr.org/ACPortal/GetDataForOneScenario?senarioId=5351,All,0 - 9,Lower extremity,
Musculoskeletal,3073907,"Knee trauma, fall or twisting, no tenderness, no effusion, can walk, initial imaging",https://gravitas.acr.org/ACPortal/GetDataForOneScenario?senarioId=683,All,5 - 150,Lower extremity,
Musculoskeletal,3183787,"Knee trauma, fall or twisting, occult fracture suspected, no fracture on radiography, next imaging study",https://gravitas.acr.org/ACPortal/GetDataForOneScenario?senarioId=5350,All,0 - 9,Lower extremity,
Musculoskeletal,3183750,"Knee trauma, fall or twisting, occult fracture suspected, no fracture on radiography, next imaging study",https://gravitas.acr.org/ACPortal/GetDataForOneScenario?senarioId=5322,All,10 - 150,Lower extremity,
Musculoskeletal,3073910,"Knee trauma, fall or twisting, tibial plateau fracture on radiography, additional bone or soft tissue injury suspected, next imaging study",https://gravitas.acr.org/ACPortal/GetDataForOneScenario?senarioId=686,All,5 - 150,Lower extremity,
Musculoskeletal,3079750,"Knee trauma, significant, possible dislocation, initial imaging",https://gravitas.acr.org/ACPortal/GetDataForOneScenario?senarioId=1082,All,5 - 150,Lower extremity,
Musculoskeletal,3079749,"Knee trauma, unknown mechanism, patellar tenderness, effusion, can walk, initial imaging",https://gravitas.acr.org/ACPortal/GetDataForOneScenario?senarioId=1081,All,5 - 150,Lower extremity,
Musculoskeletal,3195998,"Low back pain, new, hx of multiple vertebral compression fractures, initial imaging",https://gravitas.acr.org/ACPortal/GetDataForOneScenario?senarioId=6786,All,18 - 150,Spine,"Cervical or Neck Pain, Low Back Pain"
Musculoskeletal,3195996,"Low back pain, new, previously treated vertebral compression fracture, initial imaging",https://gravitas.acr.org/ACPortal/GetDataForOneScenario?senarioId=6784,All,18 - 150,Spine,"Cervical or Neck Pain, Low Back Pain"
Musculoskeletal,3195363,"Low bone mineral density suspected, initial imaging",https://gravitas.acr.org/ACPortal/GetDataForOneScenario?senarioId=6292,All,18 - 150,Unspecified,
Musculoskeletal,3195376,"Low bone mineral density, bone loss risk factors, follow up imaging",https://gravitas.acr.org/ACPortal/GetDataForOneScenario?senarioId=6304,Male Only,18 - 49,Unspecified,
Musculoskeletal,3195375,"Low bone mineral density, bone loss risk factors, premenopausal, follow up imaging",https://gravitas.acr.org/ACPortal/GetDataForOneScenario?senarioId=6303,Female Only,18 - 150,Unspecified,
Musculoskeletal,3195365,"Low bone mineral density, surveillance",https://gravitas.acr.org/ACPortal/GetDataForOneScenario?senarioId=6294,All,18 - 150,Unspecified,
Musculoskeletal,3191952,"Metatarsalgia, chronic, negative or equivocal radiography, chronic plantar plate injury suspected, next imaging study",https://gravitas.acr.org/ACPortal/GetDataForOneScenario?senarioId=5457,All,18 - 150,Lower extremity,
Musculoskeletal,3191953,"Metatarsalgia, chronic, negative or equivocal radiography, freiberg’s infraction suspected, next imaging study",https://gravitas.acr.org/ACPortal/GetDataForOneScenario?senarioId=5458,All,18 - 150,Lower extremity,
Musculoskeletal,3191951,"Metatarsalgia, chronic, negative or equivocal radiography, intermetatarsal bursitis suspected, next imaging study",https://gravitas.acr.org/ACPortal/GetDataForOneScenario?senarioId=5456,All,18 - 150,Lower extremity,
Musculoskeletal,3191950,"Metatarsalgia, chronic, negative or equivocal radiography, mortons neuroma suspected, next imaging study",https://gravitas.acr.org/ACPortal/GetDataForOneScenario?senarioId=5455,All,18 - 150,Lower extremity,
Musculoskeletal,3191949,"Metatarsalgia, chronic, negative or equivocal radiography, sesamoiditis suspected, next imaging study",https://gravitas.acr.org/ACPortal/GetDataForOneScenario?senarioId=5454,All,18 - 150,Lower extremity,
Musculoskeletal,3195999,"Mid-back pain, new, hx of multiple vertebral compression fractures, initial imaging",https://gravitas.acr.org/ACPortal/GetDataForOneScenario?senarioId=6787,All,18 - 150,Spine,"Cervical or Neck Pain, Low Back Pain"
Musculoskeletal,3195995,"Mid-back pain, new, previously treated vertebral compression fracture, initial imaging",https://gravitas.acr.org/ACPortal/GetDataForOneScenario?senarioId=6783,All,18 - 150,Spine,"Cervical or Neck Pain, Low Back Pain"
Musculoskeletal,3191957,"Midfoot pain, chronic, negative or equivocal radiography, accessory ossicles suspected, next imaging study",https://gravitas.acr.org/ACPortal/GetDataForOneScenario?senarioId=5462,All,18 - 150,Lower extremity,
Musculoskeletal,3191956,"Midfoot pain, chronic, negative or equivocal radiography, occult fracture suspected, next imaging study",https://gravitas.acr.org/ACPortal/GetDataForOneScenario?senarioId=5461,All,18 - 150,Lower extremity,
Musculoskeletal,3195994,"Neck pain, new, previously treated vertebral compression fracture, initial imaging",https://gravitas.acr.org/ACPortal/GetDataForOneScenario?senarioId=6782,All,18 - 150,Spine,"Cervical or Neck Pain, Low Back Pain"
Musculoskeletal,3195997,"Neck pain, new, hx of multiple vertebral compression fractures, initial imaging",https://gravitas.acr.org/ACPortal/GetDataForOneScenario?senarioId=6785,All,18 - 150,Spine,"Cervical or Neck Pain, Low Back Pain"
Musculoskeletal,3149319,"Neck pain, recent trauma, follow up",https://gravitas.acr.org/ACPortal/GetDataForOneScenario?senarioId=4683,All,16 - 150,Spine,"Cervical or Neck Pain, Low Back Pain"
Musculoskeletal,3149682,Neck trauma,https://gravitas.acr.org/ACPortal/GetDataForOneScenario?senarioId=4715,All,65 - 150,Spine,"Cervical or Neck Pain, Low Back Pain"
Musculoskeletal,3149317,"Neck trauma, arterial injury suspected, CT done",https://gravitas.acr.org/ACPortal/GetDataForOneScenario?senarioId=4681,All,0 - 150,Spine,"Cervical or Neck Pain, Low Back Pain"
Musculoskeletal,3149683,"Neck trauma, dangerous injury mechanism",https://gravitas.acr.org/ACPortal/GetDataForOneScenario?senarioId=4716,All,16 - 64,Spine,"Cervical or Neck Pain, Low Back Pain"
Musculoskeletal,3149684,"Neck trauma, focal neuro deficit or paresthesia",https://gravitas.acr.org/ACPortal/GetDataForOneScenario?senarioId=4717,All,16 - 64,Spine,"Cervical or Neck Pain, Low Back Pain"
Musculoskeletal,3149685,"Neck trauma, impaired ROM",https://gravitas.acr.org/ACPortal/GetDataForOneScenario?senarioId=4718,All,16 - 64,Spine,"Cervical or Neck Pain, Low Back Pain"
Musculoskeletal,3149686,"Neck trauma, intoxicated or obtunded",https://gravitas.acr.org/ACPortal/GetDataForOneScenario?senarioId=4719,All,16 - 150,Spine,"Cervical or Neck Pain, Low Back Pain"
Musculoskeletal,3149318,"Neck trauma, ligament injury suspected, CT done",https://gravitas.acr.org/ACPortal/GetDataForOneScenario?senarioId=4682,All,16 - 150,Spine,"Cervical or Neck Pain, Low Back Pain"
Musculoskeletal,3149315,"Neck trauma, mechanically unstable spine, treatment planning",https://gravitas.acr.org/ACPortal/GetDataForOneScenario?senarioId=4679,All,16 - 150,Spine,"Cervical or Neck Pain, Low Back Pain"
Musculoskeletal,3149687,"Neck trauma, midline tenderness",https://gravitas.acr.org/ACPortal/GetDataForOneScenario?senarioId=4720,All,16 - 64,Spine,"Cervical or Neck Pain, Low Back Pain"
Musculoskeletal,3149316,"Neck trauma, obtunded patient, CT neg",https://gravitas.acr.org/ACPortal/GetDataForOneScenario?senarioId=4680,All,16 - 150,Spine,"Cervical or Neck Pain, Low Back Pain"
Musculoskeletal,3149314,"Neck trauma, spinal or nerve root injury, known or suspected, CT done",https://gravitas.acr.org/ACPortal/GetDataForOneScenario?senarioId=4678,All,16 - 150,Spine,"Cervical or Neck Pain, Low Back Pain"
Musculoskeletal,3073659,"Neck trauma, uncomplicated (NEXUS/CCR neg)",https://gravitas.acr.org/ACPortal/GetDataForOneScenario?senarioId=595,All,16 - 64,Spine,"Cervical or Neck Pain, Low Back Pain"
Musculoskeletal,3196009,"New, symptomatic VCF. History of prior vertebroplasty or surgery. Initial treatment.",https://gravitas.acr.org/ACPortal/GetDataForOneScenario?senarioId=6793,All,18 - 150,Spine,"Cervical or Neck Pain, Low Back Pain"
Musculoskeletal,3195585,"Osteomyelitis suspected, ankle, implanted extra articular surgical hardware, radiography findings suggest osteomyelitis, next imaging study",https://gravitas.acr.org/ACPortal/GetDataForOneScenario?senarioId=6486,All,18 - 150,Lower extremity,"Hip Pain, Shoulder Pain (to include suspected rotator cuff injury)"
Musculoskeletal,3195605,"Osteomyelitis suspected, ankle, implanted extra articular surgical hardware, radiography findings suggest soft tissue infection, next imaging study",https://gravitas.acr.org/ACPortal/GetDataForOneScenario?senarioId=6506,All,18 - 150,Lower extremity,"Hip Pain, Shoulder Pain (to include suspected rotator cuff injury)"
Musculoskeletal,3195580,"Osteomyelitis suspected, ankle, implanted extra articular surgical hardware, radiography normal, next imaging study",https://gravitas.acr.org/ACPortal/GetDataForOneScenario?senarioId=6481,All,18 - 150,Lower extremity,"Hip Pain, Shoulder Pain (to include suspected rotator cuff injury)"
Musculoskeletal,3195443,"Osteomyelitis suspected, ankle, initial imaging",https://gravitas.acr.org/ACPortal/GetDataForOneScenario?senarioId=6347,All,18 - 150,Lower extremity,"Hip Pain, Shoulder Pain (to include suspected rotator cuff injury)"
Musculoskeletal,3195547,"Osteomyelitis suspected, ankle, radiography findings suggest osteomyelitis, next imaging study",https://gravitas.acr.org/ACPortal/GetDataForOneScenario?senarioId=6449,All,18 - 150,Lower extremity,"Hip Pain, Shoulder Pain (to include suspected rotator cuff injury)"
Musculoskeletal,3195560,"Osteomyelitis suspected, ankle, radiography normal, next imaging study",https://gravitas.acr.org/ACPortal/GetDataForOneScenario?senarioId=6462,All,18 - 150,Lower extremity,"Hip Pain, Shoulder Pain (to include suspected rotator cuff injury)"
Musculoskeletal,3195444,"Osteomyelitis suspected, chest, initial imaging",https://gravitas.acr.org/ACPortal/GetDataForOneScenario?senarioId=6348,All,18 - 150,Chest,"Hip Pain, Shoulder Pain (to include suspected rotator cuff injury)"
Musculoskeletal,3195548,"Osteomyelitis suspected, chest, radiography findings suggest osteomyelitis, next imaging study",https://gravitas.acr.org/ACPortal/GetDataForOneScenario?senarioId=6450,All,18 - 150,Chest,"Hip Pain, Shoulder Pain (to include suspected rotator cuff injury)"
Musculoskeletal,3195561,"Osteomyelitis suspected, chest, radiography normal, next imaging study",https://gravitas.acr.org/ACPortal/GetDataForOneScenario?senarioId=6463,All,18 - 150,Chest,"Hip Pain, Shoulder Pain (to include suspected rotator cuff injury)"
Musculoskeletal,3195586,"Osteomyelitis suspected, elbow, implanted extra articular surgical hardware, radiography findings suggest osteomyelitis, next imaging study",https://gravitas.acr.org/ACPortal/GetDataForOneScenario?senarioId=6487,All,18 - 150,Upper extremity,"Hip Pain, Shoulder Pain (to include suspected rotator cuff injury)"
Musculoskeletal,3195606,"Osteomyelitis suspected, elbow, implanted extra articular surgical hardware, radiography findings suggest soft tissue infection, next imaging study",https://gravitas.acr.org/ACPortal/GetDataForOneScenario?senarioId=6507,All,18 - 150,Upper extremity,"Hip Pain, Shoulder Pain (to include suspected rotator cuff injury)"
Musculoskeletal,3195581,"Osteomyelitis suspected, elbow, implanted extra articular surgical hardware, radiography normal, next imaging study",https://gravitas.acr.org/ACPortal/GetDataForOneScenario?senarioId=6482,All,18 - 150,Upper extremity,"Hip Pain, Shoulder Pain (to include suspected rotator cuff injury)"
Musculoskeletal,3195445,"Osteomyelitis suspected, elbow, initial imaging",https://gravitas.acr.org/ACPortal/GetDataForOneScenario?senarioId=6349,All,18 - 150,Upper extremity,"Hip Pain, Shoulder Pain (to include suspected rotator cuff injury)"
Musculoskeletal,3195549,"Osteomyelitis suspected, elbow, radiography findings suggest osteomyelitis, next imaging study",https://gravitas.acr.org/ACPortal/GetDataForOneScenario?senarioId=6451,All,18 - 150,Upper extremity,"Hip Pain, Shoulder Pain (to include suspected rotator cuff injury)"
Musculoskeletal,3195562,"Osteomyelitis suspected, elbow, radiography normal, next imaging study",https://gravitas.acr.org/ACPortal/GetDataForOneScenario?senarioId=6464,All,18 - 150,Upper extremity,"Hip Pain, Shoulder Pain (to include suspected rotator cuff injury)"
Musculoskeletal,3195446,"Osteomyelitis suspected, femur, initial imaging",https://gravitas.acr.org/ACPortal/GetDataForOneScenario?senarioId=6350,All,18 - 150,Lower extremity,"Hip Pain, Shoulder Pain (to include suspected rotator cuff injury)"
Musculoskeletal,3195550,"Osteomyelitis suspected, femur, radiography findings suggest osteomyelitis, next imaging study",https://gravitas.acr.org/ACPortal/GetDataForOneScenario?senarioId=6452,All,18 - 150,Lower extremity,"Hip Pain, Shoulder Pain (to include suspected rotator cuff injury)"
Musculoskeletal,3195563,"Osteomyelitis suspected, femur, radiography normal, next imaging study",https://gravitas.acr.org/ACPortal/GetDataForOneScenario?senarioId=6465,All,18 - 150,Lower extremity,"Hip Pain, Shoulder Pain (to include suspected rotator cuff injury)"
Musculoskeletal,3155931,"Osteomyelitis suspected, foot swelling w/o ulcer, diabetic, radiography done",https://gravitas.acr.org/ACPortal/GetDataForOneScenario?senarioId=4794,All,18 - 150,Lower extremity,
Musculoskeletal,3155932,"Osteomyelitis suspected, foot swelling with ulcer, diabetic, radiography done",https://gravitas.acr.org/ACPortal/GetDataForOneScenario?senarioId=4795,All,18 - 150,Lower extremity,
Musculoskeletal,3155930,"Osteomyelitis suspected, foot, diabetic, initial exam",https://gravitas.acr.org/ACPortal/GetDataForOneScenario?senarioId=4793,All,18 - 150,Lower extremity,
Musculoskeletal,3195474,"Osteomyelitis suspected, foot, initial imaging",https://gravitas.acr.org/ACPortal/GetDataForOneScenario?senarioId=6378,All,18 - 150,Lower extremity,"Hip Pain, Shoulder Pain (to include suspected rotator cuff injury)"
Musculoskeletal,3195551,"Osteomyelitis suspected, foot, radiography findings suggest osteomyelitis, next imaging study",https://gravitas.acr.org/ACPortal/GetDataForOneScenario?senarioId=6453,All,18 - 150,Lower extremity,"Hip Pain, Shoulder Pain (to include suspected rotator cuff injury)"
Musculoskeletal,3195564,"Osteomyelitis suspected, foot, radiography normal, next imaging study",https://gravitas.acr.org/ACPortal/GetDataForOneScenario?senarioId=6466,All,18 - 150,Lower extremity,"Hip Pain, Shoulder Pain (to include suspected rotator cuff injury)"
Musculoskeletal,3195447,"Osteomyelitis suspected, forearm, initial imaging",https://gravitas.acr.org/ACPortal/GetDataForOneScenario?senarioId=6351,All,18 - 150,Upper extremity,"Hip Pain, Shoulder Pain (to include suspected rotator cuff injury)"
Musculoskeletal,3195552,"Osteomyelitis suspected, forearm, radiography findings suggest osteomyelitis, next imaging study",https://gravitas.acr.org/ACPortal/GetDataForOneScenario?senarioId=6454,All,18 - 150,Upper extremity,"Hip Pain, Shoulder Pain (to include suspected rotator cuff injury)"
Musculoskeletal,3195565,"Osteomyelitis suspected, forearm, radiography normal, next imaging study",https://gravitas.acr.org/ACPortal/GetDataForOneScenario?senarioId=6467,All,18 - 150,Upper extremity,"Hip Pain, Shoulder Pain (to include suspected rotator cuff injury)"
Musculoskeletal,3195448,"Osteomyelitis suspected, hand, initial imaging",https://gravitas.acr.org/ACPortal/GetDataForOneScenario?senarioId=6352,All,18 - 150,Upper extremity,"Hip Pain, Shoulder Pain (to include suspected rotator cuff injury)"
Musculoskeletal,3195553,"Osteomyelitis suspected, hand, radiography findings suggest osteomyelitis, next imaging study",https://gravitas.acr.org/ACPortal/GetDataForOneScenario?senarioId=6455,All,18 - 150,Upper extremity,"Hip Pain, Shoulder Pain (to include suspected rotator cuff injury)"
Musculoskeletal,3195566,"Osteomyelitis suspected, hand, radiography normal, next imaging study",https://gravitas.acr.org/ACPortal/GetDataForOneScenario?senarioId=6468,All,18 - 150,Upper extremity,"Hip Pain, Shoulder Pain (to include suspected rotator cuff injury)"
Musculoskeletal,3195587,"Osteomyelitis suspected, hip, implanted extra articular surgical hardware, radiography findings suggest osteomyelitis, next imaging study",https://gravitas.acr.org/ACPortal/GetDataForOneScenario?senarioId=6488,All,18 - 150,Lower extremity,"Hip Pain, Shoulder Pain (to include suspected rotator cuff injury)"
Musculoskeletal,3195607,"Osteomyelitis suspected, hip, implanted extra articular surgical hardware, radiography findings suggest soft tissue infection, next imaging study",https://gravitas.acr.org/ACPortal/GetDataForOneScenario?senarioId=6508,All,18 - 150,Lower extremity,"Hip Pain, Shoulder Pain (to include suspected rotator cuff injury)"
Musculoskeletal,3195582,"Osteomyelitis suspected, hip, implanted extra articular surgical hardware, radiography normal, next imaging study",https://gravitas.acr.org/ACPortal/GetDataForOneScenario?senarioId=6483,All,18 - 150,Lower extremity,"Hip Pain, Shoulder Pain (to include suspected rotator cuff injury)"
Musculoskeletal,3195449,"Osteomyelitis suspected, hip, initial imaging",https://gravitas.acr.org/ACPortal/GetDataForOneScenario?senarioId=6353,All,18 - 150,Lower extremity,"Hip Pain, Shoulder Pain (to include suspected rotator cuff injury)"
Musculoskeletal,3195554,"Osteomyelitis suspected, hip, radiography findings suggest osteomyelitis, next imaging study",https://gravitas.acr.org/ACPortal/GetDataForOneScenario?senarioId=6456,All,18 - 150,Lower extremity,"Hip Pain, Shoulder Pain (to include suspected rotator cuff injury)"
Musculoskeletal,3195567,"Osteomyelitis suspected, hip, radiography normal, next imaging study",https://gravitas.acr.org/ACPortal/GetDataForOneScenario?senarioId=6469,All,18 - 150,Lower extremity,"Hip Pain, Shoulder Pain (to include suspected rotator cuff injury)"
Musculoskeletal,3195450,"Osteomyelitis suspected, humerus, initial imaging",https://gravitas.acr.org/ACPortal/GetDataForOneScenario?senarioId=6354,All,18 - 150,Upper extremity,"Hip Pain, Shoulder Pain (to include suspected rotator cuff injury)"
Musculoskeletal,3195555,"Osteomyelitis suspected, humerus, radiography findings suggest osteomyelitis, next imaging study",https://gravitas.acr.org/ACPortal/GetDataForOneScenario?senarioId=6457,All,18 - 150,Upper extremity,"Hip Pain, Shoulder Pain (to include suspected rotator cuff injury)"
Musculoskeletal,3195568,"Osteomyelitis suspected, humerus, radiography normal, next imaging study",https://gravitas.acr.org/ACPortal/GetDataForOneScenario?senarioId=6470,All,18 - 150,Upper extremity,"Hip Pain, Shoulder Pain (to include suspected rotator cuff injury)"
Musculoskeletal,3195588,"Osteomyelitis suspected, knee, implanted extra articular surgical hardware, radiography findings suggest osteomyelitis, next imaging study",https://gravitas.acr.org/ACPortal/GetDataForOneScenario?senarioId=6489,All,18 - 150,Lower extremity,"Hip Pain, Shoulder Pain (to include suspected rotator cuff injury)"
Musculoskeletal,3195608,"Osteomyelitis suspected, knee, implanted extra articular surgical hardware, radiography findings suggest soft tissue infection, next imaging study",https://gravitas.acr.org/ACPortal/GetDataForOneScenario?senarioId=6509,All,18 - 150,Lower extremity,"Hip Pain, Shoulder Pain (to include suspected rotator cuff injury)"
Musculoskeletal,3195583,"Osteomyelitis suspected, knee, implanted extra articular surgical hardware, radiography normal, next imaging study",https://gravitas.acr.org/ACPortal/GetDataForOneScenario?senarioId=6484,All,18 - 150,Lower extremity,"Hip Pain, Shoulder Pain (to include suspected rotator cuff injury)"
Musculoskeletal,3195451,"Osteomyelitis suspected, knee, initial imaging",https://gravitas.acr.org/ACPortal/GetDataForOneScenario?senarioId=6355,All,18 - 150,Lower extremity,"Hip Pain, Shoulder Pain (to include suspected rotator cuff injury)"
Musculoskeletal,3195556,"Osteomyelitis suspected, knee, radiography findings suggest osteomyelitis, next imaging study",https://gravitas.acr.org/ACPortal/GetDataForOneScenario?senarioId=6458,All,18 - 150,Lower extremity,"Hip Pain, Shoulder Pain (to include suspected rotator cuff injury)"
Musculoskeletal,3195569,"Osteomyelitis suspected, knee, radiography normal, next imaging study",https://gravitas.acr.org/ACPortal/GetDataForOneScenario?senarioId=6471,All,18 - 150,Lower extremity,"Hip Pain, Shoulder Pain (to include suspected rotator cuff injury)"
Musculoskeletal,3195452,"Osteomyelitis suspected, pelvis, initial imaging",https://gravitas.acr.org/ACPortal/GetDataForOneScenario?senarioId=6356,All,18 - 150,Pelvis,"Hip Pain, Shoulder Pain (to include suspected rotator cuff injury)"
Musculoskeletal,3195557,"Osteomyelitis suspected, pelvis, radiography findings suggest osteomyelitis, next imaging study",https://gravitas.acr.org/ACPortal/GetDataForOneScenario?senarioId=6459,All,18 - 150,Pelvis,"Hip Pain, Shoulder Pain (to include suspected rotator cuff injury)"
Musculoskeletal,3195570,"Osteomyelitis suspected, pelvis, radiography normal, next imaging study",https://gravitas.acr.org/ACPortal/GetDataForOneScenario?senarioId=6472,All,18 - 150,Pelvis,"Hip Pain, Shoulder Pain (to include suspected rotator cuff injury)"
Musculoskeletal,3195589,"Osteomyelitis suspected, shoulder, implanted extra articular surgical hardware, radiography findings suggest osteomyelitis, next imaging study",https://gravitas.acr.org/ACPortal/GetDataForOneScenario?senarioId=6490,All,18 - 150,Upper extremity,"Hip Pain, Shoulder Pain (to include suspected rotator cuff injury)"
Musculoskeletal,3195609,"Osteomyelitis suspected, shoulder, implanted extra articular surgical hardware, radiography findings suggest soft tissue infection, next imaging study",https://gravitas.acr.org/ACPortal/GetDataForOneScenario?senarioId=6510,All,18 - 150,Upper extremity,"Hip Pain, Shoulder Pain (to include suspected rotator cuff injury)"
Musculoskeletal,3195584,"Osteomyelitis suspected, shoulder, implanted extra articular surgical hardware, radiography normal, next imaging study",https://gravitas.acr.org/ACPortal/GetDataForOneScenario?senarioId=6485,All,18 - 150,Upper extremity,"Hip Pain, Shoulder Pain (to include suspected rotator cuff injury)"
Musculoskeletal,3195453,"Osteomyelitis suspected, shoulder, initial imaging",https://gravitas.acr.org/ACPortal/GetDataForOneScenario?senarioId=6357,All,18 - 150,Upper extremity,"Hip Pain, Shoulder Pain (to include suspected rotator cuff injury)"
Musculoskeletal,3195558,"Osteomyelitis suspected, shoulder, radiography findings suggest osteomyelitis, next imaging study",https://gravitas.acr.org/ACPortal/GetDataForOneScenario?senarioId=6460,All,18 - 150,Upper extremity,"Hip Pain, Shoulder Pain (to include suspected rotator cuff injury)"
Musculoskeletal,3195571,"Osteomyelitis suspected, shoulder, radiography normal, next imaging study",https://gravitas.acr.org/ACPortal/GetDataForOneScenario?senarioId=6473,All,18 - 150,Upper extremity,"Hip Pain, Shoulder Pain (to include suspected rotator cuff injury)"
Musculoskeletal,3195454,"Osteomyelitis suspected, tibia fibula, initial imaging",https://gravitas.acr.org/ACPortal/GetDataForOneScenario?senarioId=6358,All,18 - 150,Lower extremity,"Hip Pain, Shoulder Pain (to include suspected rotator cuff injury)"
Musculoskeletal,3195559,"Osteomyelitis suspected, tibia fibula, radiography findings suggest osteomyelitis, next imaging study",https://gravitas.acr.org/ACPortal/GetDataForOneScenario?senarioId=6461,All,18 - 150,Lower extremity,"Hip Pain, Shoulder Pain (to include suspected rotator cuff injury)"
Musculoskeletal,3195572,"Osteomyelitis suspected, tibia fibula, radiography normal, next imaging study",https://gravitas.acr.org/ACPortal/GetDataForOneScenario?senarioId=6474,All,18 - 150,Lower extremity,"Hip Pain, Shoulder Pain (to include suspected rotator cuff injury)"
Musculoskeletal,3195575,"Osteomyelitis suspected, wrist, implanted extra articular surgical hardware, radiography findings suggest osteomyelitis, next imaging study",https://gravitas.acr.org/ACPortal/GetDataForOneScenario?senarioId=6476,All,18 - 150,Upper extremity,"Hip Pain, Shoulder Pain (to include suspected rotator cuff injury)"
Musculoskeletal,3195579,"Osteomyelitis suspected, wrist, implanted extra articular surgical hardware, radiography findings suggest soft tissue infection, next imaging study",https://gravitas.acr.org/ACPortal/GetDataForOneScenario?senarioId=6480,All,18 - 150,Upper extremity,"Hip Pain, Shoulder Pain (to include suspected rotator cuff injury)"
Musculoskeletal,3195574,"Osteomyelitis suspected, wrist, implanted extra articular surgical hardware, radiography normal, next imaging study",https://gravitas.acr.org/ACPortal/GetDataForOneScenario?senarioId=6475,All,18 - 150,Upper extremity,"Hip Pain, Shoulder Pain (to include suspected rotator cuff injury)"
Musculoskeletal,3195476,"Osteomyelitis suspected, wrist, initial imaging",https://gravitas.acr.org/ACPortal/GetDataForOneScenario?senarioId=6380,All,18 - 150,Upper extremity,"Hip Pain, Shoulder Pain (to include suspected rotator cuff injury)"
Musculoskeletal,3195545,"Osteomyelitis suspected, wrist, radiography findings suggest osteomyelitis, next imaging study",https://gravitas.acr.org/ACPortal/GetDataForOneScenario?senarioId=6447,All,18 - 150,Upper extremity,"Hip Pain, Shoulder Pain (to include suspected rotator cuff injury)"
Musculoskeletal,3195546,"Osteomyelitis suspected, wrist, radiography normal, next imaging study",https://gravitas.acr.org/ACPortal/GetDataForOneScenario?senarioId=6448,All,18 - 150,Upper extremity,"Hip Pain, Shoulder Pain (to include suspected rotator cuff injury)"
Musculoskeletal,3195703,"Osteonecrosis suspected, ankle, initial imaging",https://gravitas.acr.org/ACPortal/GetDataForOneScenario?senarioId=6591,All,18 - 150,Lower extremity,"Hip Pain, Shoulder Pain (to include suspected rotator cuff injury)"
Musculoskeletal,3195719,"Osteonecrosis suspected, ankle, radiography normal, next imaging study",https://gravitas.acr.org/ACPortal/GetDataForOneScenario?senarioId=6606,All,18 - 150,Lower extremity,"Hip Pain, Shoulder Pain (to include suspected rotator cuff injury)"
Musculoskeletal,3195732,"Osteonecrosis suspected, ankle, suspicious findings on radiography, next imaging study",https://gravitas.acr.org/ACPortal/GetDataForOneScenario?senarioId=6619,All,18 - 150,Lower extremity,"Hip Pain, Shoulder Pain (to include suspected rotator cuff injury)"
Musculoskeletal,3195704,"Osteonecrosis suspected, chest, initial imaging",https://gravitas.acr.org/ACPortal/GetDataForOneScenario?senarioId=6592,All,18 - 150,Chest,"Hip Pain, Shoulder Pain (to include suspected rotator cuff injury)"
Musculoskeletal,3195717,"Osteonecrosis suspected, chest, radiography normal, next imaging study",https://gravitas.acr.org/ACPortal/GetDataForOneScenario?senarioId=6604,All,18 - 150,Chest,"Hip Pain, Shoulder Pain (to include suspected rotator cuff injury)"
Musculoskeletal,3195730,"Osteonecrosis suspected, chest, suspicious findings on radiography, next imaging study",https://gravitas.acr.org/ACPortal/GetDataForOneScenario?senarioId=6617,All,18 - 150,Chest,"Hip Pain, Shoulder Pain (to include suspected rotator cuff injury)"
Musculoskeletal,3195705,"Osteonecrosis suspected, elbow, initial imaging",https://gravitas.acr.org/ACPortal/GetDataForOneScenario?senarioId=6593,All,18 - 150,Upper extremity,"Hip Pain, Shoulder Pain (to include suspected rotator cuff injury)"
Musculoskeletal,3195720,"Osteonecrosis suspected, elbow, radiography normal, next imaging study",https://gravitas.acr.org/ACPortal/GetDataForOneScenario?senarioId=6607,All,18 - 150,Upper extremity,"Hip Pain, Shoulder Pain (to include suspected rotator cuff injury)"
Musculoskeletal,3195733,"Osteonecrosis suspected, elbow, suspicious findings on radiography, next imaging study",https://gravitas.acr.org/ACPortal/GetDataForOneScenario?senarioId=6620,All,18 - 150,Upper extremity,"Hip Pain, Shoulder Pain (to include suspected rotator cuff injury)"
Musculoskeletal,3195714,"Osteonecrosis suspected, femur, initial imaging",https://gravitas.acr.org/ACPortal/GetDataForOneScenario?senarioId=6602,All,18 - 150,Lower extremity,"Hip Pain, Shoulder Pain (to include suspected rotator cuff injury)"
Musculoskeletal,3195721,"Osteonecrosis suspected, femur, radiography normal, next imaging study",https://gravitas.acr.org/ACPortal/GetDataForOneScenario?senarioId=6608,All,18 - 150,Lower extremity,"Hip Pain, Shoulder Pain (to include suspected rotator cuff injury)"
Musculoskeletal,3195734,"Osteonecrosis suspected, femur, suspicious findings on radiography, next imaging study",https://gravitas.acr.org/ACPortal/GetDataForOneScenario?senarioId=6621,All,18 - 150,Lower extremity,"Hip Pain, Shoulder Pain (to include suspected rotator cuff injury)"
Musculoskeletal,3195713,"Osteonecrosis suspected, foot, initial imaging",https://gravitas.acr.org/ACPortal/GetDataForOneScenario?senarioId=6601,All,18 - 150,Lower extremity,"Hip Pain, Shoulder Pain (to include suspected rotator cuff injury)"
Musculoskeletal,3195722,"Osteonecrosis suspected, foot, radiography normal, next imaging study",https://gravitas.acr.org/ACPortal/GetDataForOneScenario?senarioId=6609,All,18 - 150,Lower extremity,"Hip Pain, Shoulder Pain (to include suspected rotator cuff injury)"
Musculoskeletal,3195735,"Osteonecrosis suspected, foot, suspicious findings on radiography, next imaging study",https://gravitas.acr.org/ACPortal/GetDataForOneScenario?senarioId=6622,All,18 - 150,Lower extremity,"Hip Pain, Shoulder Pain (to include suspected rotator cuff injury)"
Musculoskeletal,3195712,"Osteonecrosis suspected, forearm, initial imaging",https://gravitas.acr.org/ACPortal/GetDataForOneScenario?senarioId=6600,All,18 - 150,Upper extremity,"Hip Pain, Shoulder Pain (to include suspected rotator cuff injury)"
Musculoskeletal,3195723,"Osteonecrosis suspected, forearm, radiography normal, next imaging study",https://gravitas.acr.org/ACPortal/GetDataForOneScenario?senarioId=6610,All,18 - 150,Upper extremity,"Hip Pain, Shoulder Pain (to include suspected rotator cuff injury)"
Musculoskeletal,3195736,"Osteonecrosis suspected, forearm, suspicious findings on radiography, next imaging study",https://gravitas.acr.org/ACPortal/GetDataForOneScenario?senarioId=6623,All,18 - 150,Upper extremity,"Hip Pain, Shoulder Pain (to include suspected rotator cuff injury)"
Musculoskeletal,3195711,"Osteonecrosis suspected, hand, initial imaging",https://gravitas.acr.org/ACPortal/GetDataForOneScenario?senarioId=6599,All,18 - 150,Upper extremity,"Hip Pain, Shoulder Pain (to include suspected rotator cuff injury)"
Musculoskeletal,3195724,"Osteonecrosis suspected, hand, radiography normal, next imaging study",https://gravitas.acr.org/ACPortal/GetDataForOneScenario?senarioId=6611,All,18 - 150,Upper extremity,"Hip Pain, Shoulder Pain (to include suspected rotator cuff injury)"
Musculoskeletal,3195737,"Osteonecrosis suspected, hand, suspicious findings on radiography, next imaging study",https://gravitas.acr.org/ACPortal/GetDataForOneScenario?senarioId=6624,All,18 - 150,Upper extremity,"Hip Pain, Shoulder Pain (to include suspected rotator cuff injury)"
Musculoskeletal,3195715,"Osteonecrosis suspected, hip, initial imaging",https://gravitas.acr.org/ACPortal/GetDataForOneScenario?senarioId=6603,All,18 - 150,Lower extremity,"Hip Pain, Shoulder Pain (to include suspected rotator cuff injury)"
Musculoskeletal,3195744,"Osteonecrosis suspected, hip, radiography normal, next imaging study",https://gravitas.acr.org/ACPortal/GetDataForOneScenario?senarioId=6631,All,18 - 150,Lower extremity,"Hip Pain, Shoulder Pain (to include suspected rotator cuff injury)"
Musculoskeletal,3195743,"Osteonecrosis suspected, hip, suspicious findings on radiography, next imaging study",https://gravitas.acr.org/ACPortal/GetDataForOneScenario?senarioId=6630,All,18 - 150,Lower extremity,"Hip Pain, Shoulder Pain (to include suspected rotator cuff injury)"
Musculoskeletal,3195710,"Osteonecrosis suspected, humerus, initial imaging",https://gravitas.acr.org/ACPortal/GetDataForOneScenario?senarioId=6598,All,18 - 150,Upper extremity,"Hip Pain, Shoulder Pain (to include suspected rotator cuff injury)"
Musculoskeletal,3195725,"Osteonecrosis suspected, humerus, radiography normal, next imaging study",https://gravitas.acr.org/ACPortal/GetDataForOneScenario?senarioId=6612,All,18 - 150,Upper extremity,"Hip Pain, Shoulder Pain (to include suspected rotator cuff injury)"
Musculoskeletal,3195738,"Osteonecrosis suspected, humerus, suspicious findings on radiography, next imaging study",https://gravitas.acr.org/ACPortal/GetDataForOneScenario?senarioId=6625,All,18 - 150,Upper extremity,"Hip Pain, Shoulder Pain (to include suspected rotator cuff injury)"
Musculoskeletal,3195709,"Osteonecrosis suspected, knee, initial imaging",https://gravitas.acr.org/ACPortal/GetDataForOneScenario?senarioId=6597,All,18 - 150,Lower extremity,"Hip Pain, Shoulder Pain (to include suspected rotator cuff injury)"
Musculoskeletal,3195726,"Osteonecrosis suspected, knee, radiography normal, next imaging study",https://gravitas.acr.org/ACPortal/GetDataForOneScenario?senarioId=6613,All,18 - 150,Lower extremity,"Hip Pain, Shoulder Pain (to include suspected rotator cuff injury)"
Musculoskeletal,3195739,"Osteonecrosis suspected, knee, suspicious findings on radiography, next imaging study",https://gravitas.acr.org/ACPortal/GetDataForOneScenario?senarioId=6626,All,18 - 150,Lower extremity,"Hip Pain, Shoulder Pain (to include suspected rotator cuff injury)"
Musculoskeletal,3195702,"Osteonecrosis suspected, pelvis, initial imaging",https://gravitas.acr.org/ACPortal/GetDataForOneScenario?senarioId=6590,All,18 - 150,Pelvis,"Hip Pain, Shoulder Pain (to include suspected rotator cuff injury)"
Musculoskeletal,3195718,"Osteonecrosis suspected, pelvis, radiography normal, next imaging study",https://gravitas.acr.org/ACPortal/GetDataForOneScenario?senarioId=6605,All,18 - 150,Pelvis,"Hip Pain, Shoulder Pain (to include suspected rotator cuff injury)"
Musculoskeletal,3195731,"Osteonecrosis suspected, pelvis, suspicious findings on radiography, next imaging study",https://gravitas.acr.org/ACPortal/GetDataForOneScenario?senarioId=6618,All,18 - 150,Pelvis,"Hip Pain, Shoulder Pain (to include suspected rotator cuff injury)"
Musculoskeletal,3195708,"Osteonecrosis suspected, shoulder, initial imaging",https://gravitas.acr.org/ACPortal/GetDataForOneScenario?senarioId=6596,All,18 - 150,Upper extremity,"Hip Pain, Shoulder Pain (to include suspected rotator cuff injury)"
Musculoskeletal,3195727,"Osteonecrosis suspected, shoulder, radiography normal, next imaging study",https://gravitas.acr.org/ACPortal/GetDataForOneScenario?senarioId=6614,All,18 - 150,Upper extremity,"Hip Pain, Shoulder Pain (to include suspected rotator cuff injury)"
Musculoskeletal,3195740,"Osteonecrosis suspected, shoulder, suspicious findings on radiography, next imaging study",https://gravitas.acr.org/ACPortal/GetDataForOneScenario?senarioId=6627,All,18 - 150,Upper extremity,"Hip Pain, Shoulder Pain (to include suspected rotator cuff injury)"
Musculoskeletal,3195707,"Osteonecrosis suspected, tibia fibula, initial imaging",https://gravitas.acr.org/ACPortal/GetDataForOneScenario?senarioId=6595,All,18 - 150,Lower extremity,"Hip Pain, Shoulder Pain (to include suspected rotator cuff injury)"
Musculoskeletal,3195728,"Osteonecrosis suspected, tibia fibula, radiography normal, next imaging study",https://gravitas.acr.org/ACPortal/GetDataForOneScenario?senarioId=6615,All,18 - 150,Lower extremity,"Hip Pain, Shoulder Pain (to include suspected rotator cuff injury)"
Musculoskeletal,3195741,"Osteonecrosis suspected, tibia fibula, suspicious findings on radiography, next imaging study",https://gravitas.acr.org/ACPortal/GetDataForOneScenario?senarioId=6628,All,18 - 150,Lower extremity,"Hip Pain, Shoulder Pain (to include suspected rotator cuff injury)"
Musculoskeletal,3195706,"Osteonecrosis suspected, wrist, initial imaging",https://gravitas.acr.org/ACPortal/GetDataForOneScenario?senarioId=6594,All,18 - 150,Upper extremity,"Hip Pain, Shoulder Pain (to include suspected rotator cuff injury)"
Musculoskeletal,3195729,"Osteonecrosis suspected, wrist, radiography normal, next imaging study",https://gravitas.acr.org/ACPortal/GetDataForOneScenario?senarioId=6616,All,18 - 150,Upper extremity,"Hip Pain, Shoulder Pain (to include suspected rotator cuff injury)"
Musculoskeletal,3195742,"Osteonecrosis suspected, wrist, suspicious findings on radiography, next imaging study",https://gravitas.acr.org/ACPortal/GetDataForOneScenario?senarioId=6629,All,18 - 150,Upper extremity,"Hip Pain, Shoulder Pain (to include suspected rotator cuff injury)"
Musculoskeletal,3195750,"Osteonecrosis, ankle, articular collapse on radiography, surgery planned, next imaging study",https://gravitas.acr.org/ACPortal/GetDataForOneScenario?senarioId=6636,All,18 - 150,Lower extremity,"Hip Pain, Shoulder Pain (to include suspected rotator cuff injury)"
Musculoskeletal,3195749,"Osteonecrosis, elbow, articular collapse on radiography, surgery planned, next imaging study",https://gravitas.acr.org/ACPortal/GetDataForOneScenario?senarioId=6635,All,18 - 150,Upper extremity,"Hip Pain, Shoulder Pain (to include suspected rotator cuff injury)"
Musculoskeletal,3195751,"Osteonecrosis, hip, articular collapse on radiography, surgery planned, next imaging study",https://gravitas.acr.org/ACPortal/GetDataForOneScenario?senarioId=6637,All,18 - 150,Lower extremity,"Hip Pain, Shoulder Pain (to include suspected rotator cuff injury)"
Musculoskeletal,3195748,"Osteonecrosis, knee, articular collapse on radiography, surgery planned, next imaging study",https://gravitas.acr.org/ACPortal/GetDataForOneScenario?senarioId=6634,All,18 - 150,Lower extremity,"Hip Pain, Shoulder Pain (to include suspected rotator cuff injury)"
Musculoskeletal,3195747,"Osteonecrosis, shoulder, articular collapse on radiography, surgery planned, next imaging study",https://gravitas.acr.org/ACPortal/GetDataForOneScenario?senarioId=6633,All,18 - 150,Upper extremity,"Hip Pain, Shoulder Pain (to include suspected rotator cuff injury)"
Musculoskeletal,3195746,"Osteonecrosis, wrist, articular collapse on radiography, surgery planned, next imaging study",https://gravitas.acr.org/ACPortal/GetDataForOneScenario?senarioId=6632,All,18 - 150,Upper extremity,"Hip Pain, Shoulder Pain (to include suspected rotator cuff injury)"
Musculoskeletal,3195379,"Osteoporosis suspected, advanced degenerative spine changes, no scoliosis, initial imaging",https://gravitas.acr.org/ACPortal/GetDataForOneScenario?senarioId=6306,All,50 - 150,Unspecified,
Musculoskeletal,3195378,"Osteoporosis suspected, advanced degenerative spine changes, scoliosis, initial imaging",https://gravitas.acr.org/ACPortal/GetDataForOneScenario?senarioId=6305,All,50 - 150,Unspecified,
Musculoskeletal,3195380,"Osteoporosis suspected, condition that may spuriously elevate bone mineral density, initial imaging",https://gravitas.acr.org/ACPortal/GetDataForOneScenario?senarioId=6307,All,50 - 150,Unspecified,
Musculoskeletal,3195364,"Osteoporosis, screening",https://gravitas.acr.org/ACPortal/GetDataForOneScenario?senarioId=6293,Female Only,65 - 150,Unspecified,
Musculoskeletal,3195362,"Osteoporosis, screening",https://gravitas.acr.org/ACPortal/GetDataForOneScenario?senarioId=6291,Male Only,70 - 150,Unspecified,
Musculoskeletal,3196013,Pathological VCF with ongoing or increasing mechanical pain. Initial treatment.,https://gravitas.acr.org/ACPortal/GetDataForOneScenario?senarioId=6795,All,18 - 150,Spine,"Cervical or Neck Pain, Low Back Pain"
Musculoskeletal,3197394,"Pelvis stress fracture on radiography, next imaging study, associated complication",https://gravitas.acr.org/ACPortal/GetDataForOneScenario?senarioId=7693,All,18 - 150,Pelvis,"Hip Pain, Shoulder Pain (to include suspected rotator cuff injury)"
Musculoskeletal,3197393,"Pelvis stress fracture on radiography, next imaging study, determining extent",https://gravitas.acr.org/ACPortal/GetDataForOneScenario?senarioId=7692,All,18 - 150,Pelvis,"Hip Pain, Shoulder Pain (to include suspected rotator cuff injury)"
Musculoskeletal,3197268,"Pelvis stress fracture suspected, pregnant, radiography indeterminate, next imaging study.",https://gravitas.acr.org/ACPortal/GetDataForOneScenario?senarioId=7570,Female Only,10 - 60,Pelvis,"Hip Pain, Shoulder Pain (to include suspected rotator cuff injury)"
Musculoskeletal,3197269,"Pelvis stress fracture suspected, pregnant, radiography negative, next imaging study.",https://gravitas.acr.org/ACPortal/GetDataForOneScenario?senarioId=7571,Female Only,10 - 60,Pelvis,"Hip Pain, Shoulder Pain (to include suspected rotator cuff injury)"
Musculoskeletal,3109102,"Primary bone tumor suspected, ankle, benign on radiography, not osteoid osteoma, next imaging study",https://gravitas.acr.org/ACPortal/GetDataForOneScenario?senarioId=2906,All,18 - 150,Lower extremity,
Musculoskeletal,3109088,"Primary bone tumor suspected, ankle, incidental lesion on MR or CT, not clearly benign, next imaging study",https://gravitas.acr.org/ACPortal/GetDataForOneScenario?senarioId=2892,All,18 - 150,Lower extremity,
Musculoskeletal,3165323,"Primary bone tumor suspected, ankle, indeterminate or aggressive on radiography, next imaging study",https://gravitas.acr.org/ACPortal/GetDataForOneScenario?senarioId=5270,All,18 - 150,Lower extremity,
Musculoskeletal,3109060,"Primary bone tumor suspected, ankle, initial imaging",https://gravitas.acr.org/ACPortal/GetDataForOneScenario?senarioId=2864,All,18 - 150,Lower extremity,
Musculoskeletal,3109116,"Primary bone tumor suspected, ankle, osteoid osteoma suspected on radiography or clinical exam",https://gravitas.acr.org/ACPortal/GetDataForOneScenario?senarioId=2920,All,18 - 150,Lower extremity,
Musculoskeletal,3109200,"Primary bone tumor suspected, ankle, radiography negative or equivocal, next imaging study",https://gravitas.acr.org/ACPortal/GetDataForOneScenario?senarioId=3004,All,18 - 150,Lower extremity,
Musculoskeletal,3109090,"Primary bone tumor suspected, cervical spine, benign on radiography, not osteoid osteoma, next imaging study",https://gravitas.acr.org/ACPortal/GetDataForOneScenario?senarioId=2894,All,18 - 150,Spine,
Musculoskeletal,3109076,"Primary bone tumor suspected, cervical spine, incidental lesion on MR or CT, not clearly benign, next imaging study",https://gravitas.acr.org/ACPortal/GetDataForOneScenario?senarioId=2880,All,18 - 150,Spine,
Musculoskeletal,3165309,"Primary bone tumor suspected, cervical spine, indeterminate or aggressive on radiography, next imaging study",https://gravitas.acr.org/ACPortal/GetDataForOneScenario?senarioId=5256,All,18 - 150,Spine,
Musculoskeletal,3109048,"Primary bone tumor suspected, cervical spine, initial imaging",https://gravitas.acr.org/ACPortal/GetDataForOneScenario?senarioId=2852,All,18 - 150,Spine,
Musculoskeletal,3109104,"Primary bone tumor suspected, cervical spine, osteoid osteoma suspected on radiography or clinical exam",https://gravitas.acr.org/ACPortal/GetDataForOneScenario?senarioId=2908,All,18 - 150,Spine,
Musculoskeletal,3109188,"Primary bone tumor suspected, cervical spine, radiography negative or equivocal, next imaging study",https://gravitas.acr.org/ACPortal/GetDataForOneScenario?senarioId=2992,All,18 - 150,Spine,
Musculoskeletal,3109095,"Primary bone tumor suspected, elbow, benign on radiography, not osteoid osteoma, next imaging study",https://gravitas.acr.org/ACPortal/GetDataForOneScenario?senarioId=2899,All,18 - 150,Upper extremity,
Musculoskeletal,3109081,"Primary bone tumor suspected, elbow, incidental lesion on MR or CT, not clearly benign, next imaging study",https://gravitas.acr.org/ACPortal/GetDataForOneScenario?senarioId=2885,All,18 - 150,Upper extremity,
Musculoskeletal,3165317,"Primary bone tumor suspected, elbow, indeterminate or aggressive on radiography, next imaging study",https://gravitas.acr.org/ACPortal/GetDataForOneScenario?senarioId=5264,All,18 - 150,Upper extremity,
Musculoskeletal,3109055,"Primary bone tumor suspected, elbow, initial imaging",https://gravitas.acr.org/ACPortal/GetDataForOneScenario?senarioId=2859,All,18 - 150,Upper extremity,
Musculoskeletal,3109193,"Primary bone tumor suspected, elbow, radiography negative or equivocal, next imaging study",https://gravitas.acr.org/ACPortal/GetDataForOneScenario?senarioId=2997,All,18 - 150,Upper extremity,
Musculoskeletal,3109091,"Primary bone tumor suspected, femur, benign on radiography, not osteoid osteoma, next imaging study",https://gravitas.acr.org/ACPortal/GetDataForOneScenario?senarioId=2895,All,18 - 150,Lower extremity,
Musculoskeletal,3109077,"Primary bone tumor suspected, femur, incidental lesion on MR or CT, not clearly benign, next imaging study",https://gravitas.acr.org/ACPortal/GetDataForOneScenario?senarioId=2881,All,18 - 150,Lower extremity,
Musculoskeletal,3165320,"Primary bone tumor suspected, femur, indeterminate or aggressive on radiography, next imaging study",https://gravitas.acr.org/ACPortal/GetDataForOneScenario?senarioId=5267,All,18 - 150,Lower extremity,
Musculoskeletal,3109049,"Primary bone tumor suspected, femur, initial imaging",https://gravitas.acr.org/ACPortal/GetDataForOneScenario?senarioId=2853,All,18 - 150,Lower extremity,
Musculoskeletal,3109105,"Primary bone tumor suspected, femur, osteoid osteoma suspected on radiography or clinical exam",https://gravitas.acr.org/ACPortal/GetDataForOneScenario?senarioId=2909,All,18 - 150,Lower extremity,
Musculoskeletal,3109189,"Primary bone tumor suspected, femur, radiography negative or equivocal, next imaging study",https://gravitas.acr.org/ACPortal/GetDataForOneScenario?senarioId=2993,All,18 - 150,Lower extremity,
Musculoskeletal,3109103,"Primary bone tumor suspected, foot, benign on radiography, not osteoid osteoma, next imaging study",https://gravitas.acr.org/ACPortal/GetDataForOneScenario?senarioId=2907,All,18 - 150,Lower extremity,
Musculoskeletal,3109089,"Primary bone tumor suspected, foot, incidental lesion on MR or CT, not clearly benign, next imaging study",https://gravitas.acr.org/ACPortal/GetDataForOneScenario?senarioId=2893,All,18 - 150,Lower extremity,
Musculoskeletal,3165324,"Primary bone tumor suspected, foot, indeterminate or aggressive on radiography, next imaging study",https://gravitas.acr.org/ACPortal/GetDataForOneScenario?senarioId=5271,All,18 - 150,Lower extremity,
Musculoskeletal,3109061,"Primary bone tumor suspected, foot, initial imaging",https://gravitas.acr.org/ACPortal/GetDataForOneScenario?senarioId=2865,All,18 - 150,Lower extremity,
Musculoskeletal,3109117,"Primary bone tumor suspected, foot, osteoid osteoma suspected on radiography or clinical exam",https://gravitas.acr.org/ACPortal/GetDataForOneScenario?senarioId=2921,All,18 - 150,Lower extremity,
Musculoskeletal,3109201,"Primary bone tumor suspected, foot, radiography negative or equivocal, next imaging study",https://gravitas.acr.org/ACPortal/GetDataForOneScenario?senarioId=3005,All,18 - 150,Lower extremity,
Musculoskeletal,3109098,"Primary bone tumor suspected, forearm, benign on radiography, not osteoid osteoma, next imaging study",https://gravitas.acr.org/ACPortal/GetDataForOneScenario?senarioId=2902,All,18 - 150,Upper extremity,
Musculoskeletal,3109084,"Primary bone tumor suspected, forearm, incidental lesion on MR or CT, not clearly benign, next imaging study",https://gravitas.acr.org/ACPortal/GetDataForOneScenario?senarioId=2888,All,18 - 150,Upper extremity,
Musculoskeletal,3165316,"Primary bone tumor suspected, forearm, indeterminate or aggressive on radiography, next imaging study",https://gravitas.acr.org/ACPortal/GetDataForOneScenario?senarioId=5263,All,18 - 150,Upper extremity,
Musculoskeletal,3109056,"Primary bone tumor suspected, forearm, initial imaging",https://gravitas.acr.org/ACPortal/GetDataForOneScenario?senarioId=2860,All,18 - 150,Upper extremity,
Musculoskeletal,3109112,"Primary bone tumor suspected, forearm, osteoid osteoma suspected on radiography or clinical exam",https://gravitas.acr.org/ACPortal/GetDataForOneScenario?senarioId=2916,All,18 - 150,Upper extremity,
Musculoskeletal,3109196,"Primary bone tumor suspected, forearm, radiography negative or equivocal, next imaging study",https://gravitas.acr.org/ACPortal/GetDataForOneScenario?senarioId=3000,All,18 - 150,Upper extremity,
Musculoskeletal,3109100,"Primary bone tumor suspected, hand, benign on radiography, not osteoid osteoma, next imaging study",https://gravitas.acr.org/ACPortal/GetDataForOneScenario?senarioId=2904,All,18 - 150,Upper extremity,
Musculoskeletal,3109086,"Primary bone tumor suspected, hand, incidental lesion on MR or CT, not clearly benign, next imaging study",https://gravitas.acr.org/ACPortal/GetDataForOneScenario?senarioId=2890,All,18 - 150,Upper extremity,
Musculoskeletal,3165319,"Primary bone tumor suspected, hand, indeterminate or aggressive on radiography, next imaging study",https://gravitas.acr.org/ACPortal/GetDataForOneScenario?senarioId=5266,All,18 - 150,Upper extremity,
Musculoskeletal,3109058,"Primary bone tumor suspected, hand, initial imaging",https://gravitas.acr.org/ACPortal/GetDataForOneScenario?senarioId=2862,All,18 - 150,Upper extremity,
Musculoskeletal,3109114,"Primary bone tumor suspected, hand, osteoid osteoma suspected on radiography or clinical exam",https://gravitas.acr.org/ACPortal/GetDataForOneScenario?senarioId=2918,All,18 - 150,Upper extremity,
Musculoskeletal,3109198,"Primary bone tumor suspected, hand, radiography negative or equivocal, next imaging study",https://gravitas.acr.org/ACPortal/GetDataForOneScenario?senarioId=3002,All,18 - 150,Upper extremity,
Musculoskeletal,3109092,"Primary bone tumor suspected, humerus, benign on radiography, not osteoid osteoma, next imaging study",https://gravitas.acr.org/ACPortal/GetDataForOneScenario?senarioId=2896,All,18 - 150,Upper extremity,
Musculoskeletal,3109078,"Primary bone tumor suspected, humerus, incidental lesion on MR or CT, not clearly benign, next imaging study",https://gravitas.acr.org/ACPortal/GetDataForOneScenario?senarioId=2882,All,18 - 150,Upper extremity,
Musculoskeletal,3165315,"Primary bone tumor suspected, humerus, indeterminate or aggressive on radiography, next imaging study",https://gravitas.acr.org/ACPortal/GetDataForOneScenario?senarioId=5262,All,18 - 150,Upper extremity,
Musculoskeletal,3109050,"Primary bone tumor suspected, humerus, initial imaging",https://gravitas.acr.org/ACPortal/GetDataForOneScenario?senarioId=2854,All,18 - 150,Upper extremity,
Musculoskeletal,3109106,"Primary bone tumor suspected, humerus, osteoid osteoma suspected on radiography or clinical exam",https://gravitas.acr.org/ACPortal/GetDataForOneScenario?senarioId=2910,All,18 - 150,Upper extremity,
Musculoskeletal,3109190,"Primary bone tumor suspected, humerus, radiography negative or equivocal, next imaging study",https://gravitas.acr.org/ACPortal/GetDataForOneScenario?senarioId=2994,All,18 - 150,Upper extremity,
Musculoskeletal,3109101,"Primary bone tumor suspected, knee, benign on radiography, not osteoid osteoma, next imaging study",https://gravitas.acr.org/ACPortal/GetDataForOneScenario?senarioId=2905,All,18 - 150,Lower extremity,
Musculoskeletal,3109087,"Primary bone tumor suspected, knee, incidental lesion on MR or CT, not clearly benign, next imaging study",https://gravitas.acr.org/ACPortal/GetDataForOneScenario?senarioId=2891,All,18 - 150,Lower extremity,
Musculoskeletal,3165321,"Primary bone tumor suspected, knee, indeterminate or aggressive on radiography, next imaging study, next imaging study",https://gravitas.acr.org/ACPortal/GetDataForOneScenario?senarioId=5268,All,18 - 150,Lower extremity,
Musculoskeletal,3109059,"Primary bone tumor suspected, knee, initial imaging",https://gravitas.acr.org/ACPortal/GetDataForOneScenario?senarioId=2863,All,18 - 150,Lower extremity,
Musculoskeletal,3109115,"Primary bone tumor suspected, knee, osteoid osteoma suspected on radiography or clinical exam",https://gravitas.acr.org/ACPortal/GetDataForOneScenario?senarioId=2919,All,18 - 150,Lower extremity,
Musculoskeletal,3109199,"Primary bone tumor suspected, knee, radiography negative or equivocal, next imaging study",https://gravitas.acr.org/ACPortal/GetDataForOneScenario?senarioId=3003,All,18 - 150,Lower extremity,
Musculoskeletal,3109093,"Primary bone tumor suspected, lumbosacral spine, benign on radiography, not osteoid osteoma, next imaging study",https://gravitas.acr.org/ACPortal/GetDataForOneScenario?senarioId=2897,All,18 - 150,Spine,
Musculoskeletal,3109079,"Primary bone tumor suspected, lumbosacral spine, incidental lesion on MR or CT, not clearly benign, next imaging study",https://gravitas.acr.org/ACPortal/GetDataForOneScenario?senarioId=2883,All,18 - 150,Spine,
Musculoskeletal,3165311,"Primary bone tumor suspected, lumbosacral spine, indeterminate or aggressive on radiography, next imaging study",https://gravitas.acr.org/ACPortal/GetDataForOneScenario?senarioId=5258,All,18 - 150,Spine,
Musculoskeletal,3109051,"Primary bone tumor suspected, lumbosacral spine, initial imaging",https://gravitas.acr.org/ACPortal/GetDataForOneScenario?senarioId=2855,All,18 - 150,Spine,
Musculoskeletal,3109107,"Primary bone tumor suspected, lumbosacral spine, osteoid osteoma suspected on radiography or clinical exam",https://gravitas.acr.org/ACPortal/GetDataForOneScenario?senarioId=2911,All,18 - 150,Spine,
Musculoskeletal,3109191,"Primary bone tumor suspected, lumbosacral spine, radiography negative or equivocal, next imaging study",https://gravitas.acr.org/ACPortal/GetDataForOneScenario?senarioId=2995,All,18 - 150,Spine,
Musculoskeletal,3109094,"Primary bone tumor suspected, pelvis, benign on radiography, not osteoid osteoma, next imaging study",https://gravitas.acr.org/ACPortal/GetDataForOneScenario?senarioId=2898,All,18 - 150,Pelvis,
Musculoskeletal,3109080,"Primary bone tumor suspected, pelvis, incidental lesion on MR or CT, not clearly benign, next imaging study",https://gravitas.acr.org/ACPortal/GetDataForOneScenario?senarioId=2884,All,18 - 150,Pelvis,
Musculoskeletal,3165314,"Primary bone tumor suspected, pelvis, indeterminate or aggressive on radiography, next imaging study",https://gravitas.acr.org/ACPortal/GetDataForOneScenario?senarioId=5261,All,18 - 150,Pelvis,
Musculoskeletal,3109052,"Primary bone tumor suspected, pelvis, initial imaging",https://gravitas.acr.org/ACPortal/GetDataForOneScenario?senarioId=2856,All,18 - 150,Pelvis,
Musculoskeletal,3109108,"Primary bone tumor suspected, pelvis, osteoid osteoma suspected on radiography or clinical exam",https://gravitas.acr.org/ACPortal/GetDataForOneScenario?senarioId=2912,All,18 - 150,Pelvis,
Musculoskeletal,3109192,"Primary bone tumor suspected, pelvis, radiography negative or equivocal, next imaging study",https://gravitas.acr.org/ACPortal/GetDataForOneScenario?senarioId=2996,All,18 - 150,Pelvis,
Musculoskeletal,3165305,"Primary bone tumor suspected, ribs, benign on radiography, not osteoid osteoma, next imaging study",https://gravitas.acr.org/ACPortal/GetDataForOneScenario?senarioId=5252,All,18 - 150,Chest,
Musculoskeletal,3165325,"Primary bone tumor suspected, ribs, incidental lesion on MR or CT, not clearly benign, next imaging study",https://gravitas.acr.org/ACPortal/GetDataForOneScenario?senarioId=5272,All,18 - 150,Chest,
Musculoskeletal,3165313,"Primary bone tumor suspected, ribs, indeterminate or aggressive on radiography, next imaging study",https://gravitas.acr.org/ACPortal/GetDataForOneScenario?senarioId=5260,All,18 - 150,Chest,
Musculoskeletal,3165301,"Primary bone tumor suspected, ribs, initial imaging",https://gravitas.acr.org/ACPortal/GetDataForOneScenario?senarioId=5248,All,18 - 150,Chest,
Musculoskeletal,3165307,"Primary bone tumor suspected, ribs, osteoid osteoma suspected on radiography or clinical exam",https://gravitas.acr.org/ACPortal/GetDataForOneScenario?senarioId=5254,All,18 - 150,Chest,
Musculoskeletal,3165303,"Primary bone tumor suspected, ribs, radiography negative or equivocal, next imaging study",https://gravitas.acr.org/ACPortal/GetDataForOneScenario?senarioId=5250,All,18 - 150,Chest,
Musculoskeletal,3165306,"Primary bone tumor suspected, skull, benign on radiography, not osteoid osteoma, next imaging study",https://gravitas.acr.org/ACPortal/GetDataForOneScenario?senarioId=5253,All,18 - 150,Head,
Musculoskeletal,3165326,"Primary bone tumor suspected, skull, incidental lesion on MR or CT, not clearly benign, next imaging study",https://gravitas.acr.org/ACPortal/GetDataForOneScenario?senarioId=5273,All,18 - 150,Head,
Musculoskeletal,3165312,"Primary bone tumor suspected, skull, indeterminate or aggressive on radiography, next imaging study",https://gravitas.acr.org/ACPortal/GetDataForOneScenario?senarioId=5259,All,18 - 150,Head,
Musculoskeletal,3165302,"Primary bone tumor suspected, skull, initial imaging",https://gravitas.acr.org/ACPortal/GetDataForOneScenario?senarioId=5249,All,18 - 150,Head,
Musculoskeletal,3165308,"Primary bone tumor suspected, skull, osteoid osteoma suspected on radiography or clinical exam",https://gravitas.acr.org/ACPortal/GetDataForOneScenario?senarioId=5255,All,18 - 150,Head,
Musculoskeletal,3165304,"Primary bone tumor suspected, skull, radiography negative or equivocal, next imaging study",https://gravitas.acr.org/ACPortal/GetDataForOneScenario?senarioId=5251,All,18 - 150,Head,
Musculoskeletal,3109096,"Primary bone tumor suspected, thoracic spine, benign on radiography, not osteoid osteoma, next imaging study",https://gravitas.acr.org/ACPortal/GetDataForOneScenario?senarioId=2900,All,18 - 150,Spine,
Musculoskeletal,3109082,"Primary bone tumor suspected, thoracic spine, incidental lesion on MR or CT, not clearly benign, next imaging study",https://gravitas.acr.org/ACPortal/GetDataForOneScenario?senarioId=2886,All,18 - 150,Spine,
Musculoskeletal,3165310,"Primary bone tumor suspected, thoracic spine, indeterminate or aggressive on radiography, next imaging study",https://gravitas.acr.org/ACPortal/GetDataForOneScenario?senarioId=5257,All,18 - 150,Spine,
Musculoskeletal,3109053,"Primary bone tumor suspected, thoracic spine, initial imaging",https://gravitas.acr.org/ACPortal/GetDataForOneScenario?senarioId=2857,All,18 - 150,Spine,
Musculoskeletal,3109110,"Primary bone tumor suspected, thoracic spine, osteoid osteoma suspected on radiography or clinical exam",https://gravitas.acr.org/ACPortal/GetDataForOneScenario?senarioId=2914,All,18 - 150,Spine,
Musculoskeletal,3109195,"Primary bone tumor suspected, thoracic spine, radiography negative or equivocal, next imaging study",https://gravitas.acr.org/ACPortal/GetDataForOneScenario?senarioId=2999,All,18 - 150,Spine,
Musculoskeletal,3109097,"Primary bone tumor suspected, tib/fib, benign on radiography, not osteoid osteoma, next imaging study",https://gravitas.acr.org/ACPortal/GetDataForOneScenario?senarioId=2901,All,18 - 150,Lower extremity,
Musculoskeletal,3109083,"Primary bone tumor suspected, tib/fib, incidental lesion on MR or CT, not clearly benign, next imaging study",https://gravitas.acr.org/ACPortal/GetDataForOneScenario?senarioId=2887,All,18 - 150,Lower extremity,
Musculoskeletal,3165322,"Primary bone tumor suspected, tib/fib, indeterminate or aggressive on radiography, next imaging study",https://gravitas.acr.org/ACPortal/GetDataForOneScenario?senarioId=5269,All,18 - 150,Lower extremity,
Musculoskeletal,3109054,"Primary bone tumor suspected, tib/fib, initial imaging",https://gravitas.acr.org/ACPortal/GetDataForOneScenario?senarioId=2858,All,18 - 150,Lower extremity,
Musculoskeletal,3109111,"Primary bone tumor suspected, tib/fib, osteoid osteoma suspected on radiography or clinical exam",https://gravitas.acr.org/ACPortal/GetDataForOneScenario?senarioId=2915,All,18 - 150,Lower extremity,
Musculoskeletal,3109194,"Primary bone tumor suspected, tib/fib, radiography negative or equivocal, next imaging study",https://gravitas.acr.org/ACPortal/GetDataForOneScenario?senarioId=2998,All,18 - 150,Lower extremity,
Musculoskeletal,3109099,"Primary bone tumor suspected, wrist, benign on radiography, not osteoid osteoma, next imaging study",https://gravitas.acr.org/ACPortal/GetDataForOneScenario?senarioId=2903,All,18 - 150,Upper extremity,
Musculoskeletal,3109085,"Primary bone tumor suspected, wrist, incidental lesion on MR or CT, not clearly benign, next imaging study",https://gravitas.acr.org/ACPortal/GetDataForOneScenario?senarioId=2889,All,18 - 150,Upper extremity,
Musculoskeletal,3165318,"Primary bone tumor suspected, wrist, indeterminate or aggressive on radiography, next imaging study",https://gravitas.acr.org/ACPortal/GetDataForOneScenario?senarioId=5265,All,18 - 150,Upper extremity,
Musculoskeletal,3109057,"Primary bone tumor suspected, wrist, initial imaging",https://gravitas.acr.org/ACPortal/GetDataForOneScenario?senarioId=2861,All,18 - 150,Upper extremity,
Musculoskeletal,3109113,"Primary bone tumor suspected, wrist, osteoid osteoma suspected on radiography or clinical exam",https://gravitas.acr.org/ACPortal/GetDataForOneScenario?senarioId=2917,All,18 - 150,Upper extremity,
Musculoskeletal,3109197,"Primary bone tumor suspected, wrist, radiography negative or equivocal, next imaging study",https://gravitas.acr.org/ACPortal/GetDataForOneScenario?senarioId=3001,All,18 - 150,Upper extremity,
Musculoskeletal,3109109,"Primary bone tumor suspected,elbow, osteoid osteoma suspected on radiography or clinical exam",https://gravitas.acr.org/ACPortal/GetDataForOneScenario?senarioId=2913,All,18 - 150,Upper extremity,
Musculoskeletal,3195770,"Primary bone tumor, aggressive, ankle, local recurrence surveillance",https://gravitas.acr.org/ACPortal/GetDataForOneScenario?senarioId=6650,All,18 - 150,Lower extremity,"Cancer of the Lung (primary or metastatic, suspected or diagnosed), Hip Pain, Shoulder Pain (to include suspected rotator cuff injury)"
Musculoskeletal,3195768,"Primary bone tumor, aggressive, chest, local recurrence surveillance",https://gravitas.acr.org/ACPortal/GetDataForOneScenario?senarioId=6648,All,18 - 150,Chest,"Cancer of the Lung (primary or metastatic, suspected or diagnosed), Hip Pain, Shoulder Pain (to include suspected rotator cuff injury)"
Musculoskeletal,3195771,"Primary bone tumor, aggressive, elbow, local recurrence surveillance",https://gravitas.acr.org/ACPortal/GetDataForOneScenario?senarioId=6651,All,18 - 150,Upper extremity,"Cancer of the Lung (primary or metastatic, suspected or diagnosed), Hip Pain, Shoulder Pain (to include suspected rotator cuff injury)"
Musculoskeletal,3195772,"Primary bone tumor, aggressive, femur, local recurrence surveillance",https://gravitas.acr.org/ACPortal/GetDataForOneScenario?senarioId=6652,All,18 - 150,Lower extremity,"Cancer of the Lung (primary or metastatic, suspected or diagnosed), Hip Pain, Shoulder Pain (to include suspected rotator cuff injury)"
Musculoskeletal,3195773,"Primary bone tumor, aggressive, foot, local recurrence surveillance",https://gravitas.acr.org/ACPortal/GetDataForOneScenario?senarioId=6653,All,18 - 150,Lower extremity,"Cancer of the Lung (primary or metastatic, suspected or diagnosed), Hip Pain, Shoulder Pain (to include suspected rotator cuff injury)"
Musculoskeletal,3195774,"Primary bone tumor, aggressive, forearm, local recurrence surveillance",https://gravitas.acr.org/ACPortal/GetDataForOneScenario?senarioId=6654,All,18 - 150,Upper extremity,"Cancer of the Lung (primary or metastatic, suspected or diagnosed), Hip Pain, Shoulder Pain (to include suspected rotator cuff injury)"
Musculoskeletal,3195775,"Primary bone tumor, aggressive, hand, local recurrence surveillance",https://gravitas.acr.org/ACPortal/GetDataForOneScenario?senarioId=6655,All,18 - 150,Upper extremity,"Cancer of the Lung (primary or metastatic, suspected or diagnosed), Hip Pain, Shoulder Pain (to include suspected rotator cuff injury)"
Musculoskeletal,3195776,"Primary bone tumor, aggressive, humerus, local recurrence surveillance",https://gravitas.acr.org/ACPortal/GetDataForOneScenario?senarioId=6656,All,18 - 150,Upper extremity,"Cancer of the Lung (primary or metastatic, suspected or diagnosed), Hip Pain, Shoulder Pain (to include suspected rotator cuff injury)"
Musculoskeletal,3195777,"Primary bone tumor, aggressive, knee, local recurrence surveillance",https://gravitas.acr.org/ACPortal/GetDataForOneScenario?senarioId=6657,All,18 - 150,Lower extremity,"Cancer of the Lung (primary or metastatic, suspected or diagnosed), Hip Pain, Shoulder Pain (to include suspected rotator cuff injury)"
Musculoskeletal,3195769,"Primary bone tumor, aggressive, pelvis, local recurrence surveillance",https://gravitas.acr.org/ACPortal/GetDataForOneScenario?senarioId=6649,All,18 - 150,Pelvis,"Cancer of the Lung (primary or metastatic, suspected or diagnosed), Hip Pain, Shoulder Pain (to include suspected rotator cuff injury)"
Musculoskeletal,3195790,"Primary bone tumor, aggressive, shoulder, local recurrence surveillance",https://gravitas.acr.org/ACPortal/GetDataForOneScenario?senarioId=6670,All,18 - 150,Upper extremity,"Cancer of the Lung (primary or metastatic, suspected or diagnosed), Hip Pain, Shoulder Pain (to include suspected rotator cuff injury)"
Musculoskeletal,3195778,"Primary bone tumor, aggressive, tibia/fibula, local recurrence surveillance",https://gravitas.acr.org/ACPortal/GetDataForOneScenario?senarioId=6658,All,18 - 150,Lower extremity,"Cancer of the Lung (primary or metastatic, suspected or diagnosed), Hip Pain, Shoulder Pain (to include suspected rotator cuff injury)"
Musculoskeletal,3195766,"Primary bone tumor, aggressive, wrist, local recurrence surveillance",https://gravitas.acr.org/ACPortal/GetDataForOneScenario?senarioId=6646,All,18 - 150,Upper extremity,"Cancer of the Lung (primary or metastatic, suspected or diagnosed), Hip Pain, Shoulder Pain (to include suspected rotator cuff injury)"
Musculoskeletal,3195781,"Primary bone tumor, malignant, ankle, local recurrence surveillance",https://gravitas.acr.org/ACPortal/GetDataForOneScenario?senarioId=6661,All,18 - 150,Lower extremity,"Cancer of the Lung (primary or metastatic, suspected or diagnosed), Hip Pain, Shoulder Pain (to include suspected rotator cuff injury)"
Musculoskeletal,3195779,"Primary bone tumor, malignant, chest, local recurrence surveillance",https://gravitas.acr.org/ACPortal/GetDataForOneScenario?senarioId=6659,All,18 - 150,Chest,"Cancer of the Lung (primary or metastatic, suspected or diagnosed), Hip Pain, Shoulder Pain (to include suspected rotator cuff injury)"
Musculoskeletal,3195782,"Primary bone tumor, malignant, elbow, local recurrence surveillance",https://gravitas.acr.org/ACPortal/GetDataForOneScenario?senarioId=6662,All,18 - 150,Upper extremity,"Cancer of the Lung (primary or metastatic, suspected or diagnosed), Hip Pain, Shoulder Pain (to include suspected rotator cuff injury)"
Musculoskeletal,3195783,"Primary bone tumor, malignant, femur, local recurrence surveillance",https://gravitas.acr.org/ACPortal/GetDataForOneScenario?senarioId=6663,All,18 - 150,Lower extremity,"Cancer of the Lung (primary or metastatic, suspected or diagnosed), Hip Pain, Shoulder Pain (to include suspected rotator cuff injury)"
Musculoskeletal,3195784,"Primary bone tumor, malignant, foot, local recurrence surveillance",https://gravitas.acr.org/ACPortal/GetDataForOneScenario?senarioId=6664,All,18 - 150,Lower extremity,"Cancer of the Lung (primary or metastatic, suspected or diagnosed), Hip Pain, Shoulder Pain (to include suspected rotator cuff injury)"
Musculoskeletal,3195785,"Primary bone tumor, malignant, forearm, local recurrence surveillance",https://gravitas.acr.org/ACPortal/GetDataForOneScenario?senarioId=6665,All,18 - 150,Upper extremity,"Cancer of the Lung (primary or metastatic, suspected or diagnosed), Hip Pain, Shoulder Pain (to include suspected rotator cuff injury)"
Musculoskeletal,3195786,"Primary bone tumor, malignant, hand, local recurrence surveillance",https://gravitas.acr.org/ACPortal/GetDataForOneScenario?senarioId=6666,All,18 - 150,Upper extremity,"Cancer of the Lung (primary or metastatic, suspected or diagnosed), Hip Pain, Shoulder Pain (to include suspected rotator cuff injury)"
Musculoskeletal,3195787,"Primary bone tumor, malignant, humerus, local recurrence surveillance",https://gravitas.acr.org/ACPortal/GetDataForOneScenario?senarioId=6667,All,18 - 150,Upper extremity,"Cancer of the Lung (primary or metastatic, suspected or diagnosed), Hip Pain, Shoulder Pain (to include suspected rotator cuff injury)"
Musculoskeletal,3195788,"Primary bone tumor, malignant, knee, local recurrence surveillance",https://gravitas.acr.org/ACPortal/GetDataForOneScenario?senarioId=6668,All,18 - 150,Lower extremity,"Cancer of the Lung (primary or metastatic, suspected or diagnosed), Hip Pain, Shoulder Pain (to include suspected rotator cuff injury)"
Musculoskeletal,3195780,"Primary bone tumor, malignant, pelvis, local recurrence surveillance",https://gravitas.acr.org/ACPortal/GetDataForOneScenario?senarioId=6660,All,18 - 150,Pelvis,"Cancer of the Lung (primary or metastatic, suspected or diagnosed), Hip Pain, Shoulder Pain (to include suspected rotator cuff injury)"
Musculoskeletal,3195791,"Primary bone tumor, malignant, shoulder, local recurrence surveillance",https://gravitas.acr.org/ACPortal/GetDataForOneScenario?senarioId=6671,All,18 - 150,Upper extremity,"Cancer of the Lung (primary or metastatic, suspected or diagnosed), Hip Pain, Shoulder Pain (to include suspected rotator cuff injury)"
Musculoskeletal,3195789,"Primary bone tumor, malignant, tibia/fibula, local recurrence surveillance",https://gravitas.acr.org/ACPortal/GetDataForOneScenario?senarioId=6669,All,18 - 150,Lower extremity,"Cancer of the Lung (primary or metastatic, suspected or diagnosed), Hip Pain, Shoulder Pain (to include suspected rotator cuff injury)"
Musculoskeletal,3195767,"Primary bone tumor, malignant, wrist, local recurrence surveillance",https://gravitas.acr.org/ACPortal/GetDataForOneScenario?senarioId=6647,All,18 - 150,Upper extremity,"Cancer of the Lung (primary or metastatic, suspected or diagnosed), Hip Pain, Shoulder Pain (to include suspected rotator cuff injury)"
Musculoskeletal,3195758,"Primary musculoskeletal tumor, aggressive, extrapulmonary metastasis evaluation, initial staging",https://gravitas.acr.org/ACPortal/GetDataForOneScenario?senarioId=6640,All,18 - 150,Unspecified,"Cancer of the Lung (primary or metastatic, suspected or diagnosed), Hip Pain, Shoulder Pain (to include suspected rotator cuff injury)"
Musculoskeletal,3195761,"Primary musculoskeletal tumor, aggressive, no recurrence suspected, pulmonary metastasis surveillance",https://gravitas.acr.org/ACPortal/GetDataForOneScenario?senarioId=6642,All,18 - 150,Chest,"Cancer of the Lung (primary or metastatic, suspected or diagnosed), Hip Pain, Shoulder Pain (to include suspected rotator cuff injury)"
Musculoskeletal,3195762,"Primary musculoskeletal tumor, aggressive, no recurrence, pulmonary metastasis surveillance",https://gravitas.acr.org/ACPortal/GetDataForOneScenario?senarioId=6643,All,18 - 150,Chest,"Cancer of the Lung (primary or metastatic, suspected or diagnosed), Hip Pain, Shoulder Pain (to include suspected rotator cuff injury)"
Musculoskeletal,3195755,"Primary musculoskeletal tumor, aggressive, pulmonary metastasis evaluation, initial staging",https://gravitas.acr.org/ACPortal/GetDataForOneScenario?senarioId=6638,All,18 - 150,Chest,"Cancer of the Lung (primary or metastatic, suspected or diagnosed), Hip Pain, Shoulder Pain (to include suspected rotator cuff injury)"
Musculoskeletal,3195759,"Primary musculoskeletal tumor, malignant, extrapulmonary metastasis evaluation, initial staging",https://gravitas.acr.org/ACPortal/GetDataForOneScenario?senarioId=6641,All,18 - 150,Unspecified,"Cancer of the Lung (primary or metastatic, suspected or diagnosed), Hip Pain, Shoulder Pain (to include suspected rotator cuff injury)"
Musculoskeletal,3195763,"Primary musculoskeletal tumor, malignant, no recurrence suspected, pulmonary metastasis surveillance",https://gravitas.acr.org/ACPortal/GetDataForOneScenario?senarioId=6644,All,18 - 150,Chest,"Cancer of the Lung (primary or metastatic, suspected or diagnosed), Hip Pain, Shoulder Pain (to include suspected rotator cuff injury)"
Musculoskeletal,3195764,"Primary musculoskeletal tumor, malignant, no recurrence, pulmonary metastasis surveillance",https://gravitas.acr.org/ACPortal/GetDataForOneScenario?senarioId=6645,All,18 - 150,Chest,"Cancer of the Lung (primary or metastatic, suspected or diagnosed), Hip Pain, Shoulder Pain (to include suspected rotator cuff injury)"
Musculoskeletal,3195756,"Primary musculoskeletal tumor, malignant, pulmonary metastasis evaluation, initial staging",https://gravitas.acr.org/ACPortal/GetDataForOneScenario?senarioId=6639,All,18 - 150,Chest,"Cancer of the Lung (primary or metastatic, suspected or diagnosed), Hip Pain, Shoulder Pain (to include suspected rotator cuff injury)"
Musculoskeletal,3195794,"Primary soft tissue tumor, aggressive, abdomen, local recurrence surveillance",https://gravitas.acr.org/ACPortal/GetDataForOneScenario?senarioId=6673,All,18 - 150,Abdomen,"Cancer of the Lung (primary or metastatic, suspected or diagnosed), Hip Pain, Shoulder Pain (to include suspected rotator cuff injury)"
Musculoskeletal,3195796,"Primary soft tissue tumor, aggressive, ankle, local recurrence surveillance",https://gravitas.acr.org/ACPortal/GetDataForOneScenario?senarioId=6675,All,18 - 150,Lower extremity,"Cancer of the Lung (primary or metastatic, suspected or diagnosed), Hip Pain, Shoulder Pain (to include suspected rotator cuff injury)"
Musculoskeletal,3195803,"Primary soft tissue tumor, aggressive, arm, local recurrence surveillance",https://gravitas.acr.org/ACPortal/GetDataForOneScenario?senarioId=6682,All,18 - 150,Upper extremity,"Cancer of the Lung (primary or metastatic, suspected or diagnosed), Hip Pain, Shoulder Pain (to include suspected rotator cuff injury)"
Musculoskeletal,3195797,"Primary soft tissue tumor, aggressive, chest, local recurrence surveillance",https://gravitas.acr.org/ACPortal/GetDataForOneScenario?senarioId=6676,All,18 - 150,Chest,"Cancer of the Lung (primary or metastatic, suspected or diagnosed), Hip Pain, Shoulder Pain (to include suspected rotator cuff injury)"
Musculoskeletal,3195798,"Primary soft tissue tumor, aggressive, elbow, local recurrence surveillance",https://gravitas.acr.org/ACPortal/GetDataForOneScenario?senarioId=6677,All,18 - 150,Upper extremity,"Cancer of the Lung (primary or metastatic, suspected or diagnosed), Hip Pain, Shoulder Pain (to include suspected rotator cuff injury)"
Musculoskeletal,3195800,"Primary soft tissue tumor, aggressive, foot, local recurrence surveillance",https://gravitas.acr.org/ACPortal/GetDataForOneScenario?senarioId=6679,All,18 - 150,Lower extremity,"Cancer of the Lung (primary or metastatic, suspected or diagnosed), Hip Pain, Shoulder Pain (to include suspected rotator cuff injury)"
Musculoskeletal,3195801,"Primary soft tissue tumor, aggressive, forearm, local recurrence surveillance",https://gravitas.acr.org/ACPortal/GetDataForOneScenario?senarioId=6680,All,18 - 150,Upper extremity,"Cancer of the Lung (primary or metastatic, suspected or diagnosed), Hip Pain, Shoulder Pain (to include suspected rotator cuff injury)"
Musculoskeletal,3195802,"Primary soft tissue tumor, aggressive, hand, local recurrence surveillance",https://gravitas.acr.org/ACPortal/GetDataForOneScenario?senarioId=6681,All,18 - 150,Upper extremity,"Cancer of the Lung (primary or metastatic, suspected or diagnosed), Hip Pain, Shoulder Pain (to include suspected rotator cuff injury)"
Musculoskeletal,3195804,"Primary soft tissue tumor, aggressive, knee, local recurrence surveillance",https://gravitas.acr.org/ACPortal/GetDataForOneScenario?senarioId=6683,All,18 - 150,Lower extremity,"Cancer of the Lung (primary or metastatic, suspected or diagnosed), Hip Pain, Shoulder Pain (to include suspected rotator cuff injury)"
Musculoskeletal,3195806,"Primary soft tissue tumor, aggressive, leg, local recurrence surveillance",https://gravitas.acr.org/ACPortal/GetDataForOneScenario?senarioId=6685,All,18 - 150,Lower extremity,"Cancer of the Lung (primary or metastatic, suspected or diagnosed), Hip Pain, Shoulder Pain (to include suspected rotator cuff injury)"
Musculoskeletal,3195805,"Primary soft tissue tumor, aggressive, pelvis, local recurrence surveillance",https://gravitas.acr.org/ACPortal/GetDataForOneScenario?senarioId=6684,All,18 - 150,Pelvis,"Cancer of the Lung (primary or metastatic, suspected or diagnosed), Hip Pain, Shoulder Pain (to include suspected rotator cuff injury)"
Musculoskeletal,3195819,"Primary soft tissue tumor, aggressive, shoulder, local recurrence surveillance",https://gravitas.acr.org/ACPortal/GetDataForOneScenario?senarioId=6698,All,18 - 150,Upper extremity,"Cancer of the Lung (primary or metastatic, suspected or diagnosed), Hip Pain, Shoulder Pain (to include suspected rotator cuff injury)"
Musculoskeletal,3195799,"Primary soft tissue tumor, aggressive, thigh, local recurrence surveillance",https://gravitas.acr.org/ACPortal/GetDataForOneScenario?senarioId=6678,All,18 - 150,Lower extremity,"Cancer of the Lung (primary or metastatic, suspected or diagnosed), Hip Pain, Shoulder Pain (to include suspected rotator cuff injury)"
Musculoskeletal,3195818,"Primary soft tissue tumor, aggressive, wrist, local recurrence surveillance",https://gravitas.acr.org/ACPortal/GetDataForOneScenario?senarioId=6697,All,18 - 150,Upper extremity,"Cancer of the Lung (primary or metastatic, suspected or diagnosed), Hip Pain, Shoulder Pain (to include suspected rotator cuff injury)"
Musculoskeletal,3195795,"Primary soft tissue tumor, malignant, abdomen, local recurrence surveillance",https://gravitas.acr.org/ACPortal/GetDataForOneScenario?senarioId=6674,All,18 - 150,Abdomen,"Cancer of the Lung (primary or metastatic, suspected or diagnosed), Hip Pain, Shoulder Pain (to include suspected rotator cuff injury)"
Musculoskeletal,3195809,"Primary soft tissue tumor, malignant, ankle, local recurrence surveillance",https://gravitas.acr.org/ACPortal/GetDataForOneScenario?senarioId=6688,All,18 - 150,Lower extremity,"Cancer of the Lung (primary or metastatic, suspected or diagnosed), Hip Pain, Shoulder Pain (to include suspected rotator cuff injury)"
Musculoskeletal,3195810,"Primary soft tissue tumor, malignant, arm, local recurrence surveillance",https://gravitas.acr.org/ACPortal/GetDataForOneScenario?senarioId=6689,All,18 - 150,Upper extremity,"Cancer of the Lung (primary or metastatic, suspected or diagnosed), Hip Pain, Shoulder Pain (to include suspected rotator cuff injury)"
Musculoskeletal,3195807,"Primary soft tissue tumor, malignant, chest, local recurrence surveillance",https://gravitas.acr.org/ACPortal/GetDataForOneScenario?senarioId=6686,All,18 - 150,Chest,"Cancer of the Lung (primary or metastatic, suspected or diagnosed), Hip Pain, Shoulder Pain (to include suspected rotator cuff injury)"
Musculoskeletal,3195811,"Primary soft tissue tumor, malignant, elbow, local recurrence surveillance",https://gravitas.acr.org/ACPortal/GetDataForOneScenario?senarioId=6690,All,18 - 150,Upper extremity,"Cancer of the Lung (primary or metastatic, suspected or diagnosed), Hip Pain, Shoulder Pain (to include suspected rotator cuff injury)"
Musculoskeletal,3195812,"Primary soft tissue tumor, malignant, foot, local recurrence surveillance",https://gravitas.acr.org/ACPortal/GetDataForOneScenario?senarioId=6691,All,18 - 150,Lower extremity,"Cancer of the Lung (primary or metastatic, suspected or diagnosed), Hip Pain, Shoulder Pain (to include suspected rotator cuff injury)"
Musculoskeletal,3195813,"Primary soft tissue tumor, malignant, forearm, local recurrence surveillance",https://gravitas.acr.org/ACPortal/GetDataForOneScenario?senarioId=6692,All,18 - 150,Upper extremity,"Cancer of the Lung (primary or metastatic, suspected or diagnosed), Hip Pain, Shoulder Pain (to include suspected rotator cuff injury)"
Musculoskeletal,3195814,"Primary soft tissue tumor, malignant, hand, local recurrence surveillance",https://gravitas.acr.org/ACPortal/GetDataForOneScenario?senarioId=6693,All,18 - 150,Upper extremity,"Cancer of the Lung (primary or metastatic, suspected or diagnosed), Hip Pain, Shoulder Pain (to include suspected rotator cuff injury)"
Musculoskeletal,3195815,"Primary soft tissue tumor, malignant, knee, local recurrence surveillance",https://gravitas.acr.org/ACPortal/GetDataForOneScenario?senarioId=6694,All,18 - 150,Lower extremity,"Cancer of the Lung (primary or metastatic, suspected or diagnosed), Hip Pain, Shoulder Pain (to include suspected rotator cuff injury)"
Musculoskeletal,3195816,"Primary soft tissue tumor, malignant, leg, local recurrence surveillance",https://gravitas.acr.org/ACPortal/GetDataForOneScenario?senarioId=6695,All,18 - 150,Lower extremity,"Cancer of the Lung (primary or metastatic, suspected or diagnosed), Hip Pain, Shoulder Pain (to include suspected rotator cuff injury)"
Musculoskeletal,3195808,"Primary soft tissue tumor, malignant, pelvis, local recurrence surveillance",https://gravitas.acr.org/ACPortal/GetDataForOneScenario?senarioId=6687,All,18 - 150,Pelvis,"Cancer of the Lung (primary or metastatic, suspected or diagnosed), Hip Pain, Shoulder Pain (to include suspected rotator cuff injury)"
Musculoskeletal,3195820,"Primary soft tissue tumor, malignant, shoulder, local recurrence surveillance",https://gravitas.acr.org/ACPortal/GetDataForOneScenario?senarioId=6699,All,18 - 150,Upper extremity,"Cancer of the Lung (primary or metastatic, suspected or diagnosed), Hip Pain, Shoulder Pain (to include suspected rotator cuff injury)"
Musculoskeletal,3195817,"Primary soft tissue tumor, malignant, thigh, local recurrence surveillance",https://gravitas.acr.org/ACPortal/GetDataForOneScenario?senarioId=6696,All,18 - 150,Lower extremity,"Cancer of the Lung (primary or metastatic, suspected or diagnosed), Hip Pain, Shoulder Pain (to include suspected rotator cuff injury)"
Musculoskeletal,3195793,"Primary soft tissue tumor, malignant, wrist, local recurrence surveillance",https://gravitas.acr.org/ACPortal/GetDataForOneScenario?senarioId=6672,All,18 - 150,Upper extremity,"Cancer of the Lung (primary or metastatic, suspected or diagnosed), Hip Pain, Shoulder Pain (to include suspected rotator cuff injury)"
Musculoskeletal,3197412,"Radius and ulna stress fracture on radiography, next imaging study, associated complication",https://gravitas.acr.org/ACPortal/GetDataForOneScenario?senarioId=7711,All,18 - 150,Upper extremity,"Hip Pain, Shoulder Pain (to include suspected rotator cuff injury)"
Musculoskeletal,3197411,"Radius and ulna stress fracture on radiography, next imaging study, determining extent",https://gravitas.acr.org/ACPortal/GetDataForOneScenario?senarioId=7710,All,18 - 150,Upper extremity,"Hip Pain, Shoulder Pain (to include suspected rotator cuff injury)"
Musculoskeletal,3197400,"Ribs stress fracture on radiography, next imaging study, associated complication",https://gravitas.acr.org/ACPortal/GetDataForOneScenario?senarioId=7699,All,18 - 150,Chest,"Hip Pain, Shoulder Pain (to include suspected rotator cuff injury)"
Musculoskeletal,3197399,"Ribs stress fracture on radiography, next imaging study, determining extent",https://gravitas.acr.org/ACPortal/GetDataForOneScenario?senarioId=7698,All,18 - 150,Chest,"Hip Pain, Shoulder Pain (to include suspected rotator cuff injury)"
Musculoskeletal,3197422,"Sacrum stress fracture on radiography, next imaging study, associated complication",https://gravitas.acr.org/ACPortal/GetDataForOneScenario?senarioId=7721,All,18 - 150,Pelvis,"Hip Pain, Shoulder Pain (to include suspected rotator cuff injury)"
Musculoskeletal,3197421,"Sacrum stress fracture on radiography, next imaging study, determining extent",https://gravitas.acr.org/ACPortal/GetDataForOneScenario?senarioId=7720,All,18 - 150,Pelvis,"Hip Pain, Shoulder Pain (to include suspected rotator cuff injury)"
Musculoskeletal,3197270,"Sacrum stress fracture suspected, pregnant, radiography indeterminate, next imaging study.",https://gravitas.acr.org/ACPortal/GetDataForOneScenario?senarioId=7572,Female Only,10 - 60,Pelvis,"Hip Pain, Shoulder Pain (to include suspected rotator cuff injury)"
Musculoskeletal,3197271,"Sacrum stress fracture suspected, pregnant, radiography negative, next imaging study.",https://gravitas.acr.org/ACPortal/GetDataForOneScenario?senarioId=7573,Female Only,10 - 60,Pelvis,"Hip Pain, Shoulder Pain (to include suspected rotator cuff injury)"
Musculoskeletal,3195620,"Septic arthritis suspected, ankle, arthroplasty, radiography findings suggest septic arthritis, next imaging study",https://gravitas.acr.org/ACPortal/GetDataForOneScenario?senarioId=6520,All,18 - 150,Lower extremity,"Hip Pain, Shoulder Pain (to include suspected rotator cuff injury)"
Musculoskeletal,3195625,"Septic arthritis suspected, ankle, arthroplasty, radiography normal, next imaging study",https://gravitas.acr.org/ACPortal/GetDataForOneScenario?senarioId=6525,All,18 - 150,Lower extremity,"Hip Pain, Shoulder Pain (to include suspected rotator cuff injury)"
Musculoskeletal,3195630,"Septic arthritis suspected, ankle, implanted intra articular surgical hardware, radiography findings suggest septic arthritis, next imaging study",https://gravitas.acr.org/ACPortal/GetDataForOneScenario?senarioId=6530,All,18 - 150,Lower extremity,"Hip Pain, Shoulder Pain (to include suspected rotator cuff injury)"
Musculoskeletal,3195615,"Septic arthritis suspected, ankle, implanted intra articular surgical hardware, radiography normal, next imaging study",https://gravitas.acr.org/ACPortal/GetDataForOneScenario?senarioId=6515,All,18 - 150,Lower extremity,"Hip Pain, Shoulder Pain (to include suspected rotator cuff injury)"
Musculoskeletal,3195455,"Septic arthritis suspected, ankle, initial imaging",https://gravitas.acr.org/ACPortal/GetDataForOneScenario?senarioId=6359,All,18 - 150,Lower extremity,"Hip Pain, Shoulder Pain (to include suspected rotator cuff injury)"
Musculoskeletal,3195528,"Septic arthritis suspected, ankle, radiography findings suggest joint effusion, next imaging study",https://gravitas.acr.org/ACPortal/GetDataForOneScenario?senarioId=6431,All,18 - 150,Lower extremity,"Hip Pain, Shoulder Pain (to include suspected rotator cuff injury)"
Musculoskeletal,3195482,"Septic arthritis suspected, ankle, radiography findings suggest soft tissue swelling, next imaging study",https://gravitas.acr.org/ACPortal/GetDataForOneScenario?senarioId=6385,All,18 - 150,Lower extremity,"Hip Pain, Shoulder Pain (to include suspected rotator cuff injury)"
Musculoskeletal,3195539,"Septic arthritis suspected, ankle, radiography normal, next imaging study",https://gravitas.acr.org/ACPortal/GetDataForOneScenario?senarioId=6442,All,18 - 150,Lower extremity,"Hip Pain, Shoulder Pain (to include suspected rotator cuff injury)"
Musculoskeletal,3195621,"Septic arthritis suspected, elbow, arthroplasty, radiography findings suggest septic arthritis, next imaging study",https://gravitas.acr.org/ACPortal/GetDataForOneScenario?senarioId=6521,All,18 - 150,Upper extremity,"Hip Pain, Shoulder Pain (to include suspected rotator cuff injury)"
Musculoskeletal,3195626,"Septic arthritis suspected, elbow, arthroplasty, radiography normal, next imaging study",https://gravitas.acr.org/ACPortal/GetDataForOneScenario?senarioId=6526,All,18 - 150,Upper extremity,"Hip Pain, Shoulder Pain (to include suspected rotator cuff injury)"
Musculoskeletal,3195631,"Septic arthritis suspected, elbow, implanted intra articular surgical hardware, radiography findings suggest septic arthritis, next imaging study",https://gravitas.acr.org/ACPortal/GetDataForOneScenario?senarioId=6531,All,18 - 150,Upper extremity,"Hip Pain, Shoulder Pain (to include suspected rotator cuff injury)"
Musculoskeletal,3195616,"Septic arthritis suspected, elbow, implanted intra articular surgical hardware, radiography normal, next imaging study",https://gravitas.acr.org/ACPortal/GetDataForOneScenario?senarioId=6516,All,18 - 150,Upper extremity,"Hip Pain, Shoulder Pain (to include suspected rotator cuff injury)"
Musculoskeletal,3195456,"Septic arthritis suspected, elbow, initial imaging",https://gravitas.acr.org/ACPortal/GetDataForOneScenario?senarioId=6360,All,18 - 150,Upper extremity,"Hip Pain, Shoulder Pain (to include suspected rotator cuff injury)"
Musculoskeletal,3195529,"Septic arthritis suspected, elbow, radiography findings suggest joint effusion, next imaging study",https://gravitas.acr.org/ACPortal/GetDataForOneScenario?senarioId=6432,All,18 - 150,Upper extremity,"Hip Pain, Shoulder Pain (to include suspected rotator cuff injury)"
Musculoskeletal,3195533,"Septic arthritis suspected, elbow, radiography findings suggest soft tissue swelling, next imaging study",https://gravitas.acr.org/ACPortal/GetDataForOneScenario?senarioId=6436,All,18 - 150,Upper extremity,"Hip Pain, Shoulder Pain (to include suspected rotator cuff injury)"
Musculoskeletal,3195540,"Septic arthritis suspected, elbow, radiography normal, next imaging study",https://gravitas.acr.org/ACPortal/GetDataForOneScenario?senarioId=6443,All,18 - 150,Upper extremity,"Hip Pain, Shoulder Pain (to include suspected rotator cuff injury)"
Musculoskeletal,3195622,"Septic arthritis suspected, hip, arthroplasty, radiography findings suggest septic arthritis, next imaging study",https://gravitas.acr.org/ACPortal/GetDataForOneScenario?senarioId=6522,All,18 - 150,Lower extremity,"Hip Pain, Shoulder Pain (to include suspected rotator cuff injury)"
Musculoskeletal,3195627,"Septic arthritis suspected, hip, arthroplasty, radiography normal, next imaging study",https://gravitas.acr.org/ACPortal/GetDataForOneScenario?senarioId=6527,All,18 - 150,Lower extremity,"Hip Pain, Shoulder Pain (to include suspected rotator cuff injury)"
Musculoskeletal,3195632,"Septic arthritis suspected, hip, implanted intra articular surgical hardware, radiography findings suggest septic arthritis, next imaging study",https://gravitas.acr.org/ACPortal/GetDataForOneScenario?senarioId=6532,All,18 - 150,Lower extremity,"Hip Pain, Shoulder Pain (to include suspected rotator cuff injury)"
Musculoskeletal,3195617,"Septic arthritis suspected, hip, implanted intra articular surgical hardware, radiography normal, next imaging study",https://gravitas.acr.org/ACPortal/GetDataForOneScenario?senarioId=6517,All,18 - 150,Lower extremity,"Hip Pain, Shoulder Pain (to include suspected rotator cuff injury)"
Musculoskeletal,3195457,"Septic arthritis suspected, hip, initial imaging",https://gravitas.acr.org/ACPortal/GetDataForOneScenario?senarioId=6361,All,18 - 150,Lower extremity,"Hip Pain, Shoulder Pain (to include suspected rotator cuff injury)"
Musculoskeletal,3195530,"Septic arthritis suspected, hip, radiography findings suggest joint effusion, next imaging study",https://gravitas.acr.org/ACPortal/GetDataForOneScenario?senarioId=6433,All,18 - 150,Lower extremity,"Hip Pain, Shoulder Pain (to include suspected rotator cuff injury)"
Musculoskeletal,3195534,"Septic arthritis suspected, hip, radiography findings suggest soft tissue swelling, next imaging study",https://gravitas.acr.org/ACPortal/GetDataForOneScenario?senarioId=6437,All,18 - 150,Lower extremity,"Hip Pain, Shoulder Pain (to include suspected rotator cuff injury)"
Musculoskeletal,3195541,"Septic arthritis suspected, hip, radiography normal, next imaging study",https://gravitas.acr.org/ACPortal/GetDataForOneScenario?senarioId=6444,All,18 - 150,Lower extremity,"Hip Pain, Shoulder Pain (to include suspected rotator cuff injury)"
Musculoskeletal,3195623,"Septic arthritis suspected, knee, arthroplasty, radiography findings suggest septic arthritis, next imaging study",https://gravitas.acr.org/ACPortal/GetDataForOneScenario?senarioId=6523,All,18 - 150,Lower extremity,"Hip Pain, Shoulder Pain (to include suspected rotator cuff injury)"
Musculoskeletal,3195628,"Septic arthritis suspected, knee, arthroplasty, radiography normal, next imaging study",https://gravitas.acr.org/ACPortal/GetDataForOneScenario?senarioId=6528,All,18 - 150,Lower extremity,"Hip Pain, Shoulder Pain (to include suspected rotator cuff injury)"
Musculoskeletal,3195633,"Septic arthritis suspected, knee, implanted intra articular surgical hardware, radiography findings suggest septic arthritis, next imaging study",https://gravitas.acr.org/ACPortal/GetDataForOneScenario?senarioId=6533,All,18 - 150,Lower extremity,"Hip Pain, Shoulder Pain (to include suspected rotator cuff injury)"
Musculoskeletal,3195618,"Septic arthritis suspected, knee, implanted intra articular surgical hardware, radiography normal, next imaging study",https://gravitas.acr.org/ACPortal/GetDataForOneScenario?senarioId=6518,All,18 - 150,Lower extremity,"Hip Pain, Shoulder Pain (to include suspected rotator cuff injury)"
Musculoskeletal,3195458,"Septic arthritis suspected, knee, initial imaging",https://gravitas.acr.org/ACPortal/GetDataForOneScenario?senarioId=6362,All,18 - 150,Lower extremity,"Hip Pain, Shoulder Pain (to include suspected rotator cuff injury)"
Musculoskeletal,3195531,"Septic arthritis suspected, knee, radiography findings suggest joint effusion, next imaging study",https://gravitas.acr.org/ACPortal/GetDataForOneScenario?senarioId=6434,All,18 - 150,Lower extremity,"Hip Pain, Shoulder Pain (to include suspected rotator cuff injury)"
Musculoskeletal,3195535,"Septic arthritis suspected, knee, radiography findings suggest soft tissue swelling, next imaging study",https://gravitas.acr.org/ACPortal/GetDataForOneScenario?senarioId=6438,All,18 - 150,Lower extremity,"Hip Pain, Shoulder Pain (to include suspected rotator cuff injury)"
Musculoskeletal,3195542,"Septic arthritis suspected, knee, radiography normal, next imaging study",https://gravitas.acr.org/ACPortal/GetDataForOneScenario?senarioId=6445,All,18 - 150,Lower extremity,"Hip Pain, Shoulder Pain (to include suspected rotator cuff injury)"
Musculoskeletal,3195624,"Septic arthritis suspected, shoulder, arthroplasty, radiography findings suggest septic arthritis, next imaging study",https://gravitas.acr.org/ACPortal/GetDataForOneScenario?senarioId=6524,All,18 - 150,Upper extremity,"Hip Pain, Shoulder Pain (to include suspected rotator cuff injury)"
Musculoskeletal,3195629,"Septic arthritis suspected, shoulder, arthroplasty, radiography normal, next imaging study",https://gravitas.acr.org/ACPortal/GetDataForOneScenario?senarioId=6529,All,18 - 150,Upper extremity,"Hip Pain, Shoulder Pain (to include suspected rotator cuff injury)"
Musculoskeletal,3195634,"Septic arthritis suspected, shoulder, implanted intra articular surgical hardware, radiography findings suggest septic arthritis, next imaging study",https://gravitas.acr.org/ACPortal/GetDataForOneScenario?senarioId=6534,All,18 - 150,Upper extremity,"Hip Pain, Shoulder Pain (to include suspected rotator cuff injury)"
Musculoskeletal,3195619,"Septic arthritis suspected, shoulder, implanted intra articular surgical hardware, radiography normal, next imaging study",https://gravitas.acr.org/ACPortal/GetDataForOneScenario?senarioId=6519,All,18 - 150,Upper extremity,"Hip Pain, Shoulder Pain (to include suspected rotator cuff injury)"
Musculoskeletal,3195459,"Septic arthritis suspected, shoulder, initial imaging",https://gravitas.acr.org/ACPortal/GetDataForOneScenario?senarioId=6363,All,18 - 150,Upper extremity,"Hip Pain, Shoulder Pain (to include suspected rotator cuff injury)"
Musculoskeletal,3195532,"Septic arthritis suspected, shoulder, radiography findings suggest joint effusion, next imaging study",https://gravitas.acr.org/ACPortal/GetDataForOneScenario?senarioId=6435,All,18 - 150,Upper extremity,"Hip Pain, Shoulder Pain (to include suspected rotator cuff injury)"
Musculoskeletal,3195536,"Septic arthritis suspected, shoulder, radiography findings suggest soft tissue swelling, next imaging study",https://gravitas.acr.org/ACPortal/GetDataForOneScenario?senarioId=6439,All,18 - 150,Upper extremity,"Hip Pain, Shoulder Pain (to include suspected rotator cuff injury)"
Musculoskeletal,3195543,"Septic arthritis suspected, shoulder, radiography normal, next imaging study",https://gravitas.acr.org/ACPortal/GetDataForOneScenario?senarioId=6446,All,18 - 150,Upper extremity,"Hip Pain, Shoulder Pain (to include suspected rotator cuff injury)"
Musculoskeletal,3195613,"Septic arthritis suspected, wrist, arthroplasty, radiography findings suggest septic arthritis, next imaging study",https://gravitas.acr.org/ACPortal/GetDataForOneScenario?senarioId=6513,All,18 - 150,Upper extremity,"Hip Pain, Shoulder Pain (to include suspected rotator cuff injury)"
Musculoskeletal,3195612,"Septic arthritis suspected, wrist, arthroplasty, radiography normal, next imaging study",https://gravitas.acr.org/ACPortal/GetDataForOneScenario?senarioId=6512,All,18 - 150,Upper extremity,"Hip Pain, Shoulder Pain (to include suspected rotator cuff injury)"
Musculoskeletal,3195611,"Septic arthritis suspected, wrist, implanted intra articular surgical hardware, radiography findings suggest septic arthritis, next imaging study",https://gravitas.acr.org/ACPortal/GetDataForOneScenario?senarioId=6511,All,18 - 150,Upper extremity,"Hip Pain, Shoulder Pain (to include suspected rotator cuff injury)"
Musculoskeletal,3195614,"Septic arthritis suspected, wrist, implanted intra articular surgical hardware, radiography normal, next imaging study",https://gravitas.acr.org/ACPortal/GetDataForOneScenario?senarioId=6514,All,18 - 150,Upper extremity,"Hip Pain, Shoulder Pain (to include suspected rotator cuff injury)"
Musculoskeletal,3195442,"Septic arthritis suspected, wrist, initial imaging",https://gravitas.acr.org/ACPortal/GetDataForOneScenario?senarioId=6346,All,18 - 150,Upper extremity,"Hip Pain, Shoulder Pain (to include suspected rotator cuff injury)"
Musculoskeletal,3195481,"Septic arthritis suspected, wrist, radiography findings suggest joint effusion, next imaging study",https://gravitas.acr.org/ACPortal/GetDataForOneScenario?senarioId=6384,All,18 - 150,Upper extremity,"Hip Pain, Shoulder Pain (to include suspected rotator cuff injury)"
Musculoskeletal,3195537,"Septic arthritis suspected, wrist, radiography findings suggest soft tissue swelling, next imaging study",https://gravitas.acr.org/ACPortal/GetDataForOneScenario?senarioId=6440,All,18 - 150,Upper extremity,"Hip Pain, Shoulder Pain (to include suspected rotator cuff injury)"
Musculoskeletal,3195483,"Septic arthritis suspected, wrist, radiography normal, next imaging study",https://gravitas.acr.org/ACPortal/GetDataForOneScenario?senarioId=6386,All,18 - 150,Upper extremity,"Hip Pain, Shoulder Pain (to include suspected rotator cuff injury)"
Musculoskeletal,3195935,"Shoulder pain, chronic, adhesive capsulitis suspected, radiography inconclusive, next imaging study",https://gravitas.acr.org/ACPortal/GetDataForOneScenario?senarioId=6745,All,18 - 150,Upper extremity,Shoulder Pain (to include suspected rotator cuff injury)
Musculoskeletal,3141524,"Shoulder pain, chronic, adhesive capsulitis suspected, radiography normal, next imaging study",https://gravitas.acr.org/ACPortal/GetDataForOneScenario?senarioId=3562,All,18 - 150,Upper extremity,Shoulder Pain (to include suspected rotator cuff injury)
Musculoskeletal,3141654,"Shoulder pain, chronic, biceps tendon abnormality suspected, radiography inconclusive, next imaging study",https://gravitas.acr.org/ACPortal/GetDataForOneScenario?senarioId=4452,All,18 - 150,Upper extremity,Shoulder Pain (to include suspected rotator cuff injury)
Musculoskeletal,3141653,"Shoulder pain, chronic, biceps tendon abnormality suspected, radiography normal, next imaging study",https://gravitas.acr.org/ACPortal/GetDataForOneScenario?senarioId=4451,All,18 - 150,Upper extremity,Shoulder Pain (to include suspected rotator cuff injury)
Musculoskeletal,3195931,"Shoulder pain, chronic, calcific bursitis on radiography, next imaging study",https://gravitas.acr.org/ACPortal/GetDataForOneScenario?senarioId=6741,All,18 - 150,Upper extremity,Shoulder Pain (to include suspected rotator cuff injury)
Musculoskeletal,3141522,"Shoulder pain, chronic, calcific tendinopathy on radiography, next imaging study",https://gravitas.acr.org/ACPortal/GetDataForOneScenario?senarioId=3560,All,18 - 150,Upper extremity,Shoulder Pain (to include suspected rotator cuff injury)
Musculoskeletal,3196129,"Shoulder pain, chronic, crystalline arthritis suspected, gout, initial imaging",https://gravitas.acr.org/ACPortal/GetDataForOneScenario?senarioId=6863,All,18 - 150,Upper extremity,"Hip Pain, Shoulder Pain (to include suspected rotator cuff injury)"
Musculoskeletal,3196128,"Shoulder pain, chronic, crystalline arthritis suspected, pseudogout, initial imaging",https://gravitas.acr.org/ACPortal/GetDataForOneScenario?senarioId=6862,All,18 - 150,Upper extremity,"Hip Pain, Shoulder Pain (to include suspected rotator cuff injury)"
Musculoskeletal,3196127,"Shoulder pain, chronic, erosive osteoarthritis suspected, initial imaging",https://gravitas.acr.org/ACPortal/GetDataForOneScenario?senarioId=6861,All,18 - 150,Upper extremity,"Hip Pain, Shoulder Pain (to include suspected rotator cuff injury)"
Musculoskeletal,3196216,"Shoulder pain, chronic, erosive osteoarthritis suspected, radiography inconclusive, next imaging study",https://gravitas.acr.org/ACPortal/GetDataForOneScenario?senarioId=6946,All,18 - 150,Upper extremity,"Hip Pain, Shoulder Pain (to include suspected rotator cuff injury)"
Musculoskeletal,3108760,"Shoulder pain, chronic, erosive osteoarthritis suspected, radiography normal, next imaging study",https://gravitas.acr.org/ACPortal/GetDataForOneScenario?senarioId=2564,All,18 - 150,Upper extremity,"Hip Pain, Shoulder Pain (to include suspected rotator cuff injury)"
Musculoskeletal,3196182,"Shoulder pain, chronic, gout suspected, radiography inconclusive, next imaging study",https://gravitas.acr.org/ACPortal/GetDataForOneScenario?senarioId=6914,All,18 - 150,Upper extremity,"Hip Pain, Shoulder Pain (to include suspected rotator cuff injury)"
Musculoskeletal,3196190,"Shoulder pain, chronic, gout suspected, radiography normal, next imaging study",https://gravitas.acr.org/ACPortal/GetDataForOneScenario?senarioId=6922,All,18 - 150,Upper extremity,"Hip Pain, Shoulder Pain (to include suspected rotator cuff injury)"
Musculoskeletal,3195924,"Shoulder pain, chronic, initial imaging",https://gravitas.acr.org/ACPortal/GetDataForOneScenario?senarioId=6736,All,18 - 150,Upper extremity,Shoulder Pain (to include suspected rotator cuff injury)
Musculoskeletal,3195934,"Shoulder pain, chronic, labral pathology suspected, radiography inconclusive, next imaging study",https://gravitas.acr.org/ACPortal/GetDataForOneScenario?senarioId=6744,All,18 - 150,Upper extremity,Shoulder Pain (to include suspected rotator cuff injury)
Musculoskeletal,3141523,"Shoulder pain, chronic, labral pathology suspected, radiography normal, next imaging study",https://gravitas.acr.org/ACPortal/GetDataForOneScenario?senarioId=3561,All,18 - 150,Upper extremity,Shoulder Pain (to include suspected rotator cuff injury)
Musculoskeletal,3141527,"Shoulder pain, chronic, osteoarthritis on radiography, next imaging study",https://gravitas.acr.org/ACPortal/GetDataForOneScenario?senarioId=3565,All,18 - 150,Upper extremity,Shoulder Pain (to include suspected rotator cuff injury)
Musculoskeletal,3196207,"Shoulder pain, chronic, pseudogout suspected, radiography inconclusive, next imaging study",https://gravitas.acr.org/ACPortal/GetDataForOneScenario?senarioId=6938,All,18 - 150,Upper extremity,"Hip Pain, Shoulder Pain (to include suspected rotator cuff injury)"
Musculoskeletal,3196199,"Shoulder pain, chronic, pseudogout suspected, radiography normal, next imaging study",https://gravitas.acr.org/ACPortal/GetDataForOneScenario?senarioId=6930,All,18 - 150,Upper extremity,"Hip Pain, Shoulder Pain (to include suspected rotator cuff injury)"
Musculoskeletal,3195940,"Shoulder pain, chronic, rotator cuff disorders suspected, hx of rotator cuff repair, radiography inconclusive, next imaging study",https://gravitas.acr.org/ACPortal/GetDataForOneScenario?senarioId=6748,All,18 - 150,Upper extremity,Shoulder Pain (to include suspected rotator cuff injury)
Musculoskeletal,3195941,"Shoulder pain, chronic, rotator cuff disorders suspected, hx of rotator cuff repair, radiography normal, next imaging study",https://gravitas.acr.org/ACPortal/GetDataForOneScenario?senarioId=6749,All,18 - 150,Upper extremity,Shoulder Pain (to include suspected rotator cuff injury)
Musculoskeletal,3195927,"Shoulder pain, chronic, rotator cuff disorders suspected, no hx of surgery, radiography inconclusive, next imaging study",https://gravitas.acr.org/ACPortal/GetDataForOneScenario?senarioId=6738,All,18 - 150,Upper extremity,Shoulder Pain (to include suspected rotator cuff injury)
Musculoskeletal,3195926,"Shoulder pain, chronic, rotator cuff disorders suspected, no hx of surgery, radiography normal, next imaging study",https://gravitas.acr.org/ACPortal/GetDataForOneScenario?senarioId=6737,All,18 - 150,Upper extremity,Shoulder Pain (to include suspected rotator cuff injury)
Musculoskeletal,3196130,"Shoulder pain, chronic, seronegative inflammatory arthritis suspected, initial imaging",https://gravitas.acr.org/ACPortal/GetDataForOneScenario?senarioId=6864,All,18 - 150,Upper extremity,"Hip Pain, Shoulder Pain (to include suspected rotator cuff injury)"
Musculoskeletal,3196171,"Shoulder pain, chronic, seronegative inflammatory arthritis suspected, radiography inconclusive, next imaging study",https://gravitas.acr.org/ACPortal/GetDataForOneScenario?senarioId=6904,All,18 - 150,Upper extremity,"Hip Pain, Shoulder Pain (to include suspected rotator cuff injury)"
Musculoskeletal,3196147,"Shoulder pain, chronic, seronegative inflammatory arthritis suspected, radiography normal, next imaging study",https://gravitas.acr.org/ACPortal/GetDataForOneScenario?senarioId=6880,All,18 - 150,Upper extremity,"Hip Pain, Shoulder Pain (to include suspected rotator cuff injury)"
Musculoskeletal,3196131,"Shoulder pain, chronic, seropositive inflammatory arthritis suspected, initial imaging",https://gravitas.acr.org/ACPortal/GetDataForOneScenario?senarioId=6865,All,18 - 150,Upper extremity,"Hip Pain, Shoulder Pain (to include suspected rotator cuff injury)"
Musculoskeletal,3196172,"Shoulder pain, chronic, seropositive inflammatory arthritis suspected, radiography inconclusive, next imaging study",https://gravitas.acr.org/ACPortal/GetDataForOneScenario?senarioId=6905,All,18 - 150,Upper extremity,"Hip Pain, Shoulder Pain (to include suspected rotator cuff injury)"
Musculoskeletal,3196148,"Shoulder pain, chronic, seropositive inflammatory arthritis suspected, radiography normal, next imaging study",https://gravitas.acr.org/ACPortal/GetDataForOneScenario?senarioId=6881,All,18 - 150,Upper extremity,"Hip Pain, Shoulder Pain (to include suspected rotator cuff injury)"
Musculoskeletal,3195932,"Shoulder pain, chronic, shoulder instability suspected, radiography inconclusive, next imaging study",https://gravitas.acr.org/ACPortal/GetDataForOneScenario?senarioId=6742,All,18 - 150,Upper extremity,Shoulder Pain (to include suspected rotator cuff injury)
Musculoskeletal,3195933,"Shoulder pain, chronic, shoulder instability suspected, radiography normal, next imaging study",https://gravitas.acr.org/ACPortal/GetDataForOneScenario?senarioId=6743,All,18 - 150,Upper extremity,Shoulder Pain (to include suspected rotator cuff injury)
Musculoskeletal,3195939,"Shoulder pain, chronic, subacromial subdeltoid bursitis suspected, hx of rotator cuff repair, radiography inconclusive, next imaging study",https://gravitas.acr.org/ACPortal/GetDataForOneScenario?senarioId=6747,All,18 - 150,Upper extremity,Shoulder Pain (to include suspected rotator cuff injury)
Musculoskeletal,3195938,"Shoulder pain, chronic, subacromial subdeltoid bursitis suspected, hx of rotator cuff repair, radiography normal, next imaging study",https://gravitas.acr.org/ACPortal/GetDataForOneScenario?senarioId=6746,All,18 - 150,Upper extremity,Shoulder Pain (to include suspected rotator cuff injury)
Musculoskeletal,3195928,"Shoulder pain, chronic, subacromial subdeltoid bursitis suspected, no hx of surgery, radiography inconclusive, next imaging study",https://gravitas.acr.org/ACPortal/GetDataForOneScenario?senarioId=6739,All,18 - 150,Upper extremity,Shoulder Pain (to include suspected rotator cuff injury)
Musculoskeletal,3195929,"Shoulder pain, chronic, subacromial subdeltoid bursitis suspected, no hx of surgery, radiography normal, next imaging study",https://gravitas.acr.org/ACPortal/GetDataForOneScenario?senarioId=6740,All,18 - 150,Upper extremity,Shoulder Pain (to include suspected rotator cuff injury)
Musculoskeletal,3194892,"Shoulder replaced, asymptomatic, routine follow up imaging",https://gravitas.acr.org/ACPortal/GetDataForOneScenario?senarioId=5983,All,18 - 150,Upper extremity,Shoulder Pain (to include suspected rotator cuff injury)
Musculoskeletal,3194893,"Shoulder replaced, symptomatic, Initial imaging",https://gravitas.acr.org/ACPortal/GetDataForOneScenario?senarioId=5984,All,18 - 150,Upper extremity,Shoulder Pain (to include suspected rotator cuff injury)
Musculoskeletal,3194895,"Shoulder replaced, symptomatic, loosening suspected, no infection, radiographs performed, next imaging study",https://gravitas.acr.org/ACPortal/GetDataForOneScenario?senarioId=5986,All,18 - 150,Upper extremity,Shoulder Pain (to include suspected rotator cuff injury)
Musculoskeletal,3194897,"Shoulder replaced, symptomatic, rotator cuff tear suspected, no infection, radiographs performed, next imaging study",https://gravitas.acr.org/ACPortal/GetDataForOneScenario?senarioId=5987,All,18 - 150,Upper extremity,Shoulder Pain (to include suspected rotator cuff injury)
Musculoskeletal,3194894,"Shoulder replaced, symptomatic, rule out infection, radiographs performed, next imaging study",https://gravitas.acr.org/ACPortal/GetDataForOneScenario?senarioId=5985,All,18 - 150,Upper extremity,Shoulder Pain (to include suspected rotator cuff injury)
Musculoskeletal,3194898,"Shoulder replaced, symptomatic, soft tissue abnormality suspected, no infection, radiographs performed, next imaging study",https://gravitas.acr.org/ACPortal/GetDataForOneScenario?senarioId=5988,All,18 - 150,Upper extremity,Shoulder Pain (to include suspected rotator cuff injury)
Musculoskeletal,3197398,"Shoulder stress fracture on radiography, next imaging study, associated complication",https://gravitas.acr.org/ACPortal/GetDataForOneScenario?senarioId=7697,All,18 - 150,Upper extremity,"Hip Pain, Shoulder Pain (to include suspected rotator cuff injury)"
Musculoskeletal,3197397,"Shoulder stress fracture on radiography, next imaging study, determining extent",https://gravitas.acr.org/ACPortal/GetDataForOneScenario?senarioId=7696,All,18 - 150,Upper extremity,"Hip Pain, Shoulder Pain (to include suspected rotator cuff injury)"
Musculoskeletal,3128546,"Shoulder trauma, bankart or hill-sachs lesion by radiography",https://gravitas.acr.org/ACPortal/GetDataForOneScenario?senarioId=3377,All,18 - 150,Upper extremity,Shoulder Pain (to include suspected rotator cuff injury)
Musculoskeletal,3131573,"Shoulder trauma, dislocation suspected, neg radiography",https://gravitas.acr.org/ACPortal/GetDataForOneScenario?senarioId=3423,All,18 - 150,Upper extremity,Shoulder Pain (to include suspected rotator cuff injury)
Musculoskeletal,3128544,"Shoulder trauma, humeral head or neck fx by radiography",https://gravitas.acr.org/ACPortal/GetDataForOneScenario?senarioId=3375,All,18 - 150,Upper extremity,Shoulder Pain (to include suspected rotator cuff injury)
Musculoskeletal,3131574,"Shoulder trauma, instability suspected, neg radiography",https://gravitas.acr.org/ACPortal/GetDataForOneScenario?senarioId=3424,All,18 - 150,Upper extremity,Shoulder Pain (to include suspected rotator cuff injury)
Musculoskeletal,3128548,"Shoulder trauma, labral tear suspected, neg radiography",https://gravitas.acr.org/ACPortal/GetDataForOneScenario?senarioId=3379,All,18 - 150,Upper extremity,Shoulder Pain (to include suspected rotator cuff injury)
Musculoskeletal,3128551,"Shoulder trauma, neuropathic syndrome, radiography done",https://gravitas.acr.org/ACPortal/GetDataForOneScenario?senarioId=3382,All,18 - 150,Upper extremity,Shoulder Pain (to include suspected rotator cuff injury)
Musculoskeletal,3128543,"Shoulder trauma, nonlocalized pain, neg radiography",https://gravitas.acr.org/ACPortal/GetDataForOneScenario?senarioId=3374,All,18 - 150,Upper extremity,Shoulder Pain (to include suspected rotator cuff injury)
Musculoskeletal,3128542,"Shoulder trauma, pain, initial exam",https://gravitas.acr.org/ACPortal/GetDataForOneScenario?senarioId=3373,All,18 - 150,Upper extremity,Shoulder Pain (to include suspected rotator cuff injury)
Musculoskeletal,3128549,"Shoulder trauma, rotator cuff tear suspected, neg radiography",https://gravitas.acr.org/ACPortal/GetDataForOneScenario?senarioId=3380,All,18 - 150,Upper extremity,Shoulder Pain (to include suspected rotator cuff injury)
Musculoskeletal,3128545,"Shoulder trauma, scapula fx by radiography",https://gravitas.acr.org/ACPortal/GetDataForOneScenario?senarioId=3376,All,18 - 150,Upper extremity,Shoulder Pain (to include suspected rotator cuff injury)
Musculoskeletal,3128550,"Shoulder trauma, vascular compromise suspected, radiography done",https://gravitas.acr.org/ACPortal/GetDataForOneScenario?senarioId=3381,All,18 - 150,Upper extremity,Shoulder Pain (to include suspected rotator cuff injury)
Musculoskeletal,3195637,"Soft tissue infection suspected, abdomen, hx of puncture wound, possible foreign body retained, radiography normal, next imaging study",https://gravitas.acr.org/ACPortal/GetDataForOneScenario?senarioId=6536,All,18 - 150,Abdomen,"Hip Pain, Shoulder Pain (to include suspected rotator cuff injury)"
Musculoskeletal,3195460,"Soft tissue infection suspected, abdomen, initial imaging",https://gravitas.acr.org/ACPortal/GetDataForOneScenario?senarioId=6364,All,18 - 150,Abdomen,"Hip Pain, Shoulder Pain (to include suspected rotator cuff injury)"
Musculoskeletal,3195484,"Soft tissue infection suspected, abdomen, radiography findings suggest joint effusion, next imaging study",https://gravitas.acr.org/ACPortal/GetDataForOneScenario?senarioId=6387,All,18 - 150,Abdomen,"Hip Pain, Shoulder Pain (to include suspected rotator cuff injury)"
Musculoskeletal,3195513,"Soft tissue infection suspected, abdomen, radiography findings suggest soft tissue swelling, next imaging study",https://gravitas.acr.org/ACPortal/GetDataForOneScenario?senarioId=6416,All,18 - 150,Abdomen,"Hip Pain, Shoulder Pain (to include suspected rotator cuff injury)"
Musculoskeletal,3195655,"Soft tissue infection suspected, abdomen, radiography normal, necrotizing fasciitis highly suspected, next imaging study",https://gravitas.acr.org/ACPortal/GetDataForOneScenario?senarioId=6553,All,18 - 150,Abdomen,"Hip Pain, Shoulder Pain (to include suspected rotator cuff injury)"
Musculoskeletal,3195498,"Soft tissue infection suspected, abdomen, radiography normal, next imaging study",https://gravitas.acr.org/ACPortal/GetDataForOneScenario?senarioId=6401,All,18 - 150,Abdomen,"Hip Pain, Shoulder Pain (to include suspected rotator cuff injury)"
Musculoskeletal,3195670,"Soft tissue infection suspected, abdomen, soft tissue gas on radiography, no puncture wound, next imaging study",https://gravitas.acr.org/ACPortal/GetDataForOneScenario?senarioId=6568,All,18 - 150,Abdomen,"Hip Pain, Shoulder Pain (to include suspected rotator cuff injury)"
Musculoskeletal,3195636,"Soft tissue infection suspected, ankle, hx of puncture wound, possible foreign body retained, radiography normal, next imaging study",https://gravitas.acr.org/ACPortal/GetDataForOneScenario?senarioId=6535,All,18 - 150,Lower extremity,"Hip Pain, Shoulder Pain (to include suspected rotator cuff injury)"
Musculoskeletal,3195595,"Soft tissue infection suspected, ankle, implanted extra articular surgical hardware, radiography findings suggest osteomyelitis, next imaging study",https://gravitas.acr.org/ACPortal/GetDataForOneScenario?senarioId=6496,All,18 - 150,Lower extremity,"Hip Pain, Shoulder Pain (to include suspected rotator cuff injury)"
Musculoskeletal,3195600,"Soft tissue infection suspected, ankle, implanted extra articular surgical hardware, radiography findings suggest soft tissue infection, next imaging study",https://gravitas.acr.org/ACPortal/GetDataForOneScenario?senarioId=6501,All,18 - 150,Lower extremity,"Hip Pain, Shoulder Pain (to include suspected rotator cuff injury)"
Musculoskeletal,3195590,"Soft tissue infection suspected, ankle, implanted extra articular surgical hardware, radiography normal, next imaging study",https://gravitas.acr.org/ACPortal/GetDataForOneScenario?senarioId=6491,All,18 - 150,Lower extremity,"Hip Pain, Shoulder Pain (to include suspected rotator cuff injury)"
Musculoskeletal,3195461,"Soft tissue infection suspected, ankle, initial imaging",https://gravitas.acr.org/ACPortal/GetDataForOneScenario?senarioId=6365,All,18 - 150,Lower extremity,"Hip Pain, Shoulder Pain (to include suspected rotator cuff injury)"
Musculoskeletal,3195486,"Soft tissue infection suspected, ankle, radiography findings suggest joint effusion, next imaging study",https://gravitas.acr.org/ACPortal/GetDataForOneScenario?senarioId=6389,All,18 - 150,Lower extremity,"Hip Pain, Shoulder Pain (to include suspected rotator cuff injury)"
Musculoskeletal,3195515,"Soft tissue infection suspected, ankle, radiography findings suggest soft tissue swelling, next imaging study",https://gravitas.acr.org/ACPortal/GetDataForOneScenario?senarioId=6418,All,18 - 150,Lower extremity,"Hip Pain, Shoulder Pain (to include suspected rotator cuff injury)"
Musculoskeletal,3195657,"Soft tissue infection suspected, ankle, radiography normal, necrotizing fasciitis highly suspected, next imaging study",https://gravitas.acr.org/ACPortal/GetDataForOneScenario?senarioId=6555,All,18 - 150,Lower extremity,"Hip Pain, Shoulder Pain (to include suspected rotator cuff injury)"
Musculoskeletal,3195500,"Soft tissue infection suspected, ankle, radiography normal, next imaging study",https://gravitas.acr.org/ACPortal/GetDataForOneScenario?senarioId=6403,All,18 - 150,Lower extremity,"Hip Pain, Shoulder Pain (to include suspected rotator cuff injury)"
Musculoskeletal,3195672,"Soft tissue infection suspected, ankle, soft tissue gas on radiography, no puncture wound, next imaging study",https://gravitas.acr.org/ACPortal/GetDataForOneScenario?senarioId=6570,All,18 - 150,Lower extremity,"Hip Pain, Shoulder Pain (to include suspected rotator cuff injury)"
Musculoskeletal,3195639,"Soft tissue infection suspected, chest, hx of puncture wound, possible foreign body retained, radiography normal, next imaging study",https://gravitas.acr.org/ACPortal/GetDataForOneScenario?senarioId=6538,All,18 - 150,Chest,"Hip Pain, Shoulder Pain (to include suspected rotator cuff injury)"
Musculoskeletal,3195462,"Soft tissue infection suspected, chest, initial imaging",https://gravitas.acr.org/ACPortal/GetDataForOneScenario?senarioId=6366,All,18 - 150,Chest,"Hip Pain, Shoulder Pain (to include suspected rotator cuff injury)"
Musculoskeletal,3195538,"Soft tissue infection suspected, chest, radiography findings suggest joint effusion, next imaging study",https://gravitas.acr.org/ACPortal/GetDataForOneScenario?senarioId=6441,All,18 - 150,Chest,"Hip Pain, Shoulder Pain (to include suspected rotator cuff injury)"
Musculoskeletal,3195516,"Soft tissue infection suspected, chest, radiography findings suggest soft tissue swelling, next imaging study",https://gravitas.acr.org/ACPortal/GetDataForOneScenario?senarioId=6419,All,18 - 150,Chest,"Hip Pain, Shoulder Pain (to include suspected rotator cuff injury)"
Musculoskeletal,3195658,"Soft tissue infection suspected, chest, radiography normal, necrotizing fasciitis highly suspected, next imaging study",https://gravitas.acr.org/ACPortal/GetDataForOneScenario?senarioId=6556,All,18 - 150,Chest,"Hip Pain, Shoulder Pain (to include suspected rotator cuff injury)"
Musculoskeletal,3195501,"Soft tissue infection suspected, chest, radiography normal, next imaging study",https://gravitas.acr.org/ACPortal/GetDataForOneScenario?senarioId=6404,All,18 - 150,Chest,"Hip Pain, Shoulder Pain (to include suspected rotator cuff injury)"
Musculoskeletal,3195673,"Soft tissue infection suspected, chest, soft tissue gas on radiography, no puncture wound, next imaging study",https://gravitas.acr.org/ACPortal/GetDataForOneScenario?senarioId=6571,All,18 - 150,Chest,"Hip Pain, Shoulder Pain (to include suspected rotator cuff injury)"
Musculoskeletal,3195640,"Soft tissue infection suspected, elbow, hx of puncture wound, possible foreign body retained, radiography normal, next imaging study",https://gravitas.acr.org/ACPortal/GetDataForOneScenario?senarioId=6539,All,18 - 150,Upper extremity,"Hip Pain, Shoulder Pain (to include suspected rotator cuff injury)"
Musculoskeletal,3195596,"Soft tissue infection suspected, elbow, implanted extra articular surgical hardware, radiography findings suggest osteomyelitis, next imaging study",https://gravitas.acr.org/ACPortal/GetDataForOneScenario?senarioId=6497,All,18 - 150,Upper extremity,"Hip Pain, Shoulder Pain (to include suspected rotator cuff injury)"
Musculoskeletal,3195601,"Soft tissue infection suspected, elbow, implanted extra articular surgical hardware, radiography findings suggest soft tissue infection, next imaging study",https://gravitas.acr.org/ACPortal/GetDataForOneScenario?senarioId=6502,All,18 - 150,Upper extremity,"Hip Pain, Shoulder Pain (to include suspected rotator cuff injury)"
Musculoskeletal,3195591,"Soft tissue infection suspected, elbow, implanted extra articular surgical hardware, radiography normal, next imaging study",https://gravitas.acr.org/ACPortal/GetDataForOneScenario?senarioId=6492,All,18 - 150,Upper extremity,"Hip Pain, Shoulder Pain (to include suspected rotator cuff injury)"
Musculoskeletal,3195463,"Soft tissue infection suspected, elbow, initial imaging",https://gravitas.acr.org/ACPortal/GetDataForOneScenario?senarioId=6367,All,18 - 150,Upper extremity,"Hip Pain, Shoulder Pain (to include suspected rotator cuff injury)"
Musculoskeletal,3195487,"Soft tissue infection suspected, elbow, radiography findings suggest joint effusion, next imaging study",https://gravitas.acr.org/ACPortal/GetDataForOneScenario?senarioId=6390,All,18 - 150,Upper extremity,"Hip Pain, Shoulder Pain (to include suspected rotator cuff injury)"
Musculoskeletal,3195517,"Soft tissue infection suspected, elbow, radiography findings suggest soft tissue swelling, next imaging study",https://gravitas.acr.org/ACPortal/GetDataForOneScenario?senarioId=6420,All,18 - 150,Upper extremity,"Hip Pain, Shoulder Pain (to include suspected rotator cuff injury)"
Musculoskeletal,3195659,"Soft tissue infection suspected, elbow, radiography normal, necrotizing fasciitis highly suspected, next imaging study",https://gravitas.acr.org/ACPortal/GetDataForOneScenario?senarioId=6557,All,18 - 150,Upper extremity,"Hip Pain, Shoulder Pain (to include suspected rotator cuff injury)"
Musculoskeletal,3195502,"Soft tissue infection suspected, elbow, radiography normal, next imaging study",https://gravitas.acr.org/ACPortal/GetDataForOneScenario?senarioId=6405,All,18 - 150,Upper extremity,"Hip Pain, Shoulder Pain (to include suspected rotator cuff injury)"
Musculoskeletal,3195674,"Soft tissue infection suspected, elbow, soft tissue gas on radiography, no puncture wound, next imaging study",https://gravitas.acr.org/ACPortal/GetDataForOneScenario?senarioId=6572,All,18 - 150,Upper extremity,"Hip Pain, Shoulder Pain (to include suspected rotator cuff injury)"
Musculoskeletal,3195642,"Soft tissue infection suspected, foot, hx of puncture wound, possible foreign body retained, radiography normal, next imaging study",https://gravitas.acr.org/ACPortal/GetDataForOneScenario?senarioId=6541,All,18 - 150,Lower extremity,"Hip Pain, Shoulder Pain (to include suspected rotator cuff injury)"
Musculoskeletal,3195475,"Soft tissue infection suspected, foot, initial imaging",https://gravitas.acr.org/ACPortal/GetDataForOneScenario?senarioId=6379,All,18 - 150,Lower extremity,"Hip Pain, Shoulder Pain (to include suspected rotator cuff injury)"
Musculoskeletal,3195489,"Soft tissue infection suspected, foot, radiography findings suggest joint effusion, next imaging study",https://gravitas.acr.org/ACPortal/GetDataForOneScenario?senarioId=6392,All,18 - 150,Lower extremity,"Hip Pain, Shoulder Pain (to include suspected rotator cuff injury)"
Musculoskeletal,3195519,"Soft tissue infection suspected, foot, radiography findings suggest soft tissue swelling, next imaging study",https://gravitas.acr.org/ACPortal/GetDataForOneScenario?senarioId=6422,All,18 - 150,Lower extremity,"Hip Pain, Shoulder Pain (to include suspected rotator cuff injury)"
Musculoskeletal,3195661,"Soft tissue infection suspected, foot, radiography normal, necrotizing fasciitis highly suspected, next imaging study",https://gravitas.acr.org/ACPortal/GetDataForOneScenario?senarioId=6559,All,18 - 150,Lower extremity,"Hip Pain, Shoulder Pain (to include suspected rotator cuff injury)"
Musculoskeletal,3195504,"Soft tissue infection suspected, foot, radiography normal, next imaging study",https://gravitas.acr.org/ACPortal/GetDataForOneScenario?senarioId=6407,All,18 - 150,Lower extremity,"Hip Pain, Shoulder Pain (to include suspected rotator cuff injury)"
Musculoskeletal,3195676,"Soft tissue infection suspected, foot, soft tissue gas on radiography, no puncture wound, next imaging study",https://gravitas.acr.org/ACPortal/GetDataForOneScenario?senarioId=6574,All,18 - 150,Lower extremity,"Hip Pain, Shoulder Pain (to include suspected rotator cuff injury)"
Musculoskeletal,3195643,"Soft tissue infection suspected, forearm, hx of puncture wound, possible foreign body retained, radiography normal, next imaging study",https://gravitas.acr.org/ACPortal/GetDataForOneScenario?senarioId=6542,All,18 - 150,Upper extremity,"Hip Pain, Shoulder Pain (to include suspected rotator cuff injury)"
Musculoskeletal,3195465,"Soft tissue infection suspected, forearm, initial imaging",https://gravitas.acr.org/ACPortal/GetDataForOneScenario?senarioId=6369,All,18 - 150,Upper extremity,"Hip Pain, Shoulder Pain (to include suspected rotator cuff injury)"
Musculoskeletal,3195490,"Soft tissue infection suspected, forearm, radiography findings suggest joint effusion, next imaging study",https://gravitas.acr.org/ACPortal/GetDataForOneScenario?senarioId=6393,All,18 - 150,Upper extremity,"Hip Pain, Shoulder Pain (to include suspected rotator cuff injury)"
Musculoskeletal,3195520,"Soft tissue infection suspected, forearm, radiography findings suggest soft tissue swelling, next imaging study",https://gravitas.acr.org/ACPortal/GetDataForOneScenario?senarioId=6423,All,18 - 150,Upper extremity,"Hip Pain, Shoulder Pain (to include suspected rotator cuff injury)"
Musculoskeletal,3195662,"Soft tissue infection suspected, forearm, radiography normal, necrotizing fasciitis highly suspected, next imaging study",https://gravitas.acr.org/ACPortal/GetDataForOneScenario?senarioId=6560,All,18 - 150,Upper extremity,"Hip Pain, Shoulder Pain (to include suspected rotator cuff injury)"
Musculoskeletal,3195505,"Soft tissue infection suspected, forearm, radiography normal, next imaging study",https://gravitas.acr.org/ACPortal/GetDataForOneScenario?senarioId=6408,All,18 - 150,Upper extremity,"Hip Pain, Shoulder Pain (to include suspected rotator cuff injury)"
Musculoskeletal,3195677,"Soft tissue infection suspected, forearm, soft tissue gas on radiography, no puncture wound, next imaging study",https://gravitas.acr.org/ACPortal/GetDataForOneScenario?senarioId=6575,All,18 - 150,Upper extremity,"Hip Pain, Shoulder Pain (to include suspected rotator cuff injury)"
Musculoskeletal,3195644,"Soft tissue infection suspected, hand, hx of puncture wound, possible foreign body retained, radiography normal, next imaging study",https://gravitas.acr.org/ACPortal/GetDataForOneScenario?senarioId=6543,All,18 - 150,Upper extremity,"Hip Pain, Shoulder Pain (to include suspected rotator cuff injury)"
Musculoskeletal,3195466,"Soft tissue infection suspected, hand, initial imaging",https://gravitas.acr.org/ACPortal/GetDataForOneScenario?senarioId=6370,All,18 - 150,Upper extremity,"Hip Pain, Shoulder Pain (to include suspected rotator cuff injury)"
Musculoskeletal,3195491,"Soft tissue infection suspected, hand, radiography findings suggest joint effusion, next imaging study",https://gravitas.acr.org/ACPortal/GetDataForOneScenario?senarioId=6394,All,18 - 150,Upper extremity,"Hip Pain, Shoulder Pain (to include suspected rotator cuff injury)"
Musculoskeletal,3195521,"Soft tissue infection suspected, hand, radiography findings suggest soft tissue swelling, next imaging study",https://gravitas.acr.org/ACPortal/GetDataForOneScenario?senarioId=6424,All,18 - 150,Upper extremity,"Hip Pain, Shoulder Pain (to include suspected rotator cuff injury)"
Musculoskeletal,3195663,"Soft tissue infection suspected, hand, radiography normal, necrotizing fasciitis highly suspected, next imaging study",https://gravitas.acr.org/ACPortal/GetDataForOneScenario?senarioId=6561,All,18 - 150,Upper extremity,"Hip Pain, Shoulder Pain (to include suspected rotator cuff injury)"
Musculoskeletal,3195506,"Soft tissue infection suspected, hand, radiography normal, next imaging study",https://gravitas.acr.org/ACPortal/GetDataForOneScenario?senarioId=6409,All,18 - 150,Upper extremity,"Hip Pain, Shoulder Pain (to include suspected rotator cuff injury)"
Musculoskeletal,3195678,"Soft tissue infection suspected, hand, soft tissue gas on radiography, no puncture wound, next imaging study",https://gravitas.acr.org/ACPortal/GetDataForOneScenario?senarioId=6576,All,18 - 150,Upper extremity,"Hip Pain, Shoulder Pain (to include suspected rotator cuff injury)"
Musculoskeletal,3195645,"Soft tissue infection suspected, hip, hx of puncture wound, possible foreign body retained, radiography normal, next imaging study",https://gravitas.acr.org/ACPortal/GetDataForOneScenario?senarioId=6544,All,18 - 150,Lower extremity,"Hip Pain, Shoulder Pain (to include suspected rotator cuff injury)"
Musculoskeletal,3195597,"Soft tissue infection suspected, hip, implanted extra articular surgical hardware, radiography findings suggest osteomyelitis, next imaging study",https://gravitas.acr.org/ACPortal/GetDataForOneScenario?senarioId=6498,All,18 - 150,Lower extremity,"Hip Pain, Shoulder Pain (to include suspected rotator cuff injury)"
Musculoskeletal,3195602,"Soft tissue infection suspected, hip, implanted extra articular surgical hardware, radiography findings suggest soft tissue infection, next imaging study",https://gravitas.acr.org/ACPortal/GetDataForOneScenario?senarioId=6503,All,18 - 150,Lower extremity,"Hip Pain, Shoulder Pain (to include suspected rotator cuff injury)"
Musculoskeletal,3195592,"Soft tissue infection suspected, hip, implanted extra articular surgical hardware, radiography normal, next imaging study",https://gravitas.acr.org/ACPortal/GetDataForOneScenario?senarioId=6493,All,18 - 150,Lower extremity,"Hip Pain, Shoulder Pain (to include suspected rotator cuff injury)"
Musculoskeletal,3195467,"Soft tissue infection suspected, hip, initial imaging",https://gravitas.acr.org/ACPortal/GetDataForOneScenario?senarioId=6371,All,18 - 150,Lower extremity,"Hip Pain, Shoulder Pain (to include suspected rotator cuff injury)"
Musculoskeletal,3195492,"Soft tissue infection suspected, hip, radiography findings suggest joint effusion, next imaging study",https://gravitas.acr.org/ACPortal/GetDataForOneScenario?senarioId=6395,All,18 - 150,Lower extremity,"Hip Pain, Shoulder Pain (to include suspected rotator cuff injury)"
Musculoskeletal,3195522,"Soft tissue infection suspected, hip, radiography findings suggest soft tissue swelling, next imaging study",https://gravitas.acr.org/ACPortal/GetDataForOneScenario?senarioId=6425,All,18 - 150,Lower extremity,"Hip Pain, Shoulder Pain (to include suspected rotator cuff injury)"
Musculoskeletal,3195664,"Soft tissue infection suspected, hip, radiography normal, necrotizing fasciitis highly suspected, next imaging study",https://gravitas.acr.org/ACPortal/GetDataForOneScenario?senarioId=6562,All,18 - 150,Lower extremity,"Hip Pain, Shoulder Pain (to include suspected rotator cuff injury)"
Musculoskeletal,3195507,"Soft tissue infection suspected, hip, radiography normal, next imaging study",https://gravitas.acr.org/ACPortal/GetDataForOneScenario?senarioId=6410,All,18 - 150,Lower extremity,"Hip Pain, Shoulder Pain (to include suspected rotator cuff injury)"
Musculoskeletal,3195679,"Soft tissue infection suspected, hip, soft tissue gas on radiography, no puncture wound, next imaging study",https://gravitas.acr.org/ACPortal/GetDataForOneScenario?senarioId=6577,All,18 - 150,Lower extremity,"Hip Pain, Shoulder Pain (to include suspected rotator cuff injury)"
Musculoskeletal,3195647,"Soft tissue infection suspected, knee, hx of puncture wound, possible foreign body retained, radiography normal, next imaging study",https://gravitas.acr.org/ACPortal/GetDataForOneScenario?senarioId=6546,All,18 - 150,Lower extremity,"Hip Pain, Shoulder Pain (to include suspected rotator cuff injury)"
Musculoskeletal,3195598,"Soft tissue infection suspected, knee, implanted extra articular surgical hardware, radiography findings suggest osteomyelitis, next imaging study",https://gravitas.acr.org/ACPortal/GetDataForOneScenario?senarioId=6499,All,18 - 150,Lower extremity,"Hip Pain, Shoulder Pain (to include suspected rotator cuff injury)"
Musculoskeletal,3195603,"Soft tissue infection suspected, knee, implanted extra articular surgical hardware, radiography findings suggest soft tissue infection, next imaging study",https://gravitas.acr.org/ACPortal/GetDataForOneScenario?senarioId=6504,All,18 - 150,Lower extremity,"Hip Pain, Shoulder Pain (to include suspected rotator cuff injury)"
Musculoskeletal,3195593,"Soft tissue infection suspected, knee, implanted extra articular surgical hardware, radiography normal, next imaging study",https://gravitas.acr.org/ACPortal/GetDataForOneScenario?senarioId=6494,All,18 - 150,Lower extremity,"Hip Pain, Shoulder Pain (to include suspected rotator cuff injury)"
Musculoskeletal,3195470,"Soft tissue infection suspected, knee, initial imaging",https://gravitas.acr.org/ACPortal/GetDataForOneScenario?senarioId=6374,All,18 - 150,Lower extremity,"Hip Pain, Shoulder Pain (to include suspected rotator cuff injury)"
Musculoskeletal,3195494,"Soft tissue infection suspected, knee, radiography findings suggest joint effusion, next imaging study",https://gravitas.acr.org/ACPortal/GetDataForOneScenario?senarioId=6397,All,18 - 150,Lower extremity,"Hip Pain, Shoulder Pain (to include suspected rotator cuff injury)"
Musculoskeletal,3195524,"Soft tissue infection suspected, knee, radiography findings suggest soft tissue swelling, next imaging study",https://gravitas.acr.org/ACPortal/GetDataForOneScenario?senarioId=6427,All,18 - 150,Lower extremity,"Hip Pain, Shoulder Pain (to include suspected rotator cuff injury)"
Musculoskeletal,3195666,"Soft tissue infection suspected, knee, radiography normal, necrotizing fasciitis highly suspected, next imaging study",https://gravitas.acr.org/ACPortal/GetDataForOneScenario?senarioId=6564,All,18 - 150,Lower extremity,"Hip Pain, Shoulder Pain (to include suspected rotator cuff injury)"
Musculoskeletal,3195509,"Soft tissue infection suspected, knee, radiography normal, next imaging study",https://gravitas.acr.org/ACPortal/GetDataForOneScenario?senarioId=6412,All,18 - 150,Lower extremity,"Hip Pain, Shoulder Pain (to include suspected rotator cuff injury)"
Musculoskeletal,3195681,"Soft tissue infection suspected, knee, soft tissue gas on radiography, no puncture wound, next imaging study",https://gravitas.acr.org/ACPortal/GetDataForOneScenario?senarioId=6579,All,18 - 150,Lower extremity,"Hip Pain, Shoulder Pain (to include suspected rotator cuff injury)"
Musculoskeletal,3195650,"Soft tissue infection suspected, lower leg, hx of puncture wound, possible foreign body retained, radiography normal, next imaging study",https://gravitas.acr.org/ACPortal/GetDataForOneScenario?senarioId=6549,All,18 - 150,Lower extremity,"Hip Pain, Shoulder Pain (to include suspected rotator cuff injury)"
Musculoskeletal,3195473,"Soft tissue infection suspected, lower leg, initial imaging",https://gravitas.acr.org/ACPortal/GetDataForOneScenario?senarioId=6377,All,18 - 150,Lower extremity,"Hip Pain, Shoulder Pain (to include suspected rotator cuff injury)"
Musculoskeletal,3195497,"Soft tissue infection suspected, lower leg, radiography findings suggest joint effusion, next imaging study",https://gravitas.acr.org/ACPortal/GetDataForOneScenario?senarioId=6400,All,18 - 150,Lower extremity,"Hip Pain, Shoulder Pain (to include suspected rotator cuff injury)"
Musculoskeletal,3195527,"Soft tissue infection suspected, lower leg, radiography findings suggest soft tissue swelling, next imaging study",https://gravitas.acr.org/ACPortal/GetDataForOneScenario?senarioId=6430,All,18 - 150,Lower extremity,"Hip Pain, Shoulder Pain (to include suspected rotator cuff injury)"
Musculoskeletal,3195669,"Soft tissue infection suspected, lower leg, radiography normal, necrotizing fasciitis highly suspected, next imaging study",https://gravitas.acr.org/ACPortal/GetDataForOneScenario?senarioId=6567,All,18 - 150,Lower extremity,"Hip Pain, Shoulder Pain (to include suspected rotator cuff injury)"
Musculoskeletal,3195512,"Soft tissue infection suspected, lower leg, radiography normal, next imaging study",https://gravitas.acr.org/ACPortal/GetDataForOneScenario?senarioId=6415,All,18 - 150,Lower extremity,"Hip Pain, Shoulder Pain (to include suspected rotator cuff injury)"
Musculoskeletal,3195684,"Soft tissue infection suspected, lower leg, soft tissue gas on radiography, no puncture wound, next imaging study",https://gravitas.acr.org/ACPortal/GetDataForOneScenario?senarioId=6582,All,18 - 150,Lower extremity,"Hip Pain, Shoulder Pain (to include suspected rotator cuff injury)"
Musculoskeletal,3195638,"Soft tissue infection suspected, neck, hx of puncture wound, possible foreign body retained, radiography normal, next imaging study",https://gravitas.acr.org/ACPortal/GetDataForOneScenario?senarioId=6537,All,18 - 150,Neck,"Hip Pain, Shoulder Pain (to include suspected rotator cuff injury)"
Musculoskeletal,3195469,"Soft tissue infection suspected, neck, initial imaging",https://gravitas.acr.org/ACPortal/GetDataForOneScenario?senarioId=6373,All,18 - 150,Neck,"Hip Pain, Shoulder Pain (to include suspected rotator cuff injury)"
Musculoskeletal,3195485,"Soft tissue infection suspected, neck, radiography findings suggest joint effusion, next imaging study",https://gravitas.acr.org/ACPortal/GetDataForOneScenario?senarioId=6388,All,18 - 150,Neck,"Hip Pain, Shoulder Pain (to include suspected rotator cuff injury)"
Musculoskeletal,3195514,"Soft tissue infection suspected, neck, radiography findings suggest soft tissue swelling, next imaging study",https://gravitas.acr.org/ACPortal/GetDataForOneScenario?senarioId=6417,All,18 - 150,Neck,"Hip Pain, Shoulder Pain (to include suspected rotator cuff injury)"
Musculoskeletal,3195656,"Soft tissue infection suspected, neck, radiography normal, necrotizing fasciitis highly suspected, next imaging study",https://gravitas.acr.org/ACPortal/GetDataForOneScenario?senarioId=6554,All,18 - 150,Neck,"Hip Pain, Shoulder Pain (to include suspected rotator cuff injury)"
Musculoskeletal,3195499,"Soft tissue infection suspected, neck, radiography normal, next imaging study",https://gravitas.acr.org/ACPortal/GetDataForOneScenario?senarioId=6402,All,18 - 150,Neck,"Hip Pain, Shoulder Pain (to include suspected rotator cuff injury)"
Musculoskeletal,3195671,"Soft tissue infection suspected, neck, soft tissue gas on radiography, no puncture wound, next imaging study",https://gravitas.acr.org/ACPortal/GetDataForOneScenario?senarioId=6569,All,18 - 150,Neck,"Hip Pain, Shoulder Pain (to include suspected rotator cuff injury)"
Musculoskeletal,3195648,"Soft tissue infection suspected, pelvis, hx of puncture wound, possible foreign body retained, radiography normal, next imaging study",https://gravitas.acr.org/ACPortal/GetDataForOneScenario?senarioId=6547,All,18 - 150,Pelvis,"Hip Pain, Shoulder Pain (to include suspected rotator cuff injury)"
Musculoskeletal,3195471,"Soft tissue infection suspected, pelvis, initial imaging",https://gravitas.acr.org/ACPortal/GetDataForOneScenario?senarioId=6375,All,18 - 150,Pelvis,"Hip Pain, Shoulder Pain (to include suspected rotator cuff injury)"
Musculoskeletal,3195495,"Soft tissue infection suspected, pelvis, radiography findings suggest joint effusion, next imaging study",https://gravitas.acr.org/ACPortal/GetDataForOneScenario?senarioId=6398,All,18 - 150,Pelvis,"Hip Pain, Shoulder Pain (to include suspected rotator cuff injury)"
Musculoskeletal,3195525,"Soft tissue infection suspected, pelvis, radiography findings suggest soft tissue swelling, next imaging study",https://gravitas.acr.org/ACPortal/GetDataForOneScenario?senarioId=6428,All,18 - 150,Pelvis,"Hip Pain, Shoulder Pain (to include suspected rotator cuff injury)"
Musculoskeletal,3195667,"Soft tissue infection suspected, pelvis, radiography normal, necrotizing fasciitis highly suspected, next imaging study",https://gravitas.acr.org/ACPortal/GetDataForOneScenario?senarioId=6565,All,18 - 150,Pelvis,"Hip Pain, Shoulder Pain (to include suspected rotator cuff injury)"
Musculoskeletal,3195510,"Soft tissue infection suspected, pelvis, radiography normal, next imaging study",https://gravitas.acr.org/ACPortal/GetDataForOneScenario?senarioId=6413,All,18 - 150,Pelvis,"Hip Pain, Shoulder Pain (to include suspected rotator cuff injury)"
Musculoskeletal,3195682,"Soft tissue infection suspected, pelvis, soft tissue gas on radiography, no puncture wound, next imaging study",https://gravitas.acr.org/ACPortal/GetDataForOneScenario?senarioId=6580,All,18 - 150,Pelvis,"Hip Pain, Shoulder Pain (to include suspected rotator cuff injury)"
Musculoskeletal,3195649,"Soft tissue infection suspected, shoulder, hx of puncture wound, possible foreign body retained, radiography normal, next imaging study",https://gravitas.acr.org/ACPortal/GetDataForOneScenario?senarioId=6548,All,18 - 150,Upper extremity,"Hip Pain, Shoulder Pain (to include suspected rotator cuff injury)"
Musculoskeletal,3195599,"Soft tissue infection suspected, shoulder, implanted extra articular surgical hardware, radiography findings suggest osteomyelitis, next imaging study",https://gravitas.acr.org/ACPortal/GetDataForOneScenario?senarioId=6500,All,18 - 150,Upper extremity,"Hip Pain, Shoulder Pain (to include suspected rotator cuff injury)"
Musculoskeletal,3195604,"Soft tissue infection suspected, shoulder, implanted extra articular surgical hardware, radiography findings suggest soft tissue infection, next imaging study",https://gravitas.acr.org/ACPortal/GetDataForOneScenario?senarioId=6505,All,18 - 150,Upper extremity,"Hip Pain, Shoulder Pain (to include suspected rotator cuff injury)"
Musculoskeletal,3195594,"Soft tissue infection suspected, shoulder, implanted extra articular surgical hardware, radiography normal, next imaging study",https://gravitas.acr.org/ACPortal/GetDataForOneScenario?senarioId=6495,All,18 - 150,Upper extremity,"Hip Pain, Shoulder Pain (to include suspected rotator cuff injury)"
Musculoskeletal,3195472,"Soft tissue infection suspected, shoulder, initial imaging",https://gravitas.acr.org/ACPortal/GetDataForOneScenario?senarioId=6376,All,18 - 150,Upper extremity,"Hip Pain, Shoulder Pain (to include suspected rotator cuff injury)"
Musculoskeletal,3195496,"Soft tissue infection suspected, shoulder, radiography findings suggest joint effusion, next imaging study",https://gravitas.acr.org/ACPortal/GetDataForOneScenario?senarioId=6399,All,18 - 150,Upper extremity,"Hip Pain, Shoulder Pain (to include suspected rotator cuff injury)"
Musculoskeletal,3195526,"Soft tissue infection suspected, shoulder, radiography findings suggest soft tissue swelling, next imaging study",https://gravitas.acr.org/ACPortal/GetDataForOneScenario?senarioId=6429,All,18 - 150,Upper extremity,"Hip Pain, Shoulder Pain (to include suspected rotator cuff injury)"
Musculoskeletal,3195668,"Soft tissue infection suspected, shoulder, radiography normal, necrotizing fasciitis highly suspected, next imaging study",https://gravitas.acr.org/ACPortal/GetDataForOneScenario?senarioId=6566,All,18 - 150,Upper extremity,"Hip Pain, Shoulder Pain (to include suspected rotator cuff injury)"
Musculoskeletal,3195511,"Soft tissue infection suspected, shoulder, radiography normal, next imaging study",https://gravitas.acr.org/ACPortal/GetDataForOneScenario?senarioId=6414,All,18 - 150,Upper extremity,"Hip Pain, Shoulder Pain (to include suspected rotator cuff injury)"
Musculoskeletal,3195683,"Soft tissue infection suspected, shoulder, soft tissue gas on radiography, no puncture wound, next imaging study",https://gravitas.acr.org/ACPortal/GetDataForOneScenario?senarioId=6581,All,18 - 150,Upper extremity,"Hip Pain, Shoulder Pain (to include suspected rotator cuff injury)"
Musculoskeletal,3195641,"Soft tissue infection suspected, thigh, hx of puncture wound, possible foreign body retained, radiography normal, next imaging study",https://gravitas.acr.org/ACPortal/GetDataForOneScenario?senarioId=6540,All,18 - 150,Lower extremity,"Hip Pain, Shoulder Pain (to include suspected rotator cuff injury)"
Musculoskeletal,3195464,"Soft tissue infection suspected, thigh, initial imaging",https://gravitas.acr.org/ACPortal/GetDataForOneScenario?senarioId=6368,All,18 - 150,Lower extremity,"Hip Pain, Shoulder Pain (to include suspected rotator cuff injury)"
Musculoskeletal,3195488,"Soft tissue infection suspected, thigh, radiography findings suggest joint effusion, next imaging study",https://gravitas.acr.org/ACPortal/GetDataForOneScenario?senarioId=6391,All,18 - 150,Lower extremity,"Hip Pain, Shoulder Pain (to include suspected rotator cuff injury)"
Musculoskeletal,3195518,"Soft tissue infection suspected, thigh, radiography findings suggest soft tissue swelling, next imaging study",https://gravitas.acr.org/ACPortal/GetDataForOneScenario?senarioId=6421,All,18 - 150,Lower extremity,"Hip Pain, Shoulder Pain (to include suspected rotator cuff injury)"
Musculoskeletal,3195660,"Soft tissue infection suspected, thigh, radiography normal, necrotizing fasciitis highly suspected, next imaging study",https://gravitas.acr.org/ACPortal/GetDataForOneScenario?senarioId=6558,All,18 - 150,Lower extremity,"Hip Pain, Shoulder Pain (to include suspected rotator cuff injury)"
Musculoskeletal,3195503,"Soft tissue infection suspected, thigh, radiography normal, next imaging study",https://gravitas.acr.org/ACPortal/GetDataForOneScenario?senarioId=6406,All,18 - 150,Lower extremity,"Hip Pain, Shoulder Pain (to include suspected rotator cuff injury)"
Musculoskeletal,3195675,"Soft tissue infection suspected, thigh, soft tissue gas on radiography, no puncture wound, next imaging study",https://gravitas.acr.org/ACPortal/GetDataForOneScenario?senarioId=6573,All,18 - 150,Lower extremity,"Hip Pain, Shoulder Pain (to include suspected rotator cuff injury)"
Musculoskeletal,3195646,"Soft tissue infection suspected, upper arm, hx of puncture wound, possible foreign body retained, radiography normal, next imaging study",https://gravitas.acr.org/ACPortal/GetDataForOneScenario?senarioId=6545,All,18 - 150,Upper extremity,"Hip Pain, Shoulder Pain (to include suspected rotator cuff injury)"
Musculoskeletal,3195468,"Soft tissue infection suspected, upper arm, initial imaging",https://gravitas.acr.org/ACPortal/GetDataForOneScenario?senarioId=6372,All,18 - 150,Upper extremity,"Hip Pain, Shoulder Pain (to include suspected rotator cuff injury)"
Musculoskeletal,3195493,"Soft tissue infection suspected, upper arm, radiography findings suggest joint effusion, next imaging study",https://gravitas.acr.org/ACPortal/GetDataForOneScenario?senarioId=6396,All,18 - 150,Upper extremity,"Hip Pain, Shoulder Pain (to include suspected rotator cuff injury)"
Musculoskeletal,3195523,"Soft tissue infection suspected, upper arm, radiography findings suggest soft tissue swelling, next imaging study",https://gravitas.acr.org/ACPortal/GetDataForOneScenario?senarioId=6426,All,18 - 150,Upper extremity,"Hip Pain, Shoulder Pain (to include suspected rotator cuff injury)"
Musculoskeletal,3195665,"Soft tissue infection suspected, upper arm, radiography normal, necrotizing fasciitis highly suspected, next imaging study",https://gravitas.acr.org/ACPortal/GetDataForOneScenario?senarioId=6563,All,18 - 150,Upper extremity,"Hip Pain, Shoulder Pain (to include suspected rotator cuff injury)"
Musculoskeletal,3195508,"Soft tissue infection suspected, upper arm, radiography normal, next imaging study",https://gravitas.acr.org/ACPortal/GetDataForOneScenario?senarioId=6411,All,18 - 150,Upper extremity,"Hip Pain, Shoulder Pain (to include suspected rotator cuff injury)"
Musculoskeletal,3195680,"Soft tissue infection suspected, upper arm, soft tissue gas on radiography, no puncture wound, next imaging study",https://gravitas.acr.org/ACPortal/GetDataForOneScenario?senarioId=6578,All,18 - 150,Upper extremity,"Hip Pain, Shoulder Pain (to include suspected rotator cuff injury)"
Musculoskeletal,3195651,"Soft tissue infection suspected, wrist, hx of puncture wound, possible foreign body retained, radiography normal, next imaging study",https://gravitas.acr.org/ACPortal/GetDataForOneScenario?senarioId=6550,All,18 - 150,Upper extremity,"Hip Pain, Shoulder Pain (to include suspected rotator cuff injury)"
Musculoskeletal,3195577,"Soft tissue infection suspected, wrist, implanted extra articular surgical hardware, radiography findings suggest osteomyelitis, next imaging study",https://gravitas.acr.org/ACPortal/GetDataForOneScenario?senarioId=6478,All,18 - 150,Upper extremity,"Hip Pain, Shoulder Pain (to include suspected rotator cuff injury)"
Musculoskeletal,3195578,"Soft tissue infection suspected, wrist, implanted extra articular surgical hardware, radiography findings suggest soft tissue infection, next imaging study",https://gravitas.acr.org/ACPortal/GetDataForOneScenario?senarioId=6479,All,18 - 150,Upper extremity,"Hip Pain, Shoulder Pain (to include suspected rotator cuff injury)"
Musculoskeletal,3195576,"Soft tissue infection suspected, wrist, implanted extra articular surgical hardware, radiography normal, next imaging study",https://gravitas.acr.org/ACPortal/GetDataForOneScenario?senarioId=6477,All,18 - 150,Upper extremity,"Hip Pain, Shoulder Pain (to include suspected rotator cuff injury)"
Musculoskeletal,3195441,"Soft tissue infection suspected, wrist, initial imaging",https://gravitas.acr.org/ACPortal/GetDataForOneScenario?senarioId=6345,All,18 - 150,Upper extremity,"Hip Pain, Shoulder Pain (to include suspected rotator cuff injury)"
Musculoskeletal,3195478,"Soft tissue infection suspected, wrist, radiography findings suggest joint effusion, next imaging study",https://gravitas.acr.org/ACPortal/GetDataForOneScenario?senarioId=6381,All,18 - 150,Upper extremity,"Hip Pain, Shoulder Pain (to include suspected rotator cuff injury)"
Musculoskeletal,3195480,"Soft tissue infection suspected, wrist, radiography findings suggest soft tissue swelling, next imaging study",https://gravitas.acr.org/ACPortal/GetDataForOneScenario?senarioId=6383,All,18 - 150,Upper extremity,"Hip Pain, Shoulder Pain (to include suspected rotator cuff injury)"
Musculoskeletal,3195653,"Soft tissue infection suspected, wrist, radiography normal, necrotizing fasciitis highly suspected, next imaging study",https://gravitas.acr.org/ACPortal/GetDataForOneScenario?senarioId=6551,All,18 - 150,Upper extremity,"Hip Pain, Shoulder Pain (to include suspected rotator cuff injury)"
Musculoskeletal,3195479,"Soft tissue infection suspected, wrist, radiography normal, next imaging study",https://gravitas.acr.org/ACPortal/GetDataForOneScenario?senarioId=6382,All,18 - 150,Upper extremity,"Hip Pain, Shoulder Pain (to include suspected rotator cuff injury)"
Musculoskeletal,3195654,"Soft tissue infection suspected, wrist, soft tissue gas on radiography, no puncture wound, next imaging study",https://gravitas.acr.org/ACPortal/GetDataForOneScenario?senarioId=6552,All,18 - 150,Upper extremity,"Hip Pain, Shoulder Pain (to include suspected rotator cuff injury)"
Musculoskeletal,3196235,"Soft tissue mass, abdomen, nonsuperficial, initial imaging",https://gravitas.acr.org/ACPortal/GetDataForOneScenario?senarioId=6964,All,18 - 150,Abdomen,
Musculoskeletal,3196267,"Soft tissue mass, abdomen, radiography and noncontrast US nondiagnostic, MRI contraindicated, next imaging study",https://gravitas.acr.org/ACPortal/GetDataForOneScenario?senarioId=6996,All,18 - 150,Abdomen,
Musculoskeletal,3196251,"Soft tissue mass, abdomen, radiography and noncontrast US nondiagnostic, next imaging study",https://gravitas.acr.org/ACPortal/GetDataForOneScenario?senarioId=6980,All,18 - 150,Abdomen,
Musculoskeletal,3196231,"Soft tissue mass, abdomen, superficial, initial imaging",https://gravitas.acr.org/ACPortal/GetDataForOneScenario?senarioId=6961,All,18 - 150,Abdomen,
Musculoskeletal,3196239,"Soft tissue mass, ankle, nonsuperficial, initial imaging",https://gravitas.acr.org/ACPortal/GetDataForOneScenario?senarioId=6968,All,18 - 150,Lower extremity,
Musculoskeletal,3196271,"Soft tissue mass, ankle, radiography and noncontrast US nondiagnostic, MRI contraindicated, next imaging study",https://gravitas.acr.org/ACPortal/GetDataForOneScenario?senarioId=7000,All,18 - 150,Lower extremity,
Musculoskeletal,3196255,"Soft tissue mass, ankle, radiography and noncontrast US nondiagnostic, next imaging study",https://gravitas.acr.org/ACPortal/GetDataForOneScenario?senarioId=6984,All,18 - 150,Lower extremity,
Musculoskeletal,3196227,"Soft tissue mass, ankle, superficial, initial imaging",https://gravitas.acr.org/ACPortal/GetDataForOneScenario?senarioId=6957,All,18 - 150,Lower extremity,
Musculoskeletal,3196236,"Soft tissue mass, chest, nonsuperficial, initial imaging",https://gravitas.acr.org/ACPortal/GetDataForOneScenario?senarioId=6965,All,18 - 150,Chest,
Musculoskeletal,3196268,"Soft tissue mass, chest, radiography and noncontrast US nondiagnostic, MRI contraindicated, next imaging study",https://gravitas.acr.org/ACPortal/GetDataForOneScenario?senarioId=6997,All,18 - 150,Chest,
Musculoskeletal,3196252,"Soft tissue mass, chest, radiography and noncontrast US nondiagnostic, next imaging study",https://gravitas.acr.org/ACPortal/GetDataForOneScenario?senarioId=6981,All,18 - 150,Chest,
Musculoskeletal,3196230,"Soft tissue mass, chest, superficial, initial imaging",https://gravitas.acr.org/ACPortal/GetDataForOneScenario?senarioId=6960,All,18 - 150,Chest,
Musculoskeletal,3196241,"Soft tissue mass, elbow, nonsuperficial, initial imaging",https://gravitas.acr.org/ACPortal/GetDataForOneScenario?senarioId=6970,All,18 - 150,Upper extremity,
Musculoskeletal,3196273,"Soft tissue mass, elbow, radiography and noncontrast US nondiagnostic, MRI contraindicated, next imaging study",https://gravitas.acr.org/ACPortal/GetDataForOneScenario?senarioId=7002,All,18 - 150,Upper extremity,
Musculoskeletal,3196257,"Soft tissue mass, elbow, radiography and noncontrast US nondiagnostic, next imaging study",https://gravitas.acr.org/ACPortal/GetDataForOneScenario?senarioId=6986,All,18 - 150,Upper extremity,
Musculoskeletal,3196225,"Soft tissue mass, elbow, superficial, initial imaging",https://gravitas.acr.org/ACPortal/GetDataForOneScenario?senarioId=6955,All,18 - 150,Upper extremity,
Musculoskeletal,3196242,"Soft tissue mass, foot, nonsuperficial, initial imaging",https://gravitas.acr.org/ACPortal/GetDataForOneScenario?senarioId=6971,All,18 - 150,Lower extremity,
Musculoskeletal,3196274,"Soft tissue mass, foot, radiography and noncontrast US nondiagnostic, MRI contraindicated, next imaging study",https://gravitas.acr.org/ACPortal/GetDataForOneScenario?senarioId=7003,All,18 - 150,Lower extremity,
Musculoskeletal,3196258,"Soft tissue mass, foot, radiography and noncontrast US nondiagnostic, next imaging study",https://gravitas.acr.org/ACPortal/GetDataForOneScenario?senarioId=6987,All,18 - 150,Lower extremity,
Musculoskeletal,3196224,"Soft tissue mass, foot, superficial, initial imaging",https://gravitas.acr.org/ACPortal/GetDataForOneScenario?senarioId=6954,All,18 - 150,Lower extremity,
Musculoskeletal,3196243,"Soft tissue mass, forearm, nonsuperficial, initial imaging",https://gravitas.acr.org/ACPortal/GetDataForOneScenario?senarioId=6972,All,18 - 150,Upper extremity,
Musculoskeletal,3196275,"Soft tissue mass, forearm, radiography and noncontrast US nondiagnostic, MRI contraindicated, next imaging study",https://gravitas.acr.org/ACPortal/GetDataForOneScenario?senarioId=7004,All,18 - 150,Upper extremity,
Musculoskeletal,3196259,"Soft tissue mass, forearm, radiography and noncontrast US nondiagnostic, next imaging study",https://gravitas.acr.org/ACPortal/GetDataForOneScenario?senarioId=6988,All,18 - 150,Upper extremity,
Musculoskeletal,3196223,"Soft tissue mass, forearm, superficial, initial imaging",https://gravitas.acr.org/ACPortal/GetDataForOneScenario?senarioId=6953,All,18 - 150,Upper extremity,
Musculoskeletal,3196244,"Soft tissue mass, hand, nonsuperficial, initial imaging",https://gravitas.acr.org/ACPortal/GetDataForOneScenario?senarioId=6973,All,18 - 150,Upper extremity,
Musculoskeletal,3196276,"Soft tissue mass, hand, radiography and noncontrast US nondiagnostic, MRI contraindicated, next imaging study",https://gravitas.acr.org/ACPortal/GetDataForOneScenario?senarioId=7005,All,18 - 150,Upper extremity,
Musculoskeletal,3196260,"Soft tissue mass, hand, radiography and noncontrast US nondiagnostic, next imaging study",https://gravitas.acr.org/ACPortal/GetDataForOneScenario?senarioId=6989,All,18 - 150,Upper extremity,
Musculoskeletal,3196222,"Soft tissue mass, hand, superficial, initial imaging",https://gravitas.acr.org/ACPortal/GetDataForOneScenario?senarioId=6952,All,18 - 150,Upper extremity,
Musculoskeletal,3196250,"Soft tissue mass, hip, nonsuperficial, initial imaging",https://gravitas.acr.org/ACPortal/GetDataForOneScenario?senarioId=6979,All,18 - 150,Lower extremity,
Musculoskeletal,3196282,"Soft tissue mass, hip, radiography and noncontrast US nondiagnostic, MRI contraindicated, next imaging study",https://gravitas.acr.org/ACPortal/GetDataForOneScenario?senarioId=7011,All,18 - 150,Lower extremity,
Musculoskeletal,3196266,"Soft tissue mass, hip, radiography and noncontrast US nondiagnostic, next imaging study",https://gravitas.acr.org/ACPortal/GetDataForOneScenario?senarioId=6995,All,18 - 150,Lower extremity,
Musculoskeletal,3196233,"Soft tissue mass, hip, superficial, initial imaging",https://gravitas.acr.org/ACPortal/GetDataForOneScenario?senarioId=6963,All,18 - 150,Lower extremity,
Musculoskeletal,3196245,"Soft tissue mass, knee, nonsuperficial, initial imaging",https://gravitas.acr.org/ACPortal/GetDataForOneScenario?senarioId=6974,All,18 - 150,Lower extremity,
Musculoskeletal,3196277,"Soft tissue mass, knee, radiography and noncontrast US nondiagnostic, MRI contraindicated, next imaging study",https://gravitas.acr.org/ACPortal/GetDataForOneScenario?senarioId=7006,All,18 - 150,Lower extremity,
Musculoskeletal,3196262,"Soft tissue mass, knee, radiography and noncontrast US nondiagnostic, next imaging study",https://gravitas.acr.org/ACPortal/GetDataForOneScenario?senarioId=6991,All,18 - 150,Lower extremity,
Musculoskeletal,3196221,"Soft tissue mass, knee, superficial, initial imaging",https://gravitas.acr.org/ACPortal/GetDataForOneScenario?senarioId=6951,All,18 - 150,Lower extremity,
Musculoskeletal,3196246,"Soft tissue mass, lower leg, nonsuperficial, initial imaging",https://gravitas.acr.org/ACPortal/GetDataForOneScenario?senarioId=6975,All,18 - 150,Lower extremity,
Musculoskeletal,3196278,"Soft tissue mass, lower leg, radiography and noncontrast US nondiagnostic, MRI contraindicated, next imaging study",https://gravitas.acr.org/ACPortal/GetDataForOneScenario?senarioId=7007,All,18 - 150,Lower extremity,
Musculoskeletal,3196264,"Soft tissue mass, lower leg, radiography and noncontrast US nondiagnostic, next imaging study",https://gravitas.acr.org/ACPortal/GetDataForOneScenario?senarioId=6993,All,18 - 150,Lower extremity,
Musculoskeletal,3196220,"Soft tissue mass, lower leg, superficial, initial imaging",https://gravitas.acr.org/ACPortal/GetDataForOneScenario?senarioId=6950,All,18 - 150,Lower extremity,
Musculoskeletal,3196237,"Soft tissue mass, neck, nonsuperficial, initial imaging",https://gravitas.acr.org/ACPortal/GetDataForOneScenario?senarioId=6966,All,18 - 150,Neck,
Musculoskeletal,3196269,"Soft tissue mass, neck, radiography and noncontrast US nondiagnostic, MRI contraindicated, next imaging study",https://gravitas.acr.org/ACPortal/GetDataForOneScenario?senarioId=6998,All,18 - 150,Neck,
Musculoskeletal,3196253,"Soft tissue mass, neck, radiography and noncontrast US nondiagnostic, next imaging study",https://gravitas.acr.org/ACPortal/GetDataForOneScenario?senarioId=6982,All,18 - 150,Neck,
Musculoskeletal,3196229,"Soft tissue mass, neck, superficial, initial imaging",https://gravitas.acr.org/ACPortal/GetDataForOneScenario?senarioId=6959,All,18 - 150,Neck,
Musculoskeletal,3196238,"Soft tissue mass, pelvis, nonsuperficial, initial imaging",https://gravitas.acr.org/ACPortal/GetDataForOneScenario?senarioId=6967,All,18 - 150,Pelvis,
Musculoskeletal,3196270,"Soft tissue mass, pelvis, radiography and noncontrast US nondiagnostic, MRI contraindicated, next imaging study",https://gravitas.acr.org/ACPortal/GetDataForOneScenario?senarioId=6999,All,18 - 150,Pelvis,
Musculoskeletal,3196254,"Soft tissue mass, pelvis, radiography and noncontrast US nondiagnostic, next imaging study",https://gravitas.acr.org/ACPortal/GetDataForOneScenario?senarioId=6983,All,18 - 150,Pelvis,
Musculoskeletal,3196228,"Soft tissue mass, pelvis, superficial, initial imaging",https://gravitas.acr.org/ACPortal/GetDataForOneScenario?senarioId=6958,All,18 - 150,Pelvis,
Musculoskeletal,3196249,"Soft tissue mass, shoulder, nonsuperficial, initial imaging",https://gravitas.acr.org/ACPortal/GetDataForOneScenario?senarioId=6978,All,18 - 150,Upper extremity,
Musculoskeletal,3196281,"Soft tissue mass, shoulder, radiography and noncontrast US nondiagnostic, MRI contraindicated, next imaging study",https://gravitas.acr.org/ACPortal/GetDataForOneScenario?senarioId=7010,All,18 - 150,Upper extremity,
Musculoskeletal,3196265,"Soft tissue mass, shoulder, radiography and noncontrast US nondiagnostic, next imaging study",https://gravitas.acr.org/ACPortal/GetDataForOneScenario?senarioId=6994,All,18 - 150,Upper extremity,
Musculoskeletal,3196232,"Soft tissue mass, shoulder, superficial, initial imaging",https://gravitas.acr.org/ACPortal/GetDataForOneScenario?senarioId=6962,All,18 - 150,Upper extremity,
Musculoskeletal,3196247,"Soft tissue mass, thigh, nonsuperficial, initial imaging",https://gravitas.acr.org/ACPortal/GetDataForOneScenario?senarioId=6976,All,18 - 150,Lower extremity,
Musculoskeletal,3196279,"Soft tissue mass, thigh, radiography and noncontrast US nondiagnostic, MRI contraindicated, next imaging study",https://gravitas.acr.org/ACPortal/GetDataForOneScenario?senarioId=7008,All,18 - 150,Lower extremity,
Musculoskeletal,3196263,"Soft tissue mass, thigh, radiography and noncontrast US nondiagnostic, next imaging study",https://gravitas.acr.org/ACPortal/GetDataForOneScenario?senarioId=6992,All,18 - 150,Lower extremity,
Musculoskeletal,3196219,"Soft tissue mass, thigh, superficial, initial imaging",https://gravitas.acr.org/ACPortal/GetDataForOneScenario?senarioId=6949,All,18 - 150,Lower extremity,
Musculoskeletal,3196240,"Soft tissue mass, upper arm, nonsuperficial, initial imaging",https://gravitas.acr.org/ACPortal/GetDataForOneScenario?senarioId=6969,All,18 - 150,Upper extremity,
Musculoskeletal,3196272,"Soft tissue mass, upper arm, radiography and noncontrast US nondiagnostic, MRI contraindicated, next imaging study",https://gravitas.acr.org/ACPortal/GetDataForOneScenario?senarioId=7001,All,18 - 150,Upper extremity,
Musculoskeletal,3196256,"Soft tissue mass, upper arm, radiography and noncontrast US nondiagnostic, next imaging study",https://gravitas.acr.org/ACPortal/GetDataForOneScenario?senarioId=6985,All,18 - 150,Upper extremity,
Musculoskeletal,3196226,"Soft tissue mass, upper arm, superficial, initial imaging",https://gravitas.acr.org/ACPortal/GetDataForOneScenario?senarioId=6956,All,18 - 150,Upper extremity,
Musculoskeletal,3196248,"Soft tissue mass, wrist, nonsuperficial, initial imaging",https://gravitas.acr.org/ACPortal/GetDataForOneScenario?senarioId=6977,All,18 - 150,Upper extremity,
Musculoskeletal,3196280,"Soft tissue mass, wrist, radiography and noncontrast US nondiagnostic, MRI contraindicated, next imaging study",https://gravitas.acr.org/ACPortal/GetDataForOneScenario?senarioId=7009,All,18 - 150,Upper extremity,
Musculoskeletal,3196261,"Soft tissue mass, wrist, radiography and noncontrast US nondiagnostic, next imaging study",https://gravitas.acr.org/ACPortal/GetDataForOneScenario?senarioId=6990,All,18 - 150,Upper extremity,
Musculoskeletal,3196218,"Soft tissue mass, wrist, superficial, initial imaging",https://gravitas.acr.org/ACPortal/GetDataForOneScenario?senarioId=6948,All,18 - 150,Upper extremity,
Musculoskeletal,3197283,"Stress fracture suspected, ankle, fracture completion risk, radiography indeterminate, next imaging study",https://gravitas.acr.org/ACPortal/GetDataForOneScenario?senarioId=7584,All,18 - 150,Lower extremity,"Hip Pain, Shoulder Pain (to include suspected rotator cuff injury)"
Musculoskeletal,3197284,"Stress fracture suspected, ankle, fracture completion risk, radiography negative, next imaging study",https://gravitas.acr.org/ACPortal/GetDataForOneScenario?senarioId=7585,All,18 - 150,Lower extremity,"Hip Pain, Shoulder Pain (to include suspected rotator cuff injury)"
Musculoskeletal,3197281,"Stress fracture suspected, ankle, immediate need-to-know, radiography indeterminate, next imaging study",https://gravitas.acr.org/ACPortal/GetDataForOneScenario?senarioId=7582,All,18 - 150,Lower extremity,"Hip Pain, Shoulder Pain (to include suspected rotator cuff injury)"
Musculoskeletal,3197282,"Stress fracture suspected, ankle, immediate need-to-know, radiography negative, next imaging study",https://gravitas.acr.org/ACPortal/GetDataForOneScenario?senarioId=7583,All,18 - 150,Lower extremity,"Hip Pain, Shoulder Pain (to include suspected rotator cuff injury)"
Musculoskeletal,3197234,"Stress fracture suspected, ankle, initial imaging",https://gravitas.acr.org/ACPortal/GetDataForOneScenario?senarioId=7538,All,18 - 150,Lower extremity,"Hip Pain, Shoulder Pain (to include suspected rotator cuff injury)"
Musculoskeletal,3197285,"Stress fracture suspected, ankle, osteoporosis or bisphosphonate therapy, radiography indeterminate, next imaging study",https://gravitas.acr.org/ACPortal/GetDataForOneScenario?senarioId=7586,All,18 - 150,Lower extremity,"Hip Pain, Shoulder Pain (to include suspected rotator cuff injury)"
Musculoskeletal,3197286,"Stress fracture suspected, ankle, osteoporosis or bisphosphonate therapy, radiography negative, next imaging study",https://gravitas.acr.org/ACPortal/GetDataForOneScenario?senarioId=7587,All,18 - 150,Lower extremity,"Hip Pain, Shoulder Pain (to include suspected rotator cuff injury)"
Musculoskeletal,3197263,"Stress fracture suspected, ankle, radiography indeterminate, next imaging study",https://gravitas.acr.org/ACPortal/GetDataForOneScenario?senarioId=7566,All,18 - 150,Lower extremity,"Hip Pain, Shoulder Pain (to include suspected rotator cuff injury)"
Musculoskeletal,3197245,"Stress fracture suspected, ankle, radiography negative, next imaging study",https://gravitas.acr.org/ACPortal/GetDataForOneScenario?senarioId=7548,All,18 - 150,Lower extremity,"Hip Pain, Shoulder Pain (to include suspected rotator cuff injury)"
Musculoskeletal,3197289,"Stress fracture suspected, elbow, fracture completion risk, radiography indeterminate, next imaging study",https://gravitas.acr.org/ACPortal/GetDataForOneScenario?senarioId=7590,All,18 - 150,Upper extremity,"Hip Pain, Shoulder Pain (to include suspected rotator cuff injury)"
Musculoskeletal,3197290,"Stress fracture suspected, elbow, fracture completion risk, radiography negative, next imaging study",https://gravitas.acr.org/ACPortal/GetDataForOneScenario?senarioId=7591,All,18 - 150,Upper extremity,"Hip Pain, Shoulder Pain (to include suspected rotator cuff injury)"
Musculoskeletal,3197287,"Stress fracture suspected, elbow, immediate need-to-know, radiography indeterminate, next imaging study",https://gravitas.acr.org/ACPortal/GetDataForOneScenario?senarioId=7588,All,18 - 150,Upper extremity,"Hip Pain, Shoulder Pain (to include suspected rotator cuff injury)"
Musculoskeletal,3197288,"Stress fracture suspected, elbow, immediate need-to-know, radiography negative, next imaging study",https://gravitas.acr.org/ACPortal/GetDataForOneScenario?senarioId=7589,All,18 - 150,Upper extremity,"Hip Pain, Shoulder Pain (to include suspected rotator cuff injury)"
Musculoskeletal,3197232,"Stress fracture suspected, elbow, initial imaging",https://gravitas.acr.org/ACPortal/GetDataForOneScenario?senarioId=7536,All,18 - 150,Upper extremity,"Hip Pain, Shoulder Pain (to include suspected rotator cuff injury)"
Musculoskeletal,3197291,"Stress fracture suspected, elbow, osteoporosis or bisphosphonate therapy, radiography indeterminate, next imaging study",https://gravitas.acr.org/ACPortal/GetDataForOneScenario?senarioId=7592,All,18 - 150,Upper extremity,"Hip Pain, Shoulder Pain (to include suspected rotator cuff injury)"
Musculoskeletal,3197292,"Stress fracture suspected, elbow, osteoporosis or bisphosphonate therapy, radiography negative, next imaging study",https://gravitas.acr.org/ACPortal/GetDataForOneScenario?senarioId=7593,All,18 - 150,Upper extremity,"Hip Pain, Shoulder Pain (to include suspected rotator cuff injury)"
Musculoskeletal,3197262,"Stress fracture suspected, elbow, radiography indeterminate, next imaging study",https://gravitas.acr.org/ACPortal/GetDataForOneScenario?senarioId=7565,All,18 - 150,Lower extremity,"Hip Pain, Shoulder Pain (to include suspected rotator cuff injury)"
Musculoskeletal,3197244,"Stress fracture suspected, elbow, radiography negative, next imaging study",https://gravitas.acr.org/ACPortal/GetDataForOneScenario?senarioId=7547,All,18 - 150,Upper extremity,"Hip Pain, Shoulder Pain (to include suspected rotator cuff injury)"
Musculoskeletal,3197295,"Stress fracture suspected, femur, fracture completion risk, radiography indeterminate, next imaging study",https://gravitas.acr.org/ACPortal/GetDataForOneScenario?senarioId=7596,All,18 - 150,Lower extremity,"Hip Pain, Shoulder Pain (to include suspected rotator cuff injury)"
Musculoskeletal,3197296,"Stress fracture suspected, femur, fracture completion risk, radiography negative, next imaging study",https://gravitas.acr.org/ACPortal/GetDataForOneScenario?senarioId=7597,All,18 - 150,Lower extremity,"Hip Pain, Shoulder Pain (to include suspected rotator cuff injury)"
Musculoskeletal,3197293,"Stress fracture suspected, femur, immediate need-to-know, radiography indeterminate, next imaging study",https://gravitas.acr.org/ACPortal/GetDataForOneScenario?senarioId=7594,All,18 - 150,Lower extremity,"Hip Pain, Shoulder Pain (to include suspected rotator cuff injury)"
Musculoskeletal,3197294,"Stress fracture suspected, femur, immediate need-to-know, radiography negative, next imaging study",https://gravitas.acr.org/ACPortal/GetDataForOneScenario?senarioId=7595,All,18 - 150,Lower extremity,"Hip Pain, Shoulder Pain (to include suspected rotator cuff injury)"
Musculoskeletal,3197231,"Stress fracture suspected, femur, initial imaging",https://gravitas.acr.org/ACPortal/GetDataForOneScenario?senarioId=7535,All,18 - 150,Lower extremity,"Hip Pain, Shoulder Pain (to include suspected rotator cuff injury)"
Musculoskeletal,3197297,"Stress fracture suspected, femur, osteoporosis or bisphosphonate therapy, radiography indeterminate, next imaging study",https://gravitas.acr.org/ACPortal/GetDataForOneScenario?senarioId=7598,All,18 - 150,Lower extremity,"Hip Pain, Shoulder Pain (to include suspected rotator cuff injury)"
Musculoskeletal,3197298,"Stress fracture suspected, femur, osteoporosis or bisphosphonate therapy, radiography negative, next imaging study",https://gravitas.acr.org/ACPortal/GetDataForOneScenario?senarioId=7599,All,18 - 150,Lower extremity,"Hip Pain, Shoulder Pain (to include suspected rotator cuff injury)"
Musculoskeletal,3197261,"Stress fracture suspected, femur, radiography indeterminate, next imaging study",https://gravitas.acr.org/ACPortal/GetDataForOneScenario?senarioId=7564,All,18 - 150,Lower extremity,"Hip Pain, Shoulder Pain (to include suspected rotator cuff injury)"
Musculoskeletal,3197243,"Stress fracture suspected, femur, radiography negative, next imaging study",https://gravitas.acr.org/ACPortal/GetDataForOneScenario?senarioId=7546,All,18 - 150,Lower extremity,"Hip Pain, Shoulder Pain (to include suspected rotator cuff injury)"
Musculoskeletal,3197301,"Stress fracture suspected, foot, fracture completion risk, radiography indeterminate, next imaging study",https://gravitas.acr.org/ACPortal/GetDataForOneScenario?senarioId=7602,All,18 - 150,Lower extremity,"Hip Pain, Shoulder Pain (to include suspected rotator cuff injury)"
Musculoskeletal,3197302,"Stress fracture suspected, foot, fracture completion risk, radiography negative, next imaging study",https://gravitas.acr.org/ACPortal/GetDataForOneScenario?senarioId=7603,All,18 - 150,Lower extremity,"Hip Pain, Shoulder Pain (to include suspected rotator cuff injury)"
Musculoskeletal,3197299,"Stress fracture suspected, foot, immediate need-to-know, radiography indeterminate, next imaging study",https://gravitas.acr.org/ACPortal/GetDataForOneScenario?senarioId=7600,All,18 - 150,Lower extremity,"Hip Pain, Shoulder Pain (to include suspected rotator cuff injury)"
Musculoskeletal,3197300,"Stress fracture suspected, foot, immediate need-to-know, radiography negative, next imaging study",https://gravitas.acr.org/ACPortal/GetDataForOneScenario?senarioId=7601,All,18 - 150,Lower extremity,"Hip Pain, Shoulder Pain (to include suspected rotator cuff injury)"
Musculoskeletal,3197230,"Stress fracture suspected, foot, initial imaging",https://gravitas.acr.org/ACPortal/GetDataForOneScenario?senarioId=7534,All,18 - 150,Lower extremity,"Hip Pain, Shoulder Pain (to include suspected rotator cuff injury)"
Musculoskeletal,3197303,"Stress fracture suspected, foot, osteoporosis or bisphosphonate therapy, radiography indeterminate, next imaging study",https://gravitas.acr.org/ACPortal/GetDataForOneScenario?senarioId=7604,All,18 - 150,Lower extremity,"Hip Pain, Shoulder Pain (to include suspected rotator cuff injury)"
Musculoskeletal,3197304,"Stress fracture suspected, foot, osteoporosis or bisphosphonate therapy, radiography negative, next imaging study",https://gravitas.acr.org/ACPortal/GetDataForOneScenario?senarioId=7605,All,18 - 150,Lower extremity,"Hip Pain, Shoulder Pain (to include suspected rotator cuff injury)"
Musculoskeletal,3197260,"Stress fracture suspected, foot, radiography indeterminate, next imaging study",https://gravitas.acr.org/ACPortal/GetDataForOneScenario?senarioId=7563,All,18 - 150,Lower extremity,"Hip Pain, Shoulder Pain (to include suspected rotator cuff injury)"
Musculoskeletal,3197242,"Stress fracture suspected, foot, radiography negative, next imaging study",https://gravitas.acr.org/ACPortal/GetDataForOneScenario?senarioId=7545,All,18 - 150,Lower extremity,"Hip Pain, Shoulder Pain (to include suspected rotator cuff injury)"
Musculoskeletal,3197313,"Stress fracture suspected, hand, fracture completion risk, radiography indeterminate, next imaging study",https://gravitas.acr.org/ACPortal/GetDataForOneScenario?senarioId=7614,All,18 - 150,Upper extremity,"Hip Pain, Shoulder Pain (to include suspected rotator cuff injury)"
Musculoskeletal,3197314,"Stress fracture suspected, hand, fracture completion risk, radiography negative, next imaging study",https://gravitas.acr.org/ACPortal/GetDataForOneScenario?senarioId=7615,All,18 - 150,Upper extremity,"Hip Pain, Shoulder Pain (to include suspected rotator cuff injury)"
Musculoskeletal,3197311,"Stress fracture suspected, hand, immediate need-to-know, radiography indeterminate, next imaging study",https://gravitas.acr.org/ACPortal/GetDataForOneScenario?senarioId=7612,All,18 - 150,Upper extremity,"Hip Pain, Shoulder Pain (to include suspected rotator cuff injury)"
Musculoskeletal,3197312,"Stress fracture suspected, hand, immediate need-to-know, radiography negative, next imaging study",https://gravitas.acr.org/ACPortal/GetDataForOneScenario?senarioId=7613,All,18 - 150,Upper extremity,"Hip Pain, Shoulder Pain (to include suspected rotator cuff injury)"
Musculoskeletal,3197228,"Stress fracture suspected, hand, initial imaging",https://gravitas.acr.org/ACPortal/GetDataForOneScenario?senarioId=7532,All,18 - 150,Upper extremity,"Hip Pain, Shoulder Pain (to include suspected rotator cuff injury)"
Musculoskeletal,3197315,"Stress fracture suspected, hand, osteoporosis or bisphosphonate therapy, radiography indeterminate, next imaging study",https://gravitas.acr.org/ACPortal/GetDataForOneScenario?senarioId=7616,All,18 - 150,Upper extremity,"Hip Pain, Shoulder Pain (to include suspected rotator cuff injury)"
Musculoskeletal,3197316,"Stress fracture suspected, hand, osteoporosis or bisphosphonate therapy, radiography negative, next imaging study",https://gravitas.acr.org/ACPortal/GetDataForOneScenario?senarioId=7617,All,18 - 150,Upper extremity,"Hip Pain, Shoulder Pain (to include suspected rotator cuff injury)"
Musculoskeletal,3197258,"Stress fracture suspected, hand, radiography indeterminate, next imaging study",https://gravitas.acr.org/ACPortal/GetDataForOneScenario?senarioId=7561,All,18 - 150,Upper extremity,"Hip Pain, Shoulder Pain (to include suspected rotator cuff injury)"
Musculoskeletal,3197240,"Stress fracture suspected, hand, radiography negative, next imaging study",https://gravitas.acr.org/ACPortal/GetDataForOneScenario?senarioId=7543,All,18 - 150,Upper extremity,"Hip Pain, Shoulder Pain (to include suspected rotator cuff injury)"
Musculoskeletal,3197319,"Stress fracture suspected, hip, fracture completion risk, radiography indeterminate, next imaging study",https://gravitas.acr.org/ACPortal/GetDataForOneScenario?senarioId=7620,All,18 - 150,Pelvis,"Hip Pain, Shoulder Pain (to include suspected rotator cuff injury)"
Musculoskeletal,3197320,"Stress fracture suspected, hip, fracture completion risk, radiography negative, next imaging study",https://gravitas.acr.org/ACPortal/GetDataForOneScenario?senarioId=7621,All,18 - 150,Pelvis,"Hip Pain, Shoulder Pain (to include suspected rotator cuff injury)"
Musculoskeletal,3197317,"Stress fracture suspected, hip, immediate need-to-know, radiography indeterminate, next imaging study",https://gravitas.acr.org/ACPortal/GetDataForOneScenario?senarioId=7618,All,18 - 150,Pelvis,"Hip Pain, Shoulder Pain (to include suspected rotator cuff injury)"
Musculoskeletal,3197318,"Stress fracture suspected, hip, immediate need-to-know, radiography negative, next imaging study",https://gravitas.acr.org/ACPortal/GetDataForOneScenario?senarioId=7619,All,18 - 150,Pelvis,"Hip Pain, Shoulder Pain (to include suspected rotator cuff injury)"
Musculoskeletal,3197227,"Stress fracture suspected, hip, initial imaging",https://gravitas.acr.org/ACPortal/GetDataForOneScenario?senarioId=7531,All,18 - 150,Lower extremity,"Hip Pain, Shoulder Pain (to include suspected rotator cuff injury)"
Musculoskeletal,3197321,"Stress fracture suspected, hip, osteoporosis or bisphosphonate therapy, radiography indeterminate, next imaging study",https://gravitas.acr.org/ACPortal/GetDataForOneScenario?senarioId=7622,All,18 - 150,Pelvis,"Hip Pain, Shoulder Pain (to include suspected rotator cuff injury)"
Musculoskeletal,3197322,"Stress fracture suspected, hip, osteoporosis or bisphosphonate therapy, radiography negative, next imaging study",https://gravitas.acr.org/ACPortal/GetDataForOneScenario?senarioId=7623,All,18 - 150,Pelvis,"Hip Pain, Shoulder Pain (to include suspected rotator cuff injury)"
Musculoskeletal,3197257,"Stress fracture suspected, hip, radiography indeterminate, next imaging study",https://gravitas.acr.org/ACPortal/GetDataForOneScenario?senarioId=7560,All,18 - 150,Lower extremity,"Hip Pain, Shoulder Pain (to include suspected rotator cuff injury)"
Musculoskeletal,3197239,"Stress fracture suspected, hip, radiography negative, next imaging study",https://gravitas.acr.org/ACPortal/GetDataForOneScenario?senarioId=7542,All,18 - 150,Lower extremity,"Hip Pain, Shoulder Pain (to include suspected rotator cuff injury)"
Musculoskeletal,3197325,"Stress fracture suspected, humerus, fracture completion risk, radiography indeterminate, next imaging study",https://gravitas.acr.org/ACPortal/GetDataForOneScenario?senarioId=7626,All,18 - 150,Upper extremity,"Hip Pain, Shoulder Pain (to include suspected rotator cuff injury)"
Musculoskeletal,3197326,"Stress fracture suspected, humerus, fracture completion risk, radiography negative, next imaging study",https://gravitas.acr.org/ACPortal/GetDataForOneScenario?senarioId=7627,All,18 - 150,Upper extremity,"Hip Pain, Shoulder Pain (to include suspected rotator cuff injury)"
Musculoskeletal,3197323,"Stress fracture suspected, humerus, immediate need-to-know, radiography indeterminate, next imaging study",https://gravitas.acr.org/ACPortal/GetDataForOneScenario?senarioId=7624,All,18 - 150,Upper extremity,"Hip Pain, Shoulder Pain (to include suspected rotator cuff injury)"
Musculoskeletal,3197324,"Stress fracture suspected, humerus, immediate need-to-know, radiography negative, next imaging study",https://gravitas.acr.org/ACPortal/GetDataForOneScenario?senarioId=7625,All,18 - 150,Upper extremity,"Hip Pain, Shoulder Pain (to include suspected rotator cuff injury)"
Musculoskeletal,3197226,"Stress fracture suspected, humerus, initial imaging",https://gravitas.acr.org/ACPortal/GetDataForOneScenario?senarioId=7530,All,18 - 150,Upper extremity,"Hip Pain, Shoulder Pain (to include suspected rotator cuff injury)"
Musculoskeletal,3197327,"Stress fracture suspected, humerus, osteoporosis or bisphosphonate therapy, radiography indeterminate, next imaging study",https://gravitas.acr.org/ACPortal/GetDataForOneScenario?senarioId=7628,All,18 - 150,Upper extremity,"Hip Pain, Shoulder Pain (to include suspected rotator cuff injury)"
Musculoskeletal,3197328,"Stress fracture suspected, humerus, osteoporosis or bisphosphonate therapy, radiography negative, next imaging study",https://gravitas.acr.org/ACPortal/GetDataForOneScenario?senarioId=7629,All,18 - 150,Upper extremity,"Hip Pain, Shoulder Pain (to include suspected rotator cuff injury)"
Musculoskeletal,3197256,"Stress fracture suspected, humerus, radiography indeterminate, next imaging study",https://gravitas.acr.org/ACPortal/GetDataForOneScenario?senarioId=7559,All,18 - 150,Upper extremity,"Hip Pain, Shoulder Pain (to include suspected rotator cuff injury)"
Musculoskeletal,3197238,"Stress fracture suspected, humerus, radiography negative, next imaging study",https://gravitas.acr.org/ACPortal/GetDataForOneScenario?senarioId=7541,All,18 - 150,Lower extremity,"Hip Pain, Shoulder Pain (to include suspected rotator cuff injury)"
Musculoskeletal,3197331,"Stress fracture suspected, knee, fracture completion risk, radiography indeterminate, next imaging study",https://gravitas.acr.org/ACPortal/GetDataForOneScenario?senarioId=7632,All,18 - 150,Lower extremity,"Hip Pain, Shoulder Pain (to include suspected rotator cuff injury)"
Musculoskeletal,3197332,"Stress fracture suspected, knee, fracture completion risk, radiography negative, next imaging study",https://gravitas.acr.org/ACPortal/GetDataForOneScenario?senarioId=7633,All,18 - 150,Lower extremity,"Hip Pain, Shoulder Pain (to include suspected rotator cuff injury)"
Musculoskeletal,3197329,"Stress fracture suspected, knee, immediate need-to-know, radiography indeterminate, next imaging study",https://gravitas.acr.org/ACPortal/GetDataForOneScenario?senarioId=7630,All,18 - 150,Lower extremity,"Hip Pain, Shoulder Pain (to include suspected rotator cuff injury)"
Musculoskeletal,3197330,"Stress fracture suspected, knee, immediate need-to-know, radiography negative, next imaging study",https://gravitas.acr.org/ACPortal/GetDataForOneScenario?senarioId=7631,All,18 - 150,Lower extremity,"Hip Pain, Shoulder Pain (to include suspected rotator cuff injury)"
Musculoskeletal,3197225,"Stress fracture suspected, knee, initial imaging",https://gravitas.acr.org/ACPortal/GetDataForOneScenario?senarioId=7529,All,18 - 150,Lower extremity,"Hip Pain, Shoulder Pain (to include suspected rotator cuff injury)"
Musculoskeletal,3197333,"Stress fracture suspected, knee, osteoporosis or bisphosphonate therapy, radiography indeterminate, next imaging study",https://gravitas.acr.org/ACPortal/GetDataForOneScenario?senarioId=7634,All,18 - 150,Lower extremity,"Hip Pain, Shoulder Pain (to include suspected rotator cuff injury)"
Musculoskeletal,3197334,"Stress fracture suspected, knee, osteoporosis or bisphosphonate therapy, radiography negative, next imaging study",https://gravitas.acr.org/ACPortal/GetDataForOneScenario?senarioId=7635,All,18 - 150,Lower extremity,"Hip Pain, Shoulder Pain (to include suspected rotator cuff injury)"
Musculoskeletal,3197255,"Stress fracture suspected, knee, radiography indeterminate, next imaging study",https://gravitas.acr.org/ACPortal/GetDataForOneScenario?senarioId=7558,All,18 - 150,Lower extremity,"Hip Pain, Shoulder Pain (to include suspected rotator cuff injury)"
Musculoskeletal,3197250,"Stress fracture suspected, knee, radiography negative, next imaging study",https://gravitas.acr.org/ACPortal/GetDataForOneScenario?senarioId=7553,All,18 - 150,Lower extremity,"Hip Pain, Shoulder Pain (to include suspected rotator cuff injury)"
Musculoskeletal,3197277,"Stress fracture suspected, pelvis, fracture completion risk, radiography indeterminate, next imaging study",https://gravitas.acr.org/ACPortal/GetDataForOneScenario?senarioId=7578,All,18 - 150,Pelvis,"Hip Pain, Shoulder Pain (to include suspected rotator cuff injury)"
Musculoskeletal,3197278,"Stress fracture suspected, pelvis, fracture completion risk, radiography negative, next imaging study",https://gravitas.acr.org/ACPortal/GetDataForOneScenario?senarioId=7579,All,18 - 150,Pelvis,"Hip Pain, Shoulder Pain (to include suspected rotator cuff injury)"
Musculoskeletal,3197275,"Stress fracture suspected, pelvis, immediate need-to-know, radiography indeterminate, next imaging study",https://gravitas.acr.org/ACPortal/GetDataForOneScenario?senarioId=7576,All,18 - 150,Pelvis,"Hip Pain, Shoulder Pain (to include suspected rotator cuff injury)"
Musculoskeletal,3197276,"Stress fracture suspected, pelvis, immediate need-to-know, radiography negative, next imaging study",https://gravitas.acr.org/ACPortal/GetDataForOneScenario?senarioId=7577,All,18 - 150,Pelvis,"Hip Pain, Shoulder Pain (to include suspected rotator cuff injury)"
Musculoskeletal,3197233,"Stress fracture suspected, pelvis, initial imaging",https://gravitas.acr.org/ACPortal/GetDataForOneScenario?senarioId=7537,All,18 - 150,Pelvis,"Hip Pain, Shoulder Pain (to include suspected rotator cuff injury)"
Musculoskeletal,3197279,"Stress fracture suspected, pelvis, osteoporosis or bisphosphonate therapy, radiography indeterminate, next imaging study",https://gravitas.acr.org/ACPortal/GetDataForOneScenario?senarioId=7580,All,18 - 150,Pelvis,"Hip Pain, Shoulder Pain (to include suspected rotator cuff injury)"
Musculoskeletal,3197280,"Stress fracture suspected, pelvis, osteoporosis or bisphosphonate therapy, radiography negative, next imaging study",https://gravitas.acr.org/ACPortal/GetDataForOneScenario?senarioId=7581,All,18 - 150,Pelvis,"Hip Pain, Shoulder Pain (to include suspected rotator cuff injury)"
Musculoskeletal,3197264,"Stress fracture suspected, pelvis, radiography indeterminate, next imaging study",https://gravitas.acr.org/ACPortal/GetDataForOneScenario?senarioId=7567,All,18 - 150,Pelvis,"Hip Pain, Shoulder Pain (to include suspected rotator cuff injury)"
Musculoskeletal,3197237,"Stress fracture suspected, pelvis, radiography negative, next imaging study",https://gravitas.acr.org/ACPortal/GetDataForOneScenario?senarioId=7540,All,18 - 150,Pelvis,"Hip Pain, Shoulder Pain (to include suspected rotator cuff injury)"
Musculoskeletal,3197307,"Stress fracture suspected, radius and ulna, fracture completion risk, radiography indeterminate, next imaging study",https://gravitas.acr.org/ACPortal/GetDataForOneScenario?senarioId=7608,All,18 - 150,Upper extremity,"Hip Pain, Shoulder Pain (to include suspected rotator cuff injury)"
Musculoskeletal,3197308,"Stress fracture suspected, radius and ulna, fracture completion risk, radiography negative, next imaging study",https://gravitas.acr.org/ACPortal/GetDataForOneScenario?senarioId=7609,All,18 - 150,Upper extremity,"Hip Pain, Shoulder Pain (to include suspected rotator cuff injury)"
Musculoskeletal,3197305,"Stress fracture suspected, radius and ulna, immediate need-to-know, radiography indeterminate, next imaging study",https://gravitas.acr.org/ACPortal/GetDataForOneScenario?senarioId=7606,All,18 - 150,Upper extremity,"Hip Pain, Shoulder Pain (to include suspected rotator cuff injury)"
Musculoskeletal,3197306,"Stress fracture suspected, radius and ulna, immediate need-to-know, radiography negative, next imaging study",https://gravitas.acr.org/ACPortal/GetDataForOneScenario?senarioId=7607,All,18 - 150,Upper extremity,"Hip Pain, Shoulder Pain (to include suspected rotator cuff injury)"
Musculoskeletal,3197229,"Stress fracture suspected, radius and ulna, initial imaging",https://gravitas.acr.org/ACPortal/GetDataForOneScenario?senarioId=7533,All,18 - 150,Upper extremity,"Hip Pain, Shoulder Pain (to include suspected rotator cuff injury)"
Musculoskeletal,3197309,"Stress fracture suspected, radius and ulna, osteoporosis or bisphosphonate therapy, radiography indeterminate, next imaging study",https://gravitas.acr.org/ACPortal/GetDataForOneScenario?senarioId=7610,All,18 - 150,Upper extremity,"Hip Pain, Shoulder Pain (to include suspected rotator cuff injury)"
Musculoskeletal,3197310,"Stress fracture suspected, radius and ulna, osteoporosis or bisphosphonate therapy, radiography negative, next imaging study",https://gravitas.acr.org/ACPortal/GetDataForOneScenario?senarioId=7611,All,18 - 150,Upper extremity,"Hip Pain, Shoulder Pain (to include suspected rotator cuff injury)"
Musculoskeletal,3197259,"Stress fracture suspected, radius and ulna, radiography indeterminate, next imaging study",https://gravitas.acr.org/ACPortal/GetDataForOneScenario?senarioId=7562,All,18 - 150,Upper extremity,"Hip Pain, Shoulder Pain (to include suspected rotator cuff injury)"
Musculoskeletal,3197241,"Stress fracture suspected, radius and ulna, radiography negative, next imaging study",https://gravitas.acr.org/ACPortal/GetDataForOneScenario?senarioId=7544,All,18 - 150,Upper extremity,"Hip Pain, Shoulder Pain (to include suspected rotator cuff injury)"
Musculoskeletal,3197343,"Stress fracture suspected, ribs, fracture completion risk, radiography indeterminate, next imaging study",https://gravitas.acr.org/ACPortal/GetDataForOneScenario?senarioId=7644,All,18 - 150,Chest,"Hip Pain, Shoulder Pain (to include suspected rotator cuff injury)"
Musculoskeletal,3197344,"Stress fracture suspected, ribs, fracture completion risk, radiography negative, next imaging study",https://gravitas.acr.org/ACPortal/GetDataForOneScenario?senarioId=7645,All,18 - 150,Chest,"Hip Pain, Shoulder Pain (to include suspected rotator cuff injury)"
Musculoskeletal,3197341,"Stress fracture suspected, ribs, immediate need-to-know, radiography indeterminate, next imaging study",https://gravitas.acr.org/ACPortal/GetDataForOneScenario?senarioId=7642,All,18 - 150,Chest,"Hip Pain, Shoulder Pain (to include suspected rotator cuff injury)"
Musculoskeletal,3197342,"Stress fracture suspected, ribs, immediate need-to-know, radiography negative, next imaging study",https://gravitas.acr.org/ACPortal/GetDataForOneScenario?senarioId=7643,All,18 - 150,Chest,"Hip Pain, Shoulder Pain (to include suspected rotator cuff injury)"
Musculoskeletal,3197223,"Stress fracture suspected, ribs, initial imaging",https://gravitas.acr.org/ACPortal/GetDataForOneScenario?senarioId=7527,All,18 - 150,Chest,"Hip Pain, Shoulder Pain (to include suspected rotator cuff injury)"
Musculoskeletal,3197345,"Stress fracture suspected, ribs, osteoporosis or bisphosphonate therapy, radiography indeterminate, next imaging study",https://gravitas.acr.org/ACPortal/GetDataForOneScenario?senarioId=7646,All,18 - 150,Chest,"Hip Pain, Shoulder Pain (to include suspected rotator cuff injury)"
Musculoskeletal,3197346,"Stress fracture suspected, ribs, osteoporosis or bisphosphonate therapy, radiography negative, next imaging study",https://gravitas.acr.org/ACPortal/GetDataForOneScenario?senarioId=7647,All,18 - 150,Chest,"Hip Pain, Shoulder Pain (to include suspected rotator cuff injury)"
Musculoskeletal,3197253,"Stress fracture suspected, ribs, radiography indeterminate, next imaging study",https://gravitas.acr.org/ACPortal/GetDataForOneScenario?senarioId=7556,All,18 - 150,Chest,"Hip Pain, Shoulder Pain (to include suspected rotator cuff injury)"
Musculoskeletal,3197248,"Stress fracture suspected, ribs, radiography negative, next imaging study",https://gravitas.acr.org/ACPortal/GetDataForOneScenario?senarioId=7551,All,18 - 150,Chest,"Hip Pain, Shoulder Pain (to include suspected rotator cuff injury)"
Musculoskeletal,3197361,"Stress fracture suspected, sacrum, fracture completion risk, radiography indeterminate, next imaging study",https://gravitas.acr.org/ACPortal/GetDataForOneScenario?senarioId=7662,All,18 - 150,Pelvis,"Hip Pain, Shoulder Pain (to include suspected rotator cuff injury)"
Musculoskeletal,3197362,"Stress fracture suspected, sacrum, fracture completion risk, radiography negative, next imaging study",https://gravitas.acr.org/ACPortal/GetDataForOneScenario?senarioId=7663,All,18 - 150,Pelvis,"Hip Pain, Shoulder Pain (to include suspected rotator cuff injury)"
Musculoskeletal,3197359,"Stress fracture suspected, sacrum, immediate need-to-know, radiography indeterminate, next imaging study",https://gravitas.acr.org/ACPortal/GetDataForOneScenario?senarioId=7660,All,18 - 150,Pelvis,"Hip Pain, Shoulder Pain (to include suspected rotator cuff injury)"
Musculoskeletal,3197360,"Stress fracture suspected, sacrum, immediate need-to-know, radiography negative, next imaging study",https://gravitas.acr.org/ACPortal/GetDataForOneScenario?senarioId=7661,All,18 - 150,Pelvis,"Hip Pain, Shoulder Pain (to include suspected rotator cuff injury)"
Musculoskeletal,3197235,"Stress fracture suspected, sacrum, initial imaging",https://gravitas.acr.org/ACPortal/GetDataForOneScenario?senarioId=7539,All,18 - 150,Pelvis,"Hip Pain, Shoulder Pain (to include suspected rotator cuff injury)"
Musculoskeletal,3197363,"Stress fracture suspected, sacrum, osteoporosis or bisphosphonate therapy, radiography indeterminate, next imaging study",https://gravitas.acr.org/ACPortal/GetDataForOneScenario?senarioId=7664,All,18 - 150,Pelvis,"Hip Pain, Shoulder Pain (to include suspected rotator cuff injury)"
Musculoskeletal,3197364,"Stress fracture suspected, sacrum, osteoporosis or bisphosphonate therapy, radiography negative, next imaging study",https://gravitas.acr.org/ACPortal/GetDataForOneScenario?senarioId=7665,All,18 - 150,Pelvis,"Hip Pain, Shoulder Pain (to include suspected rotator cuff injury)"
Musculoskeletal,3197265,"Stress fracture suspected, sacrum, radiography indeterminate, next imaging study",https://gravitas.acr.org/ACPortal/GetDataForOneScenario?senarioId=7568,All,18 - 150,Pelvis,"Hip Pain, Shoulder Pain (to include suspected rotator cuff injury)"
Musculoskeletal,3197266,"Stress fracture suspected, sacrum, radiography negative, next imaging study",https://gravitas.acr.org/ACPortal/GetDataForOneScenario?senarioId=7569,All,18 - 150,Pelvis,"Hip Pain, Shoulder Pain (to include suspected rotator cuff injury)"
Musculoskeletal,3197349,"Stress fracture suspected, shoulder, fracture completion risk, radiography indeterminate, next imaging study",https://gravitas.acr.org/ACPortal/GetDataForOneScenario?senarioId=7650,All,18 - 150,Upper extremity,"Hip Pain, Shoulder Pain (to include suspected rotator cuff injury)"
Musculoskeletal,3197350,"Stress fracture suspected, shoulder, fracture completion risk, radiography negative, next imaging study",https://gravitas.acr.org/ACPortal/GetDataForOneScenario?senarioId=7651,All,18 - 150,Upper extremity,"Hip Pain, Shoulder Pain (to include suspected rotator cuff injury)"
Musculoskeletal,3197347,"Stress fracture suspected, shoulder, immediate need-to-know, radiography indeterminate, next imaging study",https://gravitas.acr.org/ACPortal/GetDataForOneScenario?senarioId=7648,All,18 - 150,Upper extremity,"Hip Pain, Shoulder Pain (to include suspected rotator cuff injury)"
Musculoskeletal,3197348,"Stress fracture suspected, shoulder, immediate need-to-know, radiography negative, next imaging study",https://gravitas.acr.org/ACPortal/GetDataForOneScenario?senarioId=7649,All,18 - 150,Upper extremity,"Hip Pain, Shoulder Pain (to include suspected rotator cuff injury)"
Musculoskeletal,3197222,"Stress fracture suspected, shoulder, initial imaging",https://gravitas.acr.org/ACPortal/GetDataForOneScenario?senarioId=7526,All,18 - 150,Upper extremity,"Hip Pain, Shoulder Pain (to include suspected rotator cuff injury)"
Musculoskeletal,3197351,"Stress fracture suspected, shoulder, osteoporosis or bisphosphonate therapy, radiography indeterminate, next imaging study",https://gravitas.acr.org/ACPortal/GetDataForOneScenario?senarioId=7652,All,18 - 150,Upper extremity,"Hip Pain, Shoulder Pain (to include suspected rotator cuff injury)"
Musculoskeletal,3197352,"Stress fracture suspected, shoulder, osteoporosis or bisphosphonate therapy, radiography negative, next imaging study",https://gravitas.acr.org/ACPortal/GetDataForOneScenario?senarioId=7653,All,18 - 150,Upper extremity,"Hip Pain, Shoulder Pain (to include suspected rotator cuff injury)"
Musculoskeletal,3197252,"Stress fracture suspected, shoulder, radiography indeterminate, next imaging study",https://gravitas.acr.org/ACPortal/GetDataForOneScenario?senarioId=7555,All,18 - 150,Upper extremity,"Hip Pain, Shoulder Pain (to include suspected rotator cuff injury)"
Musculoskeletal,3197247,"Stress fracture suspected, shoulder, radiography negative, next imaging study",https://gravitas.acr.org/ACPortal/GetDataForOneScenario?senarioId=7550,All,18 - 150,Upper extremity,"Hip Pain, Shoulder Pain (to include suspected rotator cuff injury)"
Musculoskeletal,3197337,"Stress fracture suspected, tibia and fibula, fracture completion risk, radiography indeterminate, next imaging study",https://gravitas.acr.org/ACPortal/GetDataForOneScenario?senarioId=7638,All,18 - 150,Lower extremity,"Hip Pain, Shoulder Pain (to include suspected rotator cuff injury)"
Musculoskeletal,3197338,"Stress fracture suspected, tibia and fibula, fracture completion risk, radiography negative, next imaging study",https://gravitas.acr.org/ACPortal/GetDataForOneScenario?senarioId=7639,All,18 - 150,Lower extremity,"Hip Pain, Shoulder Pain (to include suspected rotator cuff injury)"
Musculoskeletal,3197335,"Stress fracture suspected, tibia and fibula, immediate need-to-know, radiography indeterminate, next imaging study",https://gravitas.acr.org/ACPortal/GetDataForOneScenario?senarioId=7636,All,18 - 150,Lower extremity,"Hip Pain, Shoulder Pain (to include suspected rotator cuff injury)"
Musculoskeletal,3197336,"Stress fracture suspected, tibia and fibula, immediate need-to-know, radiography negative, next imaging study",https://gravitas.acr.org/ACPortal/GetDataForOneScenario?senarioId=7637,All,18 - 150,Lower extremity,"Hip Pain, Shoulder Pain (to include suspected rotator cuff injury)"
Musculoskeletal,3197224,"Stress fracture suspected, tibia and fibula, initial imaging",https://gravitas.acr.org/ACPortal/GetDataForOneScenario?senarioId=7528,All,18 - 150,Lower extremity,"Hip Pain, Shoulder Pain (to include suspected rotator cuff injury)"
Musculoskeletal,3197339,"Stress fracture suspected, tibia and fibula, osteoporosis or bisphosphonate therapy, radiography indeterminate, next imaging study",https://gravitas.acr.org/ACPortal/GetDataForOneScenario?senarioId=7640,All,18 - 150,Lower extremity,"Hip Pain, Shoulder Pain (to include suspected rotator cuff injury)"
Musculoskeletal,3197340,"Stress fracture suspected, tibia and fibula, osteoporosis or bisphosphonate therapy, radiography negative, next imaging study",https://gravitas.acr.org/ACPortal/GetDataForOneScenario?senarioId=7641,All,18 - 150,Lower extremity,"Hip Pain, Shoulder Pain (to include suspected rotator cuff injury)"
Musculoskeletal,3197254,"Stress fracture suspected, tibia and fibula, radiography indeterminate, next imaging study",https://gravitas.acr.org/ACPortal/GetDataForOneScenario?senarioId=7557,All,18 - 150,Lower extremity,"Hip Pain, Shoulder Pain (to include suspected rotator cuff injury)"
Musculoskeletal,3197249,"Stress fracture suspected, tibia and fibula, radiography negative, next imaging study",https://gravitas.acr.org/ACPortal/GetDataForOneScenario?senarioId=7552,All,18 - 150,Lower extremity,"Hip Pain, Shoulder Pain (to include suspected rotator cuff injury)"
Musculoskeletal,3197355,"Stress fracture suspected, wrist, fracture completion risk, radiography indeterminate, next imaging study",https://gravitas.acr.org/ACPortal/GetDataForOneScenario?senarioId=7656,All,18 - 150,Upper extremity,"Hip Pain, Shoulder Pain (to include suspected rotator cuff injury)"
Musculoskeletal,3197356,"Stress fracture suspected, wrist, fracture completion risk, radiography negative, next imaging study",https://gravitas.acr.org/ACPortal/GetDataForOneScenario?senarioId=7657,All,18 - 150,Upper extremity,"Hip Pain, Shoulder Pain (to include suspected rotator cuff injury)"
Musculoskeletal,3197353,"Stress fracture suspected, wrist, immediate need-to-know, radiography indeterminate, next imaging study",https://gravitas.acr.org/ACPortal/GetDataForOneScenario?senarioId=7654,All,18 - 150,Upper extremity,"Hip Pain, Shoulder Pain (to include suspected rotator cuff injury)"
Musculoskeletal,3197354,"Stress fracture suspected, wrist, immediate need-to-know, radiography negative, next imaging study",https://gravitas.acr.org/ACPortal/GetDataForOneScenario?senarioId=7655,All,18 - 150,Upper extremity,"Hip Pain, Shoulder Pain (to include suspected rotator cuff injury)"
Musculoskeletal,3197221,"Stress fracture suspected, wrist, initial imaging",https://gravitas.acr.org/ACPortal/GetDataForOneScenario?senarioId=7525,All,18 - 150,Upper extremity,"Hip Pain, Shoulder Pain (to include suspected rotator cuff injury)"
Musculoskeletal,3197357,"Stress fracture suspected, wrist, osteoporosis or bisphosphonate therapy, radiography indeterminate, next imaging study",https://gravitas.acr.org/ACPortal/GetDataForOneScenario?senarioId=7658,All,18 - 150,Upper extremity,"Hip Pain, Shoulder Pain (to include suspected rotator cuff injury)"
Musculoskeletal,3197358,"Stress fracture suspected, wrist, osteoporosis or bisphosphonate therapy, radiography negative, next imaging study",https://gravitas.acr.org/ACPortal/GetDataForOneScenario?senarioId=7659,All,18 - 150,Upper extremity,"Hip Pain, Shoulder Pain (to include suspected rotator cuff injury)"
Musculoskeletal,3197251,"Stress fracture suspected, wrist, radiography indeterminate, next imaging study",https://gravitas.acr.org/ACPortal/GetDataForOneScenario?senarioId=7554,All,18 - 150,Upper extremity,"Hip Pain, Shoulder Pain (to include suspected rotator cuff injury)"
Musculoskeletal,3197246,"Stress fracture suspected, wrist, radiography negative, next imaging study",https://gravitas.acr.org/ACPortal/GetDataForOneScenario?senarioId=7549,All,18 - 150,Upper extremity,"Hip Pain, Shoulder Pain (to include suspected rotator cuff injury)"
Musculoskeletal,3197368,"Subchondral stress fracture suspected, ankle, radiography indeterminate, next imaging study",https://gravitas.acr.org/ACPortal/GetDataForOneScenario?senarioId=7668,All,18 - 150,Lower extremity,"Hip Pain, Shoulder Pain (to include suspected rotator cuff injury)"
Musculoskeletal,3197369,"Subchondral stress fracture suspected, ankle, radiography negative, next imaging study",https://gravitas.acr.org/ACPortal/GetDataForOneScenario?senarioId=7669,All,18 - 150,Lower extremity,"Hip Pain, Shoulder Pain (to include suspected rotator cuff injury)"
Musculoskeletal,3197370,"Subchondral stress fracture suspected, elbow, radiography indeterminate, next imaging study",https://gravitas.acr.org/ACPortal/GetDataForOneScenario?senarioId=7670,All,18 - 150,Upper extremity,"Hip Pain, Shoulder Pain (to include suspected rotator cuff injury)"
Musculoskeletal,3197371,"Subchondral stress fracture suspected, elbow, radiography negative, next imaging study",https://gravitas.acr.org/ACPortal/GetDataForOneScenario?senarioId=7671,All,18 - 150,Upper extremity,"Hip Pain, Shoulder Pain (to include suspected rotator cuff injury)"
Musculoskeletal,3197372,"Subchondral stress fracture suspected, femur, radiography indeterminate, next imaging study",https://gravitas.acr.org/ACPortal/GetDataForOneScenario?senarioId=7672,All,18 - 150,Lower extremity,"Hip Pain, Shoulder Pain (to include suspected rotator cuff injury)"
Musculoskeletal,3197373,"Subchondral stress fracture suspected, femur, radiography negative, next imaging study",https://gravitas.acr.org/ACPortal/GetDataForOneScenario?senarioId=7673,All,18 - 150,Lower extremity,"Hip Pain, Shoulder Pain (to include suspected rotator cuff injury)"
Musculoskeletal,3197374,"Subchondral stress fracture suspected, foot, radiography indeterminate, next imaging study",https://gravitas.acr.org/ACPortal/GetDataForOneScenario?senarioId=7674,All,18 - 150,Lower extremity,"Hip Pain, Shoulder Pain (to include suspected rotator cuff injury)"
Musculoskeletal,3197375,"Subchondral stress fracture suspected, foot, radiography negative, next imaging study",https://gravitas.acr.org/ACPortal/GetDataForOneScenario?senarioId=7675,All,18 - 150,Lower extremity,"Hip Pain, Shoulder Pain (to include suspected rotator cuff injury)"
Musculoskeletal,3197378,"Subchondral stress fracture suspected, hand, radiography indeterminate, next imaging study",https://gravitas.acr.org/ACPortal/GetDataForOneScenario?senarioId=7678,All,18 - 150,Upper extremity,"Hip Pain, Shoulder Pain (to include suspected rotator cuff injury)"
Musculoskeletal,3197379,"Subchondral stress fracture suspected, hand, radiography negative, next imaging study",https://gravitas.acr.org/ACPortal/GetDataForOneScenario?senarioId=7679,All,18 - 150,Upper extremity,"Hip Pain, Shoulder Pain (to include suspected rotator cuff injury)"
Musculoskeletal,3197380,"Subchondral stress fracture suspected, hip, radiography indeterminate, next imaging study",https://gravitas.acr.org/ACPortal/GetDataForOneScenario?senarioId=7680,All,18 - 150,Pelvis,"Hip Pain, Shoulder Pain (to include suspected rotator cuff injury)"
Musculoskeletal,3197381,"Subchondral stress fracture suspected, hip, radiography negative, next imaging study",https://gravitas.acr.org/ACPortal/GetDataForOneScenario?senarioId=7681,All,18 - 150,Pelvis,"Hip Pain, Shoulder Pain (to include suspected rotator cuff injury)"
Musculoskeletal,3197382,"Subchondral stress fracture suspected, humerus, radiography indeterminate, next imaging study",https://gravitas.acr.org/ACPortal/GetDataForOneScenario?senarioId=7682,All,18 - 150,Upper extremity,"Hip Pain, Shoulder Pain (to include suspected rotator cuff injury)"
Musculoskeletal,3197383,"Subchondral stress fracture suspected, humerus, radiography negative, next imaging study",https://gravitas.acr.org/ACPortal/GetDataForOneScenario?senarioId=7683,All,18 - 150,Upper extremity,"Hip Pain, Shoulder Pain (to include suspected rotator cuff injury)"
Musculoskeletal,3197384,"Subchondral stress fracture suspected, knee, radiography indeterminate, next imaging study",https://gravitas.acr.org/ACPortal/GetDataForOneScenario?senarioId=7684,All,18 - 150,Lower extremity,"Hip Pain, Shoulder Pain (to include suspected rotator cuff injury)"
Musculoskeletal,3197385,"Subchondral stress fracture suspected, knee, radiography negative, next imaging study",https://gravitas.acr.org/ACPortal/GetDataForOneScenario?senarioId=7685,All,18 - 150,Lower extremity,"Hip Pain, Shoulder Pain (to include suspected rotator cuff injury)"
Musculoskeletal,3197366,"Subchondral stress fracture suspected, pelvis, radiography indeterminate, next imaging study",https://gravitas.acr.org/ACPortal/GetDataForOneScenario?senarioId=7666,All,18 - 150,Pelvis,"Hip Pain, Shoulder Pain (to include suspected rotator cuff injury)"
Musculoskeletal,3197367,"Subchondral stress fracture suspected, pelvis, radiography negative, next imaging study",https://gravitas.acr.org/ACPortal/GetDataForOneScenario?senarioId=7667,All,18 - 150,Pelvis,"Hip Pain, Shoulder Pain (to include suspected rotator cuff injury)"
Musculoskeletal,3197376,"Subchondral stress fracture suspected, radius and ulna, radiography indeterminate, next imaging study",https://gravitas.acr.org/ACPortal/GetDataForOneScenario?senarioId=7676,All,18 - 150,Upper extremity,"Hip Pain, Shoulder Pain (to include suspected rotator cuff injury)"
Musculoskeletal,3197377,"Subchondral stress fracture suspected, radius and ulna, radiography negative, next imaging study",https://gravitas.acr.org/ACPortal/GetDataForOneScenario?senarioId=7677,All,18 - 150,Upper extremity,"Hip Pain, Shoulder Pain (to include suspected rotator cuff injury)"
Musculoskeletal,3197388,"Subchondral stress fracture suspected, shoulder, radiography indeterminate, next imaging study",https://gravitas.acr.org/ACPortal/GetDataForOneScenario?senarioId=7688,All,18 - 150,Upper extremity,"Hip Pain, Shoulder Pain (to include suspected rotator cuff injury)"
Musculoskeletal,3197389,"Subchondral stress fracture suspected, shoulder, radiography negative, next imaging study",https://gravitas.acr.org/ACPortal/GetDataForOneScenario?senarioId=7689,All,18 - 150,Upper extremity,"Hip Pain, Shoulder Pain (to include suspected rotator cuff injury)"
Musculoskeletal,3197386,"Subchondral stress fracture suspected, tibia and fibula, radiography indeterminate, next imaging study",https://gravitas.acr.org/ACPortal/GetDataForOneScenario?senarioId=7686,All,18 - 150,Lower extremity,"Hip Pain, Shoulder Pain (to include suspected rotator cuff injury)"
Musculoskeletal,3197387,"Subchondral stress fracture suspected, tibia and fibula, radiography negative, next imaging study",https://gravitas.acr.org/ACPortal/GetDataForOneScenario?senarioId=7687,All,18 - 150,Lower extremity,"Hip Pain, Shoulder Pain (to include suspected rotator cuff injury)"
Musculoskeletal,3197390,"Subchondral stress fracture suspected, wrist, radiography indeterminate, next imaging study",https://gravitas.acr.org/ACPortal/GetDataForOneScenario?senarioId=7690,All,18 - 150,Upper extremity,"Hip Pain, Shoulder Pain (to include suspected rotator cuff injury)"
Musculoskeletal,3197391,"Subchondral stress fracture suspected, wrist, radiography negative, next imaging study",https://gravitas.acr.org/ACPortal/GetDataForOneScenario?senarioId=7691,All,18 - 150,Upper extremity,"Hip Pain, Shoulder Pain (to include suspected rotator cuff injury)"
Musculoskeletal,3196007,Symptomatic osteoporotic VCF with bone marrow edema or intravertebral cleft. Initial treatment.,https://gravitas.acr.org/ACPortal/GetDataForOneScenario?senarioId=6792,All,18 - 150,Spine,"Cervical or Neck Pain, Low Back Pain"
Musculoskeletal,3197402,"Tibia and fibula stress fracture on radiography, next imaging study, associated complication",https://gravitas.acr.org/ACPortal/GetDataForOneScenario?senarioId=7701,All,18 - 150,Lower extremity,"Hip Pain, Shoulder Pain (to include suspected rotator cuff injury)"
Musculoskeletal,3197401,"Tibia and fibula stress fracture on radiography, next imaging study, determining extent",https://gravitas.acr.org/ACPortal/GetDataForOneScenario?senarioId=7700,All,18 - 150,Lower extremity,"Hip Pain, Shoulder Pain (to include suspected rotator cuff injury)"
Musculoskeletal,3196001,"Vertebral compression fracture on radiography, cervical, asymptomatic, hx of malignancy, next imaging study",https://gravitas.acr.org/ACPortal/GetDataForOneScenario?senarioId=6788,All,18 - 150,Spine,"Cervical or Neck Pain, Low Back Pain"
Musculoskeletal,3195990,"Vertebral compression fracture on radiography, cervical, symptomatic, new, hx of malignancy, next imaging study",https://gravitas.acr.org/ACPortal/GetDataForOneScenario?senarioId=6779,All,18 - 150,Spine,"Cervical or Neck Pain, Low Back Pain"
Musculoskeletal,3196003,"Vertebral compression fracture on radiography, lumbar, asymptomatic, hx of malignancy, next imaging study",https://gravitas.acr.org/ACPortal/GetDataForOneScenario?senarioId=6790,All,18 - 150,Spine,"Cervical or Neck Pain, Low Back Pain"
Musculoskeletal,3195992,"Vertebral compression fracture on radiography, lumbar, symptomatic, new, hx of malignancy, next imaging study",https://gravitas.acr.org/ACPortal/GetDataForOneScenario?senarioId=6781,All,18 - 150,Spine,"Cervical or Neck Pain, Low Back Pain"
Musculoskeletal,3196002,"Vertebral compression fracture on radiography, thoracic, asymptomatic, hx of malignancy, next imaging study",https://gravitas.acr.org/ACPortal/GetDataForOneScenario?senarioId=6789,All,18 - 150,Spine,"Cervical or Neck Pain, Low Back Pain"
Musculoskeletal,3195991,"Vertebral compression fracture on radiography, thoracic, symptomatic, new, hx of malignancy, next imaging study",https://gravitas.acr.org/ACPortal/GetDataForOneScenario?senarioId=6780,All,18 - 150,Spine,"Cervical or Neck Pain, Low Back Pain"
Musculoskeletal,3195986,"Vertebral compression fracture on xray, cervical, symptomatic, new, no malignancy, next imaging study",https://gravitas.acr.org/ACPortal/GetDataForOneScenario?senarioId=6776,All,18 - 150,Spine,"Cervical or Neck Pain, Low Back Pain"
Musculoskeletal,3195988,"Vertebral compression fracture on xray, lumbar, symptomatic, new, no malignancy, next imaging study",https://gravitas.acr.org/ACPortal/GetDataForOneScenario?senarioId=6778,All,18 - 150,Spine,"Cervical or Neck Pain, Low Back Pain"
Musculoskeletal,3195987,"Vertebral compression fracture on xray, thoracic, symptomatic, new, no malignancy, next imaging study",https://gravitas.acr.org/ACPortal/GetDataForOneScenario?senarioId=6777,All,18 - 150,Spine,"Cervical or Neck Pain, Low Back Pain"
Musculoskeletal,3195370,"Vertebral fracture risk, T scores <−1.0, height loss >4cm, follow up imaging",https://gravitas.acr.org/ACPortal/GetDataForOneScenario?senarioId=6299,All,18 - 150,Spine,
Musculoskeletal,3195369,"Vertebral fracture risk, T scores <−1.0, self reported prior vertebral fracture, follow up imaging",https://gravitas.acr.org/ACPortal/GetDataForOneScenario?senarioId=6298,All,18 - 150,Spine,
Musculoskeletal,3195371,"Vertebral fracture risk, T scores <−1.0, follow up imaging",https://gravitas.acr.org/ACPortal/GetDataForOneScenario?senarioId=6300,Male Only,80 - 150,Spine,
Musculoskeletal,3195367,"Vertebral fracture risk, T scores <−1.0, follow up imaging",https://gravitas.acr.org/ACPortal/GetDataForOneScenario?senarioId=6296,Female Only,70 - 150,Spine,
Musculoskeletal,3195368,"Vertebral fracture risk, T scores <−1.0, glucocorticoid therapy equivalent to >= 5mg of prednisone >=3 months, follow up imaging",https://gravitas.acr.org/ACPortal/GetDataForOneScenario?senarioId=6297,All,18 - 150,Spine,
Musculoskeletal,3149335,"Wrist fracture, tendon or ligament trauma suspected, radiography done",https://gravitas.acr.org/ACPortal/GetDataForOneScenario?senarioId=4699,All,18 - 150,Upper extremity,
Musculoskeletal,3196875,"Wrist pain, chronic, carpal tunnel syndrome suspected, radiography indeterminate, next imaging study",https://gravitas.acr.org/ACPortal/GetDataForOneScenario?senarioId=7321,All,18 - 150,Upper extremity,
Musculoskeletal,3196874,"Wrist pain, chronic, carpal tunnel syndrome suspected, radiography normal, next imaging study",https://gravitas.acr.org/ACPortal/GetDataForOneScenario?senarioId=7320,All,18 - 150,Upper extremity,
Musculoskeletal,3196124,"Wrist pain, chronic, crystalline arthritis suspected, gout, initial imaging",https://gravitas.acr.org/ACPortal/GetDataForOneScenario?senarioId=6858,All,18 - 150,Upper extremity,"Hip Pain, Shoulder Pain (to include suspected rotator cuff injury)"
Musculoskeletal,3196123,"Wrist pain, chronic, crystalline arthritis suspected, pseudogout, initial imaging",https://gravitas.acr.org/ACPortal/GetDataForOneScenario?senarioId=6857,All,18 - 150,Upper extremity,"Hip Pain, Shoulder Pain (to include suspected rotator cuff injury)"
Musculoskeletal,3196122,"Wrist pain, chronic, erosive osteoarthritis suspected, initial imaging",https://gravitas.acr.org/ACPortal/GetDataForOneScenario?senarioId=6856,All,18 - 150,Upper extremity,"Hip Pain, Shoulder Pain (to include suspected rotator cuff injury)"
Musculoskeletal,3196217,"Wrist pain, chronic, erosive osteoarthritis suspected, radiography inconclusive, next imaging study",https://gravitas.acr.org/ACPortal/GetDataForOneScenario?senarioId=6947,All,18 - 150,Upper extremity,"Hip Pain, Shoulder Pain (to include suspected rotator cuff injury)"
Musculoskeletal,3108761,"Wrist pain, chronic, erosive osteoarthritis suspected, radiography normal, next imaging study",https://gravitas.acr.org/ACPortal/GetDataForOneScenario?senarioId=2565,All,18 - 150,Upper extremity,"Hip Pain, Shoulder Pain (to include suspected rotator cuff injury)"
Musculoskeletal,3196183,"Wrist pain, chronic, gout suspected, radiography inconclusive, next imaging study",https://gravitas.acr.org/ACPortal/GetDataForOneScenario?senarioId=6915,All,18 - 150,Upper extremity,"Hip Pain, Shoulder Pain (to include suspected rotator cuff injury)"
Musculoskeletal,3196191,"Wrist pain, chronic, gout suspected, radiography normal, next imaging study",https://gravitas.acr.org/ACPortal/GetDataForOneScenario?senarioId=6923,All,18 - 150,Upper extremity,"Hip Pain, Shoulder Pain (to include suspected rotator cuff injury)"
Musculoskeletal,3073965,"Wrist pain, chronic, initial imaging",https://gravitas.acr.org/ACPortal/GetDataForOneScenario?senarioId=741,All,18 - 150,Upper extremity,
Musculoskeletal,3196865,"Wrist pain, chronic, nonspecific arthritis findings on radiography, next imaging study",https://gravitas.acr.org/ACPortal/GetDataForOneScenario?senarioId=7314,All,18 - 150,Upper extremity,
Musculoskeletal,3196871,"Wrist pain, chronic, old scaphoid fracture on radiography, next imaging study, evaluate for malunion",https://gravitas.acr.org/ACPortal/GetDataForOneScenario?senarioId=7318,All,18 - 150,Upper extremity,
Musculoskeletal,3082506,"Wrist pain, chronic, old scaphoid fracture on radiography, next imaging study, evaluate for nonunion",https://gravitas.acr.org/ACPortal/GetDataForOneScenario?senarioId=1181,All,18 - 150,Upper extremity,
Musculoskeletal,3196870,"Wrist pain, chronic, old scaphoid fracture on radiography, next imaging study, evaluate for osteonecrosis",https://gravitas.acr.org/ACPortal/GetDataForOneScenario?senarioId=7317,All,18 - 150,Upper extremity,
Musculoskeletal,3196869,"Wrist pain, chronic, old scaphoid fracture on radiography, next imaging study, evaluate for post traumatic osteoarthritis",https://gravitas.acr.org/ACPortal/GetDataForOneScenario?senarioId=7316,All,18 - 150,Upper extremity,
Musculoskeletal,3196208,"Wrist pain, chronic, pseudogout suspected, radiography inconclusive, next imaging study",https://gravitas.acr.org/ACPortal/GetDataForOneScenario?senarioId=6939,All,18 - 150,Upper extremity,"Hip Pain, Shoulder Pain (to include suspected rotator cuff injury)"
Musculoskeletal,3196200,"Wrist pain, chronic, pseudogout suspected, radiography normal, next imaging study",https://gravitas.acr.org/ACPortal/GetDataForOneScenario?senarioId=6931,All,18 - 150,Upper extremity,"Hip Pain, Shoulder Pain (to include suspected rotator cuff injury)"
Musculoskeletal,3081994,"Wrist pain, chronic, radiography normal, next imaging study",https://gravitas.acr.org/ACPortal/GetDataForOneScenario?senarioId=1154,All,18 - 150,Upper extremity,
Musculoskeletal,3196125,"Wrist pain, chronic, seronegative inflammatory arthritis suspected, initial imaging",https://gravitas.acr.org/ACPortal/GetDataForOneScenario?senarioId=6859,All,18 - 150,Upper extremity,"Hip Pain, Shoulder Pain (to include suspected rotator cuff injury)"
Musculoskeletal,3196173,"Wrist pain, chronic, seronegative inflammatory arthritis suspected, radiography inconclusive, next imaging study",https://gravitas.acr.org/ACPortal/GetDataForOneScenario?senarioId=6906,All,18 - 150,Upper extremity,"Hip Pain, Shoulder Pain (to include suspected rotator cuff injury)"
Musculoskeletal,3196145,"Wrist pain, chronic, seronegative inflammatory arthritis suspected, radiography normal, next imaging study",https://gravitas.acr.org/ACPortal/GetDataForOneScenario?senarioId=6878,All,18 - 150,Upper extremity,"Hip Pain, Shoulder Pain (to include suspected rotator cuff injury)"
Musculoskeletal,3196126,"Wrist pain, chronic, seropositive inflammatory arthritis suspected, initial imaging",https://gravitas.acr.org/ACPortal/GetDataForOneScenario?senarioId=6860,All,18 - 150,Upper extremity,"Hip Pain, Shoulder Pain (to include suspected rotator cuff injury)"
Musculoskeletal,3196174,"Wrist pain, chronic, seropositive inflammatory arthritis suspected, radiography inconclusive, next imaging study",https://gravitas.acr.org/ACPortal/GetDataForOneScenario?senarioId=6907,All,18 - 150,Upper extremity,"Hip Pain, Shoulder Pain (to include suspected rotator cuff injury)"
Musculoskeletal,3196146,"Wrist pain, chronic, seropositive inflammatory arthritis suspected, radiography normal, next imaging study",https://gravitas.acr.org/ACPortal/GetDataForOneScenario?senarioId=6879,All,18 - 150,Upper extremity,"Hip Pain, Shoulder Pain (to include suspected rotator cuff injury)"
Musculoskeletal,3196885,"Wrist pain, chronic, tendon injury suspected, nonspecific arthritis findings on radiography, next imaging study",https://gravitas.acr.org/ACPortal/GetDataForOneScenario?senarioId=7330,All,18 - 150,Upper extremity,
Musculoskeletal,3196880,"Wrist pain, chronic, tendon injury suspected, radiography normal, next imaging study",https://gravitas.acr.org/ACPortal/GetDataForOneScenario?senarioId=7325,All,18 - 150,Upper extremity,
Musculoskeletal,3196883,"Wrist pain, chronic, tendon pathology suspected, nonspecific arthritis findings on radiography, next imaging study",https://gravitas.acr.org/ACPortal/GetDataForOneScenario?senarioId=7328,All,18 - 150,Upper extremity,
Musculoskeletal,3196878,"Wrist pain, chronic, tendon pathology suspected, radiography normal, next imaging study",https://gravitas.acr.org/ACPortal/GetDataForOneScenario?senarioId=7323,All,18 - 150,Upper extremity,
Musculoskeletal,3196879,"Wrist pain, chronic, tenosynovitis suspected, radiography normal, next imaging study",https://gravitas.acr.org/ACPortal/GetDataForOneScenario?senarioId=7324,All,18 - 150,Upper extremity,
Musculoskeletal,3197396,"Wrist stress fracture on radiography, next imaging study, associated complication",https://gravitas.acr.org/ACPortal/GetDataForOneScenario?senarioId=7695,All,18 - 150,Upper extremity,"Hip Pain, Shoulder Pain (to include suspected rotator cuff injury)"
Musculoskeletal,3197395,"Wrist stress fracture on radiography, next imaging study, determining extent",https://gravitas.acr.org/ACPortal/GetDataForOneScenario?senarioId=7694,All,18 - 150,Upper extremity,"Hip Pain, Shoulder Pain (to include suspected rotator cuff injury)"
Musculoskeletal,3148783,"Wrist trauma, fracture suspected, equivocal radiography",https://gravitas.acr.org/ACPortal/GetDataForOneScenario?senarioId=4622,All,18 - 150,Upper extremity,
Musculoskeletal,3148782,"Wrist trauma, fracture suspected, neg or equivocal radiography",https://gravitas.acr.org/ACPortal/GetDataForOneScenario?senarioId=4621,All,18 - 150,Upper extremity,
Musculoskeletal,3148779,"Wrist trauma, initial exam",https://gravitas.acr.org/ACPortal/GetDataForOneScenario?senarioId=4618,All,18 - 150,Upper extremity,
Musculoskeletal,3148785,"Wrist trauma, penetrating, foreign body suspected, neg radiography",https://gravitas.acr.org/ACPortal/GetDataForOneScenario?senarioId=4624,All,18 - 150,Upper extremity,
Musculoskeletal,3149336,"Wrist trauma, subluxation on radiography",https://gravitas.acr.org/ACPortal/GetDataForOneScenario?senarioId=4700,All,18 - 150,Upper extremity,
Musculoskeletal,3196887,"Wrist, chronic, tenosynovitis suspected, nonspecific arthritis findings on radiography, next imaging study",https://gravitas.acr.org/ACPortal/GetDataForOneScenario?senarioId=7332,All,18 - 150,Upper extremity,
Neurologic,3149724,"Altered mental status, focal neuro deficit suspected, initial imaging",https://gravitas.acr.org/ACPortal/GetDataForOneScenario?senarioId=4729,All,18 - 150,Head,
Neurologic,3149728,"Altered mental status, hx of intracranial pathology, initial imaging",https://gravitas.acr.org/ACPortal/GetDataForOneScenario?senarioId=4733,All,18 - 150,Head,
Neurologic,3149725,"Altered mental status, intracranial pathology suspected, initial imaging",https://gravitas.acr.org/ACPortal/GetDataForOneScenario?senarioId=4730,All,18 - 150,Head,
Neurologic,3149734,"Altered mental status, medical illness clinically managed, initial imaging",https://gravitas.acr.org/ACPortal/GetDataForOneScenario?senarioId=4739,All,18 - 150,Head,
Neurologic,3149731,"Altered mental status, medical illness suspected, initial imaging",https://gravitas.acr.org/ACPortal/GetDataForOneScenario?senarioId=4736,All,18 - 150,Head,
Neurologic,3149735,"Altered mental status, toxic-metabolic cause clinically managed, initial imaging",https://gravitas.acr.org/ACPortal/GetDataForOneScenario?senarioId=4740,All,18 - 150,Head,
Neurologic,3149733,"Altered mental status, toxic-metabolic cause suspected, initial imaging",https://gravitas.acr.org/ACPortal/GetDataForOneScenario?senarioId=4738,All,18 - 150,Head,
Neurologic,3195207,"Anosmia, initial imaging",https://gravitas.acr.org/ACPortal/GetDataForOneScenario?senarioId=6185,All,18 - 150,Head-neck,
Neurologic,3196005,"Asymptomatic, osteoporotic VCF. Initial treatment.",https://gravitas.acr.org/ACPortal/GetDataForOneScenario?senarioId=6791,All,18 - 150,Spine,"Cervical or Neck Pain, Low Back Pain"
Neurologic,3194676,"AVF, surveillance",https://gravitas.acr.org/ACPortal/GetDataForOneScenario?senarioId=5926,All,18 - 150,Head,Headache (traumatic and nontraumatic)
Neurologic,3194677,"AVM, surveillance",https://gravitas.acr.org/ACPortal/GetDataForOneScenario?senarioId=5927,All,18 - 150,Head,Headache (traumatic and nontraumatic)
Neurologic,3149320,"Back trauma, abnormal neuro exam, ct or radiography positive",https://gravitas.acr.org/ACPortal/GetDataForOneScenario?senarioId=4684,All,16 - 150,Spine,"Cervical or Neck Pain, Low Back Pain"
Neurologic,3111290,"Back trauma, initial exam",https://gravitas.acr.org/ACPortal/GetDataForOneScenario?senarioId=3311,All,16 - 150,Spine,"Cervical or Neck Pain, Low Back Pain"
Neurologic,3195219,"Bell palsy, unilateral, isolated, initial imaging",https://gravitas.acr.org/ACPortal/GetDataForOneScenario?senarioId=6195,All,18 - 150,Head-neck,
Neurologic,3196011,"Benign VCF with worsening pain, or deformity, or pulmonary dysfunction. Initial treatment.",https://gravitas.acr.org/ACPortal/GetDataForOneScenario?senarioId=6794,All,18 - 150,Spine,"Cervical or Neck Pain, Low Back Pain"
Neurologic,3196954,"Carotid stenosis, asymptomatic, surveillance",https://gravitas.acr.org/ACPortal/GetDataForOneScenario?senarioId=7360,All,18 - 150,Neck,Headache (traumatic and nontraumatic)
Neurologic,3196974,"Cerebellar ataxia suspected, chronic disequilibrium, initial imaging",https://gravitas.acr.org/ACPortal/GetDataForOneScenario?senarioId=7372,All,18 - 150,Head,
Neurologic,3194674,"Cerebral aneurysm screening, high risk",https://gravitas.acr.org/ACPortal/GetDataForOneScenario?senarioId=5925,All,18 - 150,Head,Headache (traumatic and nontraumatic)
Neurologic,3194672,"Cerebral aneurysm, treated, surveillance",https://gravitas.acr.org/ACPortal/GetDataForOneScenario?senarioId=5924,All,18 - 150,Head,Headache (traumatic and nontraumatic)
Neurologic,3194670,"Cerebral aneurysm, untreated, surveillance",https://gravitas.acr.org/ACPortal/GetDataForOneScenario?senarioId=5923,All,18 - 150,Head,Headache (traumatic and nontraumatic)
Neurologic,3194668,"Cerebral vasospasm suspected, initial imaging",https://gravitas.acr.org/ACPortal/GetDataForOneScenario?senarioId=5922,All,18 - 150,Head,Headache (traumatic and nontraumatic)
Neurologic,3196952,"Cervical bruit, asymptomatic, initial imaging",https://gravitas.acr.org/ACPortal/GetDataForOneScenario?senarioId=7359,All,18 - 150,Neck,Headache (traumatic and nontraumatic)
Neurologic,3149710,"Cervical radiculopathy, acute, infection suspected",https://gravitas.acr.org/ACPortal/GetDataForOneScenario?senarioId=4724,All,18 - 150,Spine,"Cervical or Neck Pain, Headache (traumatic and nontraumatic)"
Neurologic,3149712,"Cervical radiculopathy, acute, known malignancy",https://gravitas.acr.org/ACPortal/GetDataForOneScenario?senarioId=4726,All,18 - 150,Spine,"Cervical or Neck Pain, Headache (traumatic and nontraumatic)"
Neurologic,3149325,"Cervical radiculopathy, acute, no red flags",https://gravitas.acr.org/ACPortal/GetDataForOneScenario?senarioId=4689,All,18 - 150,Spine,"Cervical or Neck Pain, Headache (traumatic and nontraumatic)"
Neurologic,3149708,"Cervical radiculopathy, acute, prior cervical spine surgery",https://gravitas.acr.org/ACPortal/GetDataForOneScenario?senarioId=4722,All,18 - 150,Spine,"Cervical or Neck Pain, Headache (traumatic and nontraumatic)"
Neurologic,3196956,"Cervical vascular dissection suspected, initial imaging",https://gravitas.acr.org/ACPortal/GetDataForOneScenario?senarioId=7361,All,18 - 150,Neck,Headache (traumatic and nontraumatic)
Neurologic,3196959,"Cervical vascular dissection, surveillance",https://gravitas.acr.org/ACPortal/GetDataForOneScenario?senarioId=7363,All,18 - 150,Neck,Headache (traumatic and nontraumatic)
Neurologic,3196957,"Cervical vascular Injury suspected, initial imaging",https://gravitas.acr.org/ACPortal/GetDataForOneScenario?senarioId=7362,All,18 - 150,Neck,Headache (traumatic and nontraumatic)
Neurologic,3196960,"Cervical vascular injury, surveillance",https://gravitas.acr.org/ACPortal/GetDataForOneScenario?senarioId=7364,All,18 - 150,Neck,Headache (traumatic and nontraumatic)
Neurologic,3141662,"Cholesteatoma, surgical planning",https://gravitas.acr.org/ACPortal/GetDataForOneScenario?senarioId=4460,All,18 - 150,Head,
Neurologic,3073680,"Chorea, Huntington disease suspected, initial imaging",https://gravitas.acr.org/ACPortal/GetDataForOneScenario?senarioId=612,All,18 - 150,Head,
Neurologic,3194679,"CNS vasculitis suspected, initial imaging",https://gravitas.acr.org/ACPortal/GetDataForOneScenario?senarioId=5928,All,18 - 150,Head-neck,Headache (traumatic and nontraumatic)
Neurologic,3074305,"Cochlear implant candidate, surgical planning",https://gravitas.acr.org/ACPortal/GetDataForOneScenario?senarioId=999,All,18 - 150,Head,
Neurologic,3194916,"CSF leak suspected, initial imaging",https://gravitas.acr.org/ACPortal/GetDataForOneScenario?senarioId=6002,All,18 - 150,Maxface,
Neurologic,3073673,"Dementia, alzheimer disease suspected, initial imaging",https://gravitas.acr.org/ACPortal/GetDataForOneScenario?senarioId=605,All,18 - 150,Head,
Neurologic,3073676,"Dementia, frontotemporal suspected, initial imaging",https://gravitas.acr.org/ACPortal/GetDataForOneScenario?senarioId=608,All,18 - 150,Head,
Neurologic,3073679,"Dementia, idiopathic normal pressure hydrocephalus suspected, initial imaging",https://gravitas.acr.org/ACPortal/GetDataForOneScenario?senarioId=611,All,18 - 150,Head,
Neurologic,3073677,"Dementia, Lewy bodies etiology suspected, initial imaging",https://gravitas.acr.org/ACPortal/GetDataForOneScenario?senarioId=609,All,18 - 150,Head,
Neurologic,3073678,"Dementia, rapidly progressive, Creutzfeld-Jakob disease suspected, initial imaging",https://gravitas.acr.org/ACPortal/GetDataForOneScenario?senarioId=610,All,18 - 150,Head,
Neurologic,3073675,"Dementia, vascular etiology suspected, initial imaging",https://gravitas.acr.org/ACPortal/GetDataForOneScenario?senarioId=607,All,18 - 150,Head,
Neurologic,3194909,"Deviated nasal septum, surgical candidate, initial imaging",https://gravitas.acr.org/ACPortal/GetDataForOneScenario?senarioId=5998,All,18 - 150,Maxface,
Neurologic,2986,Diabetes insipidus,https://gravitas.acr.org/ACPortal/GetDataForOneScenario?senarioId=396,All,18 - 150,Head,
Neurologic,3131587,"Diplopia, initial exam",https://gravitas.acr.org/ACPortal/GetDataForOneScenario?senarioId=3437,All,18 - 150,Head,
Neurologic,3194956,"Displaced teeth, mandibular fracture suspected, initial imaging following primary survey",https://gravitas.acr.org/ACPortal/GetDataForOneScenario?senarioId=6032,All,18 - 150,Maxface,
Neurologic,3196978,"Dizziness, nonspecific, without vertigo, ataxia, or other neuro deficits, initial imaging",https://gravitas.acr.org/ACPortal/GetDataForOneScenario?senarioId=7374,All,18 - 150,Head,
Neurologic,3131577,"Enophthalmos, nontraumatic, initial exam",https://gravitas.acr.org/ACPortal/GetDataForOneScenario?senarioId=3427,All,18 - 150,Head,
Neurologic,3194948,"Epistaxis, nasal fracture suspected, initial imaging following primary survey",https://gravitas.acr.org/ACPortal/GetDataForOneScenario?senarioId=6025,All,18 - 150,Maxface,
Neurologic,3131576,"Exophthalmos, nontraumatic, initial exam",https://gravitas.acr.org/ACPortal/GetDataForOneScenario?senarioId=3426,All,18 - 150,Head,
Neurologic,3194941,"Facial elongation, midface fracture suspected, initial imaging following primary survey",https://gravitas.acr.org/ACPortal/GetDataForOneScenario?senarioId=6019,All,18 - 150,Maxface,
Neurologic,3195217,"Facial expression paralysis, unilateral, isolated, initial imaging",https://gravitas.acr.org/ACPortal/GetDataForOneScenario?senarioId=6193,All,18 - 150,Head-neck,
Neurologic,3195213,"Facial numbness, unilateral, isolated, initial imaging",https://gravitas.acr.org/ACPortal/GetDataForOneScenario?senarioId=6190,All,18 - 150,Head-neck,
Neurologic,3195216,"Facial weakness, unilateral, isolated, initial imaging",https://gravitas.acr.org/ACPortal/GetDataForOneScenario?senarioId=6192,All,18 - 150,Head-neck,
Neurologic,3194955,"Fractured teeth, mandibular fracture suspected, initial imaging following primary survey",https://gravitas.acr.org/ACPortal/GetDataForOneScenario?senarioId=6031,All,18 - 150,Maxface,
Neurologic,3194935,"Frontal bone contusion, frontal bone fracture suspected, initial imaging following primary survey",https://gravitas.acr.org/ACPortal/GetDataForOneScenario?senarioId=6014,All,18 - 150,Maxface,
Neurologic,3194936,"Frontal bone edema, frontal bone fracture suspected, initial imaging following primary survey",https://gravitas.acr.org/ACPortal/GetDataForOneScenario?senarioId=6015,All,18 - 150,Maxface,
Neurologic,3194934,"Frontal bone tenderness, frontal bone fracture suspected, initial imaging following primary survey",https://gravitas.acr.org/ACPortal/GetDataForOneScenario?senarioId=6013,All,18 - 150,Maxface,
Neurologic,3194952,"Gingival hemorrhage, mandibular fracture suspected, initial imaging following primary survey",https://gravitas.acr.org/ACPortal/GetDataForOneScenario?senarioId=6028,All,18 - 150,Maxface,
Neurologic,3149294,Goiter suspected,https://gravitas.acr.org/ACPortal/GetDataForOneScenario?senarioId=4658,All,18 - 150,Neck,
Neurologic,3195212,"Head and face sensory abnormalities, unilateral, isolated, initial imaging",https://gravitas.acr.org/ACPortal/GetDataForOneScenario?senarioId=6189,All,18 - 150,Head-neck,
Neurologic,3195239,"Head and neck cancer, perineural tumor spread suspected, initial imaging",https://gravitas.acr.org/ACPortal/GetDataForOneScenario?senarioId=6208,All,18 - 150,Head-neck,
Neurologic,3195240,"Head and neck cancer, perineural tumor spread, initial imaging",https://gravitas.acr.org/ACPortal/GetDataForOneScenario?senarioId=6209,All,18 - 150,Head-neck,
Neurologic,3100795,"Head trauma, acute, mild, GCS 13-15, imaging indicated per clinical decision rule, initial imaging",https://gravitas.acr.org/ACPortal/GetDataForOneScenario?senarioId=2199,All,18 - 150,Head,Headache (traumatic and nontraumatic)
Neurologic,3100796,"Head trauma, acute, mild, GCS 13-15, imaging not indicated per clinical decision rule, initial imaging",https://gravitas.acr.org/ACPortal/GetDataForOneScenario?senarioId=2200,All,18 - 150,Head,Headache (traumatic and nontraumatic)
Neurologic,3194062,"Head trauma, acute, moderate, GCS 9-12, initial imaging",https://gravitas.acr.org/ACPortal/GetDataForOneScenario?senarioId=5551,All,18 - 150,Head,Headache (traumatic and nontraumatic)
Neurologic,3194020,"Head trauma, acute, neuro decline since last imaging, short-term follow up imaging",https://gravitas.acr.org/ACPortal/GetDataForOneScenario?senarioId=5513,All,18 - 150,Head,Headache (traumatic and nontraumatic)
Neurologic,3194024,"Head trauma, acute, no neuro decline, initial imaging normal, short term follow up imaging",https://gravitas.acr.org/ACPortal/GetDataForOneScenario?senarioId=5514,All,18 - 150,Head,Headache (traumatic and nontraumatic)
Neurologic,3194025,"Head trauma, acute, no neuro decline, positive findings on initial imaging, short term follow up imaging",https://gravitas.acr.org/ACPortal/GetDataForOneScenario?senarioId=5515,All,18 - 150,Head,Headache (traumatic and nontraumatic)
Neurologic,3194064,"Head trauma, acute, penetrating, initial imaging",https://gravitas.acr.org/ACPortal/GetDataForOneScenario?senarioId=5553,All,18 - 150,Head,Headache (traumatic and nontraumatic)
Neurologic,3194063,"Head trauma, acute, severe, GCS 3-8, initial imaging",https://gravitas.acr.org/ACPortal/GetDataForOneScenario?senarioId=5552,All,18 - 150,Head,Headache (traumatic and nontraumatic)
Neurologic,3100803,"Head trauma, chronic, unexplained cognitive or neuro deficit, initial imaging",https://gravitas.acr.org/ACPortal/GetDataForOneScenario?senarioId=2207,All,18 - 150,Head,Headache (traumatic and nontraumatic)
Neurologic,3100806,"Head trauma, CSF leak suspected, initial imaging",https://gravitas.acr.org/ACPortal/GetDataForOneScenario?senarioId=2210,All,18 - 150,Head,Headache (traumatic and nontraumatic)
Neurologic,3194037,"Head trauma, intracranial arterial injury suspected, positive findings on prior imaging",https://gravitas.acr.org/ACPortal/GetDataForOneScenario?senarioId=5526,All,18 - 150,Head,Headache (traumatic and nontraumatic)
Neurologic,3194036,"Head trauma, intracranial arterial injury suspected, risk factors",https://gravitas.acr.org/ACPortal/GetDataForOneScenario?senarioId=5525,All,18 - 150,Head,Headache (traumatic and nontraumatic)
Neurologic,3194039,"Head trauma, intracranial venous injury suspected, positive findings on prior imaging",https://gravitas.acr.org/ACPortal/GetDataForOneScenario?senarioId=5528,All,18 - 150,Head,Headache (traumatic and nontraumatic)
Neurologic,3194038,"Head trauma, intracranial venous injury suspected, risk factors",https://gravitas.acr.org/ACPortal/GetDataForOneScenario?senarioId=5527,All,18 - 150,Head,Headache (traumatic and nontraumatic)
Neurologic,3100802,"Head trauma, subacute, unexplained cognitive or neuro deficit, initial imaging",https://gravitas.acr.org/ACPortal/GetDataForOneScenario?senarioId=2206,All,18 - 150,Head,Headache (traumatic and nontraumatic)
Neurologic,3149329,"Headache and neck pain, acute, no neuro deficit",https://gravitas.acr.org/ACPortal/GetDataForOneScenario?senarioId=4693,All,18 - 150,Spine,"Cervical or Neck Pain, Headache (traumatic and nontraumatic)"
Neurologic,3196297,"Headache, cancer hx, initial imaging",https://gravitas.acr.org/ACPortal/GetDataForOneScenario?senarioId=7019,All,18 - 150,Head,Headache (traumatic and nontraumatic)
Neurologic,3197439,"Headache, chronic, daily, intracranial hypotension suspected, initial imaging negative, hx and clinical exam suggesting CSF leakage, next imaging study",https://gravitas.acr.org/ACPortal/GetDataForOneScenario?senarioId=7728,All,18 - 150,Head-spine,Headache (traumatic and nontraumatic)
Neurologic,3196295,"Headache, fever, initial imaging",https://gravitas.acr.org/ACPortal/GetDataForOneScenario?senarioId=7017,All,18 - 150,Head,Headache (traumatic and nontraumatic)
Neurologic,3196298,"Headache, immunocompromised, initial imaging",https://gravitas.acr.org/ACPortal/GetDataForOneScenario?senarioId=7020,All,18 - 150,Head,Headache (traumatic and nontraumatic)
Neurologic,3163049,"Headache, increasing frequency, initial imaging",https://gravitas.acr.org/ACPortal/GetDataForOneScenario?senarioId=4908,All,18 - 150,Head,Headache (traumatic and nontraumatic)
Neurologic,3163050,"Headache, increasing severity, initial imaging",https://gravitas.acr.org/ACPortal/GetDataForOneScenario?senarioId=4909,All,18 - 150,Head,Headache (traumatic and nontraumatic)
Neurologic,3084057,"Headache, intracranial hypertension features, initial imaging",https://gravitas.acr.org/ACPortal/GetDataForOneScenario?senarioId=2081,All,18 - 150,Head,Headache (traumatic and nontraumatic)
Neurologic,3074252,"Headache, intracranial hypotension features, initial imaging",https://gravitas.acr.org/ACPortal/GetDataForOneScenario?senarioId=947,All,18 - 150,Head,Headache (traumatic and nontraumatic)
Neurologic,3196296,"Headache, neuro deficit, initial imaging",https://gravitas.acr.org/ACPortal/GetDataForOneScenario?senarioId=7018,All,18 - 150,Head,Headache (traumatic and nontraumatic)
Neurologic,3196291,"Headache, new onset, peripartum period, initial imaging",https://gravitas.acr.org/ACPortal/GetDataForOneScenario?senarioId=7014,Female Only,10 - 60,Head,Headache (traumatic and nontraumatic)
Neurologic,3155935,"Headache, new onset, pregnant, initial imaging",https://gravitas.acr.org/ACPortal/GetDataForOneScenario?senarioId=4798,Female Only,10 - 60,Head,Headache (traumatic and nontraumatic)
Neurologic,3196293,"Headache, new pattern, peripartum period, initial imaging",https://gravitas.acr.org/ACPortal/GetDataForOneScenario?senarioId=7016,Female Only,10 - 60,Head,Headache (traumatic and nontraumatic)
Neurologic,3196292,"Headache, new pattern, pregnant, initial imaging",https://gravitas.acr.org/ACPortal/GetDataForOneScenario?senarioId=7015,Female Only,10 - 60,Head,Headache (traumatic and nontraumatic)
Neurologic,3196302,"Headache, no red flags, initial imaging",https://gravitas.acr.org/ACPortal/GetDataForOneScenario?senarioId=7023,All,18 - 150,Head,Headache (traumatic and nontraumatic)
Neurologic,3196299,"Headache, older age of onset, initial imaging",https://gravitas.acr.org/ACPortal/GetDataForOneScenario?senarioId=7021,All,51 - 150,Head,Headache (traumatic and nontraumatic)
Neurologic,3197434,"Headache, orthostatic, intracranial hypotension suspected, no improvement post 72 hrs of dural puncture that could cause CSF leakage, initial imaging",https://gravitas.acr.org/ACPortal/GetDataForOneScenario?senarioId=7725,All,18 - 150,Head-spine,Headache (traumatic and nontraumatic)
Neurologic,3197435,"Headache, orthostatic, intracranial hypotension suspected, no improvement post 72 hrs of spinal intervention that could cause CSF leakage, initial imaging",https://gravitas.acr.org/ACPortal/GetDataForOneScenario?senarioId=7726,All,18 - 150,Head-spine,Headache (traumatic and nontraumatic)
Neurologic,3197429,"Headache, orthostatic, intracranial hypotension suspected, no recent spinal intervention that could cause CSF leakage, initial imaging",https://gravitas.acr.org/ACPortal/GetDataForOneScenario?senarioId=7722,All,18 - 150,Head-spine,Headache (traumatic and nontraumatic)
Neurologic,3197431,"Headache, orthostatic, intracranial hypotension suspected, within 72 hrs of dural puncture that could cause CSF leakage, initial imaging",https://gravitas.acr.org/ACPortal/GetDataForOneScenario?senarioId=7723,All,18 - 150,Head-spine,Headache (traumatic and nontraumatic)
Neurologic,3197432,"Headache, orthostatic, within 72 hrs of spinal intervention that could cause CSF leakage, initial imaging",https://gravitas.acr.org/ACPortal/GetDataForOneScenario?senarioId=7724,All,18 - 150,Head-spine,Headache (traumatic and nontraumatic)
Neurologic,3196300,"Headache, post traumatic onset, initial imaging",https://gravitas.acr.org/ACPortal/GetDataForOneScenario?senarioId=7022,All,18 - 150,Head,Headache (traumatic and nontraumatic)
Neurologic,3084082,"Headache, primary migraine, neuro exam normal, initial imaging",https://gravitas.acr.org/ACPortal/GetDataForOneScenario?senarioId=2106,All,18 - 150,Head,Headache (traumatic and nontraumatic)
Neurologic,3158447,"Headache, primary trigeminal autonomic cephalalgias, initial imaging",https://gravitas.acr.org/ACPortal/GetDataForOneScenario?senarioId=4828,All,18 - 150,Head,Headache (traumatic and nontraumatic)
Neurologic,3197441,"Headache, rebound, post epidural blood patch treatment, intracranial hypotension suspected, initial imaging",https://gravitas.acr.org/ACPortal/GetDataForOneScenario?senarioId=7729,All,18 - 150,Head-spine,Headache (traumatic and nontraumatic)
Neurologic,3197442,"Headache, rebound, post fibrin glue patch treatment, intracranial hypotension suspected, initial imaging",https://gravitas.acr.org/ACPortal/GetDataForOneScenario?senarioId=7730,All,18 - 150,Head-spine,Headache (traumatic and nontraumatic)
Neurologic,3196284,"Headache, severe, sudden onset, maximal severity within an hour, initial imaging",https://gravitas.acr.org/ACPortal/GetDataForOneScenario?senarioId=7012,All,18 - 150,Head,Headache (traumatic and nontraumatic)
Neurologic,3196286,"Headache, tension type, neuro exam normal, initial imaging",https://gravitas.acr.org/ACPortal/GetDataForOneScenario?senarioId=7013,All,18 - 150,Head,Headache (traumatic and nontraumatic)
Neurologic,3141492,"Hearing loss, conductive, no mass in ear, initial exam",https://gravitas.acr.org/ACPortal/GetDataForOneScenario?senarioId=3530,All,18 - 150,Head,
Neurologic,3074301,"Hearing loss, mixed conductive and sensorineural, initial exam",https://gravitas.acr.org/ACPortal/GetDataForOneScenario?senarioId=995,All,18 - 150,Head,
Neurologic,3074300,"Hearing loss, sensorineural, initial exam",https://gravitas.acr.org/ACPortal/GetDataForOneScenario?senarioId=994,All,18 - 150,Head,
Neurologic,3195218,"Hemifacial spasm, unilateral, isolated, initial imaging",https://gravitas.acr.org/ACPortal/GetDataForOneScenario?senarioId=6194,All,18 - 150,Head-neck,
Neurologic,3194214,"Hyperparathyroidism, primary, initial imaging",https://gravitas.acr.org/ACPortal/GetDataForOneScenario?senarioId=5575,All,0 - 150,Neck,
Neurologic,3194217,"Hyperparathyroidism, primary, persistent after parathyroid surgery, initial imaging",https://gravitas.acr.org/ACPortal/GetDataForOneScenario?senarioId=5577,All,0 - 150,Neck,
Neurologic,3194216,"Hyperparathyroidism, primary, recurrent after parathyroid surgery, initial imaging",https://gravitas.acr.org/ACPortal/GetDataForOneScenario?senarioId=5576,All,0 - 150,Neck,
Neurologic,3194219,"Hyperparathyroidism, secondary, initial imaging",https://gravitas.acr.org/ACPortal/GetDataForOneScenario?senarioId=5578,All,0 - 150,Neck,
Neurologic,3194221,"Hyperparathyroidism, tertiary, initial imaging",https://gravitas.acr.org/ACPortal/GetDataForOneScenario?senarioId=5579,All,0 - 150,Neck,
Neurologic,3196319,"Hypopharynx cancer suspected, initial staging",https://gravitas.acr.org/ACPortal/GetDataForOneScenario?senarioId=7029,All,18 - 150,Head-neck,
Neurologic,3196324,"Hypopharynx cancer, initial staging",https://gravitas.acr.org/ACPortal/GetDataForOneScenario?senarioId=7034,All,18 - 150,Head-neck,
Neurologic,3196354,"Hypopharynx cancer, treated, recurrence suspected, follow-up imaging",https://gravitas.acr.org/ACPortal/GetDataForOneScenario?senarioId=7060,All,18 - 150,Head-neck,
Neurologic,3196359,"Hypopharynx cancer, treated, recurrence, follow-up imaging",https://gravitas.acr.org/ACPortal/GetDataForOneScenario?senarioId=7065,All,18 - 150,Head-neck,
Neurologic,3196349,"Hypopharynx cancer, treated, surveillance imaging",https://gravitas.acr.org/ACPortal/GetDataForOneScenario?senarioId=7055,All,18 - 150,Head-neck,
Neurologic,3149679,Hypopituitarism known,https://gravitas.acr.org/ACPortal/GetDataForOneScenario?senarioId=4712,All,18 - 150,Head,
Neurologic,3149678,Hypopituitarism suspected,https://gravitas.acr.org/ACPortal/GetDataForOneScenario?senarioId=4711,All,18 - 150,Head,
Neurologic,3149296,"Hypothyroidism, primary",https://gravitas.acr.org/ACPortal/GetDataForOneScenario?senarioId=4660,All,18 - 150,Neck,
Neurologic,3194943,"Infraorbital nerve paresthesia, midface fracture suspected, initial imaging following primary survey",https://gravitas.acr.org/ACPortal/GetDataForOneScenario?senarioId=6021,All,18 - 150,Maxface,
Neurologic,3196946,"Intraparenchymal hemorrhage, no hx of trauma, follow-up imaging",https://gravitas.acr.org/ACPortal/GetDataForOneScenario?senarioId=7356,All,18 - 150,Head,Headache (traumatic and nontraumatic)
Neurologic,3196940,"Ischemic infarct, <24 hrs, initial imaging",https://gravitas.acr.org/ACPortal/GetDataForOneScenario?senarioId=7353,All,18 - 150,Head,Headache (traumatic and nontraumatic)
Neurologic,3196944,"Ischemic infarct, prior, surveillance",https://gravitas.acr.org/ACPortal/GetDataForOneScenario?senarioId=7355,All,18 - 150,Head,Headache (traumatic and nontraumatic)
Neurologic,3196942,"Ischemic infarct, recent, >24 hrs, initial imaging",https://gravitas.acr.org/ACPortal/GetDataForOneScenario?senarioId=7354,All,18 - 150,Head,Headache (traumatic and nontraumatic)
Neurologic,3196938,"Ischemic stroke suspected, acute, focal neuro deficit, initial imaging",https://gravitas.acr.org/ACPortal/GetDataForOneScenario?senarioId=7352,All,18 - 150,Head,Headache (traumatic and nontraumatic)
Neurologic,3196321,"Larynx cancer suspected, initial staging",https://gravitas.acr.org/ACPortal/GetDataForOneScenario?senarioId=7031,All,18 - 150,Head-neck,
Neurologic,3196325,"Larynx cancer, initial staging",https://gravitas.acr.org/ACPortal/GetDataForOneScenario?senarioId=7035,All,18 - 150,Head-neck,
Neurologic,3196355,"Larynx cancer, treated, recurrence suspected, follow-up imaging",https://gravitas.acr.org/ACPortal/GetDataForOneScenario?senarioId=7061,All,18 - 150,Head-neck,
Neurologic,3196360,"Larynx cancer, treated, recurrence, follow-up imaging",https://gravitas.acr.org/ACPortal/GetDataForOneScenario?senarioId=7066,All,18 - 150,Head-neck,
Neurologic,3196350,"Larynx cancer, treated, surveillance imaging",https://gravitas.acr.org/ACPortal/GetDataForOneScenario?senarioId=7056,All,18 - 150,Head-neck,
Neurologic,3194954,"Loose teeth, mandibular fracture suspected, initial imaging following primary survey",https://gravitas.acr.org/ACPortal/GetDataForOneScenario?senarioId=6030,All,18 - 150,Maxface,
Neurologic,3194291,"Low back pain, acute, no red flags, no prior management, initial imaging",https://gravitas.acr.org/ACPortal/GetDataForOneScenario?senarioId=5618,All,18 - 150,Spine,Low Back Pain
Neurologic,3194299,"Low back pain, cauda equina syndrome suspected, initial imaging",https://gravitas.acr.org/ACPortal/GetDataForOneScenario?senarioId=5623,All,18 - 150,Spine,Low Back Pain
Neurologic,3194304,"Low back pain, chronic steroid use, initial imaging",https://gravitas.acr.org/ACPortal/GetDataForOneScenario?senarioId=5626,All,18 - 150,Spine,Low Back Pain
Neurologic,3194296,"Low back pain, chronic, intervention candidate, persistent symptoms after 6 wks medical management, initial imaging",https://gravitas.acr.org/ACPortal/GetDataForOneScenario?senarioId=5621,All,18 - 150,Spine,Low Back Pain
Neurologic,3194293,"Low back pain, chronic, no red flags, no prior management, initial imaging",https://gravitas.acr.org/ACPortal/GetDataForOneScenario?senarioId=5619,All,18 - 150,Spine,Low Back Pain
Neurologic,3194305,"Low back pain, elderly, initial imaging",https://gravitas.acr.org/ACPortal/GetDataForOneScenario?senarioId=5627,All,65 - 150,Spine,Low Back Pain
Neurologic,3194302,"Low back pain, hx of prior lumbar surgery, new symptoms, initial imaging",https://gravitas.acr.org/ACPortal/GetDataForOneScenario?senarioId=5625,All,18 - 150,Spine,Low Back Pain
Neurologic,3194301,"Low back pain, hx of prior lumbar surgery, progressive symptoms, initial imaging",https://gravitas.acr.org/ACPortal/GetDataForOneScenario?senarioId=5624,All,18 - 150,Spine,Low Back Pain
Neurologic,3194307,"Low back pain, low velocity trauma, initial imaging",https://gravitas.acr.org/ACPortal/GetDataForOneScenario?senarioId=5629,All,18 - 150,Spine,Low Back Pain
Neurologic,3195998,"Low back pain, new, hx of multiple vertebral compression fractures, initial imaging",https://gravitas.acr.org/ACPortal/GetDataForOneScenario?senarioId=6786,All,18 - 150,Spine,"Cervical or Neck Pain, Low Back Pain"
Neurologic,3195996,"Low back pain, new, previously treated vertebral compression fracture, initial imaging",https://gravitas.acr.org/ACPortal/GetDataForOneScenario?senarioId=6784,All,18 - 150,Spine,"Cervical or Neck Pain, Low Back Pain"
Neurologic,3194306,"Low back pain, osteoporosis, initial imaging",https://gravitas.acr.org/ACPortal/GetDataForOneScenario?senarioId=5628,All,18 - 150,Spine,Low Back Pain
Neurologic,3194297,"Low back pain, subacute, intervention candidate, persistent symptoms after 6 wks medical management, initial imaging",https://gravitas.acr.org/ACPortal/GetDataForOneScenario?senarioId=5622,All,18 - 150,Spine,Low Back Pain
Neurologic,3194294,"Low back pain, subacute, no red flags, no prior management, initial imaging",https://gravitas.acr.org/ACPortal/GetDataForOneScenario?senarioId=5620,All,18 - 150,Spine,Low Back Pain
Neurologic,3194309,"Low pack pain, immunosuppression, initial imaging",https://gravitas.acr.org/ACPortal/GetDataForOneScenario?senarioId=5630,All,18 - 150,Spine,Low Back Pain
Neurologic,3194310,"Low pack pain, infection suspected, initial imaging",https://gravitas.acr.org/ACPortal/GetDataForOneScenario?senarioId=5631,All,18 - 150,Spine,Low Back Pain
Neurologic,3194311,"Low pack pain, spinal mets suspected, initial imaging",https://gravitas.acr.org/ACPortal/GetDataForOneScenario?senarioId=5632,All,18 - 150,Spine,Low Back Pain
Neurologic,3195237,"Lower cranial nerve syndromes cranial nerve IX–XII, initial imaging",https://gravitas.acr.org/ACPortal/GetDataForOneScenario?senarioId=6207,All,18 - 150,Head-neck,
Neurologic,3196340,"Major salivary gland cancer suspected, initial staging",https://gravitas.acr.org/ACPortal/GetDataForOneScenario?senarioId=7047,All,18 - 150,Head-neck,
Neurologic,3196341,"Major salivary gland cancer, initial staging",https://gravitas.acr.org/ACPortal/GetDataForOneScenario?senarioId=7048,All,18 - 150,Head-neck,
Neurologic,3196384,"Major salivary gland cancer, treated, recurrence suspected, follow-up imaging",https://gravitas.acr.org/ACPortal/GetDataForOneScenario?senarioId=7087,All,18 - 150,Head-neck,
Neurologic,3196388,"Major salivary gland cancer, treated, recurrence, follow-up imaging",https://gravitas.acr.org/ACPortal/GetDataForOneScenario?senarioId=7091,All,18 - 150,Head-neck,
Neurologic,3196380,"Major salivary gland cancer, treated, surveillance imaging",https://gravitas.acr.org/ACPortal/GetDataForOneScenario?senarioId=7083,All,18 - 150,Head-neck,
Neurologic,3194951,"Malocclusion, mandibular fracture suspected, initial imaging following primary survey",https://gravitas.acr.org/ACPortal/GetDataForOneScenario?senarioId=6027,All,18 - 150,Maxface,
Neurologic,3194942,"Malocclusion, midface fracture suspected, initial imaging following primary survey",https://gravitas.acr.org/ACPortal/GetDataForOneScenario?senarioId=6020,All,18 - 150,Maxface,
Neurologic,3195211,"Mastication muscles paralysis, unilateral, isolated, initial imaging",https://gravitas.acr.org/ACPortal/GetDataForOneScenario?senarioId=6188,All,18 - 150,Head-neck,
Neurologic,3195210,"Mastication muscles weakness, unilateral, isolated, initial imaging",https://gravitas.acr.org/ACPortal/GetDataForOneScenario?senarioId=6187,All,18 - 150,Head-neck,
Neurologic,3195999,"Mid-back pain, new, hx of multiple vertebral compression fractures, initial imaging",https://gravitas.acr.org/ACPortal/GetDataForOneScenario?senarioId=6787,All,18 - 150,Spine,"Cervical or Neck Pain, Low Back Pain"
Neurologic,3195995,"Mid-back pain, new, previously treated vertebral compression fracture, initial imaging",https://gravitas.acr.org/ACPortal/GetDataForOneScenario?senarioId=6783,All,18 - 150,Spine,"Cervical or Neck Pain, Low Back Pain"
Neurologic,3073684,"Motor neuron disease suspected, initial imaging",https://gravitas.acr.org/ACPortal/GetDataForOneScenario?senarioId=616,All,18 - 150,Head,
Neurologic,3194908,"Mucocele suspected, surgical candidate, initial imaging",https://gravitas.acr.org/ACPortal/GetDataForOneScenario?senarioId=5997,All,18 - 150,Maxface,
Neurologic,3194953,"Mucosal hemorrhage, mandibular fracture suspected, initial imaging following primary survey",https://gravitas.acr.org/ACPortal/GetDataForOneScenario?senarioId=6029,All,18 - 150,Maxface,
Neurologic,3195236,"Multiple lower cranial nerve palsies, initial imaging",https://gravitas.acr.org/ACPortal/GetDataForOneScenario?senarioId=6206,All,18 - 150,Head-neck,
Neurologic,3195221,"Multiple middle cranial nerve palsies, cranial nerve V–VII, initial imaging",https://gravitas.acr.org/ACPortal/GetDataForOneScenario?senarioId=6196,All,18 - 150,Head-neck,
Neurologic,3193978,"Myelopathy, acute, cervical and thoracic spine, initial imaging",https://gravitas.acr.org/ACPortal/GetDataForOneScenario?senarioId=5471,All,18 - 150,Spine,"Cervical or Neck Pain, Low Back Pain"
Neurologic,3193975,"Myelopathy, acute, cervical spine, initial imaging",https://gravitas.acr.org/ACPortal/GetDataForOneScenario?senarioId=5468,All,18 - 150,Spine,"Cervical or Neck Pain, Low Back Pain"
Neurologic,3193980,"Myelopathy, acute, complete spine, initial imaging",https://gravitas.acr.org/ACPortal/GetDataForOneScenario?senarioId=5473,All,18 - 150,Spine,"Cervical or Neck Pain, Low Back Pain"
Neurologic,3193977,"Myelopathy, acute, lumbar spine, initial imaging",https://gravitas.acr.org/ACPortal/GetDataForOneScenario?senarioId=5470,All,18 - 150,Spine,"Cervical or Neck Pain, Low Back Pain"
Neurologic,3193979,"Myelopathy, acute, thoracic and lumbar spine, initial imaging",https://gravitas.acr.org/ACPortal/GetDataForOneScenario?senarioId=5472,All,18 - 150,Spine,"Cervical or Neck Pain, Low Back Pain"
Neurologic,3193976,"Myelopathy, acute, thoracic spine, initial imaging",https://gravitas.acr.org/ACPortal/GetDataForOneScenario?senarioId=5469,All,18 - 150,Spine,"Cervical or Neck Pain, Low Back Pain"
Neurologic,3193984,"Myelopathy, chronic, cervical and thoracic spine, initial imaging",https://gravitas.acr.org/ACPortal/GetDataForOneScenario?senarioId=5477,All,18 - 150,Spine,"Cervical or Neck Pain, Low Back Pain"
Neurologic,3193981,"Myelopathy, chronic, cervical spine, initial imaging",https://gravitas.acr.org/ACPortal/GetDataForOneScenario?senarioId=5474,All,18 - 150,Spine,"Cervical or Neck Pain, Low Back Pain"
Neurologic,3193986,"Myelopathy, chronic, complete spine, initial imaging",https://gravitas.acr.org/ACPortal/GetDataForOneScenario?senarioId=5479,All,18 - 150,Spine,"Cervical or Neck Pain, Low Back Pain"
Neurologic,3193983,"Myelopathy, chronic, lumbar spine, initial imaging",https://gravitas.acr.org/ACPortal/GetDataForOneScenario?senarioId=5476,All,18 - 150,Spine,"Cervical or Neck Pain, Low Back Pain"
Neurologic,3193985,"Myelopathy, chronic, thoracic and lumbar spine, initial imaging",https://gravitas.acr.org/ACPortal/GetDataForOneScenario?senarioId=5478,All,18 - 150,Spine,"Cervical or Neck Pain, Low Back Pain"
Neurologic,3193982,"Myelopathy, chronic, thoracic spine, initial imaging",https://gravitas.acr.org/ACPortal/GetDataForOneScenario?senarioId=5475,All,18 - 150,Spine,"Cervical or Neck Pain, Low Back Pain"
Neurologic,3196336,"Nasal cavity cancer suspected, initial staging",https://gravitas.acr.org/ACPortal/GetDataForOneScenario?senarioId=7044,All,18 - 150,Head-neck,
Neurologic,3196333,"Nasal cavity cancer, initial staging",https://gravitas.acr.org/ACPortal/GetDataForOneScenario?senarioId=7041,All,18 - 150,Head-neck,
Neurologic,3196373,"Nasal cavity cancer, treated, recurrence suspected, follow-up imaging",https://gravitas.acr.org/ACPortal/GetDataForOneScenario?senarioId=7077,All,18 - 150,Head-neck,
Neurologic,3196375,"Nasal cavity cancer, treated, recurrence, follow-up imaging",https://gravitas.acr.org/ACPortal/GetDataForOneScenario?senarioId=7079,All,18 - 150,Head-neck,
Neurologic,3196371,"Nasal cavity cancer, treated, surveillance imaging",https://gravitas.acr.org/ACPortal/GetDataForOneScenario?senarioId=7075,All,18 - 150,Head-neck,
Neurologic,3194946,"Nasal deformity, palpable, nasal fracture suspected, initial imaging following primary survey",https://gravitas.acr.org/ACPortal/GetDataForOneScenario?senarioId=6023,All,18 - 150,Maxface,
Neurologic,3194945,"Nasal deformity, visible, nasal fracture suspected, initial imaging following primary survey",https://gravitas.acr.org/ACPortal/GetDataForOneScenario?senarioId=6022,All,18 - 150,Maxface,
Neurologic,3194947,"Nasal tenderness, nasal fracture suspected, initial imaging following primary survey",https://gravitas.acr.org/ACPortal/GetDataForOneScenario?senarioId=6024,All,18 - 150,Maxface,
Neurologic,3196329,"Nasopharynx cancer suspected, initial staging",https://gravitas.acr.org/ACPortal/GetDataForOneScenario?senarioId=7038,All,18 - 150,Head-neck,
Neurologic,3196330,"Nasopharynx cancer, initial staging",https://gravitas.acr.org/ACPortal/GetDataForOneScenario?senarioId=7039,All,18 - 150,Head-neck,
Neurologic,3196365,"Nasopharynx cancer, treated, recurrence suspected, follow-up imaging",https://gravitas.acr.org/ACPortal/GetDataForOneScenario?senarioId=7070,All,18 - 150,Head-neck,
Neurologic,3196367,"Nasopharynx cancer, treated, recurrence, follow-up imaging",https://gravitas.acr.org/ACPortal/GetDataForOneScenario?senarioId=7072,All,18 - 150,Head-neck,
Neurologic,3196363,"Nasopharynx cancer, treated, surveillance imaging",https://gravitas.acr.org/ACPortal/GetDataForOneScenario?senarioId=7068,All,18 - 150,Head-neck,
Neurologic,3149271,Neck mass,https://gravitas.acr.org/ACPortal/GetDataForOneScenario?senarioId=4635,All,0 - 17,Neck,
Neurologic,3149268,"Neck mass, nonpulsatile",https://gravitas.acr.org/ACPortal/GetDataForOneScenario?senarioId=4632,All,18 - 150,Neck,
Neurologic,3149269,"Neck mass, pulsatile",https://gravitas.acr.org/ACPortal/GetDataForOneScenario?senarioId=4633,All,18 - 150,Neck,
Neurologic,3149709,"Neck pain, acute, infection suspected",https://gravitas.acr.org/ACPortal/GetDataForOneScenario?senarioId=4723,All,18 - 150,Spine,"Cervical or Neck Pain, Headache (traumatic and nontraumatic)"
Neurologic,3149711,"Neck pain, acute, known malignancy",https://gravitas.acr.org/ACPortal/GetDataForOneScenario?senarioId=4725,All,18 - 150,Spine,"Cervical or Neck Pain, Headache (traumatic and nontraumatic)"
Neurologic,3149324,"Neck pain, acute, no red flags",https://gravitas.acr.org/ACPortal/GetDataForOneScenario?senarioId=4688,All,18 - 150,Spine,"Cervical or Neck Pain, Headache (traumatic and nontraumatic)"
Neurologic,3149707,"Neck pain, acute, prior cervical spine surgery",https://gravitas.acr.org/ACPortal/GetDataForOneScenario?senarioId=4721,All,18 - 150,Spine,"Cervical or Neck Pain, Headache (traumatic and nontraumatic)"
Neurologic,3073955,"Neck pain, chronic, initial exam",https://gravitas.acr.org/ACPortal/GetDataForOneScenario?senarioId=731,All,18 - 150,Spine,"Cervical or Neck Pain, Headache (traumatic and nontraumatic)"
Neurologic,3073960,"Neck pain, chronic, no neurologic findings, djd on radiography",https://gravitas.acr.org/ACPortal/GetDataForOneScenario?senarioId=736,All,18 - 150,Spine,"Cervical or Neck Pain, Headache (traumatic and nontraumatic)"
Neurologic,3084046,"Neck pain, chronic, posterior longitudinal ligament ossification on radiography",https://gravitas.acr.org/ACPortal/GetDataForOneScenario?senarioId=2070,All,18 - 150,Spine,"Cervical or Neck Pain, Headache (traumatic and nontraumatic)"
Neurologic,3195994,"Neck pain, new, previously treated vertebral compression fracture, initial imaging",https://gravitas.acr.org/ACPortal/GetDataForOneScenario?senarioId=6782,All,18 - 150,Spine,"Cervical or Neck Pain, Low Back Pain"
Neurologic,3195997,"Neck pain, new, hx of multiple vertebral compression fractures, initial imaging",https://gravitas.acr.org/ACPortal/GetDataForOneScenario?senarioId=6785,All,18 - 150,Spine,"Cervical or Neck Pain, Low Back Pain"
Neurologic,3149319,"Neck pain, recent trauma, follow up",https://gravitas.acr.org/ACPortal/GetDataForOneScenario?senarioId=4683,All,16 - 150,Spine,"Cervical or Neck Pain, Low Back Pain"
Neurologic,3149682,Neck trauma,https://gravitas.acr.org/ACPortal/GetDataForOneScenario?senarioId=4715,All,65 - 150,Spine,"Cervical or Neck Pain, Low Back Pain"
Neurologic,3149317,"Neck trauma, arterial injury suspected, CT done",https://gravitas.acr.org/ACPortal/GetDataForOneScenario?senarioId=4681,All,0 - 150,Spine,"Cervical or Neck Pain, Low Back Pain"
Neurologic,3149683,"Neck trauma, dangerous injury mechanism",https://gravitas.acr.org/ACPortal/GetDataForOneScenario?senarioId=4716,All,16 - 64,Spine,"Cervical or Neck Pain, Low Back Pain"
Neurologic,3149684,"Neck trauma, focal neuro deficit or paresthesia",https://gravitas.acr.org/ACPortal/GetDataForOneScenario?senarioId=4717,All,16 - 64,Spine,"Cervical or Neck Pain, Low Back Pain"
Neurologic,3149685,"Neck trauma, impaired ROM",https://gravitas.acr.org/ACPortal/GetDataForOneScenario?senarioId=4718,All,16 - 64,Spine,"Cervical or Neck Pain, Low Back Pain"
Neurologic,3149686,"Neck trauma, intoxicated or obtunded",https://gravitas.acr.org/ACPortal/GetDataForOneScenario?senarioId=4719,All,16 - 150,Spine,"Cervical or Neck Pain, Low Back Pain"
Neurologic,3149318,"Neck trauma, ligament injury suspected, CT done",https://gravitas.acr.org/ACPortal/GetDataForOneScenario?senarioId=4682,All,16 - 150,Spine,"Cervical or Neck Pain, Low Back Pain"
Neurologic,3149315,"Neck trauma, mechanically unstable spine, treatment planning",https://gravitas.acr.org/ACPortal/GetDataForOneScenario?senarioId=4679,All,16 - 150,Spine,"Cervical or Neck Pain, Low Back Pain"
Neurologic,3149687,"Neck trauma, midline tenderness",https://gravitas.acr.org/ACPortal/GetDataForOneScenario?senarioId=4720,All,16 - 64,Spine,"Cervical or Neck Pain, Low Back Pain"
Neurologic,3149316,"Neck trauma, obtunded patient, CT neg",https://gravitas.acr.org/ACPortal/GetDataForOneScenario?senarioId=4680,All,16 - 150,Spine,"Cervical or Neck Pain, Low Back Pain"
Neurologic,3106344,"Neck trauma, penetrating, CTA neg or equivocal, aerodigestive injury suspected",https://gravitas.acr.org/ACPortal/GetDataForOneScenario?senarioId=2471,All,18 - 150,Neck,Cervical or Neck Pain
Neurologic,3106343,"Neck trauma, penetrating, CTA neg or equivocal, vascular injury suspected",https://gravitas.acr.org/ACPortal/GetDataForOneScenario?senarioId=2470,All,18 - 150,Neck,Cervical or Neck Pain
Neurologic,3106342,"Neck trauma, penetrating, soft tissue injury suspected",https://gravitas.acr.org/ACPortal/GetDataForOneScenario?senarioId=2469,All,18 - 150,Neck,Cervical or Neck Pain
Neurologic,3149314,"Neck trauma, spinal or nerve root injury, known or suspected, CT done",https://gravitas.acr.org/ACPortal/GetDataForOneScenario?senarioId=4678,All,16 - 150,Spine,"Cervical or Neck Pain, Low Back Pain"
Neurologic,3073659,"Neck trauma, uncomplicated (NEXUS/CCR neg)",https://gravitas.acr.org/ACPortal/GetDataForOneScenario?senarioId=595,All,16 - 64,Spine,"Cervical or Neck Pain, Low Back Pain"
Neurologic,3141663,"Neoplasm with suspected intracranial or inner ear extension, surgical planning",https://gravitas.acr.org/ACPortal/GetDataForOneScenario?senarioId=4461,All,18 - 150,Head,
Neurologic,3073681,"Neurodegeneration with brain iron accumulation suspected, initial imaging",https://gravitas.acr.org/ACPortal/GetDataForOneScenario?senarioId=613,All,18 - 150,Head,
Neurologic,3196009,"New, symptomatic VCF. History of prior vertebroplasty or surgery. Initial treatment.",https://gravitas.acr.org/ACPortal/GetDataForOneScenario?senarioId=6793,All,18 - 150,Spine,"Cervical or Neck Pain, Low Back Pain"
Neurologic,3197437,"Obtundation, intracranial hypotension suspected on initial brain imaging, next imaging study",https://gravitas.acr.org/ACPortal/GetDataForOneScenario?senarioId=7727,All,18 - 150,Head-spine,Headache (traumatic and nontraumatic)
Neurologic,3195208,"Olfaction abnormal, initial imaging",https://gravitas.acr.org/ACPortal/GetDataForOneScenario?senarioId=6186,All,18 - 150,Head-neck,
Neurologic,3131586,"Ophthalmoplegia, initial exam",https://gravitas.acr.org/ACPortal/GetDataForOneScenario?senarioId=3436,All,18 - 150,Head,
Neurologic,3128559,"Optic neuritis suspected, initial exam",https://gravitas.acr.org/ACPortal/GetDataForOneScenario?senarioId=3390,All,18 - 150,Head,
Neurologic,3196317,"Oral cavity cancer suspected, initial staging",https://gravitas.acr.org/ACPortal/GetDataForOneScenario?senarioId=7027,All,18 - 150,Head-neck,
Neurologic,3196322,"Oral cavity cancer, initial staging",https://gravitas.acr.org/ACPortal/GetDataForOneScenario?senarioId=7032,All,18 - 150,Head-neck,
Neurologic,3196352,"Oral cavity cancer, treated, recurrence suspected, follow-up imaging",https://gravitas.acr.org/ACPortal/GetDataForOneScenario?senarioId=7058,All,18 - 150,Head-neck,
Neurologic,3196357,"Oral cavity cancer, treated, recurrence, follow-up imaging",https://gravitas.acr.org/ACPortal/GetDataForOneScenario?senarioId=7063,All,18 - 150,Head-neck,
Neurologic,3196347,"Oral cavity cancer, treated, surveillance imaging",https://gravitas.acr.org/ACPortal/GetDataForOneScenario?senarioId=7053,All,18 - 150,Head-neck,
Neurologic,3131575,"Orbital asymmetry, nontraumatic, initial exam",https://gravitas.acr.org/ACPortal/GetDataForOneScenario?senarioId=3425,All,18 - 150,Head,
Neurologic,3131578,"Orbital cellulitis suspected, initial exam",https://gravitas.acr.org/ACPortal/GetDataForOneScenario?senarioId=3428,All,18 - 150,Head,
Neurologic,3128556,"Orbital trauma, visual defect, initial exam",https://gravitas.acr.org/ACPortal/GetDataForOneScenario?senarioId=3387,All,18 - 150,Head,
Neurologic,3195225,"Oropharnygeal neurogenic dysphagia, unilateral, isolated, initial imaging",https://gravitas.acr.org/ACPortal/GetDataForOneScenario?senarioId=6199,All,18 - 150,Head-neck,
Neurologic,3195224,"Oropharyngeal pain, unilateral, isolated, initial imaging",https://gravitas.acr.org/ACPortal/GetDataForOneScenario?senarioId=6198,All,18 - 150,Head-neck,
Neurologic,3196318,"Oropharynx cancer suspected, initial staging",https://gravitas.acr.org/ACPortal/GetDataForOneScenario?senarioId=7028,All,18 - 150,Head-neck,
Neurologic,3196323,"Oropharynx cancer, initial staging",https://gravitas.acr.org/ACPortal/GetDataForOneScenario?senarioId=7033,All,18 - 150,Head-neck,
Neurologic,3196353,"Oropharynx cancer, treated, recurrence suspected, follow-up imaging",https://gravitas.acr.org/ACPortal/GetDataForOneScenario?senarioId=7059,All,18 - 150,Head-neck,
Neurologic,3196358,"Oropharynx cancer, treated, recurrence, follow-up imaging",https://gravitas.acr.org/ACPortal/GetDataForOneScenario?senarioId=7064,All,18 - 150,Head-neck,
Neurologic,3196348,"Oropharynx cancer, treated, surveillance imaging",https://gravitas.acr.org/ACPortal/GetDataForOneScenario?senarioId=7054,All,18 - 150,Head-neck,
Neurologic,3195228,"Palatal paralysis, unilateral, isolated, initial imaging",https://gravitas.acr.org/ACPortal/GetDataForOneScenario?senarioId=6201,All,18 - 150,Head-neck,
Neurologic,3195223,"Palate weakness, unilateral, isolated, initial imaging",https://gravitas.acr.org/ACPortal/GetDataForOneScenario?senarioId=6197,All,18 - 150,Head-neck,
Neurologic,3196334,"Paranasal sinuses cancer suspected, initial staging",https://gravitas.acr.org/ACPortal/GetDataForOneScenario?senarioId=7042,All,18 - 150,Head-neck,
Neurologic,3196335,"Paranasal sinuses cancer, initial staging",https://gravitas.acr.org/ACPortal/GetDataForOneScenario?senarioId=7043,All,18 - 150,Head-neck,
Neurologic,3196372,"Paranasal sinuses cancer, treated, recurrence suspected, follow-up imaging",https://gravitas.acr.org/ACPortal/GetDataForOneScenario?senarioId=7076,All,18 - 150,Head-neck,
Neurologic,3196374,"Paranasal sinuses cancer, treated, recurrence, follow-up imaging",https://gravitas.acr.org/ACPortal/GetDataForOneScenario?senarioId=7078,All,18 - 150,Head-neck,
Neurologic,3196370,"Paranasal sinuses cancer, treated, surveillance imaging",https://gravitas.acr.org/ACPortal/GetDataForOneScenario?senarioId=7074,All,18 - 150,Head-neck,
Neurologic,3164908,"Parkinsonian syndromes, initial imaging",https://gravitas.acr.org/ACPortal/GetDataForOneScenario?senarioId=5222,All,18 - 150,Head,
Neurologic,3196344,"Parotid gland cancer suspected, initial staging",https://gravitas.acr.org/ACPortal/GetDataForOneScenario?senarioId=7051,All,18 - 150,Head-neck,
Neurologic,3196345,"Parotid gland cancer, initial staging",https://gravitas.acr.org/ACPortal/GetDataForOneScenario?senarioId=7052,All,18 - 150,Head-neck,
Neurologic,3196381,"Parotid gland cancer, treated, recurrence suspected, follow-up imaging",https://gravitas.acr.org/ACPortal/GetDataForOneScenario?senarioId=7084,All,18 - 150,Head-neck,
Neurologic,3196385,"Parotid gland cancer, treated, recurrence, follow-up imaging",https://gravitas.acr.org/ACPortal/GetDataForOneScenario?senarioId=7088,All,18 - 150,Head-neck,
Neurologic,3196377,"Parotid gland cancer, treated, surveillance imaging",https://gravitas.acr.org/ACPortal/GetDataForOneScenario?senarioId=7080,All,18 - 150,Head-neck,
Neurologic,3149270,Parotid region mass,https://gravitas.acr.org/ACPortal/GetDataForOneScenario?senarioId=4634,All,18 - 150,Head-neck,
Neurologic,3196013,Pathological VCF with ongoing or increasing mechanical pain. Initial treatment.,https://gravitas.acr.org/ACPortal/GetDataForOneScenario?senarioId=6795,All,18 - 150,Spine,"Cervical or Neck Pain, Low Back Pain"
Neurologic,3149681,Pituitary adenoma,https://gravitas.acr.org/ACPortal/GetDataForOneScenario?senarioId=4714,All,18 - 150,Head,
Neurologic,3149680,Pituitary adenoma suspected,https://gravitas.acr.org/ACPortal/GetDataForOneScenario?senarioId=4713,All,18 - 150,Head,
Neurologic,3074282,Pituitary apoplexy,https://gravitas.acr.org/ACPortal/GetDataForOneScenario?senarioId=976,All,18 - 150,Head,
Neurologic,3074283,"Pituitary or sellar mass resection, monitor",https://gravitas.acr.org/ACPortal/GetDataForOneScenario?senarioId=977,All,18 - 150,Head,
Neurologic,3194222,"Plexopathy brachial, acute, nontraumatic, no malignancy, initial imaging",https://gravitas.acr.org/ACPortal/GetDataForOneScenario?senarioId=5580,All,18 - 150,Spine,
Neurologic,3194223,"Plexopathy brachial, chronic, nontraumatic, no malignancy, initial imaging",https://gravitas.acr.org/ACPortal/GetDataForOneScenario?senarioId=5581,All,18 - 150,Spine,
Neurologic,3194228,"Plexopathy brachial, malignancy, initial imaging",https://gravitas.acr.org/ACPortal/GetDataForOneScenario?senarioId=5586,All,18 - 150,Spine,
Neurologic,3194229,"Plexopathy brachial, post treatment syndrome, initial imaging",https://gravitas.acr.org/ACPortal/GetDataForOneScenario?senarioId=5587,All,18 - 150,Spine,
Neurologic,3194226,"Plexopathy brachial, traumatic, not perinatal, initial imaging",https://gravitas.acr.org/ACPortal/GetDataForOneScenario?senarioId=5584,All,18 - 150,Spine,
Neurologic,3194224,"Plexopathy lumbosacral, acute, nontraumatic, no malignancy, initial imaging",https://gravitas.acr.org/ACPortal/GetDataForOneScenario?senarioId=5582,All,18 - 150,Spine,
Neurologic,3194225,"Plexopathy lumbosacral, chronic, nontraumatic, no malignancy, initial imaging",https://gravitas.acr.org/ACPortal/GetDataForOneScenario?senarioId=5583,All,18 - 150,Spine,
Neurologic,3194230,"Plexopathy lumbosacral, malignancy, initial imaging",https://gravitas.acr.org/ACPortal/GetDataForOneScenario?senarioId=5588,All,18 - 150,Spine,
Neurologic,3194231,"Plexopathy lumbosacral, post treatment syndrome, initial imaging",https://gravitas.acr.org/ACPortal/GetDataForOneScenario?senarioId=5589,All,18 - 150,Spine,
Neurologic,3194227,"Plexopathy lumbosacral, traumatic, initial imaging",https://gravitas.acr.org/ACPortal/GetDataForOneScenario?senarioId=5585,All,18 - 150,Spine,
Neurologic,3149676,Precocious puberty,https://gravitas.acr.org/ACPortal/GetDataForOneScenario?senarioId=4709,Female Only,0 - 7,Head,
Neurologic,3149677,Precocious puberty,https://gravitas.acr.org/ACPortal/GetDataForOneScenario?senarioId=4710,Male Only,0 - 8,Head,
Neurologic,3194040,"Presyncope, cardiovascular etiology suspected, initial imaging",https://gravitas.acr.org/ACPortal/GetDataForOneScenario?senarioId=5529,All,18 - 150,Cardiac,
Neurologic,3194042,"Presyncope, low probability of cardiovascular etiology, initial imaging",https://gravitas.acr.org/ACPortal/GetDataForOneScenario?senarioId=5531,All,18 - 150,Cardiac,
Neurologic,3149284,"Psychosis, new onset, initial imaging",https://gravitas.acr.org/ACPortal/GetDataForOneScenario?senarioId=4648,All,18 - 150,Head,
Neurologic,3194899,"Rhinosinusitis, acute, <4 wks, uncomplicated, initial imaging",https://gravitas.acr.org/ACPortal/GetDataForOneScenario?senarioId=5989,All,18 - 150,Maxface,
Neurologic,3194901,"Rhinosinusitis, acute, intracranial complication suspected, initial imaging",https://gravitas.acr.org/ACPortal/GetDataForOneScenario?senarioId=5991,All,18 - 150,Maxface,
Neurologic,3194900,"Rhinosinusitis, acute, orbital complication suspected, initial imaging",https://gravitas.acr.org/ACPortal/GetDataForOneScenario?senarioId=5990,All,18 - 150,Maxface,
Neurologic,3194904,"Rhinosinusitis, chronic, surgical candidate, initial imaging",https://gravitas.acr.org/ACPortal/GetDataForOneScenario?senarioId=5993,All,18 - 150,Maxface,
Neurologic,3194666,"SAH on CT, acute, next imaging study",https://gravitas.acr.org/ACPortal/GetDataForOneScenario?senarioId=5921,All,18 - 150,Head,Headache (traumatic and nontraumatic)
Neurologic,3131580,"Scleritis suspected, initial exam",https://gravitas.acr.org/ACPortal/GetDataForOneScenario?senarioId=3430,All,18 - 150,Head,
Neurologic,3183753,"Seizure disorder, change in clinical symptoms",https://gravitas.acr.org/ACPortal/GetDataForOneScenario?senarioId=5325,All,18 - 150,Head,
Neurologic,3183752,"Seizure disorder, change in seizure pattern",https://gravitas.acr.org/ACPortal/GetDataForOneScenario?senarioId=5324,All,18 - 150,Head,
Neurologic,3074237,"Seizure disorder, hx of tumor",https://gravitas.acr.org/ACPortal/GetDataForOneScenario?senarioId=936,All,18 - 150,Head,
Neurologic,3074235,"Seizure disorder, stable seizure pattern",https://gravitas.acr.org/ACPortal/GetDataForOneScenario?senarioId=934,All,18 - 150,Head,
Neurologic,3074234,"Seizure disorder, surgical planning",https://gravitas.acr.org/ACPortal/GetDataForOneScenario?senarioId=933,All,18 - 150,Head,
Neurologic,3079783,"Seizure, new, hx of trauma, initial imaging",https://gravitas.acr.org/ACPortal/GetDataForOneScenario?senarioId=1103,All,18 - 150,Head,
Neurologic,3074236,"Seizure, new, no trauma, initial imaging",https://gravitas.acr.org/ACPortal/GetDataForOneScenario?senarioId=935,All,18 - 150,Head,
Neurologic,3196976,"Sensory or proprioceptive ataxia suspected, chronic equilibrium, initial imaging",https://gravitas.acr.org/ACPortal/GetDataForOneScenario?senarioId=7373,All,18 - 150,Head,
Neurologic,3194907,"Silent sinus syndrome suspected, surgical candidate, initial imaging",https://gravitas.acr.org/ACPortal/GetDataForOneScenario?senarioId=5996,All,18 - 150,Maxface,
Neurologic,3194914,"Sinonasal mass suspected, initial imaging",https://gravitas.acr.org/ACPortal/GetDataForOneScenario?senarioId=6001,All,18 - 150,Maxface,
Neurologic,3194906,"Sinonasal polyposis, surgical candidate, initial imaging",https://gravitas.acr.org/ACPortal/GetDataForOneScenario?senarioId=5995,All,18 - 150,Maxface,
Neurologic,3194911,"Sinusitis, acute, rapid progression, initial imaging",https://gravitas.acr.org/ACPortal/GetDataForOneScenario?senarioId=5999,All,18 - 150,Maxface,
Neurologic,3194903,"Sinusitis, acute, recurring, surgical candidate, initial imaging",https://gravitas.acr.org/ACPortal/GetDataForOneScenario?senarioId=5992,All,18 - 150,Maxface,
Neurologic,3194912,"Sinusitis, invasive fungal suspected, initial imaging",https://gravitas.acr.org/ACPortal/GetDataForOneScenario?senarioId=6000,All,18 - 150,Maxface,
Neurologic,3194905,"Sinusitis, noninvasive fungal, surgical candidate, initial imaging",https://gravitas.acr.org/ACPortal/GetDataForOneScenario?senarioId=5994,All,18 - 150,Maxface,
Neurologic,3194614,"Spine infection suspected, cervical and lumbar, CT abnormal, next imaging study",https://gravitas.acr.org/ACPortal/GetDataForOneScenario?senarioId=5872,All,18 - 150,Spine,"Cervical or Neck Pain, Low Back Pain"
Neurologic,3194590,"Spine infection suspected, cervical and lumbar, decubitus ulcer, initial imaging",https://gravitas.acr.org/ACPortal/GetDataForOneScenario?senarioId=5849,All,18 - 150,Spine,"Cervical or Neck Pain, Low Back Pain"
Neurologic,3194555,"Spine infection suspected, cervical and lumbar, neck or back pain, with or without fever, abnormal labs, initial imaging",https://gravitas.acr.org/ACPortal/GetDataForOneScenario?senarioId=5817,All,18 - 150,Spine,"Cervical or Neck Pain, Low Back Pain"
Neurologic,3194534,"Spine infection suspected, cervical and lumbar, neck or back pain, with or without fever, cancer, initial imaging",https://gravitas.acr.org/ACPortal/GetDataForOneScenario?senarioId=5796,All,18 - 150,Spine,"Cervical or Neck Pain, Low Back Pain"
Neurologic,3194520,"Spine infection suspected, cervical and lumbar, neck or back pain, with or without fever, diabetes mellitus, initial imaging",https://gravitas.acr.org/ACPortal/GetDataForOneScenario?senarioId=5782,All,18 - 150,Spine,"Cervical or Neck Pain, Low Back Pain"
Neurologic,3194548,"Spine infection suspected, cervical and lumbar, neck or back pain, with or without fever, dialysis, initial imaging",https://gravitas.acr.org/ACPortal/GetDataForOneScenario?senarioId=5810,All,18 - 150,Spine,"Cervical or Neck Pain, Low Back Pain"
Neurologic,3194541,"Spine infection suspected, cervical and lumbar, neck or back pain, with or without fever, HIV, initial imaging",https://gravitas.acr.org/ACPortal/GetDataForOneScenario?senarioId=5803,All,18 - 150,Spine,"Cervical or Neck Pain, Low Back Pain"
Neurologic,3194562,"Spine infection suspected, cervical and lumbar, neck or back pain, with or without fever, immunocompromised, initial imaging",https://gravitas.acr.org/ACPortal/GetDataForOneScenario?senarioId=5824,All,18 - 150,Spine,"Cervical or Neck Pain, Low Back Pain"
Neurologic,3194527,"Spine infection suspected, cervical and lumbar, neck or back pain, with or without fever, IV drug use, initial imaging",https://gravitas.acr.org/ACPortal/GetDataForOneScenario?senarioId=5789,All,18 - 150,Spine,"Cervical or Neck Pain, Low Back Pain"
Neurologic,3194578,"Spine infection suspected, cervical and lumbar, new neuro deficit, initial imaging",https://gravitas.acr.org/ACPortal/GetDataForOneScenario?senarioId=5838,All,18 - 150,Spine,"Cervical or Neck Pain, Low Back Pain"
Neurologic,3194607,"Spine infection suspected, cervical and lumbar, radiography abnormal, next imaging study",https://gravitas.acr.org/ACPortal/GetDataForOneScenario?senarioId=5865,All,18 - 150,Spine,"Cervical or Neck Pain, Low Back Pain"
Neurologic,3194570,"Spine infection suspected, cervical and lumbar, recent intervention, initial imaging",https://gravitas.acr.org/ACPortal/GetDataForOneScenario?senarioId=5831,All,18 - 150,Spine,"Cervical or Neck Pain, Low Back Pain"
Neurologic,3194599,"Spine infection suspected, cervical and lumbar, wound overlying spine, initial imaging",https://gravitas.acr.org/ACPortal/GetDataForOneScenario?senarioId=5858,All,18 - 150,Spine,"Cervical or Neck Pain, Low Back Pain"
Neurologic,3194612,"Spine infection suspected, cervical and thoracic, CT abnormal, next imaging study",https://gravitas.acr.org/ACPortal/GetDataForOneScenario?senarioId=5870,All,18 - 150,Spine,"Cervical or Neck Pain, Low Back Pain"
Neurologic,3194587,"Spine infection suspected, cervical and thoracic, decubitus ulcer, initial imaging",https://gravitas.acr.org/ACPortal/GetDataForOneScenario?senarioId=5846,All,18 - 150,Spine,"Cervical or Neck Pain, Low Back Pain"
Neurologic,3194553,"Spine infection suspected, cervical and thoracic, neck or back pain, with or without fever, abnormal labs, initial imaging",https://gravitas.acr.org/ACPortal/GetDataForOneScenario?senarioId=5815,All,18 - 150,Spine,"Cervical or Neck Pain, Low Back Pain"
Neurologic,3194532,"Spine infection suspected, cervical and thoracic, neck or back pain, with or without fever, cancer, initial imaging",https://gravitas.acr.org/ACPortal/GetDataForOneScenario?senarioId=5794,All,18 - 150,Spine,"Cervical or Neck Pain, Low Back Pain"
Neurologic,3194518,"Spine infection suspected, cervical and thoracic, neck or back pain, with or without fever, diabetes mellitus, initial imaging",https://gravitas.acr.org/ACPortal/GetDataForOneScenario?senarioId=5780,All,18 - 150,Spine,"Cervical or Neck Pain, Low Back Pain"
Neurologic,3194546,"Spine infection suspected, cervical and thoracic, neck or back pain, with or without fever, dialysis, initial imaging",https://gravitas.acr.org/ACPortal/GetDataForOneScenario?senarioId=5808,All,18 - 150,Spine,"Cervical or Neck Pain, Low Back Pain"
Neurologic,3194539,"Spine infection suspected, cervical and thoracic, neck or back pain, with or without fever, HIV, initial imaging",https://gravitas.acr.org/ACPortal/GetDataForOneScenario?senarioId=5801,All,18 - 150,Spine,"Cervical or Neck Pain, Low Back Pain"
Neurologic,3194560,"Spine infection suspected, cervical and thoracic, neck or back pain, with or without fever, immunocompromised, initial imaging",https://gravitas.acr.org/ACPortal/GetDataForOneScenario?senarioId=5822,All,18 - 150,Spine,"Cervical or Neck Pain, Low Back Pain"
Neurologic,3194525,"Spine infection suspected, cervical and thoracic, neck or back pain, with or without fever, IV drug use, initial imaging",https://gravitas.acr.org/ACPortal/GetDataForOneScenario?senarioId=5787,All,18 - 150,Spine,"Cervical or Neck Pain, Low Back Pain"
Neurologic,3194576,"Spine infection suspected, cervical and thoracic, new neuro deficit, initial imaging",https://gravitas.acr.org/ACPortal/GetDataForOneScenario?senarioId=5836,All,18 - 150,Spine,"Cervical or Neck Pain, Low Back Pain"
Neurologic,3194605,"Spine infection suspected, cervical and thoracic, radiography abnormal, next imaging study",https://gravitas.acr.org/ACPortal/GetDataForOneScenario?senarioId=5863,All,18 - 150,Spine,"Cervical or Neck Pain, Low Back Pain"
Neurologic,3194568,"Spine infection suspected, cervical and thoracic, recent intervention, initial imaging",https://gravitas.acr.org/ACPortal/GetDataForOneScenario?senarioId=5829,All,18 - 150,Spine,"Cervical or Neck Pain, Low Back Pain"
Neurologic,3194596,"Spine infection suspected, cervical and thoracic, wound overlying spine, initial imaging",https://gravitas.acr.org/ACPortal/GetDataForOneScenario?senarioId=5855,All,18 - 150,Spine,"Cervical or Neck Pain, Low Back Pain"
Neurologic,3194609,"Spine infection suspected, cervical, CT abnormal, next imaging study",https://gravitas.acr.org/ACPortal/GetDataForOneScenario?senarioId=5867,All,18 - 150,Spine,"Cervical or Neck Pain, Low Back Pain"
Neurologic,3194583,"Spine infection suspected, cervical, decubitus ulcer, initial imaging",https://gravitas.acr.org/ACPortal/GetDataForOneScenario?senarioId=5842,All,18 - 150,Spine,"Cervical or Neck Pain, Low Back Pain"
Neurologic,3194550,"Spine infection suspected, cervical, neck or back pain, with or without fever, abnormal labs, initial imaging",https://gravitas.acr.org/ACPortal/GetDataForOneScenario?senarioId=5812,All,18 - 150,Spine,"Cervical or Neck Pain, Low Back Pain"
Neurologic,3194529,"Spine infection suspected, cervical, neck or back pain, with or without fever, cancer, initial imaging",https://gravitas.acr.org/ACPortal/GetDataForOneScenario?senarioId=5791,All,18 - 150,Spine,"Cervical or Neck Pain, Low Back Pain"
Neurologic,3194515,"Spine infection suspected, cervical, neck or back pain, with or without fever, diabetes mellitus, initial imaging",https://gravitas.acr.org/ACPortal/GetDataForOneScenario?senarioId=5777,All,18 - 150,Spine,"Cervical or Neck Pain, Low Back Pain"
Neurologic,3194543,"Spine infection suspected, cervical, neck or back pain, with or without fever, dialysis, initial imaging",https://gravitas.acr.org/ACPortal/GetDataForOneScenario?senarioId=5805,All,18 - 150,Spine,"Cervical or Neck Pain, Low Back Pain"
Neurologic,3194536,"Spine infection suspected, cervical, neck or back pain, with or without fever, HIV, initial imaging",https://gravitas.acr.org/ACPortal/GetDataForOneScenario?senarioId=5798,All,18 - 150,Spine,"Cervical or Neck Pain, Low Back Pain"
Neurologic,3194557,"Spine infection suspected, cervical, neck or back pain, with or without fever, immunocompromised, initial imaging",https://gravitas.acr.org/ACPortal/GetDataForOneScenario?senarioId=5819,All,18 - 150,Spine,"Cervical or Neck Pain, Low Back Pain"
Neurologic,3194522,"Spine infection suspected, cervical, neck or back pain, with or without fever, IV drug use, initial imaging",https://gravitas.acr.org/ACPortal/GetDataForOneScenario?senarioId=5784,All,18 - 150,Spine,"Cervical or Neck Pain, Low Back Pain"
Neurologic,3194573,"Spine infection suspected, cervical, new neuro deficit, initial imaging",https://gravitas.acr.org/ACPortal/GetDataForOneScenario?senarioId=5833,All,18 - 150,Spine,"Cervical or Neck Pain, Low Back Pain"
Neurologic,3194602,"Spine infection suspected, cervical, radiography abnormal, next imaging study",https://gravitas.acr.org/ACPortal/GetDataForOneScenario?senarioId=5860,All,18 - 150,Spine,"Cervical or Neck Pain, Low Back Pain"
Neurologic,3194565,"Spine infection suspected, cervical, recent intervention, initial imaging",https://gravitas.acr.org/ACPortal/GetDataForOneScenario?senarioId=5826,All,18 - 150,Spine,"Cervical or Neck Pain, Low Back Pain"
Neurologic,3194592,"Spine infection suspected, cervical, wound overlying spine, initial imaging",https://gravitas.acr.org/ACPortal/GetDataForOneScenario?senarioId=5851,All,18 - 150,Spine,"Cervical or Neck Pain, Low Back Pain"
Neurologic,3194615,"Spine infection suspected, complete spine, CT abnormal, next imaging study",https://gravitas.acr.org/ACPortal/GetDataForOneScenario?senarioId=5873,All,18 - 150,Spine,"Cervical or Neck Pain, Low Back Pain"
Neurologic,3194591,"Spine infection suspected, complete spine, decubitus ulcer, initial imaging",https://gravitas.acr.org/ACPortal/GetDataForOneScenario?senarioId=5850,All,18 - 150,Spine,"Cervical or Neck Pain, Low Back Pain"
Neurologic,3194556,"Spine infection suspected, complete spine, neck or back pain, with or without fever, abnormal labs, initial imaging",https://gravitas.acr.org/ACPortal/GetDataForOneScenario?senarioId=5818,All,18 - 150,Spine,"Cervical or Neck Pain, Low Back Pain"
Neurologic,3194535,"Spine infection suspected, complete spine, neck or back pain, with or without fever, cancer, initial imaging",https://gravitas.acr.org/ACPortal/GetDataForOneScenario?senarioId=5797,All,18 - 150,Spine,"Cervical or Neck Pain, Low Back Pain"
Neurologic,3194521,"Spine infection suspected, complete spine, neck or back pain, with or without fever, diabetes mellitus, initial imaging",https://gravitas.acr.org/ACPortal/GetDataForOneScenario?senarioId=5783,All,18 - 150,Spine,"Cervical or Neck Pain, Low Back Pain"
Neurologic,3194549,"Spine infection suspected, complete spine, neck or back pain, with or without fever, dialysis, initial imaging",https://gravitas.acr.org/ACPortal/GetDataForOneScenario?senarioId=5811,All,18 - 150,Spine,"Cervical or Neck Pain, Low Back Pain"
Neurologic,3194542,"Spine infection suspected, complete spine, neck or back pain, with or without fever, HIV, initial imaging",https://gravitas.acr.org/ACPortal/GetDataForOneScenario?senarioId=5804,All,18 - 150,Spine,"Cervical or Neck Pain, Low Back Pain"
Neurologic,3194563,"Spine infection suspected, complete spine, neck or back pain, with or without fever, immunocompromised, initial imaging",https://gravitas.acr.org/ACPortal/GetDataForOneScenario?senarioId=5825,All,18 - 150,Spine,"Cervical or Neck Pain, Low Back Pain"
Neurologic,3194528,"Spine infection suspected, complete spine, neck or back pain, with or without fever, IV drug use, initial imaging",https://gravitas.acr.org/ACPortal/GetDataForOneScenario?senarioId=5790,All,18 - 150,Spine,"Cervical or Neck Pain, Low Back Pain"
Neurologic,3194579,"Spine infection suspected, complete spine, new neuro deficit, initial imaging",https://gravitas.acr.org/ACPortal/GetDataForOneScenario?senarioId=5839,All,18 - 150,Spine,"Cervical or Neck Pain, Low Back Pain"
Neurologic,3194608,"Spine infection suspected, complete spine, radiography abnormal, next imaging study",https://gravitas.acr.org/ACPortal/GetDataForOneScenario?senarioId=5866,All,18 - 150,Spine,"Cervical or Neck Pain, Low Back Pain"
Neurologic,3194571,"Spine infection suspected, complete spine, recent intervention, initial imaging",https://gravitas.acr.org/ACPortal/GetDataForOneScenario?senarioId=5832,All,18 - 150,Spine,"Cervical or Neck Pain, Low Back Pain"
Neurologic,3194600,"Spine infection suspected, complete spine, wound overlying spine, initial imaging",https://gravitas.acr.org/ACPortal/GetDataForOneScenario?senarioId=5859,All,18 - 150,Spine,"Cervical or Neck Pain, Low Back Pain"
Neurologic,3194589,"Spine infection suspected, lumbar and sacrum, decubitus ulcer, initial imaging",https://gravitas.acr.org/ACPortal/GetDataForOneScenario?senarioId=5848,All,18 - 150,Spine,"Cervical or Neck Pain, Low Back Pain"
Neurologic,3194598,"Spine infection suspected, lumbar and sacrum, wound overlying spine, initial imaging",https://gravitas.acr.org/ACPortal/GetDataForOneScenario?senarioId=5857,All,18 - 150,Spine,"Cervical or Neck Pain, Low Back Pain"
Neurologic,3194581,"Spine infection suspected, lumbar, cauda equina syndrome, initial imaging",https://gravitas.acr.org/ACPortal/GetDataForOneScenario?senarioId=5841,All,18 - 150,Spine,"Cervical or Neck Pain, Low Back Pain"
Neurologic,3194611,"Spine infection suspected, lumbar, CT abnormal, next imaging study",https://gravitas.acr.org/ACPortal/GetDataForOneScenario?senarioId=5869,All,18 - 150,Spine,"Cervical or Neck Pain, Low Back Pain"
Neurologic,3194585,"Spine infection suspected, lumbar, decubitus ulcer, initial imaging",https://gravitas.acr.org/ACPortal/GetDataForOneScenario?senarioId=5844,All,18 - 150,Spine,"Cervical or Neck Pain, Low Back Pain"
Neurologic,3194551,"Spine infection suspected, lumbar, neck or back pain, with or without fever, abnormal labs, initial imaging",https://gravitas.acr.org/ACPortal/GetDataForOneScenario?senarioId=5813,All,18 - 150,Spine,"Cervical or Neck Pain, Low Back Pain"
Neurologic,3194531,"Spine infection suspected, lumbar, neck or back pain, with or without fever, cancer, initial imaging",https://gravitas.acr.org/ACPortal/GetDataForOneScenario?senarioId=5793,All,18 - 150,Spine,"Cervical or Neck Pain, Low Back Pain"
Neurologic,3194517,"Spine infection suspected, lumbar, neck or back pain, with or without fever, diabetes mellitus, initial imaging",https://gravitas.acr.org/ACPortal/GetDataForOneScenario?senarioId=5779,All,18 - 150,Spine,"Cervical or Neck Pain, Low Back Pain"
Neurologic,3194545,"Spine infection suspected, lumbar, neck or back pain, with or without fever, dialysis, initial imaging",https://gravitas.acr.org/ACPortal/GetDataForOneScenario?senarioId=5807,All,18 - 150,Spine,"Cervical or Neck Pain, Low Back Pain"
Neurologic,3194538,"Spine infection suspected, lumbar, neck or back pain, with or without fever, HIV, initial imaging",https://gravitas.acr.org/ACPortal/GetDataForOneScenario?senarioId=5800,All,18 - 150,Spine,"Cervical or Neck Pain, Low Back Pain"
Neurologic,3194558,"Spine infection suspected, lumbar, neck or back pain, with or without fever, immunocompromised, initial imaging",https://gravitas.acr.org/ACPortal/GetDataForOneScenario?senarioId=5820,All,18 - 150,Spine,"Cervical or Neck Pain, Low Back Pain"
Neurologic,3194524,"Spine infection suspected, lumbar, neck or back pain, with or without fever, IV drug use, initial imaging",https://gravitas.acr.org/ACPortal/GetDataForOneScenario?senarioId=5786,All,18 - 150,Spine,"Cervical or Neck Pain, Low Back Pain"
Neurologic,3194575,"Spine infection suspected, lumbar, new neuro deficit, initial imaging",https://gravitas.acr.org/ACPortal/GetDataForOneScenario?senarioId=5835,All,18 - 150,Spine,"Cervical or Neck Pain, Low Back Pain"
Neurologic,3194604,"Spine infection suspected, lumbar, radiography abnormal, next imaging study",https://gravitas.acr.org/ACPortal/GetDataForOneScenario?senarioId=5862,All,18 - 150,Spine,"Cervical or Neck Pain, Low Back Pain"
Neurologic,3194567,"Spine infection suspected, lumbar, recent intervention, initial imaging",https://gravitas.acr.org/ACPortal/GetDataForOneScenario?senarioId=5828,All,18 - 150,Spine,"Cervical or Neck Pain, Low Back Pain"
Neurologic,3194594,"Spine infection suspected, lumbar, wound overlying spine, initial imaging",https://gravitas.acr.org/ACPortal/GetDataForOneScenario?senarioId=5853,All,18 - 150,Spine,"Cervical or Neck Pain, Low Back Pain"
Neurologic,3194586,"Spine infection suspected, sacrum, decubitus ulcer, initial imaging",https://gravitas.acr.org/ACPortal/GetDataForOneScenario?senarioId=5845,All,18 - 150,Spine,"Cervical or Neck Pain, Low Back Pain"
Neurologic,3194595,"Spine infection suspected, sacrum, wound overlying spine, initial imaging",https://gravitas.acr.org/ACPortal/GetDataForOneScenario?senarioId=5854,All,18 - 150,Spine,"Cervical or Neck Pain, Low Back Pain"
Neurologic,3194580,"Spine infection suspected, thoracic and lumbar, cauda equina syndrome, initial imaging",https://gravitas.acr.org/ACPortal/GetDataForOneScenario?senarioId=5840,All,18 - 150,Spine,"Cervical or Neck Pain, Low Back Pain"
Neurologic,3194613,"Spine infection suspected, thoracic and lumbar, CT abnormal, next imaging study",https://gravitas.acr.org/ACPortal/GetDataForOneScenario?senarioId=5871,All,18 - 150,Spine,"Cervical or Neck Pain, Low Back Pain"
Neurologic,3194588,"Spine infection suspected, thoracic and lumbar, decubitus ulcer, initial imaging",https://gravitas.acr.org/ACPortal/GetDataForOneScenario?senarioId=5847,All,18 - 150,Spine,"Cervical or Neck Pain, Low Back Pain"
Neurologic,3194554,"Spine infection suspected, thoracic and lumbar, neck or back pain, with or without fever, abnormal labs, initial imaging",https://gravitas.acr.org/ACPortal/GetDataForOneScenario?senarioId=5816,All,18 - 150,Spine,"Cervical or Neck Pain, Low Back Pain"
Neurologic,3194533,"Spine infection suspected, thoracic and lumbar, neck or back pain, with or without fever, cancer, initial imaging",https://gravitas.acr.org/ACPortal/GetDataForOneScenario?senarioId=5795,All,18 - 150,Spine,"Cervical or Neck Pain, Low Back Pain"
Neurologic,3194519,"Spine infection suspected, thoracic and lumbar, neck or back pain, with or without fever, diabetes mellitus, initial imaging",https://gravitas.acr.org/ACPortal/GetDataForOneScenario?senarioId=5781,All,18 - 150,Spine,"Cervical or Neck Pain, Low Back Pain"
Neurologic,3194547,"Spine infection suspected, thoracic and lumbar, neck or back pain, with or without fever, dialysis, initial imaging",https://gravitas.acr.org/ACPortal/GetDataForOneScenario?senarioId=5809,All,18 - 150,Spine,"Cervical or Neck Pain, Low Back Pain"
Neurologic,3194540,"Spine infection suspected, thoracic and lumbar, neck or back pain, with or without fever, HIV, initial imaging",https://gravitas.acr.org/ACPortal/GetDataForOneScenario?senarioId=5802,All,18 - 150,Spine,"Cervical or Neck Pain, Low Back Pain"
Neurologic,3194561,"Spine infection suspected, thoracic and lumbar, neck or back pain, with or without fever, immunocompromised, initial imaging",https://gravitas.acr.org/ACPortal/GetDataForOneScenario?senarioId=5823,All,18 - 150,Spine,"Cervical or Neck Pain, Low Back Pain"
Neurologic,3194526,"Spine infection suspected, thoracic and lumbar, neck or back pain, with or without fever, IV drug use, initial imaging",https://gravitas.acr.org/ACPortal/GetDataForOneScenario?senarioId=5788,All,18 - 150,Spine,"Cervical or Neck Pain, Low Back Pain"
Neurologic,3194577,"Spine infection suspected, thoracic and lumbar, new neuro deficit, initial imaging",https://gravitas.acr.org/ACPortal/GetDataForOneScenario?senarioId=5837,All,18 - 150,Spine,"Cervical or Neck Pain, Low Back Pain"
Neurologic,3194606,"Spine infection suspected, thoracic and lumbar, radiography abnormal, next imaging study",https://gravitas.acr.org/ACPortal/GetDataForOneScenario?senarioId=5864,All,18 - 150,Spine,"Cervical or Neck Pain, Low Back Pain"
Neurologic,3194569,"Spine infection suspected, thoracic and lumbar, recent intervention, initial imaging",https://gravitas.acr.org/ACPortal/GetDataForOneScenario?senarioId=5830,All,18 - 150,Spine,"Cervical or Neck Pain, Low Back Pain"
Neurologic,3194597,"Spine infection suspected, thoracic and lumbar, wound overlying spine, initial imaging",https://gravitas.acr.org/ACPortal/GetDataForOneScenario?senarioId=5856,All,18 - 150,Spine,"Cervical or Neck Pain, Low Back Pain"
Neurologic,3194610,"Spine infection suspected, thoracic, CT abnormal, next imaging study",https://gravitas.acr.org/ACPortal/GetDataForOneScenario?senarioId=5868,All,18 - 150,Spine,"Cervical or Neck Pain, Low Back Pain"
Neurologic,3194584,"Spine infection suspected, thoracic, decubitus ulcer, initial imaging",https://gravitas.acr.org/ACPortal/GetDataForOneScenario?senarioId=5843,All,18 - 150,Spine,"Cervical or Neck Pain, Low Back Pain"
Neurologic,3194552,"Spine infection suspected, thoracic, neck or back pain, with or without fever, abnormal labs, initial imaging",https://gravitas.acr.org/ACPortal/GetDataForOneScenario?senarioId=5814,All,18 - 150,Spine,"Cervical or Neck Pain, Low Back Pain"
Neurologic,3194530,"Spine infection suspected, thoracic, neck or back pain, with or without fever, cancer, initial imaging",https://gravitas.acr.org/ACPortal/GetDataForOneScenario?senarioId=5792,All,18 - 150,Spine,"Cervical or Neck Pain, Low Back Pain"
Neurologic,3194516,"Spine infection suspected, thoracic, neck or back pain, with or without fever, diabetes mellitus, initial imaging",https://gravitas.acr.org/ACPortal/GetDataForOneScenario?senarioId=5778,All,18 - 150,Spine,"Cervical or Neck Pain, Low Back Pain"
Neurologic,3194544,"Spine infection suspected, thoracic, neck or back pain, with or without fever, dialysis, initial imaging",https://gravitas.acr.org/ACPortal/GetDataForOneScenario?senarioId=5806,All,18 - 150,Spine,"Cervical or Neck Pain, Low Back Pain"
Neurologic,3194537,"Spine infection suspected, thoracic, neck or back pain, with or without fever, HIV, initial imaging",https://gravitas.acr.org/ACPortal/GetDataForOneScenario?senarioId=5799,All,18 - 150,Spine,"Cervical or Neck Pain, Low Back Pain"
Neurologic,3194559,"Spine infection suspected, thoracic, neck or back pain, with or without fever, immunocompromised, initial imaging",https://gravitas.acr.org/ACPortal/GetDataForOneScenario?senarioId=5821,All,18 - 150,Spine,"Cervical or Neck Pain, Low Back Pain"
Neurologic,3194523,"Spine infection suspected, thoracic, neck or back pain, with or without fever, IV drug use, initial imaging",https://gravitas.acr.org/ACPortal/GetDataForOneScenario?senarioId=5785,All,18 - 150,Spine,"Cervical or Neck Pain, Low Back Pain"
Neurologic,3194574,"Spine infection suspected, thoracic, new neuro deficit, initial imaging",https://gravitas.acr.org/ACPortal/GetDataForOneScenario?senarioId=5834,All,18 - 150,Spine,"Cervical or Neck Pain, Low Back Pain"
Neurologic,3194603,"Spine infection suspected, thoracic, radiography abnormal, next imaging study",https://gravitas.acr.org/ACPortal/GetDataForOneScenario?senarioId=5861,All,18 - 150,Spine,"Cervical or Neck Pain, Low Back Pain"
Neurologic,3194566,"Spine infection suspected, thoracic, recent intervention, initial imaging",https://gravitas.acr.org/ACPortal/GetDataForOneScenario?senarioId=5827,All,18 - 150,Spine,"Cervical or Neck Pain, Low Back Pain"
Neurologic,3194593,"Spine infection suspected, thoracic, wound overlying spine, initial imaging",https://gravitas.acr.org/ACPortal/GetDataForOneScenario?senarioId=5852,All,18 - 150,Spine,"Cervical or Neck Pain, Low Back Pain"
Neurologic,3196343,"Sublingual gland cancer suspected, initial staging",https://gravitas.acr.org/ACPortal/GetDataForOneScenario?senarioId=7050,All,18 - 150,Head-neck,
Neurologic,3196339,"Sublingual gland cancer, initial staging",https://gravitas.acr.org/ACPortal/GetDataForOneScenario?senarioId=7046,All,18 - 150,Head-neck,
Neurologic,3196383,"Sublingual gland cancer, treated, recurrence suspected, follow-up imaging",https://gravitas.acr.org/ACPortal/GetDataForOneScenario?senarioId=7086,All,18 - 150,Head-neck,
Neurologic,3196387,"Sublingual gland cancer, treated, recurrence, follow-up imaging",https://gravitas.acr.org/ACPortal/GetDataForOneScenario?senarioId=7090,All,18 - 150,Head-neck,
Neurologic,3196379,"Sublingual gland cancer, treated, surveillance imaging",https://gravitas.acr.org/ACPortal/GetDataForOneScenario?senarioId=7082,All,18 - 150,Head-neck,
Neurologic,3196342,"Submandibular gland cancer suspected, initial staging",https://gravitas.acr.org/ACPortal/GetDataForOneScenario?senarioId=7049,All,18 - 150,Head-neck,
Neurologic,3196338,"Submandibular gland cancer, initial staging",https://gravitas.acr.org/ACPortal/GetDataForOneScenario?senarioId=7045,All,18 - 150,Head-neck,
Neurologic,3196382,"Submandibular gland cancer, treated, recurrence suspected, follow-up imaging",https://gravitas.acr.org/ACPortal/GetDataForOneScenario?senarioId=7085,All,18 - 150,Head-neck,
Neurologic,3196386,"Submandibular gland cancer, treated, recurrence, follow-up imaging",https://gravitas.acr.org/ACPortal/GetDataForOneScenario?senarioId=7089,All,18 - 150,Head-neck,
Neurologic,3196378,"Submandibular gland cancer, treated, surveillance imaging",https://gravitas.acr.org/ACPortal/GetDataForOneScenario?senarioId=7081,All,18 - 150,Head-neck,
Neurologic,3196007,Symptomatic osteoporotic VCF with bone marrow edema or intravertebral cleft. Initial treatment.,https://gravitas.acr.org/ACPortal/GetDataForOneScenario?senarioId=6792,All,18 - 150,Spine,"Cervical or Neck Pain, Low Back Pain"
Neurologic,3194041,"Syncope, cardiovascular etiology suspected, initial imaging",https://gravitas.acr.org/ACPortal/GetDataForOneScenario?senarioId=5530,All,18 - 150,Cardiac,
Neurologic,3194043,"Syncope, low probability of cardiovascular etiology, initial imaging",https://gravitas.acr.org/ACPortal/GetDataForOneScenario?senarioId=5532,All,18 - 150,Cardiac,
Neurologic,3197560,"Thoracic back pain, acute, no myelopathy, no red flags, no prior management, initial imaging",https://gravitas.acr.org/ACPortal/GetDataForOneScenario?senarioId=7801,All,18 - 150,Spine,
Neurologic,3197559,"Thoracic back pain, acute, no radiculopathy, no red flags, no prior management, initial imaging",https://gravitas.acr.org/ACPortal/GetDataForOneScenario?senarioId=7800,All,18 - 150,Spine,
Neurologic,3197562,"Thoracic back pain, chronic, no myelopathy, no red flags, failed conservative management, initial imaging",https://gravitas.acr.org/ACPortal/GetDataForOneScenario?senarioId=7802,All,18 - 150,Spine,
Neurologic,3197563,"Thoracic back pain, chronic, no radiculopathy, no red flags, failed conservative management, initial imaging",https://gravitas.acr.org/ACPortal/GetDataForOneScenario?senarioId=7803,All,18 - 150,Spine,
Neurologic,3197567,"Thoracic back pain, myelopathy, initial imaging",https://gravitas.acr.org/ACPortal/GetDataForOneScenario?senarioId=7806,All,18 - 150,Spine,
Neurologic,3197568,"Thoracic back pain, radiculopathy, initial imaging",https://gravitas.acr.org/ACPortal/GetDataForOneScenario?senarioId=7807,All,18 - 150,Spine,
Neurologic,3197564,"Thoracic back pain, subacute, no myelopathy, no red flags, failed conservative management, initial imaging",https://gravitas.acr.org/ACPortal/GetDataForOneScenario?senarioId=7804,All,18 - 150,Spine,
Neurologic,3197565,"Thoracic back pain, subacute, no radiculopathy, no red flags, failed conservative management, initial imaging",https://gravitas.acr.org/ACPortal/GetDataForOneScenario?senarioId=7805,All,18 - 150,Spine,
Neurologic,3197591,"Thoracic back pain, with or without myelopathy, bone destruction on radiography, next imaging study",https://gravitas.acr.org/ACPortal/GetDataForOneScenario?senarioId=7827,All,18 - 150,Spine,
Neurologic,3197582,"Thoracic back pain, with or without myelopathy, cancer suspected, initial imaging",https://gravitas.acr.org/ACPortal/GetDataForOneScenario?senarioId=7819,All,18 - 150,Spine,
Neurologic,3197577,"Thoracic back pain, with or without myelopathy, chronic steroid use, initial imaging",https://gravitas.acr.org/ACPortal/GetDataForOneScenario?senarioId=7815,All,18 - 150,Spine,
Neurologic,3197576,"Thoracic back pain, with or without myelopathy, elderly, initial imaging",https://gravitas.acr.org/ACPortal/GetDataForOneScenario?senarioId=7814,All,66 - 150,Spine,
Neurologic,3197589,"Thoracic back pain, with or without myelopathy, fracture on radiography, next imaging study",https://gravitas.acr.org/ACPortal/GetDataForOneScenario?senarioId=7825,All,18 - 150,Spine,
Neurologic,3197584,"Thoracic back pain, with or without myelopathy, immunosuppressed, initial imaging",https://gravitas.acr.org/ACPortal/GetDataForOneScenario?senarioId=7821,All,18 - 150,Spine,
Neurologic,3197583,"Thoracic back pain, with or without myelopathy, infection suspected, initial imaging",https://gravitas.acr.org/ACPortal/GetDataForOneScenario?senarioId=7820,All,18 - 150,Spine,
Neurologic,3197574,"Thoracic back pain, with or without myelopathy, low-velocity trauma, initial imaging",https://gravitas.acr.org/ACPortal/GetDataForOneScenario?senarioId=7812,All,18 - 150,Spine,
Neurologic,3197575,"Thoracic back pain, with or without myelopathy, osteoporosis, initial imaging",https://gravitas.acr.org/ACPortal/GetDataForOneScenario?senarioId=7813,All,18 - 150,Spine,
Neurologic,3197594,"Thoracic back pain, with or without myelopathy, post thoracic spine surgery, follow-up imaging",https://gravitas.acr.org/ACPortal/GetDataForOneScenario?senarioId=7829,All,18 - 150,Spine,
Neurologic,3197590,"Thoracic back pain, with or without myelopathy, spinal deformity on radiography, next imaging study",https://gravitas.acr.org/ACPortal/GetDataForOneScenario?senarioId=7826,All,18 - 150,Spine,
Neurologic,3197588,"Thoracic back pain, with or without radiculopathy, bone destruction on radiography, next imaging study",https://gravitas.acr.org/ACPortal/GetDataForOneScenario?senarioId=7824,All,18 - 150,Spine,
Neurologic,3197579,"Thoracic back pain, with or without radiculopathy, cancer suspected, initial imaging",https://gravitas.acr.org/ACPortal/GetDataForOneScenario?senarioId=7816,All,18 - 150,Spine,
Neurologic,3197573,"Thoracic back pain, with or without radiculopathy, chronic steroid use, initial imaging",https://gravitas.acr.org/ACPortal/GetDataForOneScenario?senarioId=7811,All,18 - 150,Spine,
Neurologic,3197572,"Thoracic back pain, with or without radiculopathy, elderly, initial imaging",https://gravitas.acr.org/ACPortal/GetDataForOneScenario?senarioId=7810,All,66 - 150,Spine,
Neurologic,3197586,"Thoracic back pain, with or without radiculopathy, fracture on radiography, next imaging study",https://gravitas.acr.org/ACPortal/GetDataForOneScenario?senarioId=7822,All,18 - 150,Spine,
Neurologic,3197581,"Thoracic back pain, with or without radiculopathy, immunosuppressed, initial imaging",https://gravitas.acr.org/ACPortal/GetDataForOneScenario?senarioId=7818,All,18 - 150,Spine,
Neurologic,3197580,"Thoracic back pain, with or without radiculopathy, infection suspected, initial imaging",https://gravitas.acr.org/ACPortal/GetDataForOneScenario?senarioId=7817,All,18 - 150,Spine,
Neurologic,3197570,"Thoracic back pain, with or without radiculopathy, low-velocity trauma, initial imaging",https://gravitas.acr.org/ACPortal/GetDataForOneScenario?senarioId=7808,All,18 - 150,Spine,
Neurologic,3197571,"Thoracic back pain, with or without radiculopathy, osteoporosis, initial imaging",https://gravitas.acr.org/ACPortal/GetDataForOneScenario?senarioId=7809,All,18 - 150,Spine,
Neurologic,3197593,"Thoracic back pain, with or without radiculopathy, post thoracic spine surgery, follow-up imaging",https://gravitas.acr.org/ACPortal/GetDataForOneScenario?senarioId=7828,All,18 - 150,Spine,
Neurologic,3197587,"Thoracic back pain, with or without radiculopathy, spinal deformity on radiography, next imaging study",https://gravitas.acr.org/ACPortal/GetDataForOneScenario?senarioId=7823,All,18 - 150,Spine,
Neurologic,3180670,"Thoracic outlet syndrome, arterial, imaging after surgery or intervention",https://gravitas.acr.org/ACPortal/GetDataForOneScenario?senarioId=5298,All,18 - 150,Chest,
Neurologic,3180669,"Thoracic outlet syndrome, arterial, initial imaging",https://gravitas.acr.org/ACPortal/GetDataForOneScenario?senarioId=5297,All,18 - 150,Chest,
Neurologic,3180666,"Thoracic outlet syndrome, neurogenic, imaging after surgery or intervention",https://gravitas.acr.org/ACPortal/GetDataForOneScenario?senarioId=5294,All,18 - 150,Chest,
Neurologic,3180665,"Thoracic outlet syndrome, neurogenic, initial imaging",https://gravitas.acr.org/ACPortal/GetDataForOneScenario?senarioId=5293,All,18 - 150,Chest,
Neurologic,3180668,"Thoracic outlet syndrome, venous, imaging after surgery or intervention",https://gravitas.acr.org/ACPortal/GetDataForOneScenario?senarioId=5296,All,18 - 150,Chest,
Neurologic,3180667,"Thoracic outlet syndrome, venous, initial imaging",https://gravitas.acr.org/ACPortal/GetDataForOneScenario?senarioId=5295,All,18 - 150,Chest,
Neurologic,3149297,"Thyroid cancer, differentiated, preop eval",https://gravitas.acr.org/ACPortal/GetDataForOneScenario?senarioId=4661,All,18 - 150,Neck,
Neurologic,3149299,"Thyroid cancer, differentiated, recurrence suspected",https://gravitas.acr.org/ACPortal/GetDataForOneScenario?senarioId=4663,All,18 - 150,Neck,
Neurologic,3149298,"Thyroid cancer, differentiated, treatment assessment",https://gravitas.acr.org/ACPortal/GetDataForOneScenario?senarioId=4662,All,18 - 150,Neck,
Neurologic,3149300,"Thyroid cancer, medullary, recurrence suspected",https://gravitas.acr.org/ACPortal/GetDataForOneScenario?senarioId=4664,All,18 - 150,Neck,
Neurologic,3149293,"Thyroid nodule, palpable, euthyroid",https://gravitas.acr.org/ACPortal/GetDataForOneScenario?senarioId=4657,All,18 - 150,Neck,
Neurologic,3149295,Thyrotoxicosis,https://gravitas.acr.org/ACPortal/GetDataForOneScenario?senarioId=4659,All,18 - 150,Neck,
Neurologic,3196936,"TIA, symptoms resolved, initial imaging",https://gravitas.acr.org/ACPortal/GetDataForOneScenario?senarioId=7351,All,18 - 150,Head,Headache (traumatic and nontraumatic)
Neurologic,3131489,"Tinnitus, nonpulsatile, bilateral, no hearing loss, no neurologic deficit, no trauma, initial imaging",https://gravitas.acr.org/ACPortal/GetDataForOneScenario?senarioId=3419,All,18 - 150,Head,
Neurologic,3131488,"Tinnitus, nonpulsatile, unilateral, no hearing loss, no neurologic deficit, no trauma, initial imaging",https://gravitas.acr.org/ACPortal/GetDataForOneScenario?senarioId=3418,All,18 - 150,Head,
Neurologic,3196634,"Tinnitus, pulsatile, bilateral, no retrotympanic lesion on otoscopy, initial imaging",https://gravitas.acr.org/ACPortal/GetDataForOneScenario?senarioId=7222,All,18 - 150,Head,
Neurologic,3196636,"Tinnitus, pulsatile, bilateral, suspected retrotympanic lesion on otoscopy, initial imaging",https://gravitas.acr.org/ACPortal/GetDataForOneScenario?senarioId=7223,All,18 - 150,Head,
Neurologic,3128529,"Tinnitus, pulsatile, unilateral, no retrotympanic lesion on otoscopy, initial imaging",https://gravitas.acr.org/ACPortal/GetDataForOneScenario?senarioId=3360,All,18 - 150,Head,
Neurologic,3196637,"Tinnitus, pulsatile, unilateral, suspected, retrotympanic lesion on otoscopy, initial imaging",https://gravitas.acr.org/ACPortal/GetDataForOneScenario?senarioId=7224,All,18 - 150,Head,
Neurologic,3195234,"Tongue paralysis, unilateral, isolated, initial imaging",https://gravitas.acr.org/ACPortal/GetDataForOneScenario?senarioId=6205,All,18 - 150,Head-neck,
Neurologic,3195233,"Tongue weakness, unilateral, isolated, initial imaging",https://gravitas.acr.org/ACPortal/GetDataForOneScenario?senarioId=6204,All,18 - 150,Head-neck,
Neurologic,3195231,"Trapezius and sternocleidomastoid muscle paralysis, unilateral, isolated, initial imaging",https://gravitas.acr.org/ACPortal/GetDataForOneScenario?senarioId=6203,All,18 - 150,Head-neck,
Neurologic,3195230,"Trapezius and sternocleidomastoid muscle weakness, unilateral, isolated, initial imaging",https://gravitas.acr.org/ACPortal/GetDataForOneScenario?senarioId=6202,All,18 - 150,Head-neck,
Neurologic,3195214,"Trigeminal neuralgia, unilateral, isolated, initial imaging",https://gravitas.acr.org/ACPortal/GetDataForOneScenario?senarioId=6191,All,18 - 150,Head-neck,
Neurologic,3194950,"Trismus, mandibular fracture suspected, initial imaging following primary survey",https://gravitas.acr.org/ACPortal/GetDataForOneScenario?senarioId=6026,All,18 - 150,Maxface,
Neurologic,3196331,"Unknown primary head and neck cancer suspected, EBV-associated, initial staging",https://gravitas.acr.org/ACPortal/GetDataForOneScenario?senarioId=7040,All,18 - 150,Head-neck,
Neurologic,3196320,"Unknown primary head and neck cancer suspected, initial staging",https://gravitas.acr.org/ACPortal/GetDataForOneScenario?senarioId=7030,All,18 - 150,Head-neck,
Neurologic,3196328,"Unknown primary head and neck cancer, EBV-associated, initial staging",https://gravitas.acr.org/ACPortal/GetDataForOneScenario?senarioId=7037,All,18 - 150,Head-neck,
Neurologic,3196326,"Unknown primary head and neck cancer, initial staging",https://gravitas.acr.org/ACPortal/GetDataForOneScenario?senarioId=7036,All,18 - 150,Head-neck,
Neurologic,3196366,"Unknown primary of the head and neck cancer, treated, EBV-associated, recurrence suspected, follow-up imaging",https://gravitas.acr.org/ACPortal/GetDataForOneScenario?senarioId=7071,All,18 - 150,Head-neck,
Neurologic,3196368,"Unknown primary of the head and neck cancer, treated, EBV-associated, recurrence, follow-up imaging",https://gravitas.acr.org/ACPortal/GetDataForOneScenario?senarioId=7073,All,18 - 150,Head-neck,
Neurologic,3196364,"Unknown primary of the head and neck cancer, treated, EBV-associated, surveillance imaging",https://gravitas.acr.org/ACPortal/GetDataForOneScenario?senarioId=7069,All,18 - 150,Head-neck,
Neurologic,3196356,"Unknown primary of the head and neck cancer, treated, recurrence suspected, follow-up imaging",https://gravitas.acr.org/ACPortal/GetDataForOneScenario?senarioId=7062,All,18 - 150,Head-neck,
Neurologic,3196361,"Unknown primary of the head and neck cancer, treated, recurrence, follow-up imaging",https://gravitas.acr.org/ACPortal/GetDataForOneScenario?senarioId=7067,All,18 - 150,Head-neck,
Neurologic,3196351,"Unknown primary of the head and neck cancer, treated, surveillance imaging",https://gravitas.acr.org/ACPortal/GetDataForOneScenario?senarioId=7057,All,18 - 150,Head-neck,
Neurologic,3194938,"Upper jaw pain, midface fracture suspected, initial imaging following primary survey",https://gravitas.acr.org/ACPortal/GetDataForOneScenario?senarioId=6016,All,18 - 150,Maxface,
Neurologic,3131579,"Uveitis suspected, initial exam",https://gravitas.acr.org/ACPortal/GetDataForOneScenario?senarioId=3429,All,18 - 150,Head,
Neurologic,3196948,"Venous sinus thrombosis suspected, initial imaging",https://gravitas.acr.org/ACPortal/GetDataForOneScenario?senarioId=7357,All,18 - 150,Head,Headache (traumatic and nontraumatic)
Neurologic,3196950,"Venous sinus thrombosis, surveillance",https://gravitas.acr.org/ACPortal/GetDataForOneScenario?senarioId=7358,All,18 - 150,Head,Headache (traumatic and nontraumatic)
Neurologic,3196001,"Vertebral compression fracture on radiography, cervical, asymptomatic, hx of malignancy, next imaging study",https://gravitas.acr.org/ACPortal/GetDataForOneScenario?senarioId=6788,All,18 - 150,Spine,"Cervical or Neck Pain, Low Back Pain"
Neurologic,3195990,"Vertebral compression fracture on radiography, cervical, symptomatic, new, hx of malignancy, next imaging study",https://gravitas.acr.org/ACPortal/GetDataForOneScenario?senarioId=6779,All,18 - 150,Spine,"Cervical or Neck Pain, Low Back Pain"
Neurologic,3196003,"Vertebral compression fracture on radiography, lumbar, asymptomatic, hx of malignancy, next imaging study",https://gravitas.acr.org/ACPortal/GetDataForOneScenario?senarioId=6790,All,18 - 150,Spine,"Cervical or Neck Pain, Low Back Pain"
Neurologic,3195992,"Vertebral compression fracture on radiography, lumbar, symptomatic, new, hx of malignancy, next imaging study",https://gravitas.acr.org/ACPortal/GetDataForOneScenario?senarioId=6781,All,18 - 150,Spine,"Cervical or Neck Pain, Low Back Pain"
Neurologic,3196002,"Vertebral compression fracture on radiography, thoracic, asymptomatic, hx of malignancy, next imaging study",https://gravitas.acr.org/ACPortal/GetDataForOneScenario?senarioId=6789,All,18 - 150,Spine,"Cervical or Neck Pain, Low Back Pain"
Neurologic,3195991,"Vertebral compression fracture on radiography, thoracic, symptomatic, new, hx of malignancy, next imaging study",https://gravitas.acr.org/ACPortal/GetDataForOneScenario?senarioId=6780,All,18 - 150,Spine,"Cervical or Neck Pain, Low Back Pain"
Neurologic,3195986,"Vertebral compression fracture on xray, cervical, symptomatic, new, no malignancy, next imaging study",https://gravitas.acr.org/ACPortal/GetDataForOneScenario?senarioId=6776,All,18 - 150,Spine,"Cervical or Neck Pain, Low Back Pain"
Neurologic,3195988,"Vertebral compression fracture on xray, lumbar, symptomatic, new, no malignancy, next imaging study",https://gravitas.acr.org/ACPortal/GetDataForOneScenario?senarioId=6778,All,18 - 150,Spine,"Cervical or Neck Pain, Low Back Pain"
Neurologic,3195987,"Vertebral compression fracture on xray, thoracic, symptomatic, new, no malignancy, next imaging study",https://gravitas.acr.org/ACPortal/GetDataForOneScenario?senarioId=6777,All,18 - 150,Spine,"Cervical or Neck Pain, Low Back Pain"
Neurologic,3196967,"Vertigo, acute, persistent, abnormal neuro exam, initial imaging",https://gravitas.acr.org/ACPortal/GetDataForOneScenario?senarioId=7368,All,18 - 150,Head,
Neurologic,3196966,"Vertigo, acute, persistent, HINTS exam, consistent with central vertigo, initial imaging",https://gravitas.acr.org/ACPortal/GetDataForOneScenario?senarioId=7367,All,18 - 150,Head,
Neurologic,3196964,"Vertigo, acute, persistent, normal neuro exam, HINTS exam, consistent with peripheral vertigo, initial imaging",https://gravitas.acr.org/ACPortal/GetDataForOneScenario?senarioId=7366,All,18 - 150,Head,
Neurologic,3196972,"Vertigo, chronic, recurrent, brainstem neuro deficits, initial imaging",https://gravitas.acr.org/ACPortal/GetDataForOneScenario?senarioId=7371,All,18 - 150,Head,
Neurologic,3196969,"Vertigo, chronic, recurrent, tinnitus, initial imaging",https://gravitas.acr.org/ACPortal/GetDataForOneScenario?senarioId=7369,All,18 - 150,Head,
Neurologic,3196970,"Vertigo, chronic, recurrent, unilateral hearing loss, initial imaging",https://gravitas.acr.org/ACPortal/GetDataForOneScenario?senarioId=7370,All,18 - 150,Head,
Neurologic,3196962,"Vertigo, episodic, brief, triggered by specific head movements, initial imaging",https://gravitas.acr.org/ACPortal/GetDataForOneScenario?senarioId=7365,All,18 - 150,Head,
Neurologic,3074303,"Vertigo, episodic, peripheral, initial exam",https://gravitas.acr.org/ACPortal/GetDataForOneScenario?senarioId=997,All,18 - 150,Head,
Neurologic,3074304,"Vertigo, persistent, central, initial exam",https://gravitas.acr.org/ACPortal/GetDataForOneScenario?senarioId=998,All,18 - 150,Head,
Neurologic,3128560,"Vision loss, known etiology from exam or labs",https://gravitas.acr.org/ACPortal/GetDataForOneScenario?senarioId=3391,All,18 - 150,Head,
Neurologic,3131584,"Visual loss, chiasm symptoms, non-ischemic, initial exam",https://gravitas.acr.org/ACPortal/GetDataForOneScenario?senarioId=3434,All,18 - 150,Head,
Neurologic,3131581,"Visual loss, intraocular mass, initial exam",https://gravitas.acr.org/ACPortal/GetDataForOneScenario?senarioId=3431,All,18 - 150,Head,
Neurologic,3131582,"Visual loss, optic nerve symptoms, initial exam",https://gravitas.acr.org/ACPortal/GetDataForOneScenario?senarioId=3432,All,18 - 150,Head,
Neurologic,3131585,"Visual loss, post-chiasm symptoms, non-ischemic, initial exam",https://gravitas.acr.org/ACPortal/GetDataForOneScenario?senarioId=3435,All,18 - 150,Head,
Neurologic,3131583,"Visual loss, pre-chiasm symptoms, initial exam",https://gravitas.acr.org/ACPortal/GetDataForOneScenario?senarioId=3433,All,18 - 150,Head,
Neurologic,3195227,"Vocal cord paralysis, unilateral, isolated, initial imaging",https://gravitas.acr.org/ACPortal/GetDataForOneScenario?senarioId=6200,All,18 - 150,Head-neck,
Neurologic,3194939,"Zygoma pain, midface fracture suspected, initial imaging following primary survey",https://gravitas.acr.org/ACPortal/GetDataForOneScenario?senarioId=6017,All,18 - 150,Maxface,
Neurologic,3194940,"Zygomatic deformity, midface fracture suspected, initial imaging following primary survey",https://gravitas.acr.org/ACPortal/GetDataForOneScenario?senarioId=6018,All,18 - 150,Maxface,
Pediatric,3196446,"Acquired coronary artery abnormality suspected, TTE inadequate assessment of coronary morphology, next imaging study",https://gravitas.acr.org/ACPortal/GetDataForOneScenario?senarioId=7099,All,0 - 17,Cardiac-chest,
Pediatric,3196445,"Acquired coronary artery abnormality, TTE inadequate assessment of coronary morphology, next imaging study",https://gravitas.acr.org/ACPortal/GetDataForOneScenario?senarioId=7098,All,0 - 17,Cardiac-chest,
Pediatric,3196456,"Anomalous pulmonary venous return suspected, TTE inadequate, next imaging study",https://gravitas.acr.org/ACPortal/GetDataForOneScenario?senarioId=7105,All,0 - 150,Cardiac-chest,
Pediatric,3196457,"Anomalous pulmonary venous return, TTE inadequate, next imaging study",https://gravitas.acr.org/ACPortal/GetDataForOneScenario?senarioId=7106,All,0 - 150,Cardiac-chest,
Pediatric,3196459,"Aortic coarctation suspected, TTE inadequate, next imaging study.",https://gravitas.acr.org/ACPortal/GetDataForOneScenario?senarioId=7107,All,0 - 150,Cardiac-chest,
Pediatric,3196461,"Aortopathy, aorta surveillance, TTE inadequate, next imaging study",https://gravitas.acr.org/ACPortal/GetDataForOneScenario?senarioId=7108,All,0 - 17,Cardiac-chest,
Pediatric,3149305,"Appendicitis suspected, complication suspected on imaging",https://gravitas.acr.org/ACPortal/GetDataForOneScenario?senarioId=4669,All,0 - 17,Abdomen-pelvis,
Pediatric,3149303,"Appendicitis suspected, high clinical risk, initial exam",https://gravitas.acr.org/ACPortal/GetDataForOneScenario?senarioId=4667,All,0 - 17,Abdomen-pelvis,
Pediatric,3149302,"Appendicitis suspected, intermediate clinical risk, initial exam",https://gravitas.acr.org/ACPortal/GetDataForOneScenario?senarioId=4666,All,0 - 17,Abdomen-pelvis,
Pediatric,3149301,"Appendicitis suspected, low clinical risk, initial exam",https://gravitas.acr.org/ACPortal/GetDataForOneScenario?senarioId=4665,All,0 - 17,Abdomen-pelvis,
Pediatric,3149304,"Appendicitis suspected, US equivocal or nondiagnostic",https://gravitas.acr.org/ACPortal/GetDataForOneScenario?senarioId=4668,All,0 - 17,Abdomen-pelvis,
Pediatric,3195352,"Ataxia, acute, no recent trauma, initial imaging",https://gravitas.acr.org/ACPortal/GetDataForOneScenario?senarioId=6286,All,0 - 17,Head-spine,
Pediatric,3195360,"Ataxia, chronic, nonprogressive, initial imaging",https://gravitas.acr.org/ACPortal/GetDataForOneScenario?senarioId=6290,All,0 - 17,Head-spine,
Pediatric,3195358,"Ataxia, chronic, progressive, initial imaging",https://gravitas.acr.org/ACPortal/GetDataForOneScenario?senarioId=6289,All,0 - 17,Head-spine,
Pediatric,3195354,"Ataxia, recent trauma, initial imaging",https://gravitas.acr.org/ACPortal/GetDataForOneScenario?senarioId=6287,All,0 - 17,Head-spine,
Pediatric,3195356,"Ataxia, recurrent, interval normal neuro exam, initial imaging",https://gravitas.acr.org/ACPortal/GetDataForOneScenario?senarioId=6288,All,0 - 17,Head-spine,
Pediatric,3149309,Back trauma,https://gravitas.acr.org/ACPortal/GetDataForOneScenario?senarioId=4673,All,0 - 15,Spine,"Cervical or Neck Pain, Low Back Pain"
Pediatric,3183777,"Cervicocranial arterial dissection on imaging or clinical exam, next imaging study",https://gravitas.acr.org/ACPortal/GetDataForOneScenario?senarioId=5340,All,0 - 17,Head,Headache (traumatic and nontraumatic)
Pediatric,3183778,"Cervicocranial arterial dissection suspected on imaging or clinical exam, next imaging study",https://gravitas.acr.org/ACPortal/GetDataForOneScenario?senarioId=5341,All,0 - 17,Head,Headache (traumatic and nontraumatic)
Pediatric,3164909,"Community acquired pneumonia suspected, uncomplicated, immunocompetent, initial imaging",https://gravitas.acr.org/ACPortal/GetDataForOneScenario?senarioId=5223,All,D90 - 6205,Chest,
Pediatric,3180672,"Community acquired pneumonia, immunocompetent, hospital admission required, initial imaging",https://gravitas.acr.org/ACPortal/GetDataForOneScenario?senarioId=5300,All,D90 - 6205,Chest,
Pediatric,3180671,"Community acquired pneumonia, immunocompetent, not responding to outpatient treatment, initial imaging",https://gravitas.acr.org/ACPortal/GetDataForOneScenario?senarioId=5299,All,D90 - 6205,Chest,
Pediatric,3196448,"Congenital coronary artery abnormality suspected, TTE inadequate assessment of coronary morphology, next imaging study",https://gravitas.acr.org/ACPortal/GetDataForOneScenario?senarioId=7101,All,0 - 17,Cardiac-chest,
Pediatric,3196447,"Congenital coronary artery abnormality, TTE inadequate assessment of coronary morphology, next imaging study",https://gravitas.acr.org/ACPortal/GetDataForOneScenario?senarioId=7100,All,0 - 17,Cardiac-chest,
Pediatric,3196462,"Connective tissue disease, aorta surveillance, TTE inadequate, next imaging study",https://gravitas.acr.org/ACPortal/GetDataForOneScenario?senarioId=7109,All,0 - 17,Cardiac-chest,
Pediatric,3194862,"Crohn disease suspected, no prior Crohn diagnosis, initial imaging",https://gravitas.acr.org/ACPortal/GetDataForOneScenario?senarioId=5961,All,0 - 17,Abdomen,
Pediatric,3194864,"Crohn disease, acute exacerbation suspected, initial imaging",https://gravitas.acr.org/ACPortal/GetDataForOneScenario?senarioId=5962,All,0 - 17,Abdomen,
Pediatric,3194867,"Crohn disease, monitoring therapy",https://gravitas.acr.org/ACPortal/GetDataForOneScenario?senarioId=5964,All,0 - 17,Abdomen,
Pediatric,3194869,"Crohn disease, perianal fistula, initial imaging",https://gravitas.acr.org/ACPortal/GetDataForOneScenario?senarioId=5965,All,0 - 17,Abdomen,
Pediatric,3194866,"Crohn disease, surveillance",https://gravitas.acr.org/ACPortal/GetDataForOneScenario?senarioId=5963,All,0 - 17,Abdomen,
Pediatric,3164930,"Head trauma, chronic, blunt, new or progressive neurologic deficit, not abuse or post traumatic seizure",https://gravitas.acr.org/ACPortal/GetDataForOneScenario?senarioId=5244,All,0 - 17,Head,Headache (traumatic and nontraumatic)
Pediatric,3180659,"Head trauma, minor, acute, blunt, altered mental status, not abuse, initial imaging",https://gravitas.acr.org/ACPortal/GetDataForOneScenario?senarioId=5287,All,0 - 17,Head,Headache (traumatic and nontraumatic)
Pediatric,3180660,"Head trauma, minor, acute, blunt, basilar skull fracture suspected, not abuse, initial imaging",https://gravitas.acr.org/ACPortal/GetDataForOneScenario?senarioId=5288,All,0 - 17,Head,Headache (traumatic and nontraumatic)
Pediatric,3180658,"Head trauma, minor, acute, blunt, GCS=14, not abuse, initial imaging",https://gravitas.acr.org/ACPortal/GetDataForOneScenario?senarioId=5286,All,0 - 17,Head,Headache (traumatic and nontraumatic)
Pediatric,3180655,"Head trauma, minor, acute, blunt, GCS=15, abnormal behavior per parents, not abuse, initial imaging",https://gravitas.acr.org/ACPortal/GetDataForOneScenario?senarioId=5283,All,D0 - 729,Head,Headache (traumatic and nontraumatic)
Pediatric,3180652,"Head trauma, minor, acute, blunt, GCS=15, loss of consciousness, not abuse, initial imaging",https://gravitas.acr.org/ACPortal/GetDataForOneScenario?senarioId=5280,All,0 - 17,Head,Headache (traumatic and nontraumatic)
Pediatric,3180654,"Head trauma, minor, acute, blunt, GCS=15, scalp hematoma,, not abuse, initial imaging",https://gravitas.acr.org/ACPortal/GetDataForOneScenario?senarioId=5282,All,D0 - 729,Head,Headache (traumatic and nontraumatic)
Pediatric,3180657,"Head trauma, minor, acute, blunt, GCS=15, severe headache, not abuse, initial imaging",https://gravitas.acr.org/ACPortal/GetDataForOneScenario?senarioId=5285,All,45339,Head,Headache (traumatic and nontraumatic)
Pediatric,3180653,"Head trauma, minor, acute, blunt, GCS=15, severe mechanism of injury, not abuse, initial imaging",https://gravitas.acr.org/ACPortal/GetDataForOneScenario?senarioId=5281,All,0 - 17,Head,Headache (traumatic and nontraumatic)
Pediatric,3180656,"Head trauma, minor, acute, blunt, GCS=15, vomiting, not abuse, initial imaging",https://gravitas.acr.org/ACPortal/GetDataForOneScenario?senarioId=5284,All,45339,Head,Headache (traumatic and nontraumatic)
Pediatric,3084022,"Head trauma, minor, acute, blunt, low risk per PECARN, not abuse, initial imaging",https://gravitas.acr.org/ACPortal/GetDataForOneScenario?senarioId=2046,All,0 - 17,Head,Headache (traumatic and nontraumatic)
Pediatric,3164929,"Head trauma, moderate to severe, acute, blunt, GCS<=13, not abuse, initial imaging",https://gravitas.acr.org/ACPortal/GetDataForOneScenario?senarioId=5243,All,0 - 17,Head,Headache (traumatic and nontraumatic)
Pediatric,3084025,"Head trauma, subacute, blunt, cognitive or neurologic signs, initial imaging",https://gravitas.acr.org/ACPortal/GetDataForOneScenario?senarioId=2049,All,0 - 17,Head,Headache (traumatic and nontraumatic)
Pediatric,3081593,"Headache, acute, severe, thunderclap, initial exam",https://gravitas.acr.org/ACPortal/GetDataForOneScenario?senarioId=1145,All,0 - 17,Head,Headache (traumatic and nontraumatic)
Pediatric,3128564,"Headache, infection-related, initial exam",https://gravitas.acr.org/ACPortal/GetDataForOneScenario?senarioId=3395,All,0 - 17,Head,Headache (traumatic and nontraumatic)
Pediatric,3081591,"Headache, primary, initial exam",https://gravitas.acr.org/ACPortal/GetDataForOneScenario?senarioId=1143,All,0 - 17,Head,Headache (traumatic and nontraumatic)
Pediatric,3128565,"Headache, remote trauma, initial exam",https://gravitas.acr.org/ACPortal/GetDataForOneScenario?senarioId=3396,All,0 - 17,Head,Headache (traumatic and nontraumatic)
Pediatric,3081592,"Headache, secondary, initial exam",https://gravitas.acr.org/ACPortal/GetDataForOneScenario?senarioId=1144,All,0 - 17,Head,Headache (traumatic and nontraumatic)
Pediatric,3197033,"Hemangioma suspected, abdomen, initial imaging",https://gravitas.acr.org/ACPortal/GetDataForOneScenario?senarioId=7410,All,0 - 1,Abdomen,
Pediatric,3197034,"Hemangioma suspected, chest, initial imaging",https://gravitas.acr.org/ACPortal/GetDataForOneScenario?senarioId=7411,All,0 - 1,Chest,
Pediatric,3197038,"Hemangioma suspected, elbow, initial imaging",https://gravitas.acr.org/ACPortal/GetDataForOneScenario?senarioId=7415,All,0 - 1,Upper extremity,
Pediatric,3197039,"Hemangioma suspected, face, initial imaging",https://gravitas.acr.org/ACPortal/GetDataForOneScenario?senarioId=7416,All,0 - 1,Maxface,
Pediatric,3197040,"Hemangioma suspected, foot, initial imaging",https://gravitas.acr.org/ACPortal/GetDataForOneScenario?senarioId=7417,All,0 - 1,Lower extremity,
Pediatric,3197041,"Hemangioma suspected, forearm, initial imaging",https://gravitas.acr.org/ACPortal/GetDataForOneScenario?senarioId=7418,All,0 - 1,Upper extremity,
Pediatric,3197042,"Hemangioma suspected, hand, initial imaging",https://gravitas.acr.org/ACPortal/GetDataForOneScenario?senarioId=7419,All,0 - 1,Upper extremity,
Pediatric,3197035,"Hemangioma suspected, head, initial imaging",https://gravitas.acr.org/ACPortal/GetDataForOneScenario?senarioId=7412,All,0 - 1,Head,
Pediatric,3197043,"Hemangioma suspected, hip, initial imaging",https://gravitas.acr.org/ACPortal/GetDataForOneScenario?senarioId=7420,All,0 - 1,Lower extremity,
Pediatric,3197044,"Hemangioma suspected, knee, initial imaging",https://gravitas.acr.org/ACPortal/GetDataForOneScenario?senarioId=7421,All,0 - 1,Lower extremity,
Pediatric,3197045,"Hemangioma suspected, lower leg, initial imaging",https://gravitas.acr.org/ACPortal/GetDataForOneScenario?senarioId=7422,All,0 - 1,Lower extremity,
Pediatric,3197036,"Hemangioma suspected, neck, initial imaging",https://gravitas.acr.org/ACPortal/GetDataForOneScenario?senarioId=7413,All,0 - 1,Neck,
Pediatric,3197037,"Hemangioma suspected, pelvis, initial imaging",https://gravitas.acr.org/ACPortal/GetDataForOneScenario?senarioId=7414,All,0 - 1,Pelvis,
Pediatric,3197046,"Hemangioma suspected, shoulder, initial imaging",https://gravitas.acr.org/ACPortal/GetDataForOneScenario?senarioId=7423,All,0 - 1,Upper extremity,
Pediatric,3197047,"Hemangioma suspected, thigh, initial imaging",https://gravitas.acr.org/ACPortal/GetDataForOneScenario?senarioId=7424,All,0 - 1,Lower extremity,
Pediatric,3197048,"Hemangioma suspected, upper arm, initial imaging",https://gravitas.acr.org/ACPortal/GetDataForOneScenario?senarioId=7425,All,0 - 1,Upper extremity,
Pediatric,3197050,"Hemangiomas, multiple, cutaneous, hepatic hemangioma screening, initial imaging",https://gravitas.acr.org/ACPortal/GetDataForOneScenario?senarioId=7426,All,0 - 1,Unspecified,
Pediatric,3074039,Hip dysplasia suspected,https://gravitas.acr.org/ACPortal/GetDataForOneScenario?senarioId=787,All,D0 - 119,Lower extremity,
Pediatric,3074042,Hip dysplasia suspected,https://gravitas.acr.org/ACPortal/GetDataForOneScenario?senarioId=790,All,D181 - 6205,Lower extremity,
Pediatric,3149332,Hip dysplasia suspected,https://gravitas.acr.org/ACPortal/GetDataForOneScenario?senarioId=4696,All,D120 - 180,Lower extremity,
Pediatric,3149330,"Hip dysplasia suspected, equivocal physical exam or risk factors",https://gravitas.acr.org/ACPortal/GetDataForOneScenario?senarioId=4694,All,D0 - 27,Lower extremity,
Pediatric,3149331,"Hip dysplasia suspected, equivocal physical exam or risk factors",https://gravitas.acr.org/ACPortal/GetDataForOneScenario?senarioId=4695,All,D28 - 119,Lower extremity,
Pediatric,3149333,"Hip dysplasia, in harness",https://gravitas.acr.org/ACPortal/GetDataForOneScenario?senarioId=4697,All,D0 - 179,Lower extremity,
Pediatric,3164911,"Hospital acquired pneumonia suspected, immunocompetent, initial imaging",https://gravitas.acr.org/ACPortal/GetDataForOneScenario?senarioId=5225,All,D90 - 6205,Chest,
Pediatric,3191920,"Hydronephrosis, antenatal, hydronephrosis and bladder wall thickening on initial neonatal US, next imaging study, female",https://gravitas.acr.org/ACPortal/GetDataForOneScenario?senarioId=5425,Female Only,0 - 1,Abdomen-pelvis,
Pediatric,3191915,"Hydronephrosis, antenatal, hydronephrosis and bladder wall thickening on initial neonatal US, next imaging study, male",https://gravitas.acr.org/ACPortal/GetDataForOneScenario?senarioId=5420,Male Only,0 - 1,Abdomen-pelvis,
Pediatric,3191919,"Hydronephrosis, antenatal, hydronephrosis and hydroureter on initial neonatal US, next imaging study, female",https://gravitas.acr.org/ACPortal/GetDataForOneScenario?senarioId=5424,Female Only,0 - 1,Abdomen-pelvis,
Pediatric,3191914,"Hydronephrosis, antenatal, hydronephrosis and hydroureter on initial neonatal US, next imaging study, male",https://gravitas.acr.org/ACPortal/GetDataForOneScenario?senarioId=5419,Male Only,0 - 1,Abdomen-pelvis,
Pediatric,3191918,"Hydronephrosis, antenatal, hydronephrosis and parenchymal abnormalities on initial neonatal US, next imaging study, female",https://gravitas.acr.org/ACPortal/GetDataForOneScenario?senarioId=5423,Female Only,0 - 1,Abdomen-pelvis,
Pediatric,3191913,"Hydronephrosis, antenatal, hydronephrosis and parenchymal abnormalities on initial neonatal US, next imaging study, male",https://gravitas.acr.org/ACPortal/GetDataForOneScenario?senarioId=5418,Male Only,0 - 1,Abdomen-pelvis,
Pediatric,3191916,"Hydronephrosis, antenatal, hydronephrosis and posterior urethral dilation on initial neonatal US, next imaging study, male",https://gravitas.acr.org/ACPortal/GetDataForOneScenario?senarioId=5421,Male Only,0 - 1,Abdomen-pelvis,
Pediatric,3185401,"Hydronephrosis, antenatal, initial neonatal imaging",https://gravitas.acr.org/ACPortal/GetDataForOneScenario?senarioId=5352,All,D0 - 29,Abdomen-pelvis,
Pediatric,3185403,"Hydronephrosis, antenatal, isolated mild hydronephrosis on initial neonatal US",https://gravitas.acr.org/ACPortal/GetDataForOneScenario?senarioId=5354,All,0 - 1,Abdomen-pelvis,
Pediatric,3191917,"Hydronephrosis, antenatal, moderate to severe hydronephrosis on initial neonatal US, next imaging study, female",https://gravitas.acr.org/ACPortal/GetDataForOneScenario?senarioId=5422,Female Only,0 - 1,Abdomen-pelvis,
Pediatric,3191912,"Hydronephrosis, antenatal, moderate to severe hydronephrosis on initial neonatal US, next imaging study, male",https://gravitas.acr.org/ACPortal/GetDataForOneScenario?senarioId=5417,Male Only,0 - 1,Abdomen-pelvis,
Pediatric,3185406,"Hydronephrosis, antenatal, moderate to severe hydronephrosis on initial neonatal US, no reflux on VCUG",https://gravitas.acr.org/ACPortal/GetDataForOneScenario?senarioId=5357,All,0 - 1,Abdomen-pelvis,
Pediatric,3185402,"Hydronephrosis, antenatal, normal neonatal US",https://gravitas.acr.org/ACPortal/GetDataForOneScenario?senarioId=5353,All,0 - 1,Abdomen-pelvis,
Pediatric,3197004,"Intraocular mass suspected, initial imaging",https://gravitas.acr.org/ACPortal/GetDataForOneScenario?senarioId=7392,All,0 - 17,Head,
Pediatric,3181238,"Intraparenchymal hemorrhage on CT or MRI, nontraumatic, etiology unknown, next imaging study",https://gravitas.acr.org/ACPortal/GetDataForOneScenario?senarioId=5310,All,0 - 17,Head,Headache (traumatic and nontraumatic)
Pediatric,3197003,"Leukocoria, initial imaging",https://gravitas.acr.org/ACPortal/GetDataForOneScenario?senarioId=7391,All,0 - 17,Head,
Pediatric,3149747,"Neck trauma, abnormal mental status or neuro exam",https://gravitas.acr.org/ACPortal/GetDataForOneScenario?senarioId=4751,All,45366,Spine,"Cervical or Neck Pain, Low Back Pain"
Pediatric,3149751,"Neck trauma, dangerous injury mechanism",https://gravitas.acr.org/ACPortal/GetDataForOneScenario?senarioId=4755,All,45366,Spine,"Cervical or Neck Pain, Low Back Pain"
Pediatric,3149752,"Neck trauma, GCS < 14",https://gravitas.acr.org/ACPortal/GetDataForOneScenario?senarioId=4756,All,0 - 3,Spine,"Cervical or Neck Pain, Low Back Pain"
Pediatric,3149753,"Neck trauma, motor vehicle accident",https://gravitas.acr.org/ACPortal/GetDataForOneScenario?senarioId=4757,All,0 - 3,Spine,"Cervical or Neck Pain, Low Back Pain"
Pediatric,3149750,"Neck trauma, predisposing condition to spinal injury",https://gravitas.acr.org/ACPortal/GetDataForOneScenario?senarioId=4754,All,45366,Spine,"Cervical or Neck Pain, Low Back Pain"
Pediatric,3149749,"Neck trauma, torso injury",https://gravitas.acr.org/ACPortal/GetDataForOneScenario?senarioId=4753,All,45366,Spine,"Cervical or Neck Pain, Low Back Pain"
Pediatric,3149748,"Neck trauma, torticollis or neck pain",https://gravitas.acr.org/ACPortal/GetDataForOneScenario?senarioId=4752,All,45366,Spine,"Cervical or Neck Pain, Low Back Pain"
Pediatric,3149306,"Neck trauma, uncomplicated (NEXUS/PECARN neg)",https://gravitas.acr.org/ACPortal/GetDataForOneScenario?senarioId=4670,All,45366,Spine,"Cervical or Neck Pain, Low Back Pain"
Pediatric,3196984,"Nystagmus, isolated, initial imaging",https://gravitas.acr.org/ACPortal/GetDataForOneScenario?senarioId=7377,All,0 - 17,Head,
Pediatric,3197001,"Orbital infection suspected, initial imaging",https://gravitas.acr.org/ACPortal/GetDataForOneScenario?senarioId=7390,All,0 - 17,Head,
Pediatric,3195015,"Osteomyelitis or septic arthritis suspected, ankle, findings suggestive of osteomyelitis on radiography, next imaging study",https://gravitas.acr.org/ACPortal/GetDataForOneScenario?senarioId=6089,All,0 - 4,Lower extremity,"Hip Pain, Shoulder Pain (to include suspected rotator cuff injury)"
Pediatric,3195073,"Osteomyelitis or septic arthritis suspected, ankle, findings suggestive of osteomyelitis on radiography, next imaging study",https://gravitas.acr.org/ACPortal/GetDataForOneScenario?senarioId=6145,All,45429,Lower extremity,"Hip Pain, Shoulder Pain (to include suspected rotator cuff injury)"
Pediatric,3195061,"Osteomyelitis or septic arthritis suspected, ankle, radiography normal, next imaging study",https://gravitas.acr.org/ACPortal/GetDataForOneScenario?senarioId=6133,All,45429,Lower extremity,"Hip Pain, Shoulder Pain (to include suspected rotator cuff injury)"
Pediatric,3195003,"Osteomyelitis or septic arthritis suspected, ankle, radiography normal, next imaging study",https://gravitas.acr.org/ACPortal/GetDataForOneScenario?senarioId=6077,All,0 - 4,Lower extremity,"Hip Pain, Shoulder Pain (to include suspected rotator cuff injury)"
Pediatric,3195016,"Osteomyelitis or septic arthritis suspected, elbow, findings suggestive of osteomyelitis on radiography, next imaging study",https://gravitas.acr.org/ACPortal/GetDataForOneScenario?senarioId=6090,All,0 - 4,Upper extremity,"Hip Pain, Shoulder Pain (to include suspected rotator cuff injury)"
Pediatric,3195074,"Osteomyelitis or septic arthritis suspected, elbow, findings suggestive of osteomyelitis on radiography, next imaging study",https://gravitas.acr.org/ACPortal/GetDataForOneScenario?senarioId=6146,All,45429,Upper extremity,"Hip Pain, Shoulder Pain (to include suspected rotator cuff injury)"
Pediatric,3195062,"Osteomyelitis or septic arthritis suspected, elbow, radiography normal, next imaging study",https://gravitas.acr.org/ACPortal/GetDataForOneScenario?senarioId=6134,All,45429,Upper extremity,"Hip Pain, Shoulder Pain (to include suspected rotator cuff injury)"
Pediatric,3195004,"Osteomyelitis or septic arthritis suspected, elbow, radiography normal, next imaging study",https://gravitas.acr.org/ACPortal/GetDataForOneScenario?senarioId=6078,All,0 - 4,Upper extremity,"Hip Pain, Shoulder Pain (to include suspected rotator cuff injury)"
Pediatric,3195017,"Osteomyelitis or septic arthritis suspected, femur, findings suggestive of osteomyelitis on radiography, next imaging study",https://gravitas.acr.org/ACPortal/GetDataForOneScenario?senarioId=6091,All,0 - 4,Lower extremity,"Hip Pain, Shoulder Pain (to include suspected rotator cuff injury)"
Pediatric,3195075,"Osteomyelitis or septic arthritis suspected, femur, findings suggestive of osteomyelitis on radiography, next imaging study",https://gravitas.acr.org/ACPortal/GetDataForOneScenario?senarioId=6147,All,45429,Lower extremity,"Hip Pain, Shoulder Pain (to include suspected rotator cuff injury)"
Pediatric,3195063,"Osteomyelitis or septic arthritis suspected, femur, radiography normal, next imaging study",https://gravitas.acr.org/ACPortal/GetDataForOneScenario?senarioId=6135,All,45429,Lower extremity,"Hip Pain, Shoulder Pain (to include suspected rotator cuff injury)"
Pediatric,3195005,"Osteomyelitis or septic arthritis suspected, femur, radiography normal, next imaging study",https://gravitas.acr.org/ACPortal/GetDataForOneScenario?senarioId=6079,All,0 - 4,Lower extremity,"Hip Pain, Shoulder Pain (to include suspected rotator cuff injury)"
Pediatric,3195018,"Osteomyelitis or septic arthritis suspected, foot, findings suggestive of osteomyelitis on radiography, next imaging study",https://gravitas.acr.org/ACPortal/GetDataForOneScenario?senarioId=6092,All,0 - 4,Lower extremity,"Hip Pain, Shoulder Pain (to include suspected rotator cuff injury)"
Pediatric,3195076,"Osteomyelitis or septic arthritis suspected, foot, findings suggestive of osteomyelitis on radiography, next imaging study",https://gravitas.acr.org/ACPortal/GetDataForOneScenario?senarioId=6148,All,45429,Lower extremity,"Hip Pain, Shoulder Pain (to include suspected rotator cuff injury)"
Pediatric,3195064,"Osteomyelitis or septic arthritis suspected, foot, radiography normal, next imaging study",https://gravitas.acr.org/ACPortal/GetDataForOneScenario?senarioId=6136,All,45429,Lower extremity,"Hip Pain, Shoulder Pain (to include suspected rotator cuff injury)"
Pediatric,3195006,"Osteomyelitis or septic arthritis suspected, foot, radiography normal, next imaging study",https://gravitas.acr.org/ACPortal/GetDataForOneScenario?senarioId=6080,All,0 - 4,Lower extremity,"Hip Pain, Shoulder Pain (to include suspected rotator cuff injury)"
Pediatric,3195019,"Osteomyelitis or septic arthritis suspected, forearm, findings suggestive of osteomyelitis on radiography, next imaging study",https://gravitas.acr.org/ACPortal/GetDataForOneScenario?senarioId=6093,All,0 - 4,Upper extremity,"Hip Pain, Shoulder Pain (to include suspected rotator cuff injury)"
Pediatric,3195077,"Osteomyelitis or septic arthritis suspected, forearm, findings suggestive of osteomyelitis on radiography, next imaging study",https://gravitas.acr.org/ACPortal/GetDataForOneScenario?senarioId=6149,All,45429,Upper extremity,"Hip Pain, Shoulder Pain (to include suspected rotator cuff injury)"
Pediatric,3195065,"Osteomyelitis or septic arthritis suspected, forearm, radiography normal, next imaging study",https://gravitas.acr.org/ACPortal/GetDataForOneScenario?senarioId=6137,All,45429,Upper extremity,"Hip Pain, Shoulder Pain (to include suspected rotator cuff injury)"
Pediatric,3195007,"Osteomyelitis or septic arthritis suspected, forearm, radiography normal, next imaging study",https://gravitas.acr.org/ACPortal/GetDataForOneScenario?senarioId=6081,All,0 - 4,Upper extremity,"Hip Pain, Shoulder Pain (to include suspected rotator cuff injury)"
Pediatric,3195020,"Osteomyelitis or septic arthritis suspected, hand, findings suggestive of osteomyelitis on radiography, next imaging study",https://gravitas.acr.org/ACPortal/GetDataForOneScenario?senarioId=6094,All,0 - 4,Upper extremity,"Hip Pain, Shoulder Pain (to include suspected rotator cuff injury)"
Pediatric,3195078,"Osteomyelitis or septic arthritis suspected, hand, findings suggestive of osteomyelitis on radiography, next imaging study",https://gravitas.acr.org/ACPortal/GetDataForOneScenario?senarioId=6150,All,45429,Upper extremity,"Hip Pain, Shoulder Pain (to include suspected rotator cuff injury)"
Pediatric,3195066,"Osteomyelitis or septic arthritis suspected, hand, radiography normal, next imaging study",https://gravitas.acr.org/ACPortal/GetDataForOneScenario?senarioId=6138,All,45429,Upper extremity,"Hip Pain, Shoulder Pain (to include suspected rotator cuff injury)"
Pediatric,3195008,"Osteomyelitis or septic arthritis suspected, hand, radiography normal, next imaging study",https://gravitas.acr.org/ACPortal/GetDataForOneScenario?senarioId=6082,All,0 - 4,Upper extremity,"Hip Pain, Shoulder Pain (to include suspected rotator cuff injury)"
Pediatric,3195021,"Osteomyelitis or septic arthritis suspected, hip, findings suggestive of osteomyelitis on radiography, next imaging study",https://gravitas.acr.org/ACPortal/GetDataForOneScenario?senarioId=6095,All,0 - 4,Lower extremity,"Hip Pain, Shoulder Pain (to include suspected rotator cuff injury)"
Pediatric,3195079,"Osteomyelitis or septic arthritis suspected, hip, findings suggestive of osteomyelitis on radiography, next imaging study",https://gravitas.acr.org/ACPortal/GetDataForOneScenario?senarioId=6151,All,45429,Lower extremity,"Hip Pain, Shoulder Pain (to include suspected rotator cuff injury)"
Pediatric,3195067,"Osteomyelitis or septic arthritis suspected, hip, radiography normal, next imaging study",https://gravitas.acr.org/ACPortal/GetDataForOneScenario?senarioId=6139,All,45429,Lower extremity,"Hip Pain, Shoulder Pain (to include suspected rotator cuff injury)"
Pediatric,3195009,"Osteomyelitis or septic arthritis suspected, hip, radiography normal, next imaging study",https://gravitas.acr.org/ACPortal/GetDataForOneScenario?senarioId=6083,All,0 - 4,Lower extremity,"Hip Pain, Shoulder Pain (to include suspected rotator cuff injury)"
Pediatric,3195022,"Osteomyelitis or septic arthritis suspected, humerus, findings suggestive of osteomyelitis on radiography, next imaging study",https://gravitas.acr.org/ACPortal/GetDataForOneScenario?senarioId=6096,All,0 - 4,Upper extremity,"Hip Pain, Shoulder Pain (to include suspected rotator cuff injury)"
Pediatric,3195080,"Osteomyelitis or septic arthritis suspected, humerus, findings suggestive of osteomyelitis on radiography, next imaging study",https://gravitas.acr.org/ACPortal/GetDataForOneScenario?senarioId=6152,All,45429,Upper extremity,"Hip Pain, Shoulder Pain (to include suspected rotator cuff injury)"
Pediatric,3195068,"Osteomyelitis or septic arthritis suspected, humerus, radiography normal, next imaging study",https://gravitas.acr.org/ACPortal/GetDataForOneScenario?senarioId=6140,All,45429,Upper extremity,"Hip Pain, Shoulder Pain (to include suspected rotator cuff injury)"
Pediatric,3195010,"Osteomyelitis or septic arthritis suspected, humerus, radiography normal, next imaging study",https://gravitas.acr.org/ACPortal/GetDataForOneScenario?senarioId=6084,All,0 - 4,Upper extremity,"Hip Pain, Shoulder Pain (to include suspected rotator cuff injury)"
Pediatric,3195023,"Osteomyelitis or septic arthritis suspected, knee, findings suggestive of osteomyelitis on radiography, next imaging study",https://gravitas.acr.org/ACPortal/GetDataForOneScenario?senarioId=6097,All,0 - 4,Lower extremity,"Hip Pain, Shoulder Pain (to include suspected rotator cuff injury)"
Pediatric,3195081,"Osteomyelitis or septic arthritis suspected, knee, findings suggestive of osteomyelitis on radiography, next imaging study",https://gravitas.acr.org/ACPortal/GetDataForOneScenario?senarioId=6153,All,45429,Lower extremity,"Hip Pain, Shoulder Pain (to include suspected rotator cuff injury)"
Pediatric,3195069,"Osteomyelitis or septic arthritis suspected, knee, radiography normal, next imaging study",https://gravitas.acr.org/ACPortal/GetDataForOneScenario?senarioId=6141,All,45429,Lower extremity,"Hip Pain, Shoulder Pain (to include suspected rotator cuff injury)"
Pediatric,3195011,"Osteomyelitis or septic arthritis suspected, knee, radiography normal, next imaging study",https://gravitas.acr.org/ACPortal/GetDataForOneScenario?senarioId=6085,All,0 - 4,Lower extremity,"Hip Pain, Shoulder Pain (to include suspected rotator cuff injury)"
Pediatric,3195024,"Osteomyelitis or septic arthritis suspected, shoulder, findings suggestive of osteomyelitis on radiography, next imaging study",https://gravitas.acr.org/ACPortal/GetDataForOneScenario?senarioId=6098,All,0 - 4,Upper extremity,"Hip Pain, Shoulder Pain (to include suspected rotator cuff injury)"
Pediatric,3195082,"Osteomyelitis or septic arthritis suspected, shoulder, findings suggestive of osteomyelitis on radiography, next imaging study",https://gravitas.acr.org/ACPortal/GetDataForOneScenario?senarioId=6154,All,45429,Upper extremity,"Hip Pain, Shoulder Pain (to include suspected rotator cuff injury)"
Pediatric,3195070,"Osteomyelitis or septic arthritis suspected, shoulder, radiography normal, next imaging study",https://gravitas.acr.org/ACPortal/GetDataForOneScenario?senarioId=6142,All,45429,Upper extremity,"Hip Pain, Shoulder Pain (to include suspected rotator cuff injury)"
Pediatric,3195012,"Osteomyelitis or septic arthritis suspected, shoulder, radiography normal, next imaging study",https://gravitas.acr.org/ACPortal/GetDataForOneScenario?senarioId=6086,All,0 - 4,Upper extremity,"Hip Pain, Shoulder Pain (to include suspected rotator cuff injury)"
Pediatric,3195025,"Osteomyelitis or septic arthritis suspected, tibia fibula, findings suggestive of osteomyelitis on radiography, next imaging study",https://gravitas.acr.org/ACPortal/GetDataForOneScenario?senarioId=6099,All,0 - 4,Lower extremity,"Hip Pain, Shoulder Pain (to include suspected rotator cuff injury)"
Pediatric,3195083,"Osteomyelitis or septic arthritis suspected, tibia fibula, findings suggestive of osteomyelitis on radiography, next imaging study",https://gravitas.acr.org/ACPortal/GetDataForOneScenario?senarioId=6155,All,45429,Lower extremity,"Hip Pain, Shoulder Pain (to include suspected rotator cuff injury)"
Pediatric,3195071,"Osteomyelitis or septic arthritis suspected, tibia fibula, radiography normal, next imaging study",https://gravitas.acr.org/ACPortal/GetDataForOneScenario?senarioId=6143,All,45429,Lower extremity,"Hip Pain, Shoulder Pain (to include suspected rotator cuff injury)"
Pediatric,3195013,"Osteomyelitis or septic arthritis suspected, tibia fibula, radiography normal, next imaging study",https://gravitas.acr.org/ACPortal/GetDataForOneScenario?senarioId=6087,All,0 - 4,Lower extremity,"Hip Pain, Shoulder Pain (to include suspected rotator cuff injury)"
Pediatric,3195026,"Osteomyelitis or septic arthritis suspected, wrist, findings suggestive of osteomyelitis on radiography, next imaging study",https://gravitas.acr.org/ACPortal/GetDataForOneScenario?senarioId=6100,All,0 - 4,Upper extremity,"Hip Pain, Shoulder Pain (to include suspected rotator cuff injury)"
Pediatric,3195084,"Osteomyelitis or septic arthritis suspected, wrist, findings suggestive of osteomyelitis on radiography, next imaging study",https://gravitas.acr.org/ACPortal/GetDataForOneScenario?senarioId=6156,All,45429,Upper extremity,"Hip Pain, Shoulder Pain (to include suspected rotator cuff injury)"
Pediatric,3195072,"Osteomyelitis or septic arthritis suspected, wrist, radiography normal, next imaging study",https://gravitas.acr.org/ACPortal/GetDataForOneScenario?senarioId=6144,All,45429,Upper extremity,"Hip Pain, Shoulder Pain (to include suspected rotator cuff injury)"
Pediatric,3195014,"Osteomyelitis or septic arthritis suspected, wrist, radiography normal, next imaging study",https://gravitas.acr.org/ACPortal/GetDataForOneScenario?senarioId=6088,All,0 - 4,Upper extremity,"Hip Pain, Shoulder Pain (to include suspected rotator cuff injury)"
Pediatric,3195002,"Osteomyelitis suspected, ankle, findings suggestive of osteomyelitis on radiography, next imaging study",https://gravitas.acr.org/ACPortal/GetDataForOneScenario?senarioId=6076,All,0 - 4,Lower extremity,"Hip Pain, Shoulder Pain (to include suspected rotator cuff injury)"
Pediatric,3195085,"Osteomyelitis suspected, ankle, findings suggestive of osteomyelitis on radiography, next imaging study",https://gravitas.acr.org/ACPortal/GetDataForOneScenario?senarioId=6157,All,45429,Lower extremity,"Hip Pain, Shoulder Pain (to include suspected rotator cuff injury)"
Pediatric,3194959,"Osteomyelitis suspected, ankle, initial imaging",https://gravitas.acr.org/ACPortal/GetDataForOneScenario?senarioId=6034,All,0 - 4,Lower extremity,"Hip Pain, Shoulder Pain (to include suspected rotator cuff injury)"
Pediatric,3195028,"Osteomyelitis suspected, ankle, initial imaging",https://gravitas.acr.org/ACPortal/GetDataForOneScenario?senarioId=6101,All,45429,Lower extremity,"Hip Pain, Shoulder Pain (to include suspected rotator cuff injury)"
Pediatric,3195049,"Osteomyelitis suspected, ankle, radiography normal, next imaging study",https://gravitas.acr.org/ACPortal/GetDataForOneScenario?senarioId=6121,All,45429,Lower extremity,"Hip Pain, Shoulder Pain (to include suspected rotator cuff injury)"
Pediatric,3194979,"Osteomyelitis suspected, ankle, radiography normal, next imaging study",https://gravitas.acr.org/ACPortal/GetDataForOneScenario?senarioId=6053,All,0 - 4,Lower extremity,"Hip Pain, Shoulder Pain (to include suspected rotator cuff injury)"
Pediatric,3195001,"Osteomyelitis suspected, elbow, findings suggestive of osteomyelitis on radiography, next imaging study",https://gravitas.acr.org/ACPortal/GetDataForOneScenario?senarioId=6075,All,0 - 4,Upper extremity,"Hip Pain, Shoulder Pain (to include suspected rotator cuff injury)"
Pediatric,3195086,"Osteomyelitis suspected, elbow, findings suggestive of osteomyelitis on radiography, next imaging study",https://gravitas.acr.org/ACPortal/GetDataForOneScenario?senarioId=6158,All,45429,Upper extremity,"Hip Pain, Shoulder Pain (to include suspected rotator cuff injury)"
Pediatric,3195029,"Osteomyelitis suspected, elbow, initial imaging",https://gravitas.acr.org/ACPortal/GetDataForOneScenario?senarioId=6102,All,45429,Upper extremity,"Hip Pain, Shoulder Pain (to include suspected rotator cuff injury)"
Pediatric,3194960,"Osteomyelitis suspected, elbow, initial imaging",https://gravitas.acr.org/ACPortal/GetDataForOneScenario?senarioId=6035,All,0 - 4,Upper extremity,"Hip Pain, Shoulder Pain (to include suspected rotator cuff injury)"
Pediatric,3195050,"Osteomyelitis suspected, elbow, radiography normal, next imaging study",https://gravitas.acr.org/ACPortal/GetDataForOneScenario?senarioId=6122,All,45429,Upper extremity,"Hip Pain, Shoulder Pain (to include suspected rotator cuff injury)"
Pediatric,3194980,"Osteomyelitis suspected, elbow, radiography normal, next imaging study",https://gravitas.acr.org/ACPortal/GetDataForOneScenario?senarioId=6054,All,0 - 4,Upper extremity,"Hip Pain, Shoulder Pain (to include suspected rotator cuff injury)"
Pediatric,3195000,"Osteomyelitis suspected, femur, findings suggestive of osteomyelitis on radiography, next imaging study",https://gravitas.acr.org/ACPortal/GetDataForOneScenario?senarioId=6074,All,0 - 4,Lower extremity,"Hip Pain, Shoulder Pain (to include suspected rotator cuff injury)"
Pediatric,3195087,"Osteomyelitis suspected, femur, findings suggestive of osteomyelitis on radiography, next imaging study",https://gravitas.acr.org/ACPortal/GetDataForOneScenario?senarioId=6159,All,45429,Lower extremity,"Hip Pain, Shoulder Pain (to include suspected rotator cuff injury)"
Pediatric,3194961,"Osteomyelitis suspected, femur, initial imaging",https://gravitas.acr.org/ACPortal/GetDataForOneScenario?senarioId=6036,All,0 - 4,Lower extremity,"Hip Pain, Shoulder Pain (to include suspected rotator cuff injury)"
Pediatric,3195030,"Osteomyelitis suspected, femur, initial imaging",https://gravitas.acr.org/ACPortal/GetDataForOneScenario?senarioId=6103,All,45429,Lower extremity,"Hip Pain, Shoulder Pain (to include suspected rotator cuff injury)"
Pediatric,3195060,"Osteomyelitis suspected, femur, radiography normal, next imaging study",https://gravitas.acr.org/ACPortal/GetDataForOneScenario?senarioId=6132,All,45429,Lower extremity,"Hip Pain, Shoulder Pain (to include suspected rotator cuff injury)"
Pediatric,3194981,"Osteomyelitis suspected, femur, radiography normal, next imaging study",https://gravitas.acr.org/ACPortal/GetDataForOneScenario?senarioId=6055,All,0 - 4,Lower extremity,"Hip Pain, Shoulder Pain (to include suspected rotator cuff injury)"
Pediatric,3194999,"Osteomyelitis suspected, foot, findings suggestive of osteomyelitis on radiography, next imaging study",https://gravitas.acr.org/ACPortal/GetDataForOneScenario?senarioId=6073,All,0 - 4,Lower extremity,"Hip Pain, Shoulder Pain (to include suspected rotator cuff injury)"
Pediatric,3195088,"Osteomyelitis suspected, foot, findings suggestive of osteomyelitis on radiography, next imaging study",https://gravitas.acr.org/ACPortal/GetDataForOneScenario?senarioId=6160,All,45429,Lower extremity,"Hip Pain, Shoulder Pain (to include suspected rotator cuff injury)"
Pediatric,3195031,"Osteomyelitis suspected, foot, initial imaging",https://gravitas.acr.org/ACPortal/GetDataForOneScenario?senarioId=6104,All,45429,Lower extremity,"Hip Pain, Shoulder Pain (to include suspected rotator cuff injury)"
Pediatric,3194958,"Osteomyelitis suspected, foot, initial imaging",https://gravitas.acr.org/ACPortal/GetDataForOneScenario?senarioId=6033,All,0 - 4,Lower extremity,"Hip Pain, Shoulder Pain (to include suspected rotator cuff injury)"
Pediatric,3195059,"Osteomyelitis suspected, foot, radiography normal, next imaging study",https://gravitas.acr.org/ACPortal/GetDataForOneScenario?senarioId=6131,All,45429,Lower extremity,"Hip Pain, Shoulder Pain (to include suspected rotator cuff injury)"
Pediatric,3194982,"Osteomyelitis suspected, foot, radiography normal, next imaging study",https://gravitas.acr.org/ACPortal/GetDataForOneScenario?senarioId=6056,All,0 - 4,Lower extremity,"Hip Pain, Shoulder Pain (to include suspected rotator cuff injury)"
Pediatric,3194998,"Osteomyelitis suspected, forearm, findings suggestive of osteomyelitis on radiography, next imaging study",https://gravitas.acr.org/ACPortal/GetDataForOneScenario?senarioId=6072,All,0 - 4,Upper extremity,"Hip Pain, Shoulder Pain (to include suspected rotator cuff injury)"
Pediatric,3195089,"Osteomyelitis suspected, forearm, findings suggestive of osteomyelitis on radiography, next imaging study",https://gravitas.acr.org/ACPortal/GetDataForOneScenario?senarioId=6161,All,45429,Upper extremity,"Hip Pain, Shoulder Pain (to include suspected rotator cuff injury)"
Pediatric,3195032,"Osteomyelitis suspected, forearm, initial imaging",https://gravitas.acr.org/ACPortal/GetDataForOneScenario?senarioId=6105,All,45429,Upper extremity,"Hip Pain, Shoulder Pain (to include suspected rotator cuff injury)"
Pediatric,3194962,"Osteomyelitis suspected, forearm, initial imaging",https://gravitas.acr.org/ACPortal/GetDataForOneScenario?senarioId=6037,All,0 - 4,Upper extremity,"Hip Pain, Shoulder Pain (to include suspected rotator cuff injury)"
Pediatric,3195058,"Osteomyelitis suspected, forearm, radiography normal, next imaging study",https://gravitas.acr.org/ACPortal/GetDataForOneScenario?senarioId=6130,All,45429,Upper extremity,"Hip Pain, Shoulder Pain (to include suspected rotator cuff injury)"
Pediatric,3194983,"Osteomyelitis suspected, forearm, radiography normal, next imaging study",https://gravitas.acr.org/ACPortal/GetDataForOneScenario?senarioId=6057,All,0 - 4,Upper extremity,"Hip Pain, Shoulder Pain (to include suspected rotator cuff injury)"
Pediatric,3194997,"Osteomyelitis suspected, hand, findings suggestive of osteomyelitis on radiography, next imaging study",https://gravitas.acr.org/ACPortal/GetDataForOneScenario?senarioId=6071,All,0 - 4,Upper extremity,"Hip Pain, Shoulder Pain (to include suspected rotator cuff injury)"
Pediatric,3195090,"Osteomyelitis suspected, hand, findings suggestive of osteomyelitis on radiography, next imaging study",https://gravitas.acr.org/ACPortal/GetDataForOneScenario?senarioId=6162,All,45429,Upper extremity,"Hip Pain, Shoulder Pain (to include suspected rotator cuff injury)"
Pediatric,3194963,"Osteomyelitis suspected, hand, initial imaging",https://gravitas.acr.org/ACPortal/GetDataForOneScenario?senarioId=6038,All,0 - 4,Upper extremity,"Hip Pain, Shoulder Pain (to include suspected rotator cuff injury)"
Pediatric,3195033,"Osteomyelitis suspected, hand, initial imaging",https://gravitas.acr.org/ACPortal/GetDataForOneScenario?senarioId=6106,All,45429,Upper extremity,"Hip Pain, Shoulder Pain (to include suspected rotator cuff injury)"
Pediatric,3195057,"Osteomyelitis suspected, hand, radiography normal, next imaging study",https://gravitas.acr.org/ACPortal/GetDataForOneScenario?senarioId=6129,All,45429,Upper extremity,"Hip Pain, Shoulder Pain (to include suspected rotator cuff injury)"
Pediatric,3194984,"Osteomyelitis suspected, hand, radiography normal, next imaging study",https://gravitas.acr.org/ACPortal/GetDataForOneScenario?senarioId=6058,All,0 - 4,Upper extremity,"Hip Pain, Shoulder Pain (to include suspected rotator cuff injury)"
Pediatric,3194996,"Osteomyelitis suspected, hip, findings suggestive of osteomyelitis on radiography, next imaging study",https://gravitas.acr.org/ACPortal/GetDataForOneScenario?senarioId=6070,All,0 - 4,Lower extremity,"Hip Pain, Shoulder Pain (to include suspected rotator cuff injury)"
Pediatric,3195091,"Osteomyelitis suspected, hip, findings suggestive of osteomyelitis on radiography, next imaging study",https://gravitas.acr.org/ACPortal/GetDataForOneScenario?senarioId=6163,All,45429,Lower extremity,"Hip Pain, Shoulder Pain (to include suspected rotator cuff injury)"
Pediatric,3195034,"Osteomyelitis suspected, hip, initial imaging",https://gravitas.acr.org/ACPortal/GetDataForOneScenario?senarioId=6107,All,45429,Lower extremity,"Hip Pain, Shoulder Pain (to include suspected rotator cuff injury)"
Pediatric,3194964,"Osteomyelitis suspected, hip, initial imaging",https://gravitas.acr.org/ACPortal/GetDataForOneScenario?senarioId=6039,All,0 - 4,Lower extremity,"Hip Pain, Shoulder Pain (to include suspected rotator cuff injury)"
Pediatric,3195056,"Osteomyelitis suspected, hip, radiography normal, next imaging study",https://gravitas.acr.org/ACPortal/GetDataForOneScenario?senarioId=6128,All,45429,Lower extremity,"Hip Pain, Shoulder Pain (to include suspected rotator cuff injury)"
Pediatric,3194985,"Osteomyelitis suspected, hip, radiography normal, next imaging study",https://gravitas.acr.org/ACPortal/GetDataForOneScenario?senarioId=6059,All,0 - 4,Lower extremity,"Hip Pain, Shoulder Pain (to include suspected rotator cuff injury)"
Pediatric,3194995,"Osteomyelitis suspected, humerus, findings suggestive of osteomyelitis on radiography, next imaging study",https://gravitas.acr.org/ACPortal/GetDataForOneScenario?senarioId=6069,All,0 - 4,Upper extremity,"Hip Pain, Shoulder Pain (to include suspected rotator cuff injury)"
Pediatric,3195092,"Osteomyelitis suspected, humerus, findings suggestive of osteomyelitis on radiography, next imaging study",https://gravitas.acr.org/ACPortal/GetDataForOneScenario?senarioId=6164,All,45429,Upper extremity,"Hip Pain, Shoulder Pain (to include suspected rotator cuff injury)"
Pediatric,3194965,"Osteomyelitis suspected, humerus, initial imaging",https://gravitas.acr.org/ACPortal/GetDataForOneScenario?senarioId=6040,All,0 - 4,Upper extremity,"Hip Pain, Shoulder Pain (to include suspected rotator cuff injury)"
Pediatric,3195035,"Osteomyelitis suspected, humerus, initial imaging",https://gravitas.acr.org/ACPortal/GetDataForOneScenario?senarioId=6108,All,45429,Upper extremity,"Hip Pain, Shoulder Pain (to include suspected rotator cuff injury)"
Pediatric,3195055,"Osteomyelitis suspected, humerus, radiography normal, next imaging study",https://gravitas.acr.org/ACPortal/GetDataForOneScenario?senarioId=6127,All,45429,Upper extremity,"Hip Pain, Shoulder Pain (to include suspected rotator cuff injury)"
Pediatric,3194986,"Osteomyelitis suspected, humerus, radiography normal, next imaging study",https://gravitas.acr.org/ACPortal/GetDataForOneScenario?senarioId=6060,All,0 - 4,Upper extremity,"Hip Pain, Shoulder Pain (to include suspected rotator cuff injury)"
Pediatric,3194994,"Osteomyelitis suspected, knee, findings suggestive of osteomyelitis on radiography, next imaging study",https://gravitas.acr.org/ACPortal/GetDataForOneScenario?senarioId=6068,All,0 - 4,Lower extremity,"Hip Pain, Shoulder Pain (to include suspected rotator cuff injury)"
Pediatric,3195093,"Osteomyelitis suspected, knee, findings suggestive of osteomyelitis on radiography, next imaging study",https://gravitas.acr.org/ACPortal/GetDataForOneScenario?senarioId=6165,All,45429,Lower extremity,"Hip Pain, Shoulder Pain (to include suspected rotator cuff injury)"
Pediatric,3195036,"Osteomyelitis suspected, knee, initial imaging",https://gravitas.acr.org/ACPortal/GetDataForOneScenario?senarioId=6109,All,45429,Lower extremity,"Hip Pain, Shoulder Pain (to include suspected rotator cuff injury)"
Pediatric,3194966,"Osteomyelitis suspected, knee, initial imaging",https://gravitas.acr.org/ACPortal/GetDataForOneScenario?senarioId=6041,All,0 - 4,Lower extremity,"Hip Pain, Shoulder Pain (to include suspected rotator cuff injury)"
Pediatric,3195054,"Osteomyelitis suspected, knee, radiography normal, next imaging study",https://gravitas.acr.org/ACPortal/GetDataForOneScenario?senarioId=6126,All,45429,Lower extremity,"Hip Pain, Shoulder Pain (to include suspected rotator cuff injury)"
Pediatric,3194987,"Osteomyelitis suspected, knee, radiography normal, next imaging study",https://gravitas.acr.org/ACPortal/GetDataForOneScenario?senarioId=6061,All,0 - 4,Lower extremity,"Hip Pain, Shoulder Pain (to include suspected rotator cuff injury)"
Pediatric,3194993,"Osteomyelitis suspected, shoulder, findings suggestive of osteomyelitis on radiography, next imaging study",https://gravitas.acr.org/ACPortal/GetDataForOneScenario?senarioId=6067,All,0 - 4,Upper extremity,"Hip Pain, Shoulder Pain (to include suspected rotator cuff injury)"
Pediatric,3195094,"Osteomyelitis suspected, shoulder, findings suggestive of osteomyelitis on radiography, next imaging study",https://gravitas.acr.org/ACPortal/GetDataForOneScenario?senarioId=6166,All,45429,Upper extremity,"Hip Pain, Shoulder Pain (to include suspected rotator cuff injury)"
Pediatric,3195037,"Osteomyelitis suspected, shoulder, initial imaging",https://gravitas.acr.org/ACPortal/GetDataForOneScenario?senarioId=6110,All,45429,Upper extremity,"Hip Pain, Shoulder Pain (to include suspected rotator cuff injury)"
Pediatric,3194968,"Osteomyelitis suspected, shoulder, initial imaging",https://gravitas.acr.org/ACPortal/GetDataForOneScenario?senarioId=6043,All,0 - 4,Upper extremity,"Hip Pain, Shoulder Pain (to include suspected rotator cuff injury)"
Pediatric,3195053,"Osteomyelitis suspected, shoulder, radiography normal, next imaging study",https://gravitas.acr.org/ACPortal/GetDataForOneScenario?senarioId=6125,All,45429,Upper extremity,"Hip Pain, Shoulder Pain (to include suspected rotator cuff injury)"
Pediatric,3194988,"Osteomyelitis suspected, shoulder, radiography normal, next imaging study",https://gravitas.acr.org/ACPortal/GetDataForOneScenario?senarioId=6062,All,0 - 4,Upper extremity,"Hip Pain, Shoulder Pain (to include suspected rotator cuff injury)"
Pediatric,3194992,"Osteomyelitis suspected, tibia fibula, findings suggestive of osteomyelitis on radiography, next imaging study",https://gravitas.acr.org/ACPortal/GetDataForOneScenario?senarioId=6066,All,0 - 4,Lower extremity,"Hip Pain, Shoulder Pain (to include suspected rotator cuff injury)"
Pediatric,3195095,"Osteomyelitis suspected, tibia fibula, findings suggestive of osteomyelitis on radiography, next imaging study",https://gravitas.acr.org/ACPortal/GetDataForOneScenario?senarioId=6167,All,45429,Lower extremity,"Hip Pain, Shoulder Pain (to include suspected rotator cuff injury)"
Pediatric,3195038,"Osteomyelitis suspected, tibia fibula, initial imaging",https://gravitas.acr.org/ACPortal/GetDataForOneScenario?senarioId=6111,All,45429,Lower extremity,"Hip Pain, Shoulder Pain (to include suspected rotator cuff injury)"
Pediatric,3194989,"Osteomyelitis suspected, tibia fibula, radiography normal, next imaging study",https://gravitas.acr.org/ACPortal/GetDataForOneScenario?senarioId=6063,All,0 - 4,Lower extremity,"Hip Pain, Shoulder Pain (to include suspected rotator cuff injury)"
Pediatric,3195052,"Osteomyelitis suspected, tibia fibula, radiography normal, next imaging study",https://gravitas.acr.org/ACPortal/GetDataForOneScenario?senarioId=6124,All,45429,Lower extremity,"Hip Pain, Shoulder Pain (to include suspected rotator cuff injury)"
Pediatric,3194977,"Osteomyelitis suspected, tibia/fibula, initial imaging",https://gravitas.acr.org/ACPortal/GetDataForOneScenario?senarioId=6052,All,0 - 4,Lower extremity,"Hip Pain, Shoulder Pain (to include suspected rotator cuff injury)"
Pediatric,3194991,"Osteomyelitis suspected, wrist, findings suggestive of osteomyelitis on radiography, next imaging study",https://gravitas.acr.org/ACPortal/GetDataForOneScenario?senarioId=6065,All,0 - 4,Upper extremity,"Hip Pain, Shoulder Pain (to include suspected rotator cuff injury)"
Pediatric,3195096,"Osteomyelitis suspected, wrist, findings suggestive of osteomyelitis on radiography, next imaging study",https://gravitas.acr.org/ACPortal/GetDataForOneScenario?senarioId=6168,All,45429,Upper extremity,"Hip Pain, Shoulder Pain (to include suspected rotator cuff injury)"
Pediatric,3195039,"Osteomyelitis suspected, wrist, initial imaging",https://gravitas.acr.org/ACPortal/GetDataForOneScenario?senarioId=6112,All,45429,Upper extremity,"Hip Pain, Shoulder Pain (to include suspected rotator cuff injury)"
Pediatric,3194967,"Osteomyelitis suspected, wrist, initial imaging",https://gravitas.acr.org/ACPortal/GetDataForOneScenario?senarioId=6042,All,0 - 4,Upper extremity,"Hip Pain, Shoulder Pain (to include suspected rotator cuff injury)"
Pediatric,3194990,"Osteomyelitis suspected, wrist, radiography normal, next imaging study",https://gravitas.acr.org/ACPortal/GetDataForOneScenario?senarioId=6064,All,0 - 4,Upper extremity,"Hip Pain, Shoulder Pain (to include suspected rotator cuff injury)"
Pediatric,3195051,"Osteomyelitis suspected, wrist, radiography normal, next imaging study",https://gravitas.acr.org/ACPortal/GetDataForOneScenario?senarioId=6123,All,45429,Upper extremity,"Hip Pain, Shoulder Pain (to include suspected rotator cuff injury)"
Pediatric,3196997,"Papilledema on ophthalmologic exam, initial imaging",https://gravitas.acr.org/ACPortal/GetDataForOneScenario?senarioId=7387,All,D180 - 6205,Head,
Pediatric,3147515,"Ped <=5yo, acute limp, ankle pain",https://gravitas.acr.org/ACPortal/GetDataForOneScenario?senarioId=4503,All,0 - 5,Lower extremity,Hip Pain
Pediatric,3147516,"Ped <=5yo, acute limp, foot pain",https://gravitas.acr.org/ACPortal/GetDataForOneScenario?senarioId=4504,All,0 - 5,Lower extremity,Hip Pain
Pediatric,3147511,"Ped <=5yo, acute limp, hip pain",https://gravitas.acr.org/ACPortal/GetDataForOneScenario?senarioId=4499,All,0 - 5,Lower extremity,Hip Pain
Pediatric,3147513,"Ped <=5yo, acute limp, knee pain",https://gravitas.acr.org/ACPortal/GetDataForOneScenario?senarioId=4501,All,0 - 5,Lower extremity,Hip Pain
Pediatric,3147514,"Ped <=5yo, acute limp, lower leg pain",https://gravitas.acr.org/ACPortal/GetDataForOneScenario?senarioId=4502,All,0 - 5,Lower extremity,Hip Pain
Pediatric,3080849,"Ped <=5yo, acute limp, non localized",https://gravitas.acr.org/ACPortal/GetDataForOneScenario?senarioId=1117,All,0 - 5,Lower extremity,Hip Pain
Pediatric,3148180,"Ped <=5yo, acute limp, non localized, infection suspected",https://gravitas.acr.org/ACPortal/GetDataForOneScenario?senarioId=4555,All,0 - 5,Lower extremity,Hip Pain
Pediatric,3147520,"Ped <=5yo, acute limp, symptoms localized to ankle, infection suspected",https://gravitas.acr.org/ACPortal/GetDataForOneScenario?senarioId=4508,All,0 - 5,Lower extremity,Hip Pain
Pediatric,3147521,"Ped <=5yo, acute limp, symptoms localized to foot, infection suspected",https://gravitas.acr.org/ACPortal/GetDataForOneScenario?senarioId=4509,All,0 - 5,Lower extremity,Hip Pain
Pediatric,3148181,"Ped <=5yo, acute limp, symptoms localized to hip, infection suspected",https://gravitas.acr.org/ACPortal/GetDataForOneScenario?senarioId=4556,All,0 - 5,Lower extremity,Hip Pain
Pediatric,3147518,"Ped <=5yo, acute limp, symptoms localized to knee, infection suspected",https://gravitas.acr.org/ACPortal/GetDataForOneScenario?senarioId=4506,All,0 - 5,Lower extremity,Hip Pain
Pediatric,3147519,"Ped <=5yo, acute limp, symptoms localized to lower leg, infection suspected",https://gravitas.acr.org/ACPortal/GetDataForOneScenario?senarioId=4507,All,0 - 5,Lower extremity,Hip Pain
Pediatric,3147517,"Ped <=5yo, acute limp, symptoms localized to thigh, infection suspected",https://gravitas.acr.org/ACPortal/GetDataForOneScenario?senarioId=4505,All,0 - 5,Lower extremity,Hip Pain
Pediatric,3147512,"Ped <=5yo, acute limp, thigh pain",https://gravitas.acr.org/ACPortal/GetDataForOneScenario?senarioId=4500,All,0 - 5,Lower extremity,Hip Pain
Pediatric,3100777,"Ped <1m, fever without source, no resp sx",https://gravitas.acr.org/ACPortal/GetDataForOneScenario?senarioId=2188,All,D0 - 30,Unspecified,
Pediatric,3100778,"Ped <1m, fever without source, resp sx",https://gravitas.acr.org/ACPortal/GetDataForOneScenario?senarioId=2189,All,D0 - 30,Unspecified,
Pediatric,3100776,"Ped >1m, fever of unknown origin",https://gravitas.acr.org/ACPortal/GetDataForOneScenario?senarioId=2187,All,D31 - 6205,Unspecified,
Pediatric,3148751,"Ped 0-9y, scoliosis, idiopathic, cervical and thoracic spine",https://gravitas.acr.org/ACPortal/GetDataForOneScenario?senarioId=4590,All,0 - 9,Spine,
Pediatric,3148748,"Ped 0-9y, scoliosis, idiopathic, cervical spine",https://gravitas.acr.org/ACPortal/GetDataForOneScenario?senarioId=4587,All,0 - 9,Spine,
Pediatric,3148753,"Ped 0-9y, scoliosis, idiopathic, complete spine",https://gravitas.acr.org/ACPortal/GetDataForOneScenario?senarioId=4592,All,0 - 9,Spine,
Pediatric,3148750,"Ped 0-9y, scoliosis, idiopathic, lumbar spine",https://gravitas.acr.org/ACPortal/GetDataForOneScenario?senarioId=4589,All,0 - 9,Spine,
Pediatric,3148752,"Ped 0-9y, scoliosis, idiopathic, thoracic and lumbar spine",https://gravitas.acr.org/ACPortal/GetDataForOneScenario?senarioId=4591,All,0 - 9,Spine,
Pediatric,3148749,"Ped 0-9y, scoliosis, idiopathic, thoracic spine",https://gravitas.acr.org/ACPortal/GetDataForOneScenario?senarioId=4588,All,0 - 9,Spine,
Pediatric,3148757,"Ped 10-18y, scoliosis, idiopathic, cervical and thoracic spine, no risk factors",https://gravitas.acr.org/ACPortal/GetDataForOneScenario?senarioId=4596,All,45582,Spine,
Pediatric,3148767,"Ped 10-18y, scoliosis, idiopathic, cervical and thoracic spine, risk factors",https://gravitas.acr.org/ACPortal/GetDataForOneScenario?senarioId=4606,All,45582,Spine,
Pediatric,3148754,"Ped 10-18y, scoliosis, idiopathic, cervical spine, no risk factors",https://gravitas.acr.org/ACPortal/GetDataForOneScenario?senarioId=4593,All,45582,Spine,
Pediatric,3148760,"Ped 10-18y, scoliosis, idiopathic, cervical spine, risk factors",https://gravitas.acr.org/ACPortal/GetDataForOneScenario?senarioId=4599,All,45582,Spine,
Pediatric,3148759,"Ped 10-18y, scoliosis, idiopathic, complete spine, no risk factors",https://gravitas.acr.org/ACPortal/GetDataForOneScenario?senarioId=4598,All,45582,Spine,
Pediatric,3148769,"Ped 10-18y, scoliosis, idiopathic, complete spine, risk factors",https://gravitas.acr.org/ACPortal/GetDataForOneScenario?senarioId=4608,All,45582,Spine,
Pediatric,3148756,"Ped 10-18y, scoliosis, idiopathic, lumbar spine, no risk factors",https://gravitas.acr.org/ACPortal/GetDataForOneScenario?senarioId=4595,All,45582,Spine,
Pediatric,3148766,"Ped 10-18y, scoliosis, idiopathic, lumbar spine, risk factors",https://gravitas.acr.org/ACPortal/GetDataForOneScenario?senarioId=4605,All,45582,Spine,
Pediatric,3148758,"Ped 10-18y, scoliosis, idiopathic, thoracic and lumbar spine, no risk factors",https://gravitas.acr.org/ACPortal/GetDataForOneScenario?senarioId=4597,All,45582,Spine,
Pediatric,3148768,"Ped 10-18y, scoliosis, idiopathic, thoracic and lumbar spine, risk factors",https://gravitas.acr.org/ACPortal/GetDataForOneScenario?senarioId=4607,All,45582,Spine,
Pediatric,3148755,"Ped 10-18y, scoliosis, idiopathic, thoracic spine, no risk factors",https://gravitas.acr.org/ACPortal/GetDataForOneScenario?senarioId=4594,All,45582,Spine,
Pediatric,3148765,"Ped 10-18y, scoliosis, idiopathic, thoracic spine, risk factors",https://gravitas.acr.org/ACPortal/GetDataForOneScenario?senarioId=4604,All,45582,Spine,
Pediatric,3100772,"Ped 1-36m, fever without source, fever <39°",https://gravitas.acr.org/ACPortal/GetDataForOneScenario?senarioId=2183,All,D30 - 1095,Unspecified,
Pediatric,3100775,"Ped 1-36m, fever without source, fever ≥39°",https://gravitas.acr.org/ACPortal/GetDataForOneScenario?senarioId=2186,All,D30 - 1095,Unspecified,
Pediatric,3100770,"Ped 1-36m, fever without source, no resp sx",https://gravitas.acr.org/ACPortal/GetDataForOneScenario?senarioId=2181,All,D30 - 1095,Unspecified,
Pediatric,3100773,"Ped 1-36m, fever without source, resp sx",https://gravitas.acr.org/ACPortal/GetDataForOneScenario?senarioId=2184,All,D30 - 1095,Unspecified,
Pediatric,3100771,"Ped 1-36m, fever without source, WBC <20,000",https://gravitas.acr.org/ACPortal/GetDataForOneScenario?senarioId=2182,All,D30 - 1095,Unspecified,
Pediatric,3100774,"Ped 1-36m, fever without source, WBC ≥20,000",https://gravitas.acr.org/ACPortal/GetDataForOneScenario?senarioId=2185,All,D30 - 1095,Unspecified,
Pediatric,3102681,"Ped, abuse suspected, apnea, initial study",https://gravitas.acr.org/ACPortal/GetDataForOneScenario?senarioId=2461,All,0 - 17,Unspecified,
Pediatric,3102682,"Ped, abuse suspected, fracture(s) or highly suspicious injury, initial study",https://gravitas.acr.org/ACPortal/GetDataForOneScenario?senarioId=2462,All,0 - 17,Unspecified,
Pediatric,3102683,"Ped, abuse suspected, neuro signs or symptoms, initial study",https://gravitas.acr.org/ACPortal/GetDataForOneScenario?senarioId=2463,All,0 - 17,Unspecified,
Pediatric,3102665,"Ped, abuse suspected, trunk injuries suspected, initial study",https://gravitas.acr.org/ACPortal/GetDataForOneScenario?senarioId=2453,All,0 - 17,Unspecified,
Pediatric,3074048,"Ped, fever without source, neutropenia",https://gravitas.acr.org/ACPortal/GetDataForOneScenario?senarioId=796,All,0 - 17,Unspecified,
Pediatric,3141661,"Ped, functional endoscopic sinus surgery planning",https://gravitas.acr.org/ACPortal/GetDataForOneScenario?senarioId=4459,All,0 - 17,Maxface,
Pediatric,3141495,"Ped, hematuria, macro, nontraumatic, painless, initial exam",https://gravitas.acr.org/ACPortal/GetDataForOneScenario?senarioId=3533,All,0 - 17,Abdomen-pelvis,
Pediatric,3074055,"Ped, hematuria, macro, traumatic, initial exam",https://gravitas.acr.org/ACPortal/GetDataForOneScenario?senarioId=798,All,0 - 17,Abdomen-pelvis,
Pediatric,3141493,"Ped, hematuria, micro, nontraumatic, painless, neg proteinuria, initial exam",https://gravitas.acr.org/ACPortal/GetDataForOneScenario?senarioId=3531,All,0 - 17,Abdomen-pelvis,
Pediatric,3141494,"Ped, hematuria, micro, nontraumatic, painless, positive proteinuria, initial exam",https://gravitas.acr.org/ACPortal/GetDataForOneScenario?senarioId=3532,All,0 - 17,Abdomen-pelvis,
Pediatric,3074056,"Ped, hematuria, micro, traumatic, initial exam",https://gravitas.acr.org/ACPortal/GetDataForOneScenario?senarioId=799,All,0 - 17,Abdomen-pelvis,
Pediatric,3141496,"Ped, hematuria, nontraumatic, painful, urolithiasis suspected, initial exam",https://gravitas.acr.org/ACPortal/GetDataForOneScenario?senarioId=3534,All,0 - 17,Abdomen-pelvis,
Pediatric,3108763,"Ped, low back pain chronic, mechanical",https://gravitas.acr.org/ACPortal/GetDataForOneScenario?senarioId=2567,All,0 - 17,Spine,"Cervical or Neck Pain, Low Back Pain"
Pediatric,3108765,"Ped, low back pain chronic, overuse",https://gravitas.acr.org/ACPortal/GetDataForOneScenario?senarioId=2569,All,0 - 17,Spine,"Cervical or Neck Pain, Low Back Pain"
Pediatric,3108768,"Ped, low back pain, infection suspected",https://gravitas.acr.org/ACPortal/GetDataForOneScenario?senarioId=2572,All,0 - 17,Spine,"Cervical or Neck Pain, Low Back Pain"
Pediatric,3108774,"Ped, low back pain, inflammation suspected",https://gravitas.acr.org/ACPortal/GetDataForOneScenario?senarioId=2578,All,0 - 17,Spine,"Cervical or Neck Pain, Low Back Pain"
Pediatric,3108771,"Ped, low back pain, malignancy suspected",https://gravitas.acr.org/ACPortal/GetDataForOneScenario?senarioId=2575,All,0 - 17,Spine,"Cervical or Neck Pain, Low Back Pain"
Pediatric,3108777,"Ped, low back pain, no red flags, initial study",https://gravitas.acr.org/ACPortal/GetDataForOneScenario?senarioId=2581,All,0 - 17,Spine,"Cervical or Neck Pain, Low Back Pain"
Pediatric,3108780,"Ped, low back pain, red flag (abn neuro exam), initial study",https://gravitas.acr.org/ACPortal/GetDataForOneScenario?senarioId=2584,All,0 - 17,Spine,"Cervical or Neck Pain, Low Back Pain"
Pediatric,3108783,"Ped, low back pain, red flag (abn neuro exam), neg radiography",https://gravitas.acr.org/ACPortal/GetDataForOneScenario?senarioId=2587,All,0 - 17,Spine,"Cervical or Neck Pain, Low Back Pain"
Pediatric,3108786,"Ped, low back pain, red flag (abn neuro exam), positive radiography",https://gravitas.acr.org/ACPortal/GetDataForOneScenario?senarioId=2590,All,0 - 17,Spine,"Cervical or Neck Pain, Low Back Pain"
Pediatric,3108789,"Ped, low back pain, red flag (constant/night/radicular pain), initial study",https://gravitas.acr.org/ACPortal/GetDataForOneScenario?senarioId=2593,All,0 - 17,Spine,"Cervical or Neck Pain, Low Back Pain"
Pediatric,3108792,"Ped, low back pain, red flag (constant/night/radicular pain), neg radiography",https://gravitas.acr.org/ACPortal/GetDataForOneScenario?senarioId=2596,All,0 - 17,Spine,"Cervical or Neck Pain, Low Back Pain"
Pediatric,3108795,"Ped, low back pain, red flag (constant/night/radicular pain), positive radiography",https://gravitas.acr.org/ACPortal/GetDataForOneScenario?senarioId=2599,All,0 - 17,Spine,"Cervical or Neck Pain, Low Back Pain"
Pediatric,3108798,"Ped, low back pain, red flag (pain>4wks), initial study",https://gravitas.acr.org/ACPortal/GetDataForOneScenario?senarioId=2602,All,0 - 17,Spine,"Cervical or Neck Pain, Low Back Pain"
Pediatric,3108801,"Ped, low back pain, red flag (pain>4wks), neg radiography",https://gravitas.acr.org/ACPortal/GetDataForOneScenario?senarioId=2605,All,0 - 17,Spine,"Cervical or Neck Pain, Low Back Pain"
Pediatric,3108804,"Ped, low back pain, red flag (pain>4wks), positive radiography",https://gravitas.acr.org/ACPortal/GetDataForOneScenario?senarioId=2608,All,0 - 17,Spine,"Cervical or Neck Pain, Low Back Pain"
Pediatric,3108764,"Ped, mid-back pain chronic, mechanical",https://gravitas.acr.org/ACPortal/GetDataForOneScenario?senarioId=2568,All,0 - 17,Spine,"Cervical or Neck Pain, Low Back Pain"
Pediatric,3108766,"Ped, mid-back pain chronic, overuse",https://gravitas.acr.org/ACPortal/GetDataForOneScenario?senarioId=2570,All,0 - 17,Spine,"Cervical or Neck Pain, Low Back Pain"
Pediatric,3108769,"Ped, mid-back pain, infection suspected",https://gravitas.acr.org/ACPortal/GetDataForOneScenario?senarioId=2573,All,0 - 17,Spine,"Cervical or Neck Pain, Low Back Pain"
Pediatric,3108775,"Ped, mid-back pain, inflammation suspected",https://gravitas.acr.org/ACPortal/GetDataForOneScenario?senarioId=2579,All,0 - 17,Spine,"Cervical or Neck Pain, Low Back Pain"
Pediatric,3108772,"Ped, mid-back pain, malignancy suspected",https://gravitas.acr.org/ACPortal/GetDataForOneScenario?senarioId=2576,All,0 - 17,Spine,"Cervical or Neck Pain, Low Back Pain"
Pediatric,3108778,"Ped, mid-back pain, no red flags, initial study",https://gravitas.acr.org/ACPortal/GetDataForOneScenario?senarioId=2582,All,0 - 17,Spine,"Cervical or Neck Pain, Low Back Pain"
Pediatric,3108781,"Ped, mid-back pain, red flag (abn neuro exam), initial study",https://gravitas.acr.org/ACPortal/GetDataForOneScenario?senarioId=2585,All,0 - 17,Spine,"Cervical or Neck Pain, Low Back Pain"
Pediatric,3108784,"Ped, mid-back pain, red flag (abn neuro exam), neg radiography",https://gravitas.acr.org/ACPortal/GetDataForOneScenario?senarioId=2588,All,0 - 17,Spine,"Cervical or Neck Pain, Low Back Pain"
Pediatric,3108787,"Ped, mid-back pain, red flag (abn neuro exam), positive radiography",https://gravitas.acr.org/ACPortal/GetDataForOneScenario?senarioId=2591,All,0 - 17,Spine,"Cervical or Neck Pain, Low Back Pain"
Pediatric,3108790,"Ped, mid-back pain, red flag (constant/night/radicular pain), initial study",https://gravitas.acr.org/ACPortal/GetDataForOneScenario?senarioId=2594,All,0 - 17,Spine,"Cervical or Neck Pain, Low Back Pain"
Pediatric,3108793,"Ped, mid-back pain, red flag (constant/night/radicular pain), neg radiography",https://gravitas.acr.org/ACPortal/GetDataForOneScenario?senarioId=2597,All,0 - 17,Spine,"Cervical or Neck Pain, Low Back Pain"
Pediatric,3108796,"Ped, mid-back pain, red flag (constant/night/radicular pain), positive radiography",https://gravitas.acr.org/ACPortal/GetDataForOneScenario?senarioId=2600,All,0 - 17,Spine,"Cervical or Neck Pain, Low Back Pain"
Pediatric,3108799,"Ped, mid-back pain, red flag (pain>4wks), initial study",https://gravitas.acr.org/ACPortal/GetDataForOneScenario?senarioId=2603,All,0 - 17,Spine,"Cervical or Neck Pain, Low Back Pain"
Pediatric,3108802,"Ped, mid-back pain, red flag (pain>4wks), neg radiography",https://gravitas.acr.org/ACPortal/GetDataForOneScenario?senarioId=2606,All,0 - 17,Spine,"Cervical or Neck Pain, Low Back Pain"
Pediatric,3108805,"Ped, mid-back pain, red flag (pain>4wks), positive radiography",https://gravitas.acr.org/ACPortal/GetDataForOneScenario?senarioId=2609,All,0 - 17,Spine,"Cervical or Neck Pain, Low Back Pain"
Pediatric,3108762,"Ped, neck pain chronic, mechanical",https://gravitas.acr.org/ACPortal/GetDataForOneScenario?senarioId=2566,All,0 - 17,Spine,"Cervical or Neck Pain, Low Back Pain"
Pediatric,3108767,"Ped, neck pain chronic, overuse",https://gravitas.acr.org/ACPortal/GetDataForOneScenario?senarioId=2571,All,0 - 17,Spine,"Cervical or Neck Pain, Low Back Pain"
Pediatric,3108770,"Ped, neck pain, infection suspected",https://gravitas.acr.org/ACPortal/GetDataForOneScenario?senarioId=2574,All,0 - 17,Spine,"Cervical or Neck Pain, Low Back Pain"
Pediatric,3108776,"Ped, neck pain, inflammation suspected",https://gravitas.acr.org/ACPortal/GetDataForOneScenario?senarioId=2580,All,0 - 17,Spine,"Cervical or Neck Pain, Low Back Pain"
Pediatric,3108773,"Ped, neck pain, malignancy suspected",https://gravitas.acr.org/ACPortal/GetDataForOneScenario?senarioId=2577,All,0 - 17,Spine,"Cervical or Neck Pain, Low Back Pain"
Pediatric,3108779,"Ped, neck pain, no red flags, initial study",https://gravitas.acr.org/ACPortal/GetDataForOneScenario?senarioId=2583,All,0 - 17,Spine,"Cervical or Neck Pain, Low Back Pain"
Pediatric,3108782,"Ped, neck pain, red flag (abn neuro exam), initial study",https://gravitas.acr.org/ACPortal/GetDataForOneScenario?senarioId=2586,All,0 - 17,Spine,"Cervical or Neck Pain, Low Back Pain"
Pediatric,3108785,"Ped, neck pain, red flag (abn neuro exam), neg radiography",https://gravitas.acr.org/ACPortal/GetDataForOneScenario?senarioId=2589,All,0 - 17,Spine,"Cervical or Neck Pain, Low Back Pain"
Pediatric,3108788,"Ped, neck pain, red flag (abn neuro exam), positive radiography",https://gravitas.acr.org/ACPortal/GetDataForOneScenario?senarioId=2592,All,0 - 17,Spine,"Cervical or Neck Pain, Low Back Pain"
Pediatric,3108791,"Ped, neck pain, red flag (constant/night/radicular pain), initial study",https://gravitas.acr.org/ACPortal/GetDataForOneScenario?senarioId=2595,All,0 - 17,Spine,"Cervical or Neck Pain, Low Back Pain"
Pediatric,3108794,"Ped, neck pain, red flag (constant/night/radicular pain), neg radiography",https://gravitas.acr.org/ACPortal/GetDataForOneScenario?senarioId=2598,All,0 - 17,Spine,"Cervical or Neck Pain, Low Back Pain"
Pediatric,3108797,"Ped, neck pain, red flag (constant/night/radicular pain), positive radiography",https://gravitas.acr.org/ACPortal/GetDataForOneScenario?senarioId=2601,All,0 - 17,Spine,"Cervical or Neck Pain, Low Back Pain"
Pediatric,3108800,"Ped, neck pain, red flag (pain>4wks), initial study",https://gravitas.acr.org/ACPortal/GetDataForOneScenario?senarioId=2604,All,0 - 17,Spine,"Cervical or Neck Pain, Low Back Pain"
Pediatric,3108803,"Ped, neck pain, red flag (pain>4wks), neg radiography",https://gravitas.acr.org/ACPortal/GetDataForOneScenario?senarioId=2607,All,0 - 17,Spine,"Cervical or Neck Pain, Low Back Pain"
Pediatric,3108806,"Ped, neck pain, red flag (pain>4wks), positive radiography",https://gravitas.acr.org/ACPortal/GetDataForOneScenario?senarioId=2610,All,0 - 17,Spine,"Cervical or Neck Pain, Low Back Pain"
Pediatric,3148745,"Ped, scoliosis, congenital, cervical and thoracic spine",https://gravitas.acr.org/ACPortal/GetDataForOneScenario?senarioId=4584,All,0 - 17,Spine,
Pediatric,3148742,"Ped, scoliosis, congenital, cervical spine",https://gravitas.acr.org/ACPortal/GetDataForOneScenario?senarioId=4581,All,0 - 17,Spine,
Pediatric,3148747,"Ped, scoliosis, congenital, complete spine",https://gravitas.acr.org/ACPortal/GetDataForOneScenario?senarioId=4586,All,0 - 17,Spine,
Pediatric,3148744,"Ped, scoliosis, congenital, lumbar spine",https://gravitas.acr.org/ACPortal/GetDataForOneScenario?senarioId=4583,All,0 - 17,Spine,
Pediatric,3148746,"Ped, scoliosis, congenital, thoracic and lumbar spine",https://gravitas.acr.org/ACPortal/GetDataForOneScenario?senarioId=4585,All,0 - 17,Spine,
Pediatric,3148743,"Ped, scoliosis, congenital, thoracic spine",https://gravitas.acr.org/ACPortal/GetDataForOneScenario?senarioId=4582,All,0 - 17,Spine,
Pediatric,3074064,"Ped, sinusitis, acute, uncomplicated, initial exam",https://gravitas.acr.org/ACPortal/GetDataForOneScenario?senarioId=806,All,0 - 17,Maxface,
Pediatric,3141660,"Ped, sinusitis, chronic, initial exam",https://gravitas.acr.org/ACPortal/GetDataForOneScenario?senarioId=4458,All,0 - 17,Maxface,
Pediatric,3141498,"Ped, sinusitis, invasive fungal suspected, initial exam",https://gravitas.acr.org/ACPortal/GetDataForOneScenario?senarioId=3536,All,0 - 17,Maxface,
Pediatric,3074066,"Ped, sinusitis, orbital or intracranial complications suspected, initial exam",https://gravitas.acr.org/ACPortal/GetDataForOneScenario?senarioId=808,All,0 - 17,Maxface,
Pediatric,3141659,"Ped, sinusitis, persistent or recurrent, initial exam",https://gravitas.acr.org/ACPortal/GetDataForOneScenario?senarioId=4457,All,0 - 17,Maxface,
Pediatric,3102663,"Ped>2yo, abuse suspected, neg neuro or visceral injury suspicion, initial study",https://gravitas.acr.org/ACPortal/GetDataForOneScenario?senarioId=2451,All,45368,Unspecified,
Pediatric,3102662,"Ped≤2yo, abuse suspected, neg neuro or visceral injury suspicion, initial study",https://gravitas.acr.org/ACPortal/GetDataForOneScenario?senarioId=2450,All,0 - 2,Unspecified,
Pediatric,3102666,"Ped≤2yo, abuse suspected, neg skeletal survey, follow-up eval",https://gravitas.acr.org/ACPortal/GetDataForOneScenario?senarioId=2454,All,0 - 2,Unspecified,
Pediatric,3197000,"Periorbital infection suspected, initial imaging",https://gravitas.acr.org/ACPortal/GetDataForOneScenario?senarioId=7389,All,0 - 17,Head,
Pediatric,3164913,"Pneumonia, immunocompetent, bronchopleural fistula suspected on radiography, next imaging study",https://gravitas.acr.org/ACPortal/GetDataForOneScenario?senarioId=5227,All,0 - 17,Chest,
Pediatric,3164914,"Pneumonia, immunocompetent, lung abscess suspected on radiography, next imaging study",https://gravitas.acr.org/ACPortal/GetDataForOneScenario?senarioId=5228,All,0 - 17,Chest,
Pediatric,3164912,"Pneumonia, immunocompetent, moderate to large parapneumonic effusion suspected on radiography, next imaging study",https://gravitas.acr.org/ACPortal/GetDataForOneScenario?senarioId=5226,All,0 - 17,Chest,
Pediatric,3164916,"Recurrent localized pneumonia on radiography, immunocompetent, next imaging study",https://gravitas.acr.org/ACPortal/GetDataForOneScenario?senarioId=5230,All,D90 - 6205,Chest,
Pediatric,3164915,"Recurrent nonlocalized pneumonia on radiography, immunocompetent, next imaging study",https://gravitas.acr.org/ACPortal/GetDataForOneScenario?senarioId=5229,All,D90 - 6205,Chest,
Pediatric,3196439,"Repaired pulmonary valve stenosis, branch pulmonary artery stenosis suspected, TTE inadequate assessment of cardiovascular morphology and function, next imaging study",https://gravitas.acr.org/ACPortal/GetDataForOneScenario?senarioId=7095,All,0 - 150,Cardiac-chest,
Pediatric,3196438,"Repaired pulmonary valve stenosis, pulmonary valve dysfunction suspected, TTE inadequate assessment of cardiovascular morphology and function, next imaging study",https://gravitas.acr.org/ACPortal/GetDataForOneScenario?senarioId=7094,All,0 - 150,Cardiac-chest,
Pediatric,3196437,"Repaired tetralogy of Fallot, branch pulmonary artery stenosis suspected, TTE inadequate assessment of cardiovascular morphology and function, next imaging study",https://gravitas.acr.org/ACPortal/GetDataForOneScenario?senarioId=7093,All,0 - 150,Cardiac-chest,
Pediatric,3196436,"Repaired tetralogy of Fallot, pulmonary valve dysfunction suspected, TTE inadequate assessment of cardiovascular morphology and function, next imaging study",https://gravitas.acr.org/ACPortal/GetDataForOneScenario?senarioId=7092,All,0 - 150,Cardiac-chest,
Pediatric,3082508,"Seizure, complex, febrile, initial imaging",https://gravitas.acr.org/ACPortal/GetDataForOneScenario?senarioId=1182,All,D180 - 1825,Head,
Pediatric,3074060,"Seizure, focal, not abuse, initial imaging",https://gravitas.acr.org/ACPortal/GetDataForOneScenario?senarioId=802,All,D30 - 6205,Head,
Pediatric,3074062,"Seizure, generalized, neuro deficit, initial imaging",https://gravitas.acr.org/ACPortal/GetDataForOneScenario?senarioId=804,All,D30 - 6205,Head,
Pediatric,3074057,"Seizure, neonate, initial imaging",https://gravitas.acr.org/ACPortal/GetDataForOneScenario?senarioId=800,All,D0 - 28,Head,
Pediatric,3074059,"Seizure, post head trauma, not abuse, initial imaging",https://gravitas.acr.org/ACPortal/GetDataForOneScenario?senarioId=801,All,D30 - 6205,Head,
Pediatric,3074061,"Seizure, primary, generalized, no neuro deficit, initial imaging",https://gravitas.acr.org/ACPortal/GetDataForOneScenario?senarioId=803,All,D30 - 6205,Head,
Pediatric,3074063,"Seizure, refractory",https://gravitas.acr.org/ACPortal/GetDataForOneScenario?senarioId=805,All,D30 - 6205,Head,
Pediatric,3082087,"Seizure, simple, febrile, initial imaging",https://gravitas.acr.org/ACPortal/GetDataForOneScenario?senarioId=1170,All,D180 - 1825,Head,
Pediatric,3195040,"Septic arthritis suspected, ankle, initial imaging",https://gravitas.acr.org/ACPortal/GetDataForOneScenario?senarioId=6113,All,45429,Lower extremity,"Hip Pain, Shoulder Pain (to include suspected rotator cuff injury)"
Pediatric,3194975,"Septic arthritis suspected, ankle, initial imaging",https://gravitas.acr.org/ACPortal/GetDataForOneScenario?senarioId=6050,All,0 - 4,Lower extremity,"Hip Pain, Shoulder Pain (to include suspected rotator cuff injury)"
Pediatric,3195106,"Septic arthritis suspected, ankle, possible joint effusion on radiography, next imaging study",https://gravitas.acr.org/ACPortal/GetDataForOneScenario?senarioId=6177,All,0 - 17,Lower extremity,"Hip Pain, Shoulder Pain (to include suspected rotator cuff injury)"
Pediatric,3195098,"Septic arthritis suspected, ankle, radiography normal, next imaging study",https://gravitas.acr.org/ACPortal/GetDataForOneScenario?senarioId=6169,All,0 - 17,Lower extremity,"Hip Pain, Shoulder Pain (to include suspected rotator cuff injury)"
Pediatric,3195041,"Septic arthritis suspected, elbow, initial imaging",https://gravitas.acr.org/ACPortal/GetDataForOneScenario?senarioId=6114,All,45429,Upper extremity,"Hip Pain, Shoulder Pain (to include suspected rotator cuff injury)"
Pediatric,3194970,"Septic arthritis suspected, elbow, initial imaging",https://gravitas.acr.org/ACPortal/GetDataForOneScenario?senarioId=6045,All,0 - 4,Upper extremity,"Hip Pain, Shoulder Pain (to include suspected rotator cuff injury)"
Pediatric,3195107,"Septic arthritis suspected, elbow, possible joint effusion on radiography, next imaging study",https://gravitas.acr.org/ACPortal/GetDataForOneScenario?senarioId=6178,All,0 - 17,Upper extremity,"Hip Pain, Shoulder Pain (to include suspected rotator cuff injury)"
Pediatric,3195099,"Septic arthritis suspected, elbow, radiography normal, next imaging study",https://gravitas.acr.org/ACPortal/GetDataForOneScenario?senarioId=6170,All,0 - 17,Upper extremity,"Hip Pain, Shoulder Pain (to include suspected rotator cuff injury)"
Pediatric,3195042,"Septic arthritis suspected, foot, initial imaging",https://gravitas.acr.org/ACPortal/GetDataForOneScenario?senarioId=6115,All,45429,Lower extremity,"Hip Pain, Shoulder Pain (to include suspected rotator cuff injury)"
Pediatric,3194976,"Septic arthritis suspected, foot, initial imaging",https://gravitas.acr.org/ACPortal/GetDataForOneScenario?senarioId=6051,All,0 - 4,Lower extremity,"Hip Pain, Shoulder Pain (to include suspected rotator cuff injury)"
Pediatric,3195108,"Septic arthritis suspected, foot, possible joint effusion on radiography, next imaging study",https://gravitas.acr.org/ACPortal/GetDataForOneScenario?senarioId=6179,All,0 - 17,Lower extremity,"Hip Pain, Shoulder Pain (to include suspected rotator cuff injury)"
Pediatric,3195100,"Septic arthritis suspected, foot, radiography normal, next imaging study",https://gravitas.acr.org/ACPortal/GetDataForOneScenario?senarioId=6171,All,0 - 17,Lower extremity,"Hip Pain, Shoulder Pain (to include suspected rotator cuff injury)"
Pediatric,3194972,"Septic arthritis suspected, hand, initial imaging",https://gravitas.acr.org/ACPortal/GetDataForOneScenario?senarioId=6047,All,0 - 4,Upper extremity,"Hip Pain, Shoulder Pain (to include suspected rotator cuff injury)"
Pediatric,3195044,"Septic arthritis suspected, hand, initial imaging",https://gravitas.acr.org/ACPortal/GetDataForOneScenario?senarioId=6117,All,45429,Upper extremity,"Hip Pain, Shoulder Pain (to include suspected rotator cuff injury)"
Pediatric,3195109,"Septic arthritis suspected, hand, possible joint effusion on radiography, next imaging study",https://gravitas.acr.org/ACPortal/GetDataForOneScenario?senarioId=6180,All,0 - 17,Upper extremity,"Hip Pain, Shoulder Pain (to include suspected rotator cuff injury)"
Pediatric,3195101,"Septic arthritis suspected, hand, radiography normal, next imaging study",https://gravitas.acr.org/ACPortal/GetDataForOneScenario?senarioId=6172,All,0 - 17,Upper extremity,"Hip Pain, Shoulder Pain (to include suspected rotator cuff injury)"
Pediatric,3195045,"Septic arthritis suspected, hip, initial imaging",https://gravitas.acr.org/ACPortal/GetDataForOneScenario?senarioId=6118,All,45429,Lower extremity,"Hip Pain, Shoulder Pain (to include suspected rotator cuff injury)"
Pediatric,3194973,"Septic arthritis suspected, hip, initial imaging",https://gravitas.acr.org/ACPortal/GetDataForOneScenario?senarioId=6048,All,0 - 4,Lower extremity,"Hip Pain, Shoulder Pain (to include suspected rotator cuff injury)"
Pediatric,3195110,"Septic arthritis suspected, hip, possible joint effusion on radiography, next imaging study",https://gravitas.acr.org/ACPortal/GetDataForOneScenario?senarioId=6181,All,0 - 17,Lower extremity,"Hip Pain, Shoulder Pain (to include suspected rotator cuff injury)"
Pediatric,3195102,"Septic arthritis suspected, hip, radiography normal, next imaging study",https://gravitas.acr.org/ACPortal/GetDataForOneScenario?senarioId=6173,All,0 - 17,Lower extremity,"Hip Pain, Shoulder Pain (to include suspected rotator cuff injury)"
Pediatric,3194974,"Septic arthritis suspected, knee, initial imaging",https://gravitas.acr.org/ACPortal/GetDataForOneScenario?senarioId=6049,All,0 - 4,Lower extremity,"Hip Pain, Shoulder Pain (to include suspected rotator cuff injury)"
Pediatric,3195043,"Septic arthritis suspected, knee, initial imaging",https://gravitas.acr.org/ACPortal/GetDataForOneScenario?senarioId=6116,All,45429,Lower extremity,"Hip Pain, Shoulder Pain (to include suspected rotator cuff injury)"
Pediatric,3195111,"Septic arthritis suspected, knee, possible joint effusion on radiography, next imaging study",https://gravitas.acr.org/ACPortal/GetDataForOneScenario?senarioId=6182,All,0 - 17,Lower extremity,"Hip Pain, Shoulder Pain (to include suspected rotator cuff injury)"
Pediatric,3195103,"Septic arthritis suspected, knee, radiography normal, next imaging study",https://gravitas.acr.org/ACPortal/GetDataForOneScenario?senarioId=6174,All,0 - 17,Lower extremity,"Hip Pain, Shoulder Pain (to include suspected rotator cuff injury)"
Pediatric,3195046,"Septic arthritis suspected, shoulder, initial imaging",https://gravitas.acr.org/ACPortal/GetDataForOneScenario?senarioId=6119,All,45429,Upper extremity,"Hip Pain, Shoulder Pain (to include suspected rotator cuff injury)"
Pediatric,3194969,"Septic arthritis suspected, shoulder, initial imaging",https://gravitas.acr.org/ACPortal/GetDataForOneScenario?senarioId=6044,All,0 - 4,Upper extremity,"Hip Pain, Shoulder Pain (to include suspected rotator cuff injury)"
Pediatric,3195112,"Septic arthritis suspected, shoulder, possible joint effusion on radiography, next imaging study",https://gravitas.acr.org/ACPortal/GetDataForOneScenario?senarioId=6183,All,0 - 17,Upper extremity,"Hip Pain, Shoulder Pain (to include suspected rotator cuff injury)"
Pediatric,3195104,"Septic arthritis suspected, shoulder, radiography normal, next imaging study",https://gravitas.acr.org/ACPortal/GetDataForOneScenario?senarioId=6175,All,0 - 17,Upper extremity,"Hip Pain, Shoulder Pain (to include suspected rotator cuff injury)"
Pediatric,3195047,"Septic arthritis suspected, wrist, initial imaging",https://gravitas.acr.org/ACPortal/GetDataForOneScenario?senarioId=6120,All,45429,Upper extremity,"Hip Pain, Shoulder Pain (to include suspected rotator cuff injury)"
Pediatric,3194971,"Septic arthritis suspected, wrist, initial imaging",https://gravitas.acr.org/ACPortal/GetDataForOneScenario?senarioId=6046,All,0 - 4,Upper extremity,"Hip Pain, Shoulder Pain (to include suspected rotator cuff injury)"
Pediatric,3195113,"Septic arthritis suspected, wrist, possible joint effusion on radiography, next imaging study",https://gravitas.acr.org/ACPortal/GetDataForOneScenario?senarioId=6184,All,0 - 17,Upper extremity,"Hip Pain, Shoulder Pain (to include suspected rotator cuff injury)"
Pediatric,3195105,"Septic arthritis suspected, wrist, radiography normal, next imaging study",https://gravitas.acr.org/ACPortal/GetDataForOneScenario?senarioId=6176,All,0 - 17,Upper extremity,"Hip Pain, Shoulder Pain (to include suspected rotator cuff injury)"
Pediatric,3196998,"Signs of raised intracranial pressure, initial imaging",https://gravitas.acr.org/ACPortal/GetDataForOneScenario?senarioId=7388,All,D180 - 6205,Head,
Pediatric,3196454,"Single ventricle physiology, postop eval, stage 3 single ventricle palliation, total cavopulmonary connection, TTE inadequate assessment of cardiovascular morphology and function, next imaging study",https://gravitas.acr.org/ACPortal/GetDataForOneScenario?senarioId=7104,All,0 - 150,Cardiac-chest,
Pediatric,3196450,"Single ventricle physiology, preop eval, stage 2 single ventricle palliation, TTE inadequate assessment of cardiovascular morphology and function, next imaging study",https://gravitas.acr.org/ACPortal/GetDataForOneScenario?senarioId=7102,All,0 - 17,Cardiac-chest,
Pediatric,3196452,"Single ventricle physiology, preop eval, stage 3 single ventricle palliation, total cavopulmonary connection, TTE inadequate assessment of cardiovascular morphology and function, next imaging study",https://gravitas.acr.org/ACPortal/GetDataForOneScenario?senarioId=7103,All,0 - 17,Cardiac-chest,
Pediatric,3181233,"Stroke suspected, acute non-sickle cell, <24 hrs from sx onset, emergent imaging",https://gravitas.acr.org/ACPortal/GetDataForOneScenario?senarioId=5305,All,D180 - 6205,Head,Headache (traumatic and nontraumatic)
Pediatric,3183776,"Stroke suspected, acute, arteriopathy suspected, emergent treatment contraindicated, initial imaging",https://gravitas.acr.org/ACPortal/GetDataForOneScenario?senarioId=5339,All,0 - 17,Head,Headache (traumatic and nontraumatic)
Pediatric,3183775,"Stroke suspected, acute, arteriopathy, emergent treatment contraindicated, initial imaging",https://gravitas.acr.org/ACPortal/GetDataForOneScenario?senarioId=5338,All,0 - 17,Head,Headache (traumatic and nontraumatic)
Pediatric,3183780,"Stroke suspected, acute, CNS vasculitis suspected, initial imaging",https://gravitas.acr.org/ACPortal/GetDataForOneScenario?senarioId=5343,All,0 - 17,Head,Headache (traumatic and nontraumatic)
Pediatric,3183779,"Stroke suspected, acute, CNS vasculitis, initial imaging",https://gravitas.acr.org/ACPortal/GetDataForOneScenario?senarioId=5342,All,0 - 17,Head,Headache (traumatic and nontraumatic)
Pediatric,3181234,"Stroke suspected, acute, emergent intervention contraindicated, initial imaging",https://gravitas.acr.org/ACPortal/GetDataForOneScenario?senarioId=5306,All,0 - 17,Head,Headache (traumatic and nontraumatic)
Pediatric,3183782,"Stroke suspected, acute, high flow vascular anomaly suspected, initial imaging",https://gravitas.acr.org/ACPortal/GetDataForOneScenario?senarioId=5345,All,0 - 17,Head,Headache (traumatic and nontraumatic)
Pediatric,3183781,"Stroke suspected, acute, high flow vascular anomaly, initial imaging",https://gravitas.acr.org/ACPortal/GetDataForOneScenario?senarioId=5344,All,0 - 17,Head,Headache (traumatic and nontraumatic)
Pediatric,3183784,"Stroke suspected, acute, low flow vascular anomaly suspected, initial imaging",https://gravitas.acr.org/ACPortal/GetDataForOneScenario?senarioId=5347,All,0 - 17,Head,Headache (traumatic and nontraumatic)
Pediatric,3183783,"Stroke suspected, acute, low flow vascular anomaly, initial imaging",https://gravitas.acr.org/ACPortal/GetDataForOneScenario?senarioId=5346,All,0 - 17,Head,Headache (traumatic and nontraumatic)
Pediatric,3181243,"Stroke suspected, acute, sickle cell disease, new or worsening neuro deficit, initial imaging",https://gravitas.acr.org/ACPortal/GetDataForOneScenario?senarioId=5315,All,0 - 17,Head,Headache (traumatic and nontraumatic)
Pediatric,3183786,"Stroke suspected, acute, sinovenous thrombosis suspected, initial imaging",https://gravitas.acr.org/ACPortal/GetDataForOneScenario?senarioId=5349,All,0 - 17,Head,Headache (traumatic and nontraumatic)
Pediatric,3183785,"Stroke suspected, acute, sinovenous thrombosis, initial imaging",https://gravitas.acr.org/ACPortal/GetDataForOneScenario?senarioId=5348,All,0 - 17,Head,Headache (traumatic and nontraumatic)
Pediatric,3181239,"Subarachnoid hemorrhage on noncontrast CT, nontraumatic, next imaging study",https://gravitas.acr.org/ACPortal/GetDataForOneScenario?senarioId=5311,All,0 - 17,Head,Headache (traumatic and nontraumatic)
Pediatric,3196443,"Transposition of the great arteries, post arterial switch, TTE inadequate assessment of cardiovascular morphology and function, next imaging study",https://gravitas.acr.org/ACPortal/GetDataForOneScenario?senarioId=7097,All,0 - 150,Cardiac-chest,
Pediatric,3196441,"Transposition of the great arteries, post atrial switch, TTE inadequate assessment of cardiovascular morphology and function, next imaging study",https://gravitas.acr.org/ACPortal/GetDataForOneScenario?senarioId=7096,All,0 - 150,Cardiac-chest,
Pediatric,3196711,"UTI, atypical, initial imaging",https://gravitas.acr.org/ACPortal/GetDataForOneScenario?senarioId=7278,All,0 - 17,Abdomen-pelvis,
Pediatric,3196706,"UTI, first febrile, response to medical management, initial imaging",https://gravitas.acr.org/ACPortal/GetDataForOneScenario?senarioId=7274,Male Only,D0 - 59,Abdomen-pelvis,
Pediatric,3196708,"UTI, first febrile, response to medical management, initial imaging",https://gravitas.acr.org/ACPortal/GetDataForOneScenario?senarioId=7275,Female Only,D0 - 59,Abdomen-pelvis,
Pediatric,3196709,"UTI, first febrile, response to medical management, initial imaging",https://gravitas.acr.org/ACPortal/GetDataForOneScenario?senarioId=7276,All,D60 - 2190,Abdomen-pelvis,
Pediatric,3196710,"UTI, first febrile, response to medical management, initial imaging",https://gravitas.acr.org/ACPortal/GetDataForOneScenario?senarioId=7277,All,45490,Abdomen-pelvis,
Pediatric,3196712,"UTI, recurrent febrile, initial imaging",https://gravitas.acr.org/ACPortal/GetDataForOneScenario?senarioId=7279,All,0 - 17,Abdomen-pelvis,
Pediatric,3197085,"Vascular malformation suspected on US, abdomen, next imaging study",https://gravitas.acr.org/ACPortal/GetDataForOneScenario?senarioId=7459,All,0 - 17,Abdomen,
Pediatric,3197086,"Vascular malformation suspected on US, chest, next imaging study",https://gravitas.acr.org/ACPortal/GetDataForOneScenario?senarioId=7460,All,0 - 17,Chest,
Pediatric,3197090,"Vascular malformation suspected on US, elbow, next imaging study",https://gravitas.acr.org/ACPortal/GetDataForOneScenario?senarioId=7464,All,0 - 17,Upper extremity,
Pediatric,3197091,"Vascular malformation suspected on US, face, next imaging study",https://gravitas.acr.org/ACPortal/GetDataForOneScenario?senarioId=7465,All,0 - 17,Maxface,
Pediatric,3197092,"Vascular malformation suspected on US, foot, next imaging study",https://gravitas.acr.org/ACPortal/GetDataForOneScenario?senarioId=7466,All,0 - 17,Lower extremity,
Pediatric,3197093,"Vascular malformation suspected on US, forearm, next imaging study",https://gravitas.acr.org/ACPortal/GetDataForOneScenario?senarioId=7467,All,0 - 17,Upper extremity,
Pediatric,3197094,"Vascular malformation suspected on US, hand, next imaging study",https://gravitas.acr.org/ACPortal/GetDataForOneScenario?senarioId=7468,All,0 - 17,Upper extremity,
Pediatric,3197087,"Vascular malformation suspected on US, head, next imaging study",https://gravitas.acr.org/ACPortal/GetDataForOneScenario?senarioId=7461,All,0 - 17,Head,
Pediatric,3197095,"Vascular malformation suspected on US, hip, next imaging study",https://gravitas.acr.org/ACPortal/GetDataForOneScenario?senarioId=7469,All,0 - 17,Lower extremity,
Pediatric,3197096,"Vascular malformation suspected on US, knee, next imaging study",https://gravitas.acr.org/ACPortal/GetDataForOneScenario?senarioId=7470,All,0 - 17,Lower extremity,
Pediatric,3197097,"Vascular malformation suspected on US, lower leg, next imaging study",https://gravitas.acr.org/ACPortal/GetDataForOneScenario?senarioId=7471,All,0 - 17,Lower extremity,
Pediatric,3197088,"Vascular malformation suspected on US, neck, next imaging study",https://gravitas.acr.org/ACPortal/GetDataForOneScenario?senarioId=7462,All,0 - 17,Neck,
Pediatric,3197089,"Vascular malformation suspected on US, pelvis, next imaging study",https://gravitas.acr.org/ACPortal/GetDataForOneScenario?senarioId=7463,All,0 - 17,Pelvis,
Pediatric,3197098,"Vascular malformation suspected on US, shoulder, next imaging study",https://gravitas.acr.org/ACPortal/GetDataForOneScenario?senarioId=7472,All,0 - 17,Upper extremity,
Pediatric,3197099,"Vascular malformation suspected on US, thigh, next imaging study",https://gravitas.acr.org/ACPortal/GetDataForOneScenario?senarioId=7473,All,0 - 17,Lower extremity,
Pediatric,3197100,"Vascular malformation suspected on US, upper arm, next imaging study",https://gravitas.acr.org/ACPortal/GetDataForOneScenario?senarioId=7474,All,0 - 17,Upper extremity,
Pediatric,3197052,"Vascular malformation suspected, abdomen, hemangioma not suspected, initial imaging",https://gravitas.acr.org/ACPortal/GetDataForOneScenario?senarioId=7427,All,0 - 17,Abdomen,
Pediatric,3197053,"Vascular malformation suspected, chest, hemangioma not suspected, initial imaging",https://gravitas.acr.org/ACPortal/GetDataForOneScenario?senarioId=7428,All,0 - 17,Chest,
Pediatric,3197057,"Vascular malformation suspected, elbow, hemangioma not suspected, initial imaging",https://gravitas.acr.org/ACPortal/GetDataForOneScenario?senarioId=7432,All,0 - 17,Upper extremity,
Pediatric,3197058,"Vascular malformation suspected, face, hemangioma not suspected, initial imaging",https://gravitas.acr.org/ACPortal/GetDataForOneScenario?senarioId=7433,All,0 - 17,Maxface,
Pediatric,3197059,"Vascular malformation suspected, foot, hemangioma not suspected, initial imaging",https://gravitas.acr.org/ACPortal/GetDataForOneScenario?senarioId=7434,All,0 - 17,Lower extremity,
Pediatric,3197060,"Vascular malformation suspected, forearm, hemangioma not suspected, initial imaging",https://gravitas.acr.org/ACPortal/GetDataForOneScenario?senarioId=7435,All,0 - 17,Upper extremity,
Pediatric,3197061,"Vascular malformation suspected, hand, hemangioma not suspected, initial imaging",https://gravitas.acr.org/ACPortal/GetDataForOneScenario?senarioId=7436,All,0 - 17,Upper extremity,
Pediatric,3197054,"Vascular malformation suspected, head, hemangioma not suspected, initial imaging",https://gravitas.acr.org/ACPortal/GetDataForOneScenario?senarioId=7429,All,0 - 17,Head,
Pediatric,3197062,"Vascular malformation suspected, hip, hemangioma not suspected, initial imaging",https://gravitas.acr.org/ACPortal/GetDataForOneScenario?senarioId=7437,All,0 - 17,Lower extremity,
Pediatric,3197063,"Vascular malformation suspected, knee, hemangioma not suspected, initial imaging",https://gravitas.acr.org/ACPortal/GetDataForOneScenario?senarioId=7438,All,0 - 17,Lower extremity,
Pediatric,3197064,"Vascular malformation suspected, lower leg, hemangioma not suspected, initial imaging",https://gravitas.acr.org/ACPortal/GetDataForOneScenario?senarioId=7439,All,0 - 17,Lower extremity,
Pediatric,3197055,"Vascular malformation suspected, neck, hemangioma not suspected, initial imaging",https://gravitas.acr.org/ACPortal/GetDataForOneScenario?senarioId=7430,All,0 - 17,Neck,
Pediatric,3197056,"Vascular malformation suspected, pelvis, hemangioma not suspected, initial imaging",https://gravitas.acr.org/ACPortal/GetDataForOneScenario?senarioId=7431,All,0 - 17,Pelvis,
Pediatric,3197065,"Vascular malformation suspected, shoulder, hemangioma not suspected, initial imaging",https://gravitas.acr.org/ACPortal/GetDataForOneScenario?senarioId=7440,All,0 - 17,Upper extremity,
Pediatric,3197066,"Vascular malformation suspected, thigh, hemangioma not suspected, initial imaging",https://gravitas.acr.org/ACPortal/GetDataForOneScenario?senarioId=7441,All,0 - 17,Lower extremity,
Pediatric,3197067,"Vascular malformation suspected, upper arm, hemangioma not suspected, initial imaging",https://gravitas.acr.org/ACPortal/GetDataForOneScenario?senarioId=7442,All,0 - 17,Upper extremity,
Pediatric,3197102,"Vascular malformation, abdomen, new signs or symptoms, initial imaging",https://gravitas.acr.org/ACPortal/GetDataForOneScenario?senarioId=7475,All,0 - 17,Abdomen,
Pediatric,3197118,"Vascular malformation, abdomen, persistent signs or symptoms, initial imaging",https://gravitas.acr.org/ACPortal/GetDataForOneScenario?senarioId=7491,All,0 - 17,Abdomen,
Pediatric,3197103,"Vascular malformation, chest, new signs or symptoms, initial imaging",https://gravitas.acr.org/ACPortal/GetDataForOneScenario?senarioId=7476,All,0 - 17,Chest,
Pediatric,3197119,"Vascular malformation, chest, persistent signs or symptoms, initial imaging",https://gravitas.acr.org/ACPortal/GetDataForOneScenario?senarioId=7492,All,0 - 17,Chest,
Pediatric,3197107,"Vascular malformation, elbow, new signs or symptoms, initial imaging",https://gravitas.acr.org/ACPortal/GetDataForOneScenario?senarioId=7480,All,0 - 17,Upper extremity,
Pediatric,3197123,"Vascular malformation, elbow, persistent signs or symptoms, initial imaging",https://gravitas.acr.org/ACPortal/GetDataForOneScenario?senarioId=7496,All,0 - 17,Upper extremity,
Pediatric,3197108,"Vascular malformation, face, new signs or symptoms, initial imaging",https://gravitas.acr.org/ACPortal/GetDataForOneScenario?senarioId=7481,All,0 - 17,Maxface,
Pediatric,3197124,"Vascular malformation, face, persistent signs or symptoms, initial imaging",https://gravitas.acr.org/ACPortal/GetDataForOneScenario?senarioId=7497,All,0 - 17,Maxface,
Pediatric,3197109,"Vascular malformation, foot, new signs or symptoms, initial imaging",https://gravitas.acr.org/ACPortal/GetDataForOneScenario?senarioId=7482,All,0 - 17,Lower extremity,
Pediatric,3197125,"Vascular malformation, foot, persistent signs or symptoms, initial imaging",https://gravitas.acr.org/ACPortal/GetDataForOneScenario?senarioId=7498,All,0 - 17,Lower extremity,
Pediatric,3197110,"Vascular malformation, forearm, new signs or symptoms, initial imaging",https://gravitas.acr.org/ACPortal/GetDataForOneScenario?senarioId=7483,All,0 - 17,Upper extremity,
Pediatric,3197126,"Vascular malformation, forearm, persistent signs or symptoms, initial imaging",https://gravitas.acr.org/ACPortal/GetDataForOneScenario?senarioId=7499,All,0 - 17,Upper extremity,
Pediatric,3197111,"Vascular malformation, hand, new signs or symptoms, initial imaging",https://gravitas.acr.org/ACPortal/GetDataForOneScenario?senarioId=7484,All,0 - 17,Upper extremity,
Pediatric,3197127,"Vascular malformation, hand, persistent signs or symptoms, initial imaging",https://gravitas.acr.org/ACPortal/GetDataForOneScenario?senarioId=7500,All,0 - 17,Upper extremity,
Pediatric,3197104,"Vascular malformation, head, new signs or symptoms, initial imaging",https://gravitas.acr.org/ACPortal/GetDataForOneScenario?senarioId=7477,All,0 - 17,Head,
Pediatric,3197120,"Vascular malformation, head, persistent signs or symptoms, initial imaging",https://gravitas.acr.org/ACPortal/GetDataForOneScenario?senarioId=7493,All,0 - 17,Head,
Pediatric,3197112,"Vascular malformation, hip, new signs or symptoms, initial imaging",https://gravitas.acr.org/ACPortal/GetDataForOneScenario?senarioId=7485,All,0 - 17,Lower extremity,
Pediatric,3197128,"Vascular malformation, hip, persistent signs or symptoms, initial imaging",https://gravitas.acr.org/ACPortal/GetDataForOneScenario?senarioId=7501,All,0 - 17,Lower extremity,
Pediatric,3197113,"Vascular malformation, knee, new signs or symptoms, initial imaging",https://gravitas.acr.org/ACPortal/GetDataForOneScenario?senarioId=7486,All,0 - 17,Lower extremity,
Pediatric,3197129,"Vascular malformation, knee, persistent signs or symptoms, initial imaging",https://gravitas.acr.org/ACPortal/GetDataForOneScenario?senarioId=7502,All,0 - 17,Lower extremity,
Pediatric,3197114,"Vascular malformation, lower leg, new signs or symptoms, initial imaging",https://gravitas.acr.org/ACPortal/GetDataForOneScenario?senarioId=7487,All,0 - 17,Lower extremity,
Pediatric,3197130,"Vascular malformation, lower leg, persistent signs or symptoms, initial imaging",https://gravitas.acr.org/ACPortal/GetDataForOneScenario?senarioId=7503,All,0 - 17,Lower extremity,
Pediatric,3197105,"Vascular malformation, neck, new signs or symptoms, initial imaging",https://gravitas.acr.org/ACPortal/GetDataForOneScenario?senarioId=7478,All,0 - 17,Neck,
Pediatric,3197121,"Vascular malformation, neck, persistent signs or symptoms, initial imaging",https://gravitas.acr.org/ACPortal/GetDataForOneScenario?senarioId=7494,All,0 - 17,Neck,
Pediatric,3197106,"Vascular malformation, pelvis, new signs or symptoms, initial imaging",https://gravitas.acr.org/ACPortal/GetDataForOneScenario?senarioId=7479,All,0 - 17,Pelvis,
Pediatric,3197122,"Vascular malformation, pelvis, persistent signs or symptoms, initial imaging",https://gravitas.acr.org/ACPortal/GetDataForOneScenario?senarioId=7495,All,0 - 17,Pelvis,
Pediatric,3197115,"Vascular malformation, shoulder, new signs or symptoms, initial imaging",https://gravitas.acr.org/ACPortal/GetDataForOneScenario?senarioId=7488,All,0 - 17,Upper extremity,
Pediatric,3197131,"Vascular malformation, shoulder, persistent signs or symptoms, initial imaging",https://gravitas.acr.org/ACPortal/GetDataForOneScenario?senarioId=7504,All,0 - 17,Upper extremity,
Pediatric,3197116,"Vascular malformation, thigh, new signs or symptoms, initial imaging",https://gravitas.acr.org/ACPortal/GetDataForOneScenario?senarioId=7489,All,0 - 17,Lower extremity,
Pediatric,3197132,"Vascular malformation, thigh, persistent signs or symptoms, initial imaging",https://gravitas.acr.org/ACPortal/GetDataForOneScenario?senarioId=7505,All,0 - 17,Lower extremity,
Pediatric,3197117,"Vascular malformation, upper arm, new signs or symptoms, initial imaging",https://gravitas.acr.org/ACPortal/GetDataForOneScenario?senarioId=7490,All,0 - 17,Upper extremity,
Pediatric,3197133,"Vascular malformation, upper arm, persistent signs or symptoms, initial imaging",https://gravitas.acr.org/ACPortal/GetDataForOneScenario?senarioId=7506,All,0 - 17,Upper extremity,
Pediatric,3197068,"Vascular tumor suspected, abdomen, hemangioma not suspected, initial imaging",https://gravitas.acr.org/ACPortal/GetDataForOneScenario?senarioId=7443,All,0 - 17,Abdomen,
Pediatric,3197069,"Vascular tumor suspected, chest, hemangioma not suspected, initial imaging",https://gravitas.acr.org/ACPortal/GetDataForOneScenario?senarioId=7444,All,0 - 17,Chest,
Pediatric,3197073,"Vascular tumor suspected, elbow, hemangioma not suspected, initial imaging",https://gravitas.acr.org/ACPortal/GetDataForOneScenario?senarioId=7448,All,0 - 17,Upper extremity,
Pediatric,3197074,"Vascular tumor suspected, face, hemangioma not suspected, initial imaging",https://gravitas.acr.org/ACPortal/GetDataForOneScenario?senarioId=7449,All,0 - 17,Maxface,
Pediatric,3197075,"Vascular tumor suspected, foot, hemangioma not suspected, initial imaging",https://gravitas.acr.org/ACPortal/GetDataForOneScenario?senarioId=7450,All,0 - 17,Lower extremity,
Pediatric,3197076,"Vascular tumor suspected, forearm, hemangioma not suspected, initial imaging",https://gravitas.acr.org/ACPortal/GetDataForOneScenario?senarioId=7451,All,0 - 17,Upper extremity,
Pediatric,3197077,"Vascular tumor suspected, hand, hemangioma not suspected, initial imaging",https://gravitas.acr.org/ACPortal/GetDataForOneScenario?senarioId=7452,All,0 - 17,Upper extremity,
Pediatric,3197070,"Vascular tumor suspected, head, hemangioma not suspected, initial imaging",https://gravitas.acr.org/ACPortal/GetDataForOneScenario?senarioId=7445,All,0 - 17,Head,
Pediatric,3197078,"Vascular tumor suspected, hip, hemangioma not suspected, initial imaging",https://gravitas.acr.org/ACPortal/GetDataForOneScenario?senarioId=7453,All,0 - 17,Lower extremity,
Pediatric,3197079,"Vascular tumor suspected, knee, hemangioma not suspected, initial imaging",https://gravitas.acr.org/ACPortal/GetDataForOneScenario?senarioId=7454,All,0 - 17,Lower extremity,
Pediatric,3197080,"Vascular tumor suspected, lower leg, hemangioma not suspected, initial imaging",https://gravitas.acr.org/ACPortal/GetDataForOneScenario?senarioId=7455,All,0 - 17,Lower extremity,
Pediatric,3197071,"Vascular tumor suspected, neck, hemangioma not suspected, initial imaging",https://gravitas.acr.org/ACPortal/GetDataForOneScenario?senarioId=7446,All,0 - 17,Neck,
Pediatric,3197072,"Vascular tumor suspected, pelvis, hemangioma not suspected, initial imaging",https://gravitas.acr.org/ACPortal/GetDataForOneScenario?senarioId=7447,All,0 - 17,Pelvis,
Pediatric,3197081,"Vascular tumor suspected, shoulder, hemangioma not suspected, initial imaging",https://gravitas.acr.org/ACPortal/GetDataForOneScenario?senarioId=7456,All,0 - 17,Upper extremity,
Pediatric,3197082,"Vascular tumor suspected, thigh, hemangioma not suspected, initial imaging",https://gravitas.acr.org/ACPortal/GetDataForOneScenario?senarioId=7457,All,0 - 17,Lower extremity,
Pediatric,3197083,"Vascular tumor suspected, upper arm, hemangioma not suspected, initial imaging",https://gravitas.acr.org/ACPortal/GetDataForOneScenario?senarioId=7458,All,0 - 17,Upper extremity,
Pediatric,3196714,"Vesicoureteral reflux, follow-up imaging",https://gravitas.acr.org/ACPortal/GetDataForOneScenario?senarioId=7280,All,0 - 17,Abdomen-pelvis,
Pediatric,3196987,"Vision loss due to congenital abnormality, bilateral, no leukocoria, initial imaging",https://gravitas.acr.org/ACPortal/GetDataForOneScenario?senarioId=7379,All,0 - 17,Head,
Pediatric,3196986,"Vision loss due to congenital abnormality, unilateral, no leukocoria, initial imaging",https://gravitas.acr.org/ACPortal/GetDataForOneScenario?senarioId=7378,All,0 - 17,Head,
Pediatric,3196988,"Vision loss due to developmental abnormality, bilateral, no leukocoria, initial imaging",https://gravitas.acr.org/ACPortal/GetDataForOneScenario?senarioId=7380,All,0 - 17,Head,
Pediatric,3196989,"Vision loss due to developmental abnormality, unilateral, no leukocoria, initial imaging",https://gravitas.acr.org/ACPortal/GetDataForOneScenario?senarioId=7381,All,0 - 17,Head,
Pediatric,3196982,"Vision loss, acute, nontraumatic, no papilledema, initial imaging",https://gravitas.acr.org/ACPortal/GetDataForOneScenario?senarioId=7376,All,0 - 17,Head,
Pediatric,3196995,"Vision loss, optic pathway tumor suspected, with or without hx of neurofibromatosis type 1, initial imaging",https://gravitas.acr.org/ACPortal/GetDataForOneScenario?senarioId=7386,All,0 - 17,Head,
Pediatric,3196991,"Visual acuity decreased due to congenital abnormality, bilateral, no leukocoria, initial imaging",https://gravitas.acr.org/ACPortal/GetDataForOneScenario?senarioId=7383,All,0 - 17,Head,
Pediatric,3196990,"Visual acuity decreased due to congenital abnormality, unilateral, no leukocoria, initial imaging",https://gravitas.acr.org/ACPortal/GetDataForOneScenario?senarioId=7382,All,0 - 17,Head,
Pediatric,3196993,"Visual acuity decreased due to developmental abnormality, bilateral, no leukocoria, initial imaging",https://gravitas.acr.org/ACPortal/GetDataForOneScenario?senarioId=7385,All,0 - 17,Head,
Pediatric,3196992,"Visual acuity decreased due to developmental abnormality, unilateral, no leukocoria, initial imaging",https://gravitas.acr.org/ACPortal/GetDataForOneScenario?senarioId=7384,All,0 - 17,Head,
Pediatric,3196980,"Visual loss, traumatic, orbital injury suspected, initial imaging",https://gravitas.acr.org/ACPortal/GetDataForOneScenario?senarioId=7375,All,0 - 17,Head,
Pediatric,3191961,"Vomiting, bilious, few distended bowel loops on radiography, next imaging study",https://gravitas.acr.org/ACPortal/GetDataForOneScenario?senarioId=5466,All,D0 - 2,Abdomen,
Pediatric,3185451,"Vomiting, bilious, malrotation suspected, initial imaging",https://gravitas.acr.org/ACPortal/GetDataForOneScenario?senarioId=5402,All,D3 - 365,Abdomen,
Pediatric,3191960,"Vomiting, bilious, nonclassic double bubble with gas in distal bowel on radiography, next imaging study",https://gravitas.acr.org/ACPortal/GetDataForOneScenario?senarioId=5465,All,D0 - 2,Abdomen,
Pediatric,3191962,"Vomiting, bilious, normal bowel gas pattern on radiography, next imaging study",https://gravitas.acr.org/ACPortal/GetDataForOneScenario?senarioId=5467,All,D0 - 2,Abdomen,
Pediatric,3185449,"Vomiting, distal bowel obstruction on radiography, next imaging study",https://gravitas.acr.org/ACPortal/GetDataForOneScenario?senarioId=5400,All,D0 - 2,Abdomen,
Pediatric,3191959,"Vomiting, no meconium passage, initial imaging",https://gravitas.acr.org/ACPortal/GetDataForOneScenario?senarioId=5464,All,D0 - 2,Abdomen,
Pediatric,3074079,"Vomiting, nonbilious, new onset, hypertrophic pyloric stenosis suspected, initial imaging",https://gravitas.acr.org/ACPortal/GetDataForOneScenario?senarioId=815,All,D15 - 90,Abdomen,
Pediatric,3074078,"Vomiting, nonbilious, uncomplicated esophageal reflux suspected, initial imaging",https://gravitas.acr.org/ACPortal/GetDataForOneScenario?senarioId=814,All,0 - 1,Abdomen,
Pediatric,3191958,"Vomiting, poor feeding, initial imaging",https://gravitas.acr.org/ACPortal/GetDataForOneScenario?senarioId=5463,All,D0 - 2,Abdomen,
Pediatric,3185448,"Vomiting, proximal bowel obstruction or atresia suspected on radiography, next imaging study",https://gravitas.acr.org/ACPortal/GetDataForOneScenario?senarioId=5399,All,D0 - 2,Abdomen,
Polytrauma,3197451,"Abdomen and pelvis trauma, penetrating, ballistic, normotensive, initial imaging",https://gravitas.acr.org/ACPortal/GetDataForOneScenario?senarioId=7734,All,18 - 150,Abdomen-pelvis,
Polytrauma,3197457,"Abdomen and pelvis trauma, penetrating, nonballistic, normotensive, initial imaging",https://gravitas.acr.org/ACPortal/GetDataForOneScenario?senarioId=7737,All,18 - 150,Abdomen-pelvis,
Polytrauma,3197449,"Chest trauma, penetrating, ballistic, normotensive, initial imaging",https://gravitas.acr.org/ACPortal/GetDataForOneScenario?senarioId=7733,All,18 - 150,Chest,
Polytrauma,3197455,"Chest trauma, penetrating, nonballistic, normotensive, initial imaging",https://gravitas.acr.org/ACPortal/GetDataForOneScenario?senarioId=7736,All,18 - 150,Chest,
Polytrauma,3164894,"Polytrauma, blunt, hemodynamically stable, bowel trauma suspected, initial imaging",https://gravitas.acr.org/ACPortal/GetDataForOneScenario?senarioId=5208,All,18 - 150,Abdomen-pelvis,
Polytrauma,3164896,"Polytrauma, blunt, hemodynamically stable, chest trauma suspected, initial imaging",https://gravitas.acr.org/ACPortal/GetDataForOneScenario?senarioId=5210,All,18 - 150,Chest,
Polytrauma,3164892,"Polytrauma, blunt, hemodynamically stable, facial injury suspected, initial imaging",https://gravitas.acr.org/ACPortal/GetDataForOneScenario?senarioId=5206,All,18 - 150,Head,
Polytrauma,3165327,"Polytrauma, blunt, hemodynamically stable, lower extremity trauma suspected, initial imaging",https://gravitas.acr.org/ACPortal/GetDataForOneScenario?senarioId=5274,All,18 - 150,Lower extremity,
Polytrauma,3164891,"Polytrauma, blunt, hemodynamically stable, NOS, initial imaging",https://gravitas.acr.org/ACPortal/GetDataForOneScenario?senarioId=5205,All,18 - 150,Unspecified,
Polytrauma,3164897,"Polytrauma, blunt, hemodynamically stable, pregnant, initial imaging",https://gravitas.acr.org/ACPortal/GetDataForOneScenario?senarioId=5211,Female Only,10 - 60,Unspecified,
Polytrauma,3165328,"Polytrauma, blunt, hemodynamically stable, upper extremity trauma suspected, initial imaging",https://gravitas.acr.org/ACPortal/GetDataForOneScenario?senarioId=5275,All,18 - 150,Upper extremity,
Polytrauma,3164895,"Polytrauma, blunt, hemodynamically stable, urinary system trauma suspected, initial imaging",https://gravitas.acr.org/ACPortal/GetDataForOneScenario?senarioId=5209,All,18 - 150,Abdomen-pelvis,
Polytrauma,3164890,"Polytrauma, blunt, hemodynamically unstable, initial imaging",https://gravitas.acr.org/ACPortal/GetDataForOneScenario?senarioId=5204,All,18 - 150,Unspecified,
Polytrauma,3197447,"Torso trauma, penetrating, ballistic, unknown trajectory, normotensive, initial imaging",https://gravitas.acr.org/ACPortal/GetDataForOneScenario?senarioId=7732,All,18 - 150,Chest-abdomen-pelvis,
Polytrauma,3197445,"Torso trauma, penetrating, hypotensive, initial imaging",https://gravitas.acr.org/ACPortal/GetDataForOneScenario?senarioId=7731,All,18 - 150,Chest-abdomen-pelvis,
Polytrauma,3197453,"Torso trauma, penetrating, nonballistic, unknown trajectory, normotensive, initial imaging",https://gravitas.acr.org/ACPortal/GetDataForOneScenario?senarioId=7735,All,18 - 150,Chest-abdomen-pelvis,
Thoracic,3074090,"Asthma exacerbation, pneumonia or pneumothorax suspected",https://gravitas.acr.org/ACPortal/GetDataForOneScenario?senarioId=825,All,18 - 150,Chest,
Thoracic,3074089,"Asthma exacerbation, uncomplicated",https://gravitas.acr.org/ACPortal/GetDataForOneScenario?senarioId=824,All,18 - 150,Chest,
Thoracic,3197460,"Bronchial stenosis suspected, initial imaging",https://gravitas.acr.org/ACPortal/GetDataForOneScenario?senarioId=7739,All,18 - 150,Neck-chest,
Thoracic,3197463,"Bronchial stenosis, posttreatment assessment",https://gravitas.acr.org/ACPortal/GetDataForOneScenario?senarioId=7741,All,18 - 150,Neck-chest,
Thoracic,3197462,"Bronchial stenosis, pretreatment assessment",https://gravitas.acr.org/ACPortal/GetDataForOneScenario?senarioId=7740,All,18 - 150,Neck-chest,
Thoracic,3197475,"Bronchiectasis suspected, initial imaging",https://gravitas.acr.org/ACPortal/GetDataForOneScenario?senarioId=7750,All,18 - 150,Neck-chest,
Thoracic,3197477,"Bronchiectasis, complications assessment",https://gravitas.acr.org/ACPortal/GetDataForOneScenario?senarioId=7751,All,18 - 150,Neck-chest,
Thoracic,3197478,"Bronchiectasis, treatment response assessment",https://gravitas.acr.org/ACPortal/GetDataForOneScenario?senarioId=7752,All,18 - 150,Neck-chest,
Thoracic,3197468,"Bronchomalacia suspected, initial imaging",https://gravitas.acr.org/ACPortal/GetDataForOneScenario?senarioId=7745,All,18 - 150,Neck-chest,
Thoracic,3197471,"Bronchomalacia, posttreatment assessment",https://gravitas.acr.org/ACPortal/GetDataForOneScenario?senarioId=7747,All,18 - 150,Neck-chest,
Thoracic,3197470,"Bronchomalacia, pretreatment assessment",https://gravitas.acr.org/ACPortal/GetDataForOneScenario?senarioId=7746,All,18 - 150,Neck-chest,
Thoracic,3185411,"Chest trauma, blunt, cardiac injury suspected, hemodynamically stable",https://gravitas.acr.org/ACPortal/GetDataForOneScenario?senarioId=5362,All,18 - 150,Chest,
Thoracic,3185412,"Chest trauma, blunt, cardiac injury suspected, hemodynamically unstable",https://gravitas.acr.org/ACPortal/GetDataForOneScenario?senarioId=5363,All,18 - 150,Chest,
Thoracic,3074105,"Chest trauma, blunt, rib fracture suspected",https://gravitas.acr.org/ACPortal/GetDataForOneScenario?senarioId=836,All,18 - 150,Chest,
Thoracic,3194251,"Chest wall pain, nontraumatic, infection suspected, chest radiography normal, next imaging study",https://gravitas.acr.org/ACPortal/GetDataForOneScenario?senarioId=5600,All,18 - 150,Chest,
Thoracic,3194252,"Chest wall pain, nontraumatic, inflammatory condition suspected, chest radiography normal, next imaging study",https://gravitas.acr.org/ACPortal/GetDataForOneScenario?senarioId=5601,All,18 - 150,Chest,
Thoracic,3194249,"Chest wall pain, nontraumatic, malignancy suspected, chest radiography normal, next imaging study",https://gravitas.acr.org/ACPortal/GetDataForOneScenario?senarioId=5599,All,18 - 150,Chest,
Thoracic,3194248,"Chest wall pain, nontraumatic, malignancy, chest radiography normal, next imaging study",https://gravitas.acr.org/ACPortal/GetDataForOneScenario?senarioId=5598,All,18 - 150,Chest,
Thoracic,3194246,"Chest wall pain, nontraumatic, no hx of malignancy, initial imaging",https://gravitas.acr.org/ACPortal/GetDataForOneScenario?senarioId=5597,All,18 - 150,Chest,
Thoracic,3194254,"Chest wall pain, nontraumatic, prior chest intervention, chest radiography normal, next imaging study",https://gravitas.acr.org/ACPortal/GetDataForOneScenario?senarioId=5602,All,18 - 150,Chest,
Thoracic,3148571,"COPD exacerbation, chest pain or fever or elev WBC",https://gravitas.acr.org/ACPortal/GetDataForOneScenario?senarioId=4559,All,18 - 150,Chest,
Thoracic,3148572,"COPD exacerbation, history of CAD or heart failure",https://gravitas.acr.org/ACPortal/GetDataForOneScenario?senarioId=4560,All,18 - 150,Chest,
Thoracic,3074091,"COPD exacerbation, uncomplicated",https://gravitas.acr.org/ACPortal/GetDataForOneScenario?senarioId=826,All,18 - 150,Chest,
Thoracic,3194235,"Cough, chronic, >8 wks, increased lung cancer risk, initial imaging",https://gravitas.acr.org/ACPortal/GetDataForOneScenario?senarioId=5591,All,18 - 150,Chest,
Thoracic,3194237,"Cough, chronic, >8 wks, initial clinical evaluation and empiric treatment complete, persistent symptoms, initial imaging",https://gravitas.acr.org/ACPortal/GetDataForOneScenario?senarioId=5592,All,18 - 150,Chest,
Thoracic,3194233,"Cough, chronic, >8 wks, no lung cancer risk factors, initial imaging",https://gravitas.acr.org/ACPortal/GetDataForOneScenario?senarioId=5590,All,18 - 150,Chest,
Thoracic,3194239,"Diffuse lung disease suspected, initial imaging",https://gravitas.acr.org/ACPortal/GetDataForOneScenario?senarioId=5593,All,18 - 150,Chest,
Thoracic,3194242,"Diffuse lung disease, acute deterioration suspected, initial imaging",https://gravitas.acr.org/ACPortal/GetDataForOneScenario?senarioId=5595,All,18 - 150,Chest,
Thoracic,3194241,"Diffuse lung disease, acute exacerbation suspected, initial imaging",https://gravitas.acr.org/ACPortal/GetDataForOneScenario?senarioId=5594,All,18 - 150,Chest,
Thoracic,3194244,"Diffuse lung disease, no acute clinical deterioration, routine follow up imaging",https://gravitas.acr.org/ACPortal/GetDataForOneScenario?senarioId=5596,All,18 - 150,Chest,
Thoracic,3148171,"Dyspnea, chronic, central airway disease suspected",https://gravitas.acr.org/ACPortal/GetDataForOneScenario?senarioId=4546,All,18 - 150,Chest,
Thoracic,3148173,"Dyspnea, chronic, chest wall or pleura disease suspected",https://gravitas.acr.org/ACPortal/GetDataForOneScenario?senarioId=4548,All,18 - 150,Chest,
Thoracic,3148170,"Dyspnea, chronic, COPD suspected",https://gravitas.acr.org/ACPortal/GetDataForOneScenario?senarioId=4545,All,18 - 150,Chest,
Thoracic,3148174,"Dyspnea, chronic, diaphragm dysfunction suspected",https://gravitas.acr.org/ACPortal/GetDataForOneScenario?senarioId=4549,All,18 - 150,Chest,
Thoracic,3148172,"Dyspnea, chronic, interstitial lung disease suspected",https://gravitas.acr.org/ACPortal/GetDataForOneScenario?senarioId=4547,All,18 - 150,Chest,
Thoracic,3148169,"Dyspnea, chronic, unclear etiology",https://gravitas.acr.org/ACPortal/GetDataForOneScenario?senarioId=4544,All,18 - 150,Chest,
Thoracic,3196696,"Empyema suspected, recent pneumonia, initial imaging",https://gravitas.acr.org/ACPortal/GetDataForOneScenario?senarioId=7268,All,18 - 150,Chest,
Thoracic,3195417,"Esophageal cancer, recurrence, posttreatment imaging",https://gravitas.acr.org/ACPortal/GetDataForOneScenario?senarioId=6322,All,18 - 150,Chest-abdomen,
Thoracic,3195411,"Esophageal cancer, imaging during treatment",https://gravitas.acr.org/ACPortal/GetDataForOneScenario?senarioId=6318,All,18 - 150,Chest-abdomen,
Thoracic,3195409,"Esophageal cancer, newly diagnosed, pretreatment clinical staging, initial imaging",https://gravitas.acr.org/ACPortal/GetDataForOneScenario?senarioId=6317,All,18 - 150,Chest-abdomen,
Thoracic,3195413,"Esophageal cancer, no recurrence suspected, posttreatment imaging",https://gravitas.acr.org/ACPortal/GetDataForOneScenario?senarioId=6319,All,18 - 150,Chest-abdomen,
Thoracic,3195414,"Esophageal cancer, no recurrence, posttreatment imaging",https://gravitas.acr.org/ACPortal/GetDataForOneScenario?senarioId=6320,All,18 - 150,Chest-abdomen,
Thoracic,3195416,"Esophageal cancer, recurrence suspected, posttreatment imaging",https://gravitas.acr.org/ACPortal/GetDataForOneScenario?senarioId=6321,All,18 - 150,Chest-abdomen,
Thoracic,3164931,"Hemoptysis, massive, life threatening, initial imaging",https://gravitas.acr.org/ACPortal/GetDataForOneScenario?senarioId=5245,All,18 - 150,Chest,
Thoracic,3164932,"Hemoptysis, nonmassive, initial imaging",https://gravitas.acr.org/ACPortal/GetDataForOneScenario?senarioId=5246,All,18 - 150,Chest,
Thoracic,3164933,"Hemoptysis, recurrent, initial imaging",https://gravitas.acr.org/ACPortal/GetDataForOneScenario?senarioId=5247,All,18 - 150,Chest,
Thoracic,3194034,"ICU patient, central venous catheter placement, follow up imaging",https://gravitas.acr.org/ACPortal/GetDataForOneScenario?senarioId=5523,All,18 - 150,Chest,
Thoracic,3194033,"ICU patient, chest tube placement, follow up imaging",https://gravitas.acr.org/ACPortal/GetDataForOneScenario?senarioId=5522,All,18 - 150,Chest,
Thoracic,3194048,"ICU patient, chest tube removal, follow up imaging",https://gravitas.acr.org/ACPortal/GetDataForOneScenario?senarioId=5537,All,18 - 150,Chest,
Thoracic,3194031,"ICU patient, ET tube placement, follow up imaging",https://gravitas.acr.org/ACPortal/GetDataForOneScenario?senarioId=5520,All,18 - 150,Chest,
Thoracic,3194049,"ICU patient, mediastinal tube removal, follow up imaging",https://gravitas.acr.org/ACPortal/GetDataForOneScenario?senarioId=5538,All,18 - 150,Chest,
Thoracic,3194032,"ICU patient, nasogastric tube placement, follow up imaging",https://gravitas.acr.org/ACPortal/GetDataForOneScenario?senarioId=5521,All,18 - 150,Chest,
Thoracic,3084051,"ICU patient, newly admitted, initial imaging",https://gravitas.acr.org/ACPortal/GetDataForOneScenario?senarioId=2075,All,18 - 150,Chest,
Thoracic,3194035,"ICU patient, pulmonary artery catheter placement, follow up imaging",https://gravitas.acr.org/ACPortal/GetDataForOneScenario?senarioId=5524,All,18 - 150,Chest,
Thoracic,3084055,"ICU patient, stable, no change in clinical status, initial imaging",https://gravitas.acr.org/ACPortal/GetDataForOneScenario?senarioId=2079,All,18 - 150,Chest,
Thoracic,3084050,"ICU patient, worsening clinical condition, initial imaging",https://gravitas.acr.org/ACPortal/GetDataForOneScenario?senarioId=2074,All,18 - 150,Chest,
Thoracic,3196020,"Lung cancer screening, <20 pack yrs smoking history, no family hx of lung cancer, initial imaging",https://gravitas.acr.org/ACPortal/GetDataForOneScenario?senarioId=6799,All,18 - 150,Chest,"Cancer of the Lung (primary or metastatic, suspected or diagnosed)"
Thoracic,3148580,"Lung cancer screening, <20 pack yrs smoking history, no hx of cancer, initial imaging",https://gravitas.acr.org/ACPortal/GetDataForOneScenario?senarioId=4568,All,18 - 150,Chest,"Cancer of the Lung (primary or metastatic, suspected or diagnosed)"
Thoracic,3196021,"Lung cancer screening, <20 pack yrs smoking history, no hx of COPD, initial imaging",https://gravitas.acr.org/ACPortal/GetDataForOneScenario?senarioId=6800,All,18 - 150,Chest,"Cancer of the Lung (primary or metastatic, suspected or diagnosed)"
Thoracic,3196022,"Lung cancer screening, <20 pack yrs smoking history, no hx of pulmonary fibrosis, initial imaging",https://gravitas.acr.org/ACPortal/GetDataForOneScenario?senarioId=6801,All,18 - 150,Chest,"Cancer of the Lung (primary or metastatic, suspected or diagnosed)"
Thoracic,3148581,"Lung cancer screening, <20 pack yrs smoking history, no occupational exposure, initial imaging",https://gravitas.acr.org/ACPortal/GetDataForOneScenario?senarioId=4569,All,18 - 150,Chest,"Cancer of the Lung (primary or metastatic, suspected or diagnosed)"
Thoracic,3148582,"Lung cancer screening, <20 pack yrs smoking history, no radon exposure, initial imaging",https://gravitas.acr.org/ACPortal/GetDataForOneScenario?senarioId=4570,All,18 - 150,Chest,"Cancer of the Lung (primary or metastatic, suspected or diagnosed)"
Thoracic,3148578,"Lung cancer screening, >=20 pack yrs smoking history, family hx of lung cancer, initial imaging",https://gravitas.acr.org/ACPortal/GetDataForOneScenario?senarioId=4566,All,18 - 49,Chest,"Cancer of the Lung (primary or metastatic, suspected or diagnosed)"
Thoracic,3196018,"Lung cancer screening, >=20 pack yrs smoking history, hx of cancer, initial imaging",https://gravitas.acr.org/ACPortal/GetDataForOneScenario?senarioId=6798,All,18 - 49,Chest,"Cancer of the Lung (primary or metastatic, suspected or diagnosed)"
Thoracic,3148577,"Lung cancer screening, >=20 pack yrs smoking history, hx of COPD, initial imaging",https://gravitas.acr.org/ACPortal/GetDataForOneScenario?senarioId=4565,All,18 - 49,Chest,"Cancer of the Lung (primary or metastatic, suspected or diagnosed)"
Thoracic,3148579,"Lung cancer screening, >=20 pack yrs smoking history, hx of pulmonary fibrosis, initial imaging",https://gravitas.acr.org/ACPortal/GetDataForOneScenario?senarioId=4567,All,18 - 49,Chest,"Cancer of the Lung (primary or metastatic, suspected or diagnosed)"
Thoracic,3196017,"Lung cancer screening, >=20 pack yrs smoking history, occupational exposure, initial imaging",https://gravitas.acr.org/ACPortal/GetDataForOneScenario?senarioId=6797,All,18 - 49,Chest,"Cancer of the Lung (primary or metastatic, suspected or diagnosed)"
Thoracic,3148576,"Lung cancer screening, >=20 pack yrs smoking history, quit in past 15 yrs, initial imaging",https://gravitas.acr.org/ACPortal/GetDataForOneScenario?senarioId=4564,All,50 - 80,Chest,"Cancer of the Lung (primary or metastatic, suspected or diagnosed)"
Thoracic,3196016,"Lung cancer screening, >=20 pack yrs smoking history, radon exposure, initial imaging",https://gravitas.acr.org/ACPortal/GetDataForOneScenario?senarioId=6796,All,18 - 49,Chest,"Cancer of the Lung (primary or metastatic, suspected or diagnosed)"
Thoracic,3148575,"Lung cancer screening, current smoker, >=20 pack yrs, initial imaging",https://gravitas.acr.org/ACPortal/GetDataForOneScenario?senarioId=4563,All,50 - 80,Chest,"Cancer of the Lung (primary or metastatic, suspected or diagnosed)"
Thoracic,3074129,"Lung cancer, non-small cell, staging",https://gravitas.acr.org/ACPortal/GetDataForOneScenario?senarioId=849,All,18 - 150,Chest,"Cancer of the Lung (primary or metastatic, suspected or diagnosed)"
Thoracic,3074130,"Lung cancer, small cell, staging",https://gravitas.acr.org/ACPortal/GetDataForOneScenario?senarioId=850,All,18 - 150,Chest,"Cancer of the Lung (primary or metastatic, suspected or diagnosed)"
Thoracic,3194009,"Mediastinal mass suspected, initial imaging",https://gravitas.acr.org/ACPortal/GetDataForOneScenario?senarioId=5502,All,18 - 150,Chest,
Thoracic,3194011,"Mediastinal mass, indeterminate on CT, next imaging study",https://gravitas.acr.org/ACPortal/GetDataForOneScenario?senarioId=5504,All,18 - 150,Chest,
Thoracic,3194052,"Mediastinal mass, indeterminate on MRI, next imaging study",https://gravitas.acr.org/ACPortal/GetDataForOneScenario?senarioId=5541,All,18 - 150,Chest,
Thoracic,3194053,"Mediastinal mass, indeterminate on MRI, surveillance",https://gravitas.acr.org/ACPortal/GetDataForOneScenario?senarioId=5542,All,18 - 150,Chest,
Thoracic,3194012,"Mediastinal mass, indeterminate on PET/CT, next imaging study",https://gravitas.acr.org/ACPortal/GetDataForOneScenario?senarioId=5505,All,18 - 150,Chest,
Thoracic,3194010,"Mediastinal mass, indeterminate on radiography, next imaging study",https://gravitas.acr.org/ACPortal/GetDataForOneScenario?senarioId=5503,All,18 - 150,Chest,
Thoracic,3164920,"Occupational exposure, airway disease suspected, initial imaging",https://gravitas.acr.org/ACPortal/GetDataForOneScenario?senarioId=5234,All,18 - 150,Chest,"Cancer of the Lung (primary or metastatic, suspected or diagnosed)"
Thoracic,3164918,"Occupational exposure, interstitial lung disease suspected, initial imaging",https://gravitas.acr.org/ACPortal/GetDataForOneScenario?senarioId=5232,All,18 - 150,Chest,"Cancer of the Lung (primary or metastatic, suspected or diagnosed)"
Thoracic,3164917,"Occupational exposure, lung disease screening and surveillance, initial imaging",https://gravitas.acr.org/ACPortal/GetDataForOneScenario?senarioId=5231,All,18 - 150,Chest,"Cancer of the Lung (primary or metastatic, suspected or diagnosed)"
Thoracic,3164919,"Occupational lung disease, interstitial lung disease suspected on radiography, next imaging study",https://gravitas.acr.org/ACPortal/GetDataForOneScenario?senarioId=5233,All,18 - 150,Chest,"Cancer of the Lung (primary or metastatic, suspected or diagnosed)"
Thoracic,3164921,"Occupational lung disease, thoracic neoplasm suspected",https://gravitas.acr.org/ACPortal/GetDataForOneScenario?senarioId=5235,All,18 - 150,Chest,"Cancer of the Lung (primary or metastatic, suspected or diagnosed)"
Thoracic,3196695,"Parapneumonic effusion suspected, recent pneumonia, initial imaging",https://gravitas.acr.org/ACPortal/GetDataForOneScenario?senarioId=7267,All,18 - 150,Chest,
Thoracic,3196702,"Pleural effusion suspected, noninfectious, chest pain, initial imaging",https://gravitas.acr.org/ACPortal/GetDataForOneScenario?senarioId=7272,All,18 - 150,Chest,
Thoracic,3196701,"Pleural effusion suspected, noninfectious, cough, initial imaging",https://gravitas.acr.org/ACPortal/GetDataForOneScenario?senarioId=7271,All,18 - 150,Chest,
Thoracic,3196700,"Pleural effusion suspected, noninfectious, dyspnea, initial imaging",https://gravitas.acr.org/ACPortal/GetDataForOneScenario?senarioId=7270,All,18 - 150,Chest,
Thoracic,3196698,"Pleural effusion suspected, recent minor blunt trauma, initial imaging",https://gravitas.acr.org/ACPortal/GetDataForOneScenario?senarioId=7269,All,18 - 150,Chest,
Thoracic,3196704,"Pleural effusion, incidental, incomplete thoracic imaging, next imaging study",https://gravitas.acr.org/ACPortal/GetDataForOneScenario?senarioId=7273,All,18 - 150,Chest,
Thoracic,3148168,"Pneumonia, effusion or abscess suspected on radiography",https://gravitas.acr.org/ACPortal/GetDataForOneScenario?senarioId=4543,All,18 - 150,Chest,
Thoracic,3195265,"Pulmonary embolism suspected, high pretest probability, initial imaging",https://gravitas.acr.org/ACPortal/GetDataForOneScenario?senarioId=6224,All,18 - 150,Cardiac-chest,Suspected Pulmonary Embolism
Thoracic,3195260,"Pulmonary embolism suspected, intermediate pretest probability, negative D-dimer, initial imaging",https://gravitas.acr.org/ACPortal/GetDataForOneScenario?senarioId=6221,All,18 - 150,Cardiac-chest,Suspected Pulmonary Embolism
Thoracic,3195263,"Pulmonary embolism suspected, intermediate pretest probability, positive D-dimer, initial imaging",https://gravitas.acr.org/ACPortal/GetDataForOneScenario?senarioId=6223,All,18 - 150,Cardiac-chest,Suspected Pulmonary Embolism
Thoracic,3195259,"Pulmonary embolism suspected, low pretest probability, negative D-dimer, initial imaging",https://gravitas.acr.org/ACPortal/GetDataForOneScenario?senarioId=6220,All,18 - 150,Cardiac-chest,Suspected Pulmonary Embolism
Thoracic,3195262,"Pulmonary embolism suspected, low pretest probability, positive D-dimer, initial imaging",https://gravitas.acr.org/ACPortal/GetDataForOneScenario?senarioId=6222,All,18 - 150,Cardiac-chest,Suspected Pulmonary Embolism
Thoracic,3195266,"Pulmonary embolism suspected, pregnant, initial imaging",https://gravitas.acr.org/ACPortal/GetDataForOneScenario?senarioId=6225,Female Only,10 - 60,Cardiac-chest,Suspected Pulmonary Embolism
Thoracic,3195293,"Pulmonary hypertension suspected, initial imaging",https://gravitas.acr.org/ACPortal/GetDataForOneScenario?senarioId=6243,All,18 - 150,Chest,
Thoracic,3196540,"Pulmonary nodule on chest CT, incidental, indeterminate, <6mm, next imaging study",https://gravitas.acr.org/ACPortal/GetDataForOneScenario?senarioId=7160,All,35 - 150,Chest,"Cancer of the Lung (primary or metastatic, suspected or diagnosed)"
Thoracic,3196542,"Pulmonary nodule on chest CT, incidental, indeterminate, >=6mm, next imaging study",https://gravitas.acr.org/ACPortal/GetDataForOneScenario?senarioId=7161,All,35 - 150,Chest,"Cancer of the Lung (primary or metastatic, suspected or diagnosed)"
Thoracic,3196538,"Pulmonary nodule on chest radiography, incidental, indeterminate, next imaging study",https://gravitas.acr.org/ACPortal/GetDataForOneScenario?senarioId=7159,All,35 - 150,Chest,"Cancer of the Lung (primary or metastatic, suspected or diagnosed)"
Thoracic,3196544,"Pulmonary nodule on incomplete thoracic CT, incidental, indeterminate, next imaging study",https://gravitas.acr.org/ACPortal/GetDataForOneScenario?senarioId=7162,All,35 - 150,Chest,"Cancer of the Lung (primary or metastatic, suspected or diagnosed)"
Thoracic,3148569,"Respiratory illness, acute, abnormal exam, initial exam",https://gravitas.acr.org/ACPortal/GetDataForOneScenario?senarioId=4557,All,18 - 150,Chest,
Thoracic,3148573,"Respiratory illness, acute, abnormal exam, radiography nondiagnostic",https://gravitas.acr.org/ACPortal/GetDataForOneScenario?senarioId=4561,All,18 - 150,Chest,
Thoracic,3074095,"Respiratory illness, acute, immunodeficiency, infection suspected, radiography done",https://gravitas.acr.org/ACPortal/GetDataForOneScenario?senarioId=830,All,18 - 150,Chest,
Thoracic,3074093,"Respiratory illness, acute, immunodeficiency, initial exam",https://gravitas.acr.org/ACPortal/GetDataForOneScenario?senarioId=828,All,18 - 150,Chest,
Thoracic,3158445,"Respiratory illness, acute, immunodeficiency, nondiagnostic CXR",https://gravitas.acr.org/ACPortal/GetDataForOneScenario?senarioId=4826,All,18 - 150,Chest,
Thoracic,3074097,"Respiratory illness, acute, immunodeficiency, noninfectious cause suspected, radiography done",https://gravitas.acr.org/ACPortal/GetDataForOneScenario?senarioId=831,All,18 - 150,Chest,
Thoracic,3158446,"Respiratory illness, acute, immunodeficiency, normal CXR",https://gravitas.acr.org/ACPortal/GetDataForOneScenario?senarioId=4827,All,18 - 150,Chest,
Thoracic,3074083,"Respiratory illness, acute, normal exam and risk, initial exam",https://gravitas.acr.org/ACPortal/GetDataForOneScenario?senarioId=819,All,18 - 150,Chest,
Thoracic,3148570,"Respiratory illness, acute, risk factors, initial exam",https://gravitas.acr.org/ACPortal/GetDataForOneScenario?senarioId=4558,All,18 - 150,Chest,
Thoracic,3148574,"Respiratory illness, acute, risk factors, radiography nondiagnostic",https://gravitas.acr.org/ACPortal/GetDataForOneScenario?senarioId=4562,All,18 - 150,Chest,
Thoracic,3074106,"Rib fracture suspected, after CPR",https://gravitas.acr.org/ACPortal/GetDataForOneScenario?senarioId=837,All,18 - 150,Chest,
Thoracic,3084031,"Rib fracture suspected, pathological",https://gravitas.acr.org/ACPortal/GetDataForOneScenario?senarioId=2055,All,18 - 150,Chest,
Thoracic,3196065,"Routine chest imaging, hospital admission, no cardiopulmonary disease suspected, initial imaging",https://gravitas.acr.org/ACPortal/GetDataForOneScenario?senarioId=6815,All,18 - 150,Chest,
Thoracic,3196072,"Routine chest imaging, hx of chronic cardiopulmonary disease, clinical findings stable, surveillance",https://gravitas.acr.org/ACPortal/GetDataForOneScenario?senarioId=6819,All,18 - 150,Chest,
Thoracic,3196069,"Routine chest imaging, preop, noncardiothoracic surgery, hx of cardiothoracic surgery, initial imaging",https://gravitas.acr.org/ACPortal/GetDataForOneScenario?senarioId=6817,All,18 - 150,Chest,
Thoracic,3196070,"Routine chest imaging, preop, noncardiothoracic surgery, hx of chronic cardiopulmonary disease, initial imaging",https://gravitas.acr.org/ACPortal/GetDataForOneScenario?senarioId=6818,All,18 - 150,Chest,
Thoracic,3100881,"Routine chest imaging, preop, noncardiothoracic surgery, no hx of cardiothoracic surgery, initial imaging",https://gravitas.acr.org/ACPortal/GetDataForOneScenario?senarioId=2258,All,18 - 150,Chest,
Thoracic,3196067,"Routine chest imaging, preop, noncardiothoracic surgery, no hx of chronic cardiopulmonary disease, initial imaging",https://gravitas.acr.org/ACPortal/GetDataForOneScenario?senarioId=6816,All,18 - 150,Chest,
Thoracic,3196683,"Sepsis suspected, non specific symptoms, unknown origin, chest radiography equivocal, next imaging study",https://gravitas.acr.org/ACPortal/GetDataForOneScenario?senarioId=7256,All,18 - 150,Chest,
Thoracic,3196684,"Sepsis suspected, non specific symptoms, unknown origin, chest radiography nonspecific, next imaging study",https://gravitas.acr.org/ACPortal/GetDataForOneScenario?senarioId=7257,All,18 - 150,Chest,
Thoracic,3196682,"Sepsis suspected, non specific symptoms, unknown origin, chest radiography normal, next imaging study",https://gravitas.acr.org/ACPortal/GetDataForOneScenario?senarioId=7255,All,18 - 150,Chest,
Thoracic,3196674,"Sepsis suspected, acute abdominal pain, initial imaging",https://gravitas.acr.org/ACPortal/GetDataForOneScenario?senarioId=7249,All,18 - 150,Abdomen,
Thoracic,3196689,"Sepsis suspected, cannot assess symptoms, chest radiography equivocal, next imaging study",https://gravitas.acr.org/ACPortal/GetDataForOneScenario?senarioId=7262,All,18 - 150,Chest,
Thoracic,3196690,"Sepsis suspected, cannot assess symptoms, chest radiography nonspecific, next imaging study",https://gravitas.acr.org/ACPortal/GetDataForOneScenario?senarioId=7263,All,18 - 150,Chest,
Thoracic,3196688,"Sepsis suspected, cannot assess symptoms, chest radiography normal, next imaging study",https://gravitas.acr.org/ACPortal/GetDataForOneScenario?senarioId=7261,All,18 - 150,Chest,
Thoracic,3196679,"Sepsis suspected, cannot assess symptoms, initial imaging",https://gravitas.acr.org/ACPortal/GetDataForOneScenario?senarioId=7253,All,18 - 150,Unspecified,
Thoracic,3196662,"Sepsis suspected, chest pain, chest radiography equivocal, next imaging study",https://gravitas.acr.org/ACPortal/GetDataForOneScenario?senarioId=7238,All,18 - 150,Chest,
Thoracic,3196663,"Sepsis suspected, chest pain, chest radiography nonspecific, next imaging study",https://gravitas.acr.org/ACPortal/GetDataForOneScenario?senarioId=7239,All,18 - 150,Chest,
Thoracic,3196661,"Sepsis suspected, chest pain, chest radiography normal, next imaging study",https://gravitas.acr.org/ACPortal/GetDataForOneScenario?senarioId=7237,All,18 - 150,Chest,
Thoracic,3196650,"Sepsis suspected, chest pain, initial imaging",https://gravitas.acr.org/ACPortal/GetDataForOneScenario?senarioId=7227,All,18 - 150,Chest,
Thoracic,3196656,"Sepsis suspected, cough, chest radiography equivocal, next imaging study",https://gravitas.acr.org/ACPortal/GetDataForOneScenario?senarioId=7232,All,18 - 150,Chest,
Thoracic,3196657,"Sepsis suspected, cough, chest radiography nonspecific, next imaging study",https://gravitas.acr.org/ACPortal/GetDataForOneScenario?senarioId=7233,All,18 - 150,Chest,
Thoracic,3196655,"Sepsis suspected, cough, chest radiography normal, next imaging study",https://gravitas.acr.org/ACPortal/GetDataForOneScenario?senarioId=7231,All,18 - 150,Chest,
Thoracic,3196648,"Sepsis suspected, cough, initial imaging",https://gravitas.acr.org/ACPortal/GetDataForOneScenario?senarioId=7225,All,18 - 150,Chest,
Thoracic,3196659,"Sepsis suspected, dyspnea, chest radiography equivocal, next imaging study",https://gravitas.acr.org/ACPortal/GetDataForOneScenario?senarioId=7235,All,18 - 150,Chest,
Thoracic,3196660,"Sepsis suspected, dyspnea, chest radiography nonspecific, next imaging study",https://gravitas.acr.org/ACPortal/GetDataForOneScenario?senarioId=7236,All,18 - 150,Chest,
Thoracic,3196658,"Sepsis suspected, dyspnea, chest radiography normal, next imaging study",https://gravitas.acr.org/ACPortal/GetDataForOneScenario?senarioId=7234,All,18 - 150,Chest,
Thoracic,3196649,"Sepsis suspected, dyspnea, initial imaging",https://gravitas.acr.org/ACPortal/GetDataForOneScenario?senarioId=7226,All,18 - 150,Chest,
Thoracic,3196677,"Sepsis suspected, non specific symptoms, unknown origin, initial imaging",https://gravitas.acr.org/ACPortal/GetDataForOneScenario?senarioId=7251,All,18 - 150,Unspecified,
Thoracic,3196675,"Sepsis, acute abdominal pain, initial imaging",https://gravitas.acr.org/ACPortal/GetDataForOneScenario?senarioId=7250,All,18 - 150,Abdomen,
Thoracic,3196691,"Sepsis, cannot assess symptoms, chest radiography normal, next imaging study",https://gravitas.acr.org/ACPortal/GetDataForOneScenario?senarioId=7264,All,18 - 150,Chest,
Thoracic,3196692,"Sepsis, cannot assess symptoms, chest radiography equivocal, next imaging study",https://gravitas.acr.org/ACPortal/GetDataForOneScenario?senarioId=7265,All,18 - 150,Chest,
Thoracic,3196693,"Sepsis, cannot assess symptoms, chest radiography nonspecific, next imaging study",https://gravitas.acr.org/ACPortal/GetDataForOneScenario?senarioId=7266,All,18 - 150,Chest,
Thoracic,3196680,"Sepsis, cannot assess symptoms, initial imaging",https://gravitas.acr.org/ACPortal/GetDataForOneScenario?senarioId=7254,All,18 - 150,Unspecified,
Thoracic,3196672,"Sepsis, chest pain, chest radiography , nonspecific, next imaging study",https://gravitas.acr.org/ACPortal/GetDataForOneScenario?senarioId=7248,All,18 - 150,Chest,
Thoracic,3196671,"Sepsis, chest pain, chest radiography equivocal, next imaging study",https://gravitas.acr.org/ACPortal/GetDataForOneScenario?senarioId=7247,All,18 - 150,Chest,
Thoracic,3196670,"Sepsis, chest pain, chest radiography normal, next imaging study",https://gravitas.acr.org/ACPortal/GetDataForOneScenario?senarioId=7246,All,18 - 150,Chest,
Thoracic,3196653,"Sepsis, chest pain, initial imaging",https://gravitas.acr.org/ACPortal/GetDataForOneScenario?senarioId=7230,All,18 - 150,Chest,
Thoracic,3196665,"Sepsis, cough, chest radiography equivocal, next imaging study",https://gravitas.acr.org/ACPortal/GetDataForOneScenario?senarioId=7241,All,18 - 150,Chest,
Thoracic,3196666,"Sepsis, cough, chest radiography nonspecific, next imaging study",https://gravitas.acr.org/ACPortal/GetDataForOneScenario?senarioId=7242,All,18 - 150,Chest,
Thoracic,3196664,"Sepsis, cough, chest radiography normal, next imaging study",https://gravitas.acr.org/ACPortal/GetDataForOneScenario?senarioId=7240,All,18 - 150,Chest,
Thoracic,3196651,"Sepsis, cough, initial imaging",https://gravitas.acr.org/ACPortal/GetDataForOneScenario?senarioId=7228,All,18 - 150,Chest,
Thoracic,3196668,"Sepsis, dyspnea, chest radiography equivocal, next imaging study",https://gravitas.acr.org/ACPortal/GetDataForOneScenario?senarioId=7244,All,18 - 150,Chest,
Thoracic,3196669,"Sepsis, dyspnea, chest radiography nonspecific, next imaging study",https://gravitas.acr.org/ACPortal/GetDataForOneScenario?senarioId=7245,All,18 - 150,Chest,
Thoracic,3196667,"Sepsis, dyspnea, chest radiography normal, next imaging study",https://gravitas.acr.org/ACPortal/GetDataForOneScenario?senarioId=7243,All,18 - 150,Chest,
Thoracic,3196652,"Sepsis, dyspnea, initial imaging",https://gravitas.acr.org/ACPortal/GetDataForOneScenario?senarioId=7229,All,18 - 150,Chest,
Thoracic,3196686,"Sepsis, non specific symptoms, unknown origin, chest radiography equivocal, next imaging study",https://gravitas.acr.org/ACPortal/GetDataForOneScenario?senarioId=7259,All,18 - 150,Chest,
Thoracic,3196687,"Sepsis, non specific symptoms, unknown origin, chest radiography nonspecific, next imaging study",https://gravitas.acr.org/ACPortal/GetDataForOneScenario?senarioId=7260,All,18 - 150,Chest,
Thoracic,3196685,"Sepsis, non specific symptoms, unknown origin, chest radiography normal, next imaging study",https://gravitas.acr.org/ACPortal/GetDataForOneScenario?senarioId=7258,All,18 - 150,Chest,
Thoracic,3196678,"Sepsis, non specific symptoms, unknown origin, initial imaging",https://gravitas.acr.org/ACPortal/GetDataForOneScenario?senarioId=7252,All,18 - 150,Unspecified,
Thoracic,3180670,"Thoracic outlet syndrome, arterial, imaging after surgery or intervention",https://gravitas.acr.org/ACPortal/GetDataForOneScenario?senarioId=5298,All,18 - 150,Chest,
Thoracic,3180669,"Thoracic outlet syndrome, arterial, initial imaging",https://gravitas.acr.org/ACPortal/GetDataForOneScenario?senarioId=5297,All,18 - 150,Chest,
Thoracic,3180666,"Thoracic outlet syndrome, neurogenic, imaging after surgery or intervention",https://gravitas.acr.org/ACPortal/GetDataForOneScenario?senarioId=5294,All,18 - 150,Chest,
Thoracic,3180665,"Thoracic outlet syndrome, neurogenic, initial imaging",https://gravitas.acr.org/ACPortal/GetDataForOneScenario?senarioId=5293,All,18 - 150,Chest,
Thoracic,3180668,"Thoracic outlet syndrome, venous, imaging after surgery or intervention",https://gravitas.acr.org/ACPortal/GetDataForOneScenario?senarioId=5296,All,18 - 150,Chest,
Thoracic,3180667,"Thoracic outlet syndrome, venous, initial imaging",https://gravitas.acr.org/ACPortal/GetDataForOneScenario?senarioId=5295,All,18 - 150,Chest,
Thoracic,3197459,"Tracheal stenosis suspected, initial imaging",https://gravitas.acr.org/ACPortal/GetDataForOneScenario?senarioId=7738,All,18 - 150,Neck-chest,
Thoracic,3197465,"Tracheal stenosis, posttreatment assessment",https://gravitas.acr.org/ACPortal/GetDataForOneScenario?senarioId=7743,All,18 - 150,Neck-chest,
Thoracic,3197464,"Tracheal stenosis, pretreatment assessment",https://gravitas.acr.org/ACPortal/GetDataForOneScenario?senarioId=7742,All,18 - 150,Neck-chest,
Thoracic,3197467,"Tracheomalacia suspected, initial imaging",https://gravitas.acr.org/ACPortal/GetDataForOneScenario?senarioId=7744,All,18 - 150,Neck-chest,
Thoracic,3197473,"Tracheomalacia, posttreatment assessment",https://gravitas.acr.org/ACPortal/GetDataForOneScenario?senarioId=7749,All,18 - 150,Neck-chest,
Thoracic,3197472,"Tracheomalacia, pretreatment assessment",https://gravitas.acr.org/ACPortal/GetDataForOneScenario?senarioId=7748,All,18 - 150,Neck-chest,
Thoracic,3102189,"Tuberculosis screening, no PPD, facility placement, asymptomatic",https://gravitas.acr.org/ACPortal/GetDataForOneScenario?senarioId=2373,All,18 - 150,Chest,
Thoracic,3102188,"Tuberculosis screening, pos PPD or IGRA, asymptomatic",https://gravitas.acr.org/ACPortal/GetDataForOneScenario?senarioId=2372,All,18 - 150,Chest,
Thoracic,3102187,"Tuberculosis, active suspected",https://gravitas.acr.org/ACPortal/GetDataForOneScenario?senarioId=2371,All,18 - 150,Chest,
Urologic,3191907,"UTI, lower urinary tract, recurrent, risk factors",https://gravitas.acr.org/ACPortal/GetDataForOneScenario?senarioId=5412,Female Only,18 - 150,Abdomen-pelvis,
Urologic,3194270,"Adrenal mass, <4cm on imaging, no benign features, hx of malignancy, adrenal specific follow up imaging",https://gravitas.acr.org/ACPortal/GetDataForOneScenario?senarioId=5610,All,18 - 150,Abdomen,
Urologic,3194272,"Adrenal mass, >=4cm on imaging, no benign features, hx of malignancy, adrenal specific follow-up imaging",https://gravitas.acr.org/ACPortal/GetDataForOneScenario?senarioId=5611,All,18 - 150,Abdomen,
Urologic,3194262,"Adrenal mass, indeterminate, <1cm on imaging, no benign features, no hx of malignancy, follow up imaging",https://gravitas.acr.org/ACPortal/GetDataForOneScenario?senarioId=5606,All,18 - 150,Abdomen,
Urologic,3194268,"Adrenal mass, indeterminate, >=4cm on imaging, no benign features, no hx of malignancy, adrenal specific follow up imaging",https://gravitas.acr.org/ACPortal/GetDataForOneScenario?senarioId=5609,All,18 - 150,Abdomen,
Urologic,3194266,"Adrenal mass, indeterminate, >2cm and <4cm on imaging, no benign features, no hx of malignancy, adrenal specific follow up imaging",https://gravitas.acr.org/ACPortal/GetDataForOneScenario?senarioId=5608,All,18 - 150,Abdomen,
Urologic,3194264,"Adrenal mass, indeterminate, 1-2cm on imaging, no benign features, no hx of malignancy, follow up imaging in 12 mos",https://gravitas.acr.org/ACPortal/GetDataForOneScenario?senarioId=5607,All,18 - 150,Abdomen,
Urologic,3073701,Benign prostatic hyperplasia (BPH) suspected,https://gravitas.acr.org/ACPortal/GetDataForOneScenario?senarioId=629,Male Only,18 - 150,Pelvis,
Urologic,3197597,"Bladder cancer, muscle invasive, pretreatment staging",https://gravitas.acr.org/ACPortal/GetDataForOneScenario?senarioId=7831,All,18 - 150,Abdomen-pelvis,
Urologic,3073692,"Bladder cancer, muscle invasive, treated, surveillance",https://gravitas.acr.org/ACPortal/GetDataForOneScenario?senarioId=621,All,18 - 150,Abdomen-pelvis,
Urologic,3197596,"Bladder cancer, nonmuscle invasive, pretreatment staging",https://gravitas.acr.org/ACPortal/GetDataForOneScenario?senarioId=7830,All,18 - 150,Abdomen-pelvis,
Urologic,3194027,"Bladder cancer, nonmuscle invasive, treated, asymptomatic, surveillance",https://gravitas.acr.org/ACPortal/GetDataForOneScenario?senarioId=5516,All,18 - 150,Abdomen-pelvis,
Urologic,3194028,"Bladder cancer, nonmuscle invasive, treated, no risk factors, surveillance",https://gravitas.acr.org/ACPortal/GetDataForOneScenario?senarioId=5517,All,18 - 150,Abdomen-pelvis,
Urologic,3194029,"Bladder cancer, nonmuscle invasive, treated, symptomatic, surveillance",https://gravitas.acr.org/ACPortal/GetDataForOneScenario?senarioId=5518,All,18 - 150,Abdomen-pelvis,
Urologic,3194030,"Bladder cancer, nonmuscle, invasive, treated, risk factors, surveillance",https://gravitas.acr.org/ACPortal/GetDataForOneScenario?senarioId=5519,All,18 - 150,Abdomen-pelvis,
Urologic,3196626,"Flank pain, acute, stone disease on recent imaging, recurrent symptoms, follow-up imaging",https://gravitas.acr.org/ACPortal/GetDataForOneScenario?senarioId=7218,All,18 - 150,Abdomen-pelvis,
Urologic,3196631,"Flank pain, acute, stone disease suspected, CT without contrast inconclusive for stones, next imaging study",https://gravitas.acr.org/ACPortal/GetDataForOneScenario?senarioId=7221,All,18 - 150,Abdomen-pelvis,
Urologic,3196624,"Flank pain, acute, stone disease suspected, no hx of stone disease, initial imaging",https://gravitas.acr.org/ACPortal/GetDataForOneScenario?senarioId=7217,All,18 - 150,Abdomen-pelvis,
Urologic,3196628,"Flank pain, acute, stone disease suspected, pregnant, follow-up imaging",https://gravitas.acr.org/ACPortal/GetDataForOneScenario?senarioId=7219,Female Only,10 - 60,Abdomen-pelvis,
Urologic,3196629,"Flank pain, acute, stone disease suspected, pregnant, initial imaging",https://gravitas.acr.org/ACPortal/GetDataForOneScenario?senarioId=7220,Female Only,10 - 60,Abdomen-pelvis,
Urologic,3196623,"Flank pain, acute, stone disease suspected, remote hx of stone disease, initial imaging",https://gravitas.acr.org/ACPortal/GetDataForOneScenario?senarioId=7216,All,18 - 150,Abdomen-pelvis,
Urologic,3102572,"Hematospermia, >=40 years",https://gravitas.acr.org/ACPortal/GetDataForOneScenario?senarioId=2416,Male Only,40 - 150,Pelvis,
Urologic,3102571,"Hematospermia, persistent",https://gravitas.acr.org/ACPortal/GetDataForOneScenario?senarioId=2415,Male Only,18 - 150,Pelvis,
Urologic,3079764,"Hematospermia, transient/episodic, <40 years, no other signs/symptoms",https://gravitas.acr.org/ACPortal/GetDataForOneScenario?senarioId=1096,Male Only,18 - 39,Pelvis,
Urologic,3102573,"Hematospermia, w/ associated signs or symptoms of disease",https://gravitas.acr.org/ACPortal/GetDataForOneScenario?senarioId=2417,Male Only,18 - 150,Pelvis,
Urologic,3183765,"Hematuria, current or recent menses, initial imaging",https://gravitas.acr.org/ACPortal/GetDataForOneScenario?senarioId=5329,Female Only,10 - 60,Abdomen-pelvis,
Urologic,3181245,"Hematuria, gross, initial imaging",https://gravitas.acr.org/ACPortal/GetDataForOneScenario?senarioId=5317,All,18 - 150,Abdomen-pelvis,
Urologic,3183764,"Hematuria, microscopic, infection or viral illness, initial imaging",https://gravitas.acr.org/ACPortal/GetDataForOneScenario?senarioId=5328,All,18-150,Abdomen-pelvis,
Urologic,3183762,"Hematuria, microscopic, no risk factors, initial imaging",https://gravitas.acr.org/ACPortal/GetDataForOneScenario?senarioId=5326,All,18-150,Abdomen-pelvis,
Urologic,3181244,"Hematuria, microscopic, pregnant, initial imaging",https://gravitas.acr.org/ACPortal/GetDataForOneScenario?senarioId=5316,Female Only,10 - 60,Abdomen-pelvis,
Urologic,3183763,"Hematuria, microscopic, recent vigorous exercise, initial imaging",https://gravitas.acr.org/ACPortal/GetDataForOneScenario?senarioId=5327,All,18-150,Abdomen-pelvis,
Urologic,3183768,"Hematuria, microscopic, risk factors, no current or recent menses, initial imaging",https://gravitas.acr.org/ACPortal/GetDataForOneScenario?senarioId=5332,Female Only,10 - 60,Abdomen-pelvis,
Urologic,3183767,"Hematuria, microscopic, risk factors, no infection or viral illness, initial imaging",https://gravitas.acr.org/ACPortal/GetDataForOneScenario?senarioId=5331,All,18 - 150,Abdomen-pelvis,
Urologic,3183766,"Hematuria, microscopic, risk factors, no recent vigorous exercise, initial imaging",https://gravitas.acr.org/ACPortal/GetDataForOneScenario?senarioId=5330,All,18 - 150,Abdomen-pelvis,
Urologic,3183769,"Hematuria, microscopic, risk factors, no renal parenchymal disease, initial imaging",https://gravitas.acr.org/ACPortal/GetDataForOneScenario?senarioId=5333,All,18 - 150,Abdomen-pelvis,
Urologic,3106361,"HTN, high suspicion renal vascular, decreased renal function",https://gravitas.acr.org/ACPortal/GetDataForOneScenario?senarioId=2488,All,18 - 150,Abdomen,
Urologic,3073720,"HTN, high suspicion renal vascular, normal renal function",https://gravitas.acr.org/ACPortal/GetDataForOneScenario?senarioId=640,All,18 - 150,Abdomen,
Urologic,3197013,"Hydronephrosis, unknown cause, asymptomatic, pregnant, initial imaging",https://gravitas.acr.org/ACPortal/GetDataForOneScenario?senarioId=7397,Female Only,10 - 60,Abdomen-pelvis,
Urologic,3197008,"Hydronephrosis, unknown cause, bilateral, asymptomatic, initial imaging",https://gravitas.acr.org/ACPortal/GetDataForOneScenario?senarioId=7394,All,18 - 150,Abdomen-pelvis,
Urologic,3197009,"Hydronephrosis, unknown cause, solitary kidney, asymptomatic, initial imaging",https://gravitas.acr.org/ACPortal/GetDataForOneScenario?senarioId=7395,All,18 - 150,Abdomen-pelvis,
Urologic,3197011,"Hydronephrosis, unknown cause, symptomatic, initial imaging",https://gravitas.acr.org/ACPortal/GetDataForOneScenario?senarioId=7396,All,18 - 150,Abdomen-pelvis,
Urologic,3197015,"Hydronephrosis, unknown cause, symptomatic, pregnant, initial imaging",https://gravitas.acr.org/ACPortal/GetDataForOneScenario?senarioId=7398,Female Only,10 - 60,Abdomen-pelvis,
Urologic,3197006,"Hydronephrosis, unknown cause, unilateral, asymptomatic, initial imaging",https://gravitas.acr.org/ACPortal/GetDataForOneScenario?senarioId=7393,All,18 - 150,Abdomen-pelvis,
Urologic,3073724,"Lower abdominal trauma, penetrating, urinary tract injury suspected",https://gravitas.acr.org/ACPortal/GetDataForOneScenario?senarioId=644,All,18 - 150,Pelvis,
Urologic,3196073,"Prostate cancer suspected, no prior biopsy, initial diagnosis, initial imaging",https://gravitas.acr.org/ACPortal/GetDataForOneScenario?senarioId=6820,Male Only,18 - 150,Abdomen-pelvis,
Urologic,3196074,"Prostate cancer suspected, TRUS guided biopsy negative, initial diagnosis, next imaging study",https://gravitas.acr.org/ACPortal/GetDataForOneScenario?senarioId=6821,Male Only,18 - 150,Abdomen-pelvis,
Urologic,3196078,"Prostate cancer, high risk, staging",https://gravitas.acr.org/ACPortal/GetDataForOneScenario?senarioId=6825,Male Only,18 - 150,Abdomen-pelvis,
Urologic,3196076,"Prostate cancer, intermediate risk, active surveillance",https://gravitas.acr.org/ACPortal/GetDataForOneScenario?senarioId=6823,Male Only,18 - 150,Abdomen-pelvis,
Urologic,3196077,"Prostate cancer, intermediate risk, staging",https://gravitas.acr.org/ACPortal/GetDataForOneScenario?senarioId=6824,Male Only,18 - 150,Abdomen-pelvis,
Urologic,3196075,"Prostate cancer, low risk, active surveillance",https://gravitas.acr.org/ACPortal/GetDataForOneScenario?senarioId=6822,Male Only,18 - 150,Abdomen-pelvis,
Urologic,3195948,"Prostate cancer, metastatic, post androgen deprivation therapy, follow-up imaging",https://gravitas.acr.org/ACPortal/GetDataForOneScenario?senarioId=6756,Male Only,18 - 150,Unspecified,
Urologic,3195947,"Prostate cancer, metastatic, post chemotherapy, follow-up imaging",https://gravitas.acr.org/ACPortal/GetDataForOneScenario?senarioId=6755,Male Only,18 - 150,Unspecified,
Urologic,3195946,"Prostate cancer, metastatic, post immunotherapy, follow-up imaging",https://gravitas.acr.org/ACPortal/GetDataForOneScenario?senarioId=6754,Male Only,18 - 150,Unspecified,
Urologic,3195945,"Prostate cancer, recurrent disease suspected, post nonsurgical local and pelvic treatment, follow-up imaging",https://gravitas.acr.org/ACPortal/GetDataForOneScenario?senarioId=6753,Male Only,18 - 150,Abdomen-pelvis,
Urologic,3195942,"Prostate cancer, recurrent disease suspected, post radical prostatectomy, follow-up imaging",https://gravitas.acr.org/ACPortal/GetDataForOneScenario?senarioId=6750,Male Only,18 - 150,Abdomen-pelvis,
Urologic,3195944,"Prostate cancer, residual disease suspected, post nonsurgical local and pelvic treatment, follow-up imaging",https://gravitas.acr.org/ACPortal/GetDataForOneScenario?senarioId=6752,Male Only,18 - 150,Abdomen-pelvis,
Urologic,3195943,"Prostate cancer, residual disease suspected, post radical prostatectomy, follow-up imaging",https://gravitas.acr.org/ACPortal/GetDataForOneScenario?senarioId=6751,Male Only,18 - 150,Abdomen-pelvis,
Urologic,3195302,"Pyelonephritis suspected, acute, advanced age, initial imaging",https://gravitas.acr.org/ACPortal/GetDataForOneScenario?senarioId=6249,All,18 - 150,Abdomen-pelvis,
Urologic,3195299,"Pyelonephritis suspected, acute, complicated, initial imaging",https://gravitas.acr.org/ACPortal/GetDataForOneScenario?senarioId=6246,All,18 - 150,Abdomen-pelvis,
Urologic,3195304,"Pyelonephritis suspected, acute, diabetes, initial imaging",https://gravitas.acr.org/ACPortal/GetDataForOneScenario?senarioId=6251,All,18 - 150,Abdomen-pelvis,
Urologic,3195303,"Pyelonephritis suspected, acute, immune compromise, initial imaging",https://gravitas.acr.org/ACPortal/GetDataForOneScenario?senarioId=6250,All,18 - 150,Abdomen-pelvis,
Urologic,3195300,"Pyelonephritis suspected, acute, lack of response to initial therapy, initial imaging",https://gravitas.acr.org/ACPortal/GetDataForOneScenario?senarioId=6247,All,18 - 150,Abdomen-pelvis,
Urologic,3195312,"Pyelonephritis suspected, acute, pelvic renal transplant hx, native kidneys in situ, no other complications, initial imaging",https://gravitas.acr.org/ACPortal/GetDataForOneScenario?senarioId=6256,All,18 - 150,Abdomen-pelvis,
Urologic,3195310,"Pyelonephritis suspected, acute, pregnant, no other complications, initial imaging",https://gravitas.acr.org/ACPortal/GetDataForOneScenario?senarioId=6255,Female Only,10 - 60,Abdomen-pelvis,
Urologic,3195305,"Pyelonephritis suspected, acute, recurrent pyelonephritis, initial imaging",https://gravitas.acr.org/ACPortal/GetDataForOneScenario?senarioId=6252,All,18 - 150,Abdomen-pelvis,
Urologic,3195307,"Pyelonephritis suspected, acute, renal obstruction hx, initial imaging",https://gravitas.acr.org/ACPortal/GetDataForOneScenario?senarioId=6253,All,18 - 150,Abdomen-pelvis,
Urologic,3195308,"Pyelonephritis suspected, acute, renal stones hx, initial imaging",https://gravitas.acr.org/ACPortal/GetDataForOneScenario?senarioId=6254,All,18 - 150,Abdomen-pelvis,
Urologic,3195297,"Pyelonephritis suspected, acute, uncomplicated, first time presentation, initial imaging",https://gravitas.acr.org/ACPortal/GetDataForOneScenario?senarioId=6245,All,18 - 150,Abdomen-pelvis,
Urologic,3195301,"Pyelonephritis suspected, acute, vesicoureteral reflux, initial imaging",https://gravitas.acr.org/ACPortal/GetDataForOneScenario?senarioId=6248,All,18 - 150,Abdomen-pelvis,
Urologic,3194879,"Renal cell cancer carcinoma, localized, active surveillance",https://gravitas.acr.org/ACPortal/GetDataForOneScenario?senarioId=5973,All,18 - 150,Abdomen,
Urologic,3194878,"Renal cell cancer carcinoma, localized, post ablation, follow up imaging",https://gravitas.acr.org/ACPortal/GetDataForOneScenario?senarioId=5972,All,18 - 150,Abdomen,
Urologic,3194876,"Renal cell cancer carcinoma, localized, post partial nephrectomy, follow up imaging",https://gravitas.acr.org/ACPortal/GetDataForOneScenario?senarioId=5970,All,18 - 150,Abdomen,
Urologic,3194877,"Renal cell cancer carcinoma, localized, post radical nephrectomy, follow up imaging",https://gravitas.acr.org/ACPortal/GetDataForOneScenario?senarioId=5971,All,18 - 150,Abdomen,
Urologic,3196311,"Renal cell carcinoma, contraindication to iodinated and gadolinium based contrast, staging",https://gravitas.acr.org/ACPortal/GetDataForOneScenario?senarioId=7025,All,18 - 150,Abdomen,
Urologic,3196313,"Renal cell carcinoma, contraindication to iodinated contrast, staging",https://gravitas.acr.org/ACPortal/GetDataForOneScenario?senarioId=7026,All,18 - 150,Abdomen,
Urologic,3196309,"Renal cell carcinoma, no contraindication to iodinated or gadolinium based contrast, staging",https://gravitas.acr.org/ACPortal/GetDataForOneScenario?senarioId=7024,All,18 - 150,Abdomen,
Urologic,3074313,"Renal failure, acute kidney injury, initial imaging",https://gravitas.acr.org/ACPortal/GetDataForOneScenario?senarioId=1006,All,18 - 150,Abdomen,
Urologic,3074314,"Renal failure, chronic kidney disease, initial imaging",https://gravitas.acr.org/ACPortal/GetDataForOneScenario?senarioId=1007,All,18 - 150,Abdomen,
Urologic,3194002,"Renal failure, kidney disease unknown duration, initial imaging",https://gravitas.acr.org/ACPortal/GetDataForOneScenario?senarioId=5495,All,18 - 150,Abdomen,
Urologic,3194003,"Renal failure, neurogenic bladder, initial imaging",https://gravitas.acr.org/ACPortal/GetDataForOneScenario?senarioId=5496,All,18 - 150,Abdomen,
Urologic,3084034,"Renal mass, indeterminate, contraindication to iodinated and gadolinium based contrast, initial imaging",https://gravitas.acr.org/ACPortal/GetDataForOneScenario?senarioId=2058,All,18 - 150,Abdomen,
Urologic,3185446,"Renal mass, indeterminate, contraindication to iodinated contrast, initial imaging",https://gravitas.acr.org/ACPortal/GetDataForOneScenario?senarioId=5397,All,18 - 150,Abdomen,
Urologic,3073700,"Renal mass, indeterminate, no contraindication to iodinated or gadolinium based contrast, initial imaging",https://gravitas.acr.org/ACPortal/GetDataForOneScenario?senarioId=628,All,18 - 150,Abdomen,
Urologic,3082510,Renal transplant dysfunction,https://gravitas.acr.org/ACPortal/GetDataForOneScenario?senarioId=1184,All,18 - 150,Abdomen-pelvis,
Urologic,3197600,"Scrotal pain, acute, nontraumatic, no antecedent mass, initial imaging",https://gravitas.acr.org/ACPortal/GetDataForOneScenario?senarioId=7833,Male Only,0 - 150,Pelvis,
Urologic,3194871,"Scrotum abnormality, palpable, newly diagnosed, hx of infection, initial imaging",https://gravitas.acr.org/ACPortal/GetDataForOneScenario?senarioId=5966,Male Only,18 - 150,Pelvis,
Urologic,3194872,"Scrotum abnormality, palpable, newly diagnosed, hx of trauma, initial imaging",https://gravitas.acr.org/ACPortal/GetDataForOneScenario?senarioId=5967,Male Only,18 - 150,Pelvis,
Urologic,3194874,"Scrotum abnormality, palpable, newly diagnosed, no hx of infection, initial imaging",https://gravitas.acr.org/ACPortal/GetDataForOneScenario?senarioId=5968,Male Only,18 - 150,Pelvis,
Urologic,3194875,"Scrotum abnormality, palpable, newly diagnosed, no hx of trauma, initial imaging",https://gravitas.acr.org/ACPortal/GetDataForOneScenario?senarioId=5969,Male Only,18 - 150,Pelvis,
Urologic,3196683,"Sepsis suspected, non specific symptoms, unknown origin, chest radiography equivocal, next imaging study",https://gravitas.acr.org/ACPortal/GetDataForOneScenario?senarioId=7256,All,18 - 150,Chest,
Urologic,3196684,"Sepsis suspected, non specific symptoms, unknown origin, chest radiography nonspecific, next imaging study",https://gravitas.acr.org/ACPortal/GetDataForOneScenario?senarioId=7257,All,18 - 150,Chest,
Urologic,3196682,"Sepsis suspected, non specific symptoms, unknown origin, chest radiography normal, next imaging study",https://gravitas.acr.org/ACPortal/GetDataForOneScenario?senarioId=7255,All,18 - 150,Chest,
Urologic,3196674,"Sepsis suspected, acute abdominal pain, initial imaging",https://gravitas.acr.org/ACPortal/GetDataForOneScenario?senarioId=7249,All,18 - 150,Abdomen,
Urologic,3196689,"Sepsis suspected, cannot assess symptoms, chest radiography equivocal, next imaging study",https://gravitas.acr.org/ACPortal/GetDataForOneScenario?senarioId=7262,All,18 - 150,Chest,
Urologic,3196690,"Sepsis suspected, cannot assess symptoms, chest radiography nonspecific, next imaging study",https://gravitas.acr.org/ACPortal/GetDataForOneScenario?senarioId=7263,All,18 - 150,Chest,
Urologic,3196688,"Sepsis suspected, cannot assess symptoms, chest radiography normal, next imaging study",https://gravitas.acr.org/ACPortal/GetDataForOneScenario?senarioId=7261,All,18 - 150,Chest,
Urologic,3196679,"Sepsis suspected, cannot assess symptoms, initial imaging",https://gravitas.acr.org/ACPortal/GetDataForOneScenario?senarioId=7253,All,18 - 150,Unspecified,
Urologic,3196662,"Sepsis suspected, chest pain, chest radiography equivocal, next imaging study",https://gravitas.acr.org/ACPortal/GetDataForOneScenario?senarioId=7238,All,18 - 150,Chest,
Urologic,3196663,"Sepsis suspected, chest pain, chest radiography nonspecific, next imaging study",https://gravitas.acr.org/ACPortal/GetDataForOneScenario?senarioId=7239,All,18 - 150,Chest,
Urologic,3196661,"Sepsis suspected, chest pain, chest radiography normal, next imaging study",https://gravitas.acr.org/ACPortal/GetDataForOneScenario?senarioId=7237,All,18 - 150,Chest,
Urologic,3196650,"Sepsis suspected, chest pain, initial imaging",https://gravitas.acr.org/ACPortal/GetDataForOneScenario?senarioId=7227,All,18 - 150,Chest,
Urologic,3196656,"Sepsis suspected, cough, chest radiography equivocal, next imaging study",https://gravitas.acr.org/ACPortal/GetDataForOneScenario?senarioId=7232,All,18 - 150,Chest,
Urologic,3196657,"Sepsis suspected, cough, chest radiography nonspecific, next imaging study",https://gravitas.acr.org/ACPortal/GetDataForOneScenario?senarioId=7233,All,18 - 150,Chest,
Urologic,3196655,"Sepsis suspected, cough, chest radiography normal, next imaging study",https://gravitas.acr.org/ACPortal/GetDataForOneScenario?senarioId=7231,All,18 - 150,Chest,
Urologic,3196648,"Sepsis suspected, cough, initial imaging",https://gravitas.acr.org/ACPortal/GetDataForOneScenario?senarioId=7225,All,18 - 150,Chest,
Urologic,3196659,"Sepsis suspected, dyspnea, chest radiography equivocal, next imaging study",https://gravitas.acr.org/ACPortal/GetDataForOneScenario?senarioId=7235,All,18 - 150,Chest,
Urologic,3196660,"Sepsis suspected, dyspnea, chest radiography nonspecific, next imaging study",https://gravitas.acr.org/ACPortal/GetDataForOneScenario?senarioId=7236,All,18 - 150,Chest,
Urologic,3196658,"Sepsis suspected, dyspnea, chest radiography normal, next imaging study",https://gravitas.acr.org/ACPortal/GetDataForOneScenario?senarioId=7234,All,18 - 150,Chest,
Urologic,3196649,"Sepsis suspected, dyspnea, initial imaging",https://gravitas.acr.org/ACPortal/GetDataForOneScenario?senarioId=7226,All,18 - 150,Chest,
Urologic,3196677,"Sepsis suspected, non specific symptoms, unknown origin, initial imaging",https://gravitas.acr.org/ACPortal/GetDataForOneScenario?senarioId=7251,All,18 - 150,Unspecified,
Urologic,3196675,"Sepsis, acute abdominal pain, initial imaging",https://gravitas.acr.org/ACPortal/GetDataForOneScenario?senarioId=7250,All,18 - 150,Abdomen,
Urologic,3196691,"Sepsis, cannot assess symptoms, chest radiography normal, next imaging study",https://gravitas.acr.org/ACPortal/GetDataForOneScenario?senarioId=7264,All,18 - 150,Chest,
Urologic,3196692,"Sepsis, cannot assess symptoms, chest radiography equivocal, next imaging study",https://gravitas.acr.org/ACPortal/GetDataForOneScenario?senarioId=7265,All,18 - 150,Chest,
Urologic,3196693,"Sepsis, cannot assess symptoms, chest radiography nonspecific, next imaging study",https://gravitas.acr.org/ACPortal/GetDataForOneScenario?senarioId=7266,All,18 - 150,Chest,
Urologic,3196680,"Sepsis, cannot assess symptoms, initial imaging",https://gravitas.acr.org/ACPortal/GetDataForOneScenario?senarioId=7254,All,18 - 150,Unspecified,
Urologic,3196672,"Sepsis, chest pain, chest radiography , nonspecific, next imaging study",https://gravitas.acr.org/ACPortal/GetDataForOneScenario?senarioId=7248,All,18 - 150,Chest,
Urologic,3196671,"Sepsis, chest pain, chest radiography equivocal, next imaging study",https://gravitas.acr.org/ACPortal/GetDataForOneScenario?senarioId=7247,All,18 - 150,Chest,
Urologic,3196670,"Sepsis, chest pain, chest radiography normal, next imaging study",https://gravitas.acr.org/ACPortal/GetDataForOneScenario?senarioId=7246,All,18 - 150,Chest,
Urologic,3196653,"Sepsis, chest pain, initial imaging",https://gravitas.acr.org/ACPortal/GetDataForOneScenario?senarioId=7230,All,18 - 150,Chest,
Urologic,3196665,"Sepsis, cough, chest radiography equivocal, next imaging study",https://gravitas.acr.org/ACPortal/GetDataForOneScenario?senarioId=7241,All,18 - 150,Chest,
Urologic,3196666,"Sepsis, cough, chest radiography nonspecific, next imaging study",https://gravitas.acr.org/ACPortal/GetDataForOneScenario?senarioId=7242,All,18 - 150,Chest,
Urologic,3196664,"Sepsis, cough, chest radiography normal, next imaging study",https://gravitas.acr.org/ACPortal/GetDataForOneScenario?senarioId=7240,All,18 - 150,Chest,
Urologic,3196651,"Sepsis, cough, initial imaging",https://gravitas.acr.org/ACPortal/GetDataForOneScenario?senarioId=7228,All,18 - 150,Chest,
Urologic,3196668,"Sepsis, dyspnea, chest radiography equivocal, next imaging study",https://gravitas.acr.org/ACPortal/GetDataForOneScenario?senarioId=7244,All,18 - 150,Chest,
Urologic,3196669,"Sepsis, dyspnea, chest radiography nonspecific, next imaging study",https://gravitas.acr.org/ACPortal/GetDataForOneScenario?senarioId=7245,All,18 - 150,Chest,
Urologic,3196667,"Sepsis, dyspnea, chest radiography normal, next imaging study",https://gravitas.acr.org/ACPortal/GetDataForOneScenario?senarioId=7243,All,18 - 150,Chest,
Urologic,3196652,"Sepsis, dyspnea, initial imaging",https://gravitas.acr.org/ACPortal/GetDataForOneScenario?senarioId=7229,All,18 - 150,Chest,
Urologic,3196686,"Sepsis, non specific symptoms, unknown origin, chest radiography equivocal, next imaging study",https://gravitas.acr.org/ACPortal/GetDataForOneScenario?senarioId=7259,All,18 - 150,Chest,
Urologic,3196687,"Sepsis, non specific symptoms, unknown origin, chest radiography nonspecific, next imaging study",https://gravitas.acr.org/ACPortal/GetDataForOneScenario?senarioId=7260,All,18 - 150,Chest,
Urologic,3196685,"Sepsis, non specific symptoms, unknown origin, chest radiography normal, next imaging study",https://gravitas.acr.org/ACPortal/GetDataForOneScenario?senarioId=7258,All,18 - 150,Chest,
Urologic,3196678,"Sepsis, non specific symptoms, unknown origin, initial imaging",https://gravitas.acr.org/ACPortal/GetDataForOneScenario?senarioId=7252,All,18 - 150,Unspecified,
Urologic,3194920,"Testicular cancer, nonseminoma, post orchiectomy, initial staging",https://gravitas.acr.org/ACPortal/GetDataForOneScenario?senarioId=6004,Male Only,18 - 150,Pelvis,
Urologic,3194918,"Testicular cancer, pure seminoma, post orchiectomy, initial staging",https://gravitas.acr.org/ACPortal/GetDataForOneScenario?senarioId=6003,Male Only,18 - 150,Pelvis,
Urologic,3194925,"Testicular cancer, stage 1A, nonseminoma, no recurrence suspected, post orchiectomy, surveillance",https://gravitas.acr.org/ACPortal/GetDataForOneScenario?senarioId=6007,Male Only,18 - 150,Pelvis,
Urologic,3194929,"Testicular cancer, stage 1A, nonseminoma, recurrence suspected, post orchiectomy, surveillance",https://gravitas.acr.org/ACPortal/GetDataForOneScenario?senarioId=6010,Male Only,18 - 150,Pelvis,
Urologic,3194922,"Testicular cancer, stage 1A, pure seminoma, no recurrence suspected, post orchiectomy, surveillance",https://gravitas.acr.org/ACPortal/GetDataForOneScenario?senarioId=6005,Male Only,18 - 150,Pelvis,
Urologic,3194928,"Testicular cancer, stage 1A, pure seminoma, recurrence suspected, post orchiectomy, surveillance",https://gravitas.acr.org/ACPortal/GetDataForOneScenario?senarioId=6009,Male Only,18 - 150,Pelvis,
Urologic,3194926,"Testicular cancer, stage 1B, nonseminoma, no recurrence suspected, post orchiectomy, surveillance",https://gravitas.acr.org/ACPortal/GetDataForOneScenario?senarioId=6008,Male Only,18 - 150,Pelvis,
Urologic,3194931,"Testicular cancer, stage 1B, nonseminoma, recurrence suspected, post orchiectomy, surveillance",https://gravitas.acr.org/ACPortal/GetDataForOneScenario?senarioId=6012,Male Only,18 - 150,Pelvis,
Urologic,3194923,"Testicular cancer, stage 1B, pure seminoma, no recurrence suspected, post orchiectomy, surveillance",https://gravitas.acr.org/ACPortal/GetDataForOneScenario?senarioId=6006,Male Only,18 - 150,Pelvis,
Urologic,3194930,"Testicular cancer, stage 1B, pure seminoma, recurrence suspected, post orchiectomy, surveillance",https://gravitas.acr.org/ACPortal/GetDataForOneScenario?senarioId=6011,Male Only,18 - 150,Pelvis,
Urologic,3197599,"Urothelial cancer, upper urinary tract, pretreatment staging",https://gravitas.acr.org/ACPortal/GetDataForOneScenario?senarioId=7832,All,18 - 150,Abdomen-pelvis,
Urologic,3191904,"UTI, lower urinary tract, recurrent, complicated",https://gravitas.acr.org/ACPortal/GetDataForOneScenario?senarioId=5409,Female Only,18 - 150,Abdomen-pelvis,
Urologic,3191906,"UTI, lower urinary tract, recurrent, frequent relapses",https://gravitas.acr.org/ACPortal/GetDataForOneScenario?senarioId=5411,Female Only,18 - 150,Abdomen-pelvis,
Urologic,3191905,"UTI, lower urinary tract, recurrent, no response to conventional therapy",https://gravitas.acr.org/ACPortal/GetDataForOneScenario?senarioId=5410,Female Only,18 - 150,Abdomen-pelvis,
Urologic,3074311,"UTI, lower urinary tract, recurrent, uncomplicated, no risk factors",https://gravitas.acr.org/ACPortal/GetDataForOneScenario?senarioId=1004,Female Only,18 - 150,Abdomen-pelvis,
Vascular,3196908,"AAA screening, asymptomatic, with or without family hx of AAA",https://gravitas.acr.org/ACPortal/GetDataForOneScenario?senarioId=7343,All,18 - 150,Abdomen-pelvis,
Vascular,3196909,"AAA screening, asymptomatic, with or without smoking hx",https://gravitas.acr.org/ACPortal/GetDataForOneScenario?senarioId=7344,All,18 - 150,Abdomen-pelvis,
Vascular,3149334,"AAA, asymptomatic, surveillance",https://gravitas.acr.org/ACPortal/GetDataForOneScenario?senarioId=4698,All,18 - 150,Abdomen-pelvis,
Vascular,3079770,"AAA, f/u after repair (open or endovasc)",https://gravitas.acr.org/ACPortal/GetDataForOneScenario?senarioId=1102,All,18 - 150,Abdomen-pelvis,
Vascular,3079769,"AAA, pre-op planning (open or endovasc)",https://gravitas.acr.org/ACPortal/GetDataForOneScenario?senarioId=1101,All,18 - 150,Abdomen-pelvis,
Vascular,3196605,"Abdominal mass, pulsatile, abdominal aortic aneurysm suspected, initial imaging",https://gravitas.acr.org/ACPortal/GetDataForOneScenario?senarioId=7203,All,18 - 150,Abdomen-pelvis,
Vascular,3196515,"Abnormal skin changes associated with the upper or lower extremity hemodialysis access cannulation site, including marked thinning, ulceration, eschar formation, spontaneous bleeding, pseudoaneurysm formation, superficial or deep infection. Treatment and procedures.",https://gravitas.acr.org/ACPortal/GetDataForOneScenario?senarioId=7145,All,18 - 150,Extremities,
Vascular,3194059,"Aortic disease, atherosclerotic, initial imaging",https://gravitas.acr.org/ACPortal/GetDataForOneScenario?senarioId=5548,All,18 - 150,Chest-abdomen,
Vascular,3194014,"Aortic disease, congenital, initial imaging",https://gravitas.acr.org/ACPortal/GetDataForOneScenario?senarioId=5507,All,18 - 150,Chest-abdomen,
Vascular,3194058,"Aortic disease, degenerative, initial imaging",https://gravitas.acr.org/ACPortal/GetDataForOneScenario?senarioId=5547,All,18 - 150,Chest-abdomen,
Vascular,3194055,"Aortic disease, infectious, initial imaging",https://gravitas.acr.org/ACPortal/GetDataForOneScenario?senarioId=5544,All,18 - 150,Chest-abdomen,
Vascular,3194054,"Aortic disease, inflammatory, initial imaging",https://gravitas.acr.org/ACPortal/GetDataForOneScenario?senarioId=5543,All,18 - 150,Chest-abdomen,
Vascular,3194057,"Aortic disease, metabolic, initial imaging",https://gravitas.acr.org/ACPortal/GetDataForOneScenario?senarioId=5546,All,18 - 150,Chest-abdomen,
Vascular,3194056,"Aortic disease, neoplastic, initial imaging",https://gravitas.acr.org/ACPortal/GetDataForOneScenario?senarioId=5545,All,18 - 150,Chest-abdomen,
Vascular,3195294,"Arterial claudication, revascularization assessment, initial imaging",https://gravitas.acr.org/ACPortal/GetDataForOneScenario?senarioId=6244,All,18 - 150,Lower extremity,
Vascular,3195891,"Arterial occlusion, lower extremity, embolic etiology suspected, next imaging study, determine source",https://gravitas.acr.org/ACPortal/GetDataForOneScenario?senarioId=6712,All,18 - 150,Chest-abdomen-pelvis,
Vascular,3195887,"Arterial occlusion, mesenteric arterial system, embolic etiology suspected, next imaging study, determine source",https://gravitas.acr.org/ACPortal/GetDataForOneScenario?senarioId=6709,All,18 - 150,Chest-abdomen,
Vascular,3195888,"Arterial occlusion, renal arterial system, embolic etiology suspected, next imaging study, determine source",https://gravitas.acr.org/ACPortal/GetDataForOneScenario?senarioId=6710,All,18 - 150,Chest-abdomen,
Vascular,3195889,"Arterial occlusion, renal infarcts, embolic etiology suspected, next imaging study, determine source",https://gravitas.acr.org/ACPortal/GetDataForOneScenario?senarioId=6711,All,18 - 150,Chest-abdomen,
Vascular,3195885,"Arterial occlusion, upper extremity, embolic etiology suspected, next imaging study, determine source",https://gravitas.acr.org/ACPortal/GetDataForOneScenario?senarioId=6708,All,18 - 150,Chest-abdomen,
Vascular,3195893,"Arterial occlusions, multi organ system, embolic etiology suspected, next imaging study, determine source",https://gravitas.acr.org/ACPortal/GetDataForOneScenario?senarioId=6713,All,18 - 150,Chest-abdomen-pelvis,
Vascular,3196486,"AVF, lower extremity, not mature 2 mos after created, initial imaging, guide IR therapy",https://gravitas.acr.org/ACPortal/GetDataForOneScenario?senarioId=7121,All,18 - 150,Lower extremity,
Vascular,3196487,"AVF, upper extremity, not mature 2 mos after created, initial imaging, guide IR therapy",https://gravitas.acr.org/ACPortal/GetDataForOneScenario?senarioId=7122,All,18 - 150,Upper extremity,
Vascular,3195418,"Breast reconstruction, surgical planning, deep inferior epigastric arteries evaluation, initial imaging",https://gravitas.acr.org/ACPortal/GetDataForOneScenario?senarioId=6323,Female Only,18 - 150,Abdomen-pelvis,
Vascular,3102659,"Chylothorax, nontraumatic or unknown etiology, tx planning",https://gravitas.acr.org/ACPortal/GetDataForOneScenario?senarioId=2447,All,18 - 150,Chest,
Vascular,3102658,"Chylothorax, traumatic etiology, tx planning",https://gravitas.acr.org/ACPortal/GetDataForOneScenario?senarioId=2446,All,18 - 150,Chest,
Vascular,3131588,"Claudication, prior revasc, initial exam",https://gravitas.acr.org/ACPortal/GetDataForOneScenario?senarioId=3438,All,18 - 150,Lower extremity,
Vascular,3196496,"Clinical suspicion of central venous stenosis or occlusion suggested by swelling (ie, soft tissue edema) of the extremity ipsilateral to the upper or lower extremity hemodialysis access, with or without the development of venous collaterals. Treatment and procedures.",https://gravitas.acr.org/ACPortal/GetDataForOneScenario?senarioId=7128,All,18 - 150,Extremities,
Vascular,3073532,"Cold painful leg, sudden onset, vascular compromise suspected, initial imaging",https://gravitas.acr.org/ACPortal/GetDataForOneScenario?senarioId=578,All,18 - 150,Lower extremity,
Vascular,3128571,"Cold, painful, pulseless leg, prior revasc, initial exam",https://gravitas.acr.org/ACPortal/GetDataForOneScenario?senarioId=3402,All,18 - 150,Lower extremity,
Vascular,3131589,"Critical limb ischemia, prior revasc, initial exam",https://gravitas.acr.org/ACPortal/GetDataForOneScenario?senarioId=3439,All,18 - 150,Lower extremity,
Vascular,3073893,"DVT suspected, initial exam",https://gravitas.acr.org/ACPortal/GetDataForOneScenario?senarioId=669,All,18 - 150,Lower extremity,
Vascular,3149286,External iliac artery endofibrosis suspected,https://gravitas.acr.org/ACPortal/GetDataForOneScenario?senarioId=4650,All,18 - 150,Lower extremity,
Vascular,3196489,Failure of an upper or lower extremity arteriovenous fistula to mature within 2 months after creation. Treatment and procedures.,https://gravitas.acr.org/ACPortal/GetDataForOneScenario?senarioId=7123,All,18 - 150,Extremities,
Vascular,3149743,Fibromuscular dysplasia or other noninflammatory vascular disease,https://gravitas.acr.org/ACPortal/GetDataForOneScenario?senarioId=4748,All,18 - 150,Lower extremity,
Vascular,3149742,Fibromuscular dysplasia or other noninflammatory vascular disease suspected,https://gravitas.acr.org/ACPortal/GetDataForOneScenario?senarioId=4747,All,18 - 150,Lower extremity,
Vascular,3196498,"Hemodialysis access cannulation site, lower extremity, abnormal skin changes, initial imaging, guide IR therapy",https://gravitas.acr.org/ACPortal/GetDataForOneScenario?senarioId=7129,All,18 - 150,Lower extremity,
Vascular,3196506,"Hemodialysis access cannulation site, lower extremity, deep infection, initial imaging, guide IR therapy",https://gravitas.acr.org/ACPortal/GetDataForOneScenario?senarioId=7137,All,18 - 150,Lower extremity,
Vascular,3196502,"Hemodialysis access cannulation site, lower extremity, eschar, initial imaging, guide IR therapy",https://gravitas.acr.org/ACPortal/GetDataForOneScenario?senarioId=7133,All,18 - 150,Lower extremity,
Vascular,3196500,"Hemodialysis access cannulation site, lower extremity, marked skin thinning, initial imaging, guide IR therapy",https://gravitas.acr.org/ACPortal/GetDataForOneScenario?senarioId=7131,All,18 - 150,Lower extremity,
Vascular,3196504,"Hemodialysis access cannulation site, lower extremity, pseudoaneurysm, initial imaging, guide IR therapy",https://gravitas.acr.org/ACPortal/GetDataForOneScenario?senarioId=7135,All,18 - 150,Lower extremity,
Vascular,3196503,"Hemodialysis access cannulation site, lower extremity, spontaneous bleeding, initial imaging, guide IR therapy",https://gravitas.acr.org/ACPortal/GetDataForOneScenario?senarioId=7134,All,18 - 150,Lower extremity,
Vascular,3196505,"Hemodialysis access cannulation site, lower extremity, superficial infection, initial imaging, guide IR therapy",https://gravitas.acr.org/ACPortal/GetDataForOneScenario?senarioId=7136,All,18 - 150,Lower extremity,
Vascular,3196501,"Hemodialysis access cannulation site, lower extremity, ulceration, initial imaging, guide IR therapy",https://gravitas.acr.org/ACPortal/GetDataForOneScenario?senarioId=7132,All,18 - 150,Lower extremity,
Vascular,3196499,"Hemodialysis access cannulation site, upper extremity, abnormal skin changes, initial imaging, guide IR therapy",https://gravitas.acr.org/ACPortal/GetDataForOneScenario?senarioId=7130,All,18 - 150,Upper extremity,
Vascular,3196513,"Hemodialysis access cannulation site, upper extremity, deep infection, initial imaging, guide IR therapy",https://gravitas.acr.org/ACPortal/GetDataForOneScenario?senarioId=7144,All,18 - 150,Upper extremity,
Vascular,3196509,"Hemodialysis access cannulation site, upper extremity, eschar, initial imaging, guide IR therapy",https://gravitas.acr.org/ACPortal/GetDataForOneScenario?senarioId=7140,All,18 - 150,Upper extremity,
Vascular,3196507,"Hemodialysis access cannulation site, upper extremity, marked skin thinning, initial imaging, guide IR therapy",https://gravitas.acr.org/ACPortal/GetDataForOneScenario?senarioId=7138,All,18 - 150,Upper extremity,
Vascular,3196511,"Hemodialysis access cannulation site, upper extremity, pseudoaneurysm, initial imaging, guide IR therapy",https://gravitas.acr.org/ACPortal/GetDataForOneScenario?senarioId=7142,All,18 - 150,Upper extremity,
Vascular,3196510,"Hemodialysis access cannulation site, upper extremity, spontaneous bleeding, initial imaging, guide IR therapy",https://gravitas.acr.org/ACPortal/GetDataForOneScenario?senarioId=7141,All,18 - 150,Upper extremity,
Vascular,3196512,"Hemodialysis access cannulation site, upper extremity, superficial infection, initial imaging, guide IR therapy",https://gravitas.acr.org/ACPortal/GetDataForOneScenario?senarioId=7143,All,18 - 150,Upper extremity,
Vascular,3196508,"Hemodialysis access cannulation site, upper extremity, ulceration, initial imaging, guide IR therapy",https://gravitas.acr.org/ACPortal/GetDataForOneScenario?senarioId=7139,All,18 - 150,Upper extremity,
Vascular,3196476,"Hemodialysis access dysfunction suspected, lower extremity, abnormal clinical indicator, initial imaging, guide IR therapy",https://gravitas.acr.org/ACPortal/GetDataForOneScenario?senarioId=7115,All,18 - 150,Lower extremity,
Vascular,3196477,"Hemodialysis access dysfunction suspected, lower extremity, abnormal hemodynamic indicator, initial imaging, guide IR therapy",https://gravitas.acr.org/ACPortal/GetDataForOneScenario?senarioId=7116,All,18 - 150,Lower extremity,
Vascular,3196474,"Hemodialysis access dysfunction suspected, upper extremity, abnormal clinical indicator, initial imaging, guide IR therapy",https://gravitas.acr.org/ACPortal/GetDataForOneScenario?senarioId=7113,All,18 - 150,Upper extremity,
Vascular,3196475,"Hemodialysis access dysfunction suspected, upper extremity, abnormal hemodynamic indicator, initial imaging, guide IR therapy",https://gravitas.acr.org/ACPortal/GetDataForOneScenario?senarioId=7114,All,18 - 150,Upper extremity,
Vascular,3196481,"Hemodialysis access thrombosis suspected, lower extremity, no pulse or thrill on physical exam, initial imaging, guide IR therapy",https://gravitas.acr.org/ACPortal/GetDataForOneScenario?senarioId=7118,All,18 - 150,Lower extremity,
Vascular,3196482,"Hemodialysis access thrombosis suspected, upper extremity, no pulse or thrill on physical exam, initial imaging, guide IR therapy",https://gravitas.acr.org/ACPortal/GetDataForOneScenario?senarioId=7119,All,18 - 150,Upper extremity,
Vascular,3196494,"Hemodialysis access, lower extremity, ipsilateral extremity swelling, with or without venous collaterals, central venous occlusion suspected, initial imaging, guide IR therapy",https://gravitas.acr.org/ACPortal/GetDataForOneScenario?senarioId=7127,All,18 - 150,Lower extremity,
Vascular,3196492,"Hemodialysis access, lower extremity, ipsilateral extremity swelling, with or without venous collaterals, central venous stenosis suspected, initial imaging, guide IR therapy",https://gravitas.acr.org/ACPortal/GetDataForOneScenario?senarioId=7125,All,18 - 150,Lower extremity,
Vascular,3196493,"Hemodialysis access, upper extremity, ipsilateral extremity swelling, with or without venous collaterals, central venous occlusion suspected, initial imaging, guide IR therapy",https://gravitas.acr.org/ACPortal/GetDataForOneScenario?senarioId=7126,All,18 - 150,Upper extremity,
Vascular,3196491,"Hemodialysis access, upper extremity, ipsilateral extremity swelling, with or without venous collaterals, central venous stenosis suspected, initial imaging, guide IR therapy",https://gravitas.acr.org/ACPortal/GetDataForOneScenario?senarioId=7124,All,18 - 150,Upper extremity,
Vascular,3106361,"HTN, high suspicion renal vascular, decreased renal function",https://gravitas.acr.org/ACPortal/GetDataForOneScenario?senarioId=2488,All,18 - 150,Abdomen,
Vascular,3073720,"HTN, high suspicion renal vascular, normal renal function",https://gravitas.acr.org/ACPortal/GetDataForOneScenario?senarioId=640,All,18 - 150,Abdomen,
Vascular,3196600,"Iliocaval disease suspected, severe post thrombotic changes, initial imaging",https://gravitas.acr.org/ACPortal/GetDataForOneScenario?senarioId=7199,All,18 - 150,Abdomen,
Vascular,3196603,"Iliocaval disease, severe post thrombotic changes, treatment",https://gravitas.acr.org/ACPortal/GetDataForOneScenario?senarioId=7201,All,18 - 150,Abdomen,
Vascular,3194256,"Large vessel vasculitis suspected, initial imaging",https://gravitas.acr.org/ACPortal/GetDataForOneScenario?senarioId=5603,All,18 - 150,Unspecified,
Vascular,3149739,Lower extremity arterial dissection,https://gravitas.acr.org/ACPortal/GetDataForOneScenario?senarioId=4744,All,18 - 150,Lower extremity,
Vascular,3149738,Lower extremity arterial dissection suspected,https://gravitas.acr.org/ACPortal/GetDataForOneScenario?senarioId=4743,All,18 - 150,Lower extremity,
Vascular,3149741,Lower extremity connective tissue vascular disease,https://gravitas.acr.org/ACPortal/GetDataForOneScenario?senarioId=4746,All,18 - 150,Lower extremity,
Vascular,3149740,Lower extremity connective tissue vascular disease suspected,https://gravitas.acr.org/ACPortal/GetDataForOneScenario?senarioId=4745,All,18 - 150,Lower extremity,
Vascular,3196604,"Lower extremity disease, severe post thrombotic changes, treatment",https://gravitas.acr.org/ACPortal/GetDataForOneScenario?senarioId=7202,All,18 - 150,Lower extremity,
Vascular,3128569,"Lower extremity prior revascularization, asymptomatic, follow up",https://gravitas.acr.org/ACPortal/GetDataForOneScenario?senarioId=3400,All,18 - 150,Lower extremity,
Vascular,3149290,Lower extremity vascular trauma,https://gravitas.acr.org/ACPortal/GetDataForOneScenario?senarioId=4654,All,18 - 150,Lower extremity,
Vascular,3149737,Lower extremity vasculitis,https://gravitas.acr.org/ACPortal/GetDataForOneScenario?senarioId=4742,All,18 - 150,Lower extremity,
Vascular,3149736,Lower extremity vasculitis suspected,https://gravitas.acr.org/ACPortal/GetDataForOneScenario?senarioId=4741,All,18 - 150,Lower extremity,
Vascular,3196601,"Lower extremity venous disease suspected, severe post thrombotic changes, initial imaging",https://gravitas.acr.org/ACPortal/GetDataForOneScenario?senarioId=7200,All,18 - 150,Lower extremity,
Vascular,3194258,"Medium vessel vasculitis suspected, initial imaging",https://gravitas.acr.org/ACPortal/GetDataForOneScenario?senarioId=5604,All,18 - 150,Unspecified,
Vascular,3141499,"Mesenteric ischemia, acute, suspected, initial exam",https://gravitas.acr.org/ACPortal/GetDataForOneScenario?senarioId=3537,All,18 - 150,Abdomen-pelvis,
Vascular,3141500,"Mesenteric ischemia, chronic, suspected, initial exam",https://gravitas.acr.org/ACPortal/GetDataForOneScenario?senarioId=3538,All,18 - 150,Abdomen-pelvis,
Vascular,3106344,"Neck trauma, penetrating, CTA neg or equivocal, aerodigestive injury suspected",https://gravitas.acr.org/ACPortal/GetDataForOneScenario?senarioId=2471,All,18 - 150,Neck,Cervical or Neck Pain
Vascular,3106343,"Neck trauma, penetrating, CTA neg or equivocal, vascular injury suspected",https://gravitas.acr.org/ACPortal/GetDataForOneScenario?senarioId=2470,All,18 - 150,Neck,Cervical or Neck Pain
Vascular,3106342,"Neck trauma, penetrating, soft tissue injury suspected",https://gravitas.acr.org/ACPortal/GetDataForOneScenario?senarioId=2469,All,18 - 150,Neck,Cervical or Neck Pain
Vascular,3197031,"PAVM suspected on chest CT, asymptomatic, next imaging study",https://gravitas.acr.org/ACPortal/GetDataForOneScenario?senarioId=7409,All,18 - 150,Chest,
Vascular,3197030,"PAVM suspected on chest radiography, asymptomatic, next imaging study",https://gravitas.acr.org/ACPortal/GetDataForOneScenario?senarioId=7408,All,18 - 150,Chest,
Vascular,3197017,"PAVM suspected, altered sensorium, lung nodule on chest radiography, next imaging study",https://gravitas.acr.org/ACPortal/GetDataForOneScenario?senarioId=7399,All,18 - 150,Chest,
Vascular,3197026,"PAVM suspected, asymptomatic, family hx HHT, initial imaging",https://gravitas.acr.org/ACPortal/GetDataForOneScenario?senarioId=7406,All,18 - 150,Chest,
Vascular,3197020,"PAVM suspected, brain abscess, lung nodule on chest radiography, next imaging study",https://gravitas.acr.org/ACPortal/GetDataForOneScenario?senarioId=7402,All,18 - 150,Chest,
Vascular,3197024,"PAVM suspected, hemoptysis, epistaxis hx, family hx HHT, initial imaging",https://gravitas.acr.org/ACPortal/GetDataForOneScenario?senarioId=7405,All,18 - 150,Chest,
Vascular,3197023,"PAVM suspected, hemothorax, epistaxis hx, family hx HHT,initial imaging",https://gravitas.acr.org/ACPortal/GetDataForOneScenario?senarioId=7404,All,18 - 150,Chest,
Vascular,3197019,"PAVM suspected, seizures, lung nodule on chest radiography, next imaging study",https://gravitas.acr.org/ACPortal/GetDataForOneScenario?senarioId=7401,All,18 - 150,Chest,
Vascular,3197022,"PAVM suspected, shortness of breath, epistaxis hx, family hx HHT, initial imaging",https://gravitas.acr.org/ACPortal/GetDataForOneScenario?senarioId=7403,All,18 - 150,Chest,
Vascular,3197018,"PAVM suspected, TIA, lung nodule on chest radiography, next imaging study",https://gravitas.acr.org/ACPortal/GetDataForOneScenario?senarioId=7400,All,18 - 150,Chest,
Vascular,3197028,"PAVM, post embolization, surveillance",https://gravitas.acr.org/ACPortal/GetDataForOneScenario?senarioId=7407,All,18 - 150,Chest,
Vascular,3149285,Popliteal arterial entrapment syndrome suspected,https://gravitas.acr.org/ACPortal/GetDataForOneScenario?senarioId=4649,All,18 - 150,Lower extremity,
Vascular,3194260,"Retroperitoneal bleed suspected, initial imaging",https://gravitas.acr.org/ACPortal/GetDataForOneScenario?senarioId=5605,All,18 - 150,Abdomen-pelvis,
Vascular,3196479,"Suspected dysfunction of the upper or lower extremity hemodialysis access (ie, arteriovenous fistula or graft) suggested by an abnormal clinical indicator or hemodynamic indicator (ie, reduction in dialysis vascular access blood flow rate or kinetics). Treatment and procedures.",https://gravitas.acr.org/ACPortal/GetDataForOneScenario?senarioId=7117,All,18 - 150,Extremities,
Vascular,3196484,"Suspected thrombosis of the upper or lower extremity hemodialysis access, marked by absent pulse and thrill on physical examination. Treatment and procedures.",https://gravitas.acr.org/ACPortal/GetDataForOneScenario?senarioId=7120,All,18 - 150,Extremities,
Vascular,3196522,"Suspected vascular steal syndrome (upper or lower extremity), suggested by cardiac failure or ischemic symptoms. Treatment and procedures.",https://gravitas.acr.org/ACPortal/GetDataForOneScenario?senarioId=7150,All,18 - 150,Extremities,
Vascular,3196585,"TAVR, preintervention planning, aortic root assessment, initial imaging",https://gravitas.acr.org/ACPortal/GetDataForOneScenario?senarioId=7191,All,18 - 150,Cardiac-chest,
Vascular,3196586,"TAVR, preintervention planning, supravalvular aorta and vascular access assessment, initial imaging",https://gravitas.acr.org/ACPortal/GetDataForOneScenario?senarioId=7192,All,18 - 150,cardiac-chest-pelvis,
Vascular,3106346,"Thoracic aorta disease, post repair (TEVAR), follow up",https://gravitas.acr.org/ACPortal/GetDataForOneScenario?senarioId=2473,All,18 - 150,Chest-abdomen,
Vascular,3106345,"Thoracic aorta disease, pre-op planning (TEVAR)",https://gravitas.acr.org/ACPortal/GetDataForOneScenario?senarioId=2472,All,18 - 150,Chest-abdomen,
Vascular,3180670,"Thoracic outlet syndrome, arterial, imaging after surgery or intervention",https://gravitas.acr.org/ACPortal/GetDataForOneScenario?senarioId=5298,All,18 - 150,Chest,
Vascular,3180669,"Thoracic outlet syndrome, arterial, initial imaging",https://gravitas.acr.org/ACPortal/GetDataForOneScenario?senarioId=5297,All,18 - 150,Chest,
Vascular,3180666,"Thoracic outlet syndrome, neurogenic, imaging after surgery or intervention",https://gravitas.acr.org/ACPortal/GetDataForOneScenario?senarioId=5294,All,18 - 150,Chest,
Vascular,3180665,"Thoracic outlet syndrome, neurogenic, initial imaging",https://gravitas.acr.org/ACPortal/GetDataForOneScenario?senarioId=5293,All,18 - 150,Chest,
Vascular,3180668,"Thoracic outlet syndrome, venous, imaging after surgery or intervention",https://gravitas.acr.org/ACPortal/GetDataForOneScenario?senarioId=5296,All,18 - 150,Chest,
Vascular,3180667,"Thoracic outlet syndrome, venous, initial imaging",https://gravitas.acr.org/ACPortal/GetDataForOneScenario?senarioId=5295,All,18 - 150,Chest,
Vascular,3196095,"Thoracoabdominal aortic aneurysm, post open repair, follow-up imaging",https://gravitas.acr.org/ACPortal/GetDataForOneScenario?senarioId=6835,All,18 - 150,Chest-abdomen,
Vascular,3196092,"Thoracoabdominal aortic aneurysm, post TEVAR, follow-up imaging",https://gravitas.acr.org/ACPortal/GetDataForOneScenario?senarioId=6833,All,18 - 150,Chest-abdomen,
Vascular,3196088,"Thoracoabdominal aortic aneurysm, preop planning, open repair",https://gravitas.acr.org/ACPortal/GetDataForOneScenario?senarioId=6830,All,18 - 150,Chest-abdomen,
Vascular,3196087,"Thoracoabdominal aortic aneurysm, preop planning, TEVAR",https://gravitas.acr.org/ACPortal/GetDataForOneScenario?senarioId=6829,All,18 - 150,Chest-abdomen,
Vascular,3196084,"Thoracoabdominal aortic aneurysm, without repair, without or with new symptoms, follow-up imaging",https://gravitas.acr.org/ACPortal/GetDataForOneScenario?senarioId=6827,All,18 - 150,Chest-abdomen,
Vascular,3196094,"Thoracoabdominal aortic dissection, post open repair, follow up imaging",https://gravitas.acr.org/ACPortal/GetDataForOneScenario?senarioId=6834,All,18 - 150,Chest-abdomen,
Vascular,3196091,"Thoracoabdominal aortic dissection, post TEVAR, follow-up imaging",https://gravitas.acr.org/ACPortal/GetDataForOneScenario?senarioId=6832,All,18 - 150,Chest-abdomen,
Vascular,3196086,"Thoracoabdominal aortic dissection, preop planning, open repair",https://gravitas.acr.org/ACPortal/GetDataForOneScenario?senarioId=6828,All,18 - 150,Chest-abdomen,
Vascular,3196089,"Thoracoabdominal aortic dissection, preop planning, TEVAR",https://gravitas.acr.org/ACPortal/GetDataForOneScenario?senarioId=6831,All,18 - 150,Chest-abdomen,
Vascular,3196083,"Thoracoabdominal aortic dissection, without repair, without or with new symptoms, follow-up imaging",https://gravitas.acr.org/ACPortal/GetDataForOneScenario?senarioId=6826,All,18 - 150,Chest-abdomen,
Vascular,3073894,"Upper extremity DVT suspected, initial imaging",https://gravitas.acr.org/ACPortal/GetDataForOneScenario?senarioId=670,All,18 - 150,Upper extremity,
Vascular,3102193,"Upper GI bleeding suspected, nonvariceal, no endoscopy, initial imaging",https://gravitas.acr.org/ACPortal/GetDataForOneScenario?senarioId=2377,All,18 - 150,Abdomen,
Vascular,3197481,"Upper GI bleeding, nonvariceal, clear source on endoscopy, continued bleeding after treatment, initial imaging",https://gravitas.acr.org/ACPortal/GetDataForOneScenario?senarioId=7753,All,18 - 150,Abdomen,
Vascular,3102194,"Upper GI bleeding, nonvariceal, clear source on endoscopy, treatment not possible, initial imaging",https://gravitas.acr.org/ACPortal/GetDataForOneScenario?senarioId=2378,All,18 - 150,Abdomen,
Vascular,3102196,"Upper GI bleeding, nonvariceal, endoscopy negative, initial imaging",https://gravitas.acr.org/ACPortal/GetDataForOneScenario?senarioId=2380,All,18 - 150,Abdomen,
Vascular,3102195,"Upper GI bleeding, nonvariceal, no clear source on endoscopy, initial imaging",https://gravitas.acr.org/ACPortal/GetDataForOneScenario?senarioId=2379,All,18 - 150,Abdomen,
Vascular,3197482,"Upper GI bleeding, nonvariceal, postsurgical cause, endoscopy contraindicated, initial imaging",https://gravitas.acr.org/ACPortal/GetDataForOneScenario?senarioId=7754,All,18 - 150,Abdomen,
Vascular,3197483,"Upper GI bleeding, nonvariceal, traumatic cause, endoscopy contraindicated, initial imaging",https://gravitas.acr.org/ACPortal/GetDataForOneScenario?senarioId=7755,All,18 - 150,Abdomen,
Vascular,3196588,"Varicose veins, lower extremity, initial imaging",https://gravitas.acr.org/ACPortal/GetDataForOneScenario?senarioId=7193,All,18 - 150,Lower extremity,
Vascular,3196596,"Varicose veins, lower extremity, pelvic origin suspected, initial imaging",https://gravitas.acr.org/ACPortal/GetDataForOneScenario?senarioId=7197,Female Only,18 - 150,Lower extremity,
Vascular,3196598,"Varicose veins, lower extremity, pelvic origin suspected, treatment",https://gravitas.acr.org/ACPortal/GetDataForOneScenario?senarioId=7198,Female Only,18 - 150,Lower extremity,
Vascular,3196590,"Varicose veins, lower extremity, treatment",https://gravitas.acr.org/ACPortal/GetDataForOneScenario?senarioId=7194,All,18 - 150,Lower extremity,
Vascular,3157888,"Vascular malformation suspected, ankle",https://gravitas.acr.org/ACPortal/GetDataForOneScenario?senarioId=4812,All,18 - 150,Lower extremity,
Vascular,3157880,"Vascular malformation suspected, elbow",https://gravitas.acr.org/ACPortal/GetDataForOneScenario?senarioId=4804,All,18 - 150,Upper extremity,
Vascular,3157889,"Vascular malformation suspected, foot",https://gravitas.acr.org/ACPortal/GetDataForOneScenario?senarioId=4813,All,18 - 150,Lower extremity,
Vascular,3157881,"Vascular malformation suspected, forearm",https://gravitas.acr.org/ACPortal/GetDataForOneScenario?senarioId=4805,All,18 - 150,Upper extremity,
Vascular,3157883,"Vascular malformation suspected, hand",https://gravitas.acr.org/ACPortal/GetDataForOneScenario?senarioId=4807,All,18 - 150,Upper extremity,
Vascular,3157884,"Vascular malformation suspected, hip",https://gravitas.acr.org/ACPortal/GetDataForOneScenario?senarioId=4808,All,18 - 150,Lower extremity,
Vascular,3157886,"Vascular malformation suspected, knee",https://gravitas.acr.org/ACPortal/GetDataForOneScenario?senarioId=4810,All,18 - 150,Lower extremity,
Vascular,3157887,"Vascular malformation suspected, lower leg",https://gravitas.acr.org/ACPortal/GetDataForOneScenario?senarioId=4811,All,18 - 150,Lower extremity,
Vascular,3157878,"Vascular malformation suspected, shoulder",https://gravitas.acr.org/ACPortal/GetDataForOneScenario?senarioId=4802,All,18 - 150,Upper extremity,
Vascular,3157885,"Vascular malformation suspected, thigh",https://gravitas.acr.org/ACPortal/GetDataForOneScenario?senarioId=4809,All,18 - 150,Lower extremity,
Vascular,3157879,"Vascular malformation suspected, upper arm",https://gravitas.acr.org/ACPortal/GetDataForOneScenario?senarioId=4803,All,18 - 150,Upper extremity,
Vascular,3157882,"Vascular malformation suspected, wrist",https://gravitas.acr.org/ACPortal/GetDataForOneScenario?senarioId=4806,All,18 - 150,Upper extremity,
Vascular,3157900,"Vascular murmur, ankle",https://gravitas.acr.org/ACPortal/GetDataForOneScenario?senarioId=4824,All,18 - 150,Lower extremity,
Vascular,3157892,"Vascular murmur, elbow",https://gravitas.acr.org/ACPortal/GetDataForOneScenario?senarioId=4816,All,18 - 150,Upper extremity,
Vascular,3157901,"Vascular murmur, foot",https://gravitas.acr.org/ACPortal/GetDataForOneScenario?senarioId=4825,All,18 - 150,Lower extremity,
Vascular,3157893,"Vascular murmur, forearm",https://gravitas.acr.org/ACPortal/GetDataForOneScenario?senarioId=4817,All,18 - 150,Upper extremity,
Vascular,3157895,"Vascular murmur, hand",https://gravitas.acr.org/ACPortal/GetDataForOneScenario?senarioId=4819,All,18 - 150,Upper extremity,
Vascular,3157896,"Vascular murmur, hip",https://gravitas.acr.org/ACPortal/GetDataForOneScenario?senarioId=4820,All,18 - 150,Lower extremity,
Vascular,3157898,"Vascular murmur, knee",https://gravitas.acr.org/ACPortal/GetDataForOneScenario?senarioId=4822,All,18 - 150,Lower extremity,
Vascular,3157899,"Vascular murmur, lower leg",https://gravitas.acr.org/ACPortal/GetDataForOneScenario?senarioId=4823,All,18 - 150,Lower extremity,
Vascular,3157890,"Vascular murmur, shoulder",https://gravitas.acr.org/ACPortal/GetDataForOneScenario?senarioId=4814,All,18 - 150,Upper extremity,
Vascular,3157897,"Vascular murmur, thigh",https://gravitas.acr.org/ACPortal/GetDataForOneScenario?senarioId=4821,All,18 - 150,Lower extremity,
Vascular,3157891,"Vascular murmur, upper arm",https://gravitas.acr.org/ACPortal/GetDataForOneScenario?senarioId=4815,All,18 - 150,Upper extremity,
Vascular,3157894,"Vascular murmur, wrist",https://gravitas.acr.org/ACPortal/GetDataForOneScenario?senarioId=4818,All,18 - 150,Upper extremity,
Vascular,3196517,"Vascular steal syndrome suspected, lower extremity, cardiac failure, initial imaging, guide IR therapy",https://gravitas.acr.org/ACPortal/GetDataForOneScenario?senarioId=7146,All,18 - 150,Lower extremity,
Vascular,3196518,"Vascular steal syndrome suspected, lower extremity, ischemic symptoms, initial imaging, guide IR therapy",https://gravitas.acr.org/ACPortal/GetDataForOneScenario?senarioId=7147,All,18 - 150,Lower extremity,
Vascular,3196519,"Vascular steal syndrome suspected, upper extremity, cardiac failure, initial imaging, guide IR therapy",https://gravitas.acr.org/ACPortal/GetDataForOneScenario?senarioId=7148,All,18 - 150,Upper extremity,
Vascular,3196520,"Vascular steal syndrome suspected, upper extremity, ischemic symptoms, initial imaging, guide IR therapy options",https://gravitas.acr.org/ACPortal/GetDataForOneScenario?senarioId=7149,All,18 - 150,Upper extremity,
Vascular,3196592,"Venous leg ulcer, lower extremity, initial imaging",https://gravitas.acr.org/ACPortal/GetDataForOneScenario?senarioId=7195,All,18 - 150,Lower extremity,
Vascular,3196594,"Venous leg ulcer, lower extremity, treatment",https://gravitas.acr.org/ACPortal/GetDataForOneScenario?senarioId=7196,All,18 - 150,Lower extremity,