,panel,scenario-text,scenario-id,procedure,adult-rrl,peds-rrl,appropriateness
0,Breast,"Axillary adenopathy, breast cancer suspected",3110141,US breast,0 mSvO,0 mSv [ped]O,Usually appropriate
1,Breast,"Axillary adenopathy, breast cancer suspected",3110141,Digital breast tomosynthesis diagnostic,0.1-1mSv☢☢,,Usually appropriate
2,Breast,"Axillary adenopathy, breast cancer suspected",3110141,Mammography diagnostic,0.1-1mSv☢☢,,Usually appropriate
3,Breast,"Axillary adenopathy, breast cancer suspected",3110141,MRI breast without and with IV contrast,0 mSvO,0 mSv [ped]O,Usually not appropriate
4,Breast,"Axillary adenopathy, breast cancer suspected",3110141,MRI breast without IV contrast,0 mSvO,0 mSv [ped]O,Usually not appropriate
5,Breast,"Axillary lump, palpable, new, bilateral, initial axilla imaging",3194817,US axilla,0 mSvO,0 mSv [ped]O,Usually appropriate
6,Breast,"Axillary lump, palpable, new, bilateral, initial axilla imaging",3194817,Digital breast tomosynthesis diagnostic,0.1-1mSv☢☢,,Usually not appropriate
7,Breast,"Axillary lump, palpable, new, bilateral, initial axilla imaging",3194817,Mammography diagnostic,0.1-1mSv☢☢,,Usually not appropriate
8,Breast,"Axillary lump, palpable, new, bilateral, initial axilla imaging",3194817,MRI breast without and with IV contrast,0 mSvO,0 mSv [ped]O,Usually not appropriate
9,Breast,"Axillary lump, palpable, new, bilateral, initial axilla imaging",3194817,MRI breast without IV contrast,0 mSvO,0 mSv [ped]O,Usually not appropriate
10,Breast,"Axillary lump, palpable, new, bilateral, initial axilla imaging",3194817,Sestamibi MBI,1-10 mSv☢☢☢,,Usually not appropriate
11,Breast,"Axillary lump, palpable, new, bilateral, initial axilla imaging",3194817,CT chest abdomen pelvis with IV contrast,10-30 mSv☢☢☢☢,3-10 mSv [ped]☢☢☢☢,Usually not appropriate
12,Breast,"Axillary lump, palpable, new, bilateral, initial axilla imaging",3194817,CT chest abdomen pelvis without and with IV contrast,10-30 mSv☢☢☢☢,10-30 mSv [ped]☢☢☢☢☢,Usually not appropriate
13,Breast,"Axillary lump, palpable, new, bilateral, initial axilla imaging",3194817,CT chest abdomen pelvis without IV contrast,10-30 mSv☢☢☢☢,3-10 mSv [ped]☢☢☢☢,Usually not appropriate
14,Breast,"Axillary lump, palpable, new, bilateral, initial axilla imaging",3194817,FDG-PET/CT skull base to mid-thigh,10-30 mSv☢☢☢☢,3-10 mSv [ped]☢☢☢☢,Usually not appropriate
15,Breast,"Axillary lump, palpable, new, unilateral, initial axilla imaging",3194815,US axilla,0 mSvO,0 mSv [ped]O,Usually appropriate
16,Breast,"Axillary lump, palpable, new, unilateral, initial axilla imaging",3194815,Digital breast tomosynthesis diagnostic,0.1-1mSv☢☢,,May be appropriate
17,Breast,"Axillary lump, palpable, new, unilateral, initial axilla imaging",3194815,Mammography diagnostic,0.1-1mSv☢☢,,May be appropriate
18,Breast,"Axillary lump, palpable, new, unilateral, initial axilla imaging",3194815,MRI breast without and with IV contrast,0 mSvO,0 mSv [ped]O,Usually not appropriate
19,Breast,"Axillary lump, palpable, new, unilateral, initial axilla imaging",3194815,MRI breast without IV contrast,0 mSvO,0 mSv [ped]O,Usually not appropriate
20,Breast,"Axillary lump, palpable, new, unilateral, initial axilla imaging",3194815,Sestamibi MBI,1-10 mSv☢☢☢,,Usually not appropriate
21,Breast,"Axillary lump, palpable, new, unilateral, initial axilla imaging",3194815,CT chest abdomen pelvis with IV contrast,10-30 mSv☢☢☢☢,3-10 mSv [ped]☢☢☢☢,Usually not appropriate
22,Breast,"Axillary lump, palpable, new, unilateral, initial axilla imaging",3194815,CT chest abdomen pelvis without and with IV contrast,10-30 mSv☢☢☢☢,10-30 mSv [ped]☢☢☢☢☢,Usually not appropriate
23,Breast,"Axillary lump, palpable, new, unilateral, initial axilla imaging",3194815,CT chest abdomen pelvis without IV contrast,10-30 mSv☢☢☢☢,3-10 mSv [ped]☢☢☢☢,Usually not appropriate
24,Breast,"Axillary lump, palpable, new, unilateral, initial axilla imaging",3194815,FDG-PET/CT skull base to mid-thigh,10-30 mSv☢☢☢☢,3-10 mSv [ped]☢☢☢☢,Usually not appropriate
25,Breast,"Axillary node, suspicious on imaging, not mammo or US, next imaging study",3194837,US axilla,0 mSvO,0 mSv [ped]O,Usually appropriate
26,Breast,"Axillary node, suspicious on imaging, not mammo or US, next imaging study",3194837,Digital breast tomosynthesis diagnostic,0.1-1mSv☢☢,,Usually appropriate
27,Breast,"Axillary node, suspicious on imaging, not mammo or US, next imaging study",3194837,Mammography diagnostic,0.1-1mSv☢☢,,Usually appropriate
28,Breast,"Axillary node, suspicious on imaging, not mammo or US, next imaging study",3194837,US-guided core biopsy axillary node,0 mSvO,0 mSv [ped]O,May be appropriate (Disagreement)
29,Breast,"Axillary node, suspicious on imaging, not mammo or US, next imaging study",3194837,US-guided fine needle aspiration biopsy axillary node,0 mSvO,0 mSv [ped]O,May be appropriate
30,Breast,"Axillary node, suspicious on mammo or US, next imaging study",3194835,US-guided core biopsy axillary node,0 mSvO,0 mSv [ped]O,Usually appropriate
31,Breast,"Axillary node, suspicious on mammo or US, next imaging study",3194835,US-guided fine needle aspiration biopsy axillary node,0 mSvO,0 mSv [ped]O,Usually appropriate
32,Breast,"Axillary node, suspicious on mammo or US, next imaging study",3194835,MRI breast without and with IV contrast,0 mSvO,0 mSv [ped]O,May be appropriate (Disagreement)
33,Breast,"Axillary node, suspicious on mammo or US, next imaging study",3194835,MRI breast without IV contrast,0 mSvO,0 mSv [ped]O,Usually not appropriate
34,Breast,"Axillary node, suspicious on mammo or US, next imaging study",3194835,Sestamibi MBI,1-10 mSv☢☢☢,,Usually not appropriate
35,Breast,"Axillary node, suspicious on mammo or US, next imaging study",3194835,CT chest abdomen pelvis with IV contrast,10-30 mSv☢☢☢☢,3-10 mSv [ped]☢☢☢☢,Usually not appropriate
36,Breast,"Axillary node, suspicious on mammo or US, next imaging study",3194835,CT chest abdomen pelvis without and with IV contrast,10-30 mSv☢☢☢☢,10-30 mSv [ped]☢☢☢☢☢,Usually not appropriate
37,Breast,"Axillary node, suspicious on mammo or US, next imaging study",3194835,CT chest abdomen pelvis without IV contrast,10-30 mSv☢☢☢☢,3-10 mSv [ped]☢☢☢☢,Usually not appropriate
38,Breast,"Axillary node, suspicious on mammo or US, next imaging study",3194835,FDG-PET/CT skull base to mid-thigh,10-30 mSv☢☢☢☢,3-10 mSv [ped]☢☢☢☢,Usually not appropriate
39,Breast,"Breast cancer screening, >=20-25% estimated lifetime risk",3197142,Digital breast tomosynthesis screening,0.1-1mSv☢☢,,Usually appropriate
40,Breast,"Breast cancer screening, >=20-25% estimated lifetime risk",3197142,Mammography screening,0.1-1mSv☢☢,,Usually appropriate
41,Breast,"Breast cancer screening, >=20-25% estimated lifetime risk",3197142,MRI breast without and with IV contrast,0 mSvO,0 mSv [ped]O,Usually appropriate
42,Breast,"Breast cancer screening, >=20-25% estimated lifetime risk",3197142,MRI breast without and with IV contrast abbreviated,0 mSvO,0 mSv [ped]O,Usually appropriate
43,Breast,"Breast cancer screening, >=20-25% estimated lifetime risk",3197142,US breast,0 mSvO,0 mSv [ped]O,May be appropriate (Disagreement)
44,Breast,"Breast cancer screening, >=20-25% estimated lifetime risk",3197142,Mammography with IV contrast,0.1-1mSv☢☢,,May be appropriate (Disagreement)
45,Breast,"Breast cancer screening, >=20-25% estimated lifetime risk",3197142,MRI breast without IV contrast,0 mSvO,0 mSv [ped]O,Usually not appropriate
46,Breast,"Breast cancer screening, >=20-25% estimated lifetime risk",3197142,MRI breast without IV contrast abbreviated,0 mSvO,0 mSv [ped]O,Usually not appropriate
47,Breast,"Breast cancer screening, >=20-25% estimated lifetime risk",3197142,Sestamibi MBI,1-10 mSv☢☢☢,,Usually not appropriate
48,Breast,"Breast cancer screening, 15-20% estimated lifetime risk",3197137,Digital breast tomosynthesis screening,0.1-1mSv☢☢,,Usually appropriate
49,Breast,"Breast cancer screening, 15-20% estimated lifetime risk",3197137,Mammography screening,0.1-1mSv☢☢,,Usually appropriate
50,Breast,"Breast cancer screening, 15-20% estimated lifetime risk",3197137,US breast,0 mSvO,0 mSv [ped]O,May be appropriate
51,Breast,"Breast cancer screening, 15-20% estimated lifetime risk",3197137,Mammography with IV contrast,0.1-1mSv☢☢,,May be appropriate
52,Breast,"Breast cancer screening, 15-20% estimated lifetime risk",3197137,MRI breast without and with IV contrast,0 mSvO,0 mSv [ped]O,May be appropriate
53,Breast,"Breast cancer screening, 15-20% estimated lifetime risk",3197137,MRI breast without and with IV contrast abbreviated,0 mSvO,0 mSv [ped]O,May be appropriate
54,Breast,"Breast cancer screening, 15-20% estimated lifetime risk",3197137,MRI breast without IV contrast,0 mSvO,0 mSv [ped]O,Usually not appropriate
55,Breast,"Breast cancer screening, 15-20% estimated lifetime risk",3197137,MRI breast without IV contrast abbreviated,0 mSvO,0 mSv [ped]O,Usually not appropriate
56,Breast,"Breast cancer screening, 15-20% estimated lifetime risk",3197137,Sestamibi MBI,1-10 mSv☢☢☢,,Usually not appropriate
57,Breast,"Breast cancer screening, average risk",3197134,Digital breast tomosynthesis screening,0.1-1mSv☢☢,,Usually appropriate
58,Breast,"Breast cancer screening, average risk",3197134,Mammography screening,0.1-1mSv☢☢,,Usually appropriate
59,Breast,"Breast cancer screening, average risk",3197134,US breast,0 mSvO,0 mSv [ped]O,May be appropriate
60,Breast,"Breast cancer screening, average risk",3197134,MRI breast without and with IV contrast,0 mSvO,0 mSv [ped]O,May be appropriate
61,Breast,"Breast cancer screening, average risk",3197134,MRI breast without and with IV contrast abbreviated,0 mSvO,0 mSv [ped]O,May be appropriate
62,Breast,"Breast cancer screening, average risk",3197134,Mammography with IV contrast,0.1-1mSv☢☢,,Usually not appropriate
63,Breast,"Breast cancer screening, average risk",3197134,MRI breast without IV contrast,0 mSvO,0 mSv [ped]O,Usually not appropriate
64,Breast,"Breast cancer screening, average risk",3197134,MRI breast without IV contrast abbreviated,0 mSvO,0 mSv [ped]O,Usually not appropriate
65,Breast,"Breast cancer screening, average risk",3197134,Sestamibi MBI,1-10 mSv☢☢☢,,Usually not appropriate
66,Breast,"Breast cancer screening, cancer hx, mastectomy side, no reconstruction",3185415,US breast,0 mSvO,0 mSv [ped]O,Usually not appropriate
67,Breast,"Breast cancer screening, cancer hx, mastectomy side, no reconstruction",3185415,Digital breast tomosynthesis screening,0.1-1mSv☢☢,,Usually not appropriate
68,Breast,"Breast cancer screening, cancer hx, mastectomy side, no reconstruction",3185415,Mammography screening,0.1-1mSv☢☢,,Usually not appropriate
69,Breast,"Breast cancer screening, cancer hx, mastectomy side, no reconstruction",3185415,MRI breast without and with IV contrast,0 mSvO,0 mSv [ped]O,Usually not appropriate
70,Breast,"Breast cancer screening, cancer hx, mastectomy side, no reconstruction",3185415,MRI breast without IV contrast,0 mSvO,0 mSv [ped]O,Usually not appropriate
71,Breast,"Breast cancer screening, cancer hx, mastectomy side, no reconstruction",3185415,FDG-PET breast dedicated,1-10 mSv☢☢☢,,Usually not appropriate
72,Breast,"Breast cancer screening, cancer hx, mastectomy side, no reconstruction",3185415,Sestamibi MBI,1-10 mSv☢☢☢,,Usually not appropriate
73,Breast,"Breast cancer screening, cancer hx, mastectomy, autologous reconstruction side",3185416,Digital breast tomosynthesis screening,0.1-1mSv☢☢,,May be appropriate
74,Breast,"Breast cancer screening, cancer hx, mastectomy, autologous reconstruction side",3185416,Mammography screening,0.1-1mSv☢☢,,May be appropriate
75,Breast,"Breast cancer screening, cancer hx, mastectomy, autologous reconstruction side",3185416,US breast,0 mSvO,0 mSv [ped]O,Usually not appropriate
76,Breast,"Breast cancer screening, cancer hx, mastectomy, autologous reconstruction side",3185416,MRI breast without and with IV contrast,0 mSvO,0 mSv [ped]O,Usually not appropriate
77,Breast,"Breast cancer screening, cancer hx, mastectomy, autologous reconstruction side",3185416,MRI breast without IV contrast,0 mSvO,0 mSv [ped]O,Usually not appropriate
78,Breast,"Breast cancer screening, cancer hx, mastectomy, autologous reconstruction side",3185416,FDG-PET breast dedicated,1-10 mSv☢☢☢,,Usually not appropriate
79,Breast,"Breast cancer screening, cancer hx, mastectomy, autologous reconstruction side",3185416,Sestamibi MBI,1-10 mSv☢☢☢,,Usually not appropriate
80,Breast,"Breast cancer screening, cancer hx, mastectomy, nonautologous reconstruction side",3185417,US breast,0 mSvO,0 mSv [ped]O,Usually not appropriate
81,Breast,"Breast cancer screening, cancer hx, mastectomy, nonautologous reconstruction side",3185417,Digital breast tomosynthesis screening,0.1-1mSv☢☢,,Usually not appropriate
82,Breast,"Breast cancer screening, cancer hx, mastectomy, nonautologous reconstruction side",3185417,Mammography screening,0.1-1mSv☢☢,,Usually not appropriate
83,Breast,"Breast cancer screening, cancer hx, mastectomy, nonautologous reconstruction side",3185417,MRI breast without and with IV contrast,0 mSvO,0 mSv [ped]O,Usually not appropriate
84,Breast,"Breast cancer screening, cancer hx, mastectomy, nonautologous reconstruction side",3185417,MRI breast without IV contrast,0 mSvO,0 mSv [ped]O,Usually not appropriate
85,Breast,"Breast cancer screening, cancer hx, mastectomy, nonautologous reconstruction side",3185417,FDG-PET breast dedicated,1-10 mSv☢☢☢,,Usually not appropriate
86,Breast,"Breast cancer screening, cancer hx, mastectomy, nonautologous reconstruction side",3185417,Sestamibi MBI,1-10 mSv☢☢☢,,Usually not appropriate
87,Breast,"Breast cancer screening, extremely dense breasts",3197138,Digital breast tomosynthesis screening,0.1-1mSv☢☢,,Usually appropriate
88,Breast,"Breast cancer screening, extremely dense breasts",3197138,Mammography screening,0.1-1mSv☢☢,,Usually appropriate
89,Breast,"Breast cancer screening, extremely dense breasts",3197138,US breast,0 mSvO,0 mSv [ped]O,May be appropriate
90,Breast,"Breast cancer screening, extremely dense breasts",3197138,Mammography with IV contrast,0.1-1mSv☢☢,,May be appropriate
91,Breast,"Breast cancer screening, extremely dense breasts",3197138,MRI breast without and with IV contrast,0 mSvO,0 mSv [ped]O,May be appropriate
92,Breast,"Breast cancer screening, extremely dense breasts",3197138,MRI breast without and with IV contrast abbreviated,0 mSvO,0 mSv [ped]O,May be appropriate
93,Breast,"Breast cancer screening, extremely dense breasts",3197138,MRI breast without IV contrast,0 mSvO,0 mSv [ped]O,Usually not appropriate
94,Breast,"Breast cancer screening, extremely dense breasts",3197138,MRI breast without IV contrast abbreviated,0 mSvO,0 mSv [ped]O,Usually not appropriate
95,Breast,"Breast cancer screening, extremely dense breasts",3197138,Sestamibi MBI,1-10 mSv☢☢☢,,Usually not appropriate
96,Breast,"Breast cancer screening, family hx breast cancer",3197139,Digital breast tomosynthesis screening,0.1-1mSv☢☢,,Usually appropriate
97,Breast,"Breast cancer screening, family hx breast cancer",3197139,Mammography screening,0.1-1mSv☢☢,,Usually appropriate
98,Breast,"Breast cancer screening, family hx breast cancer",3197139,US breast,0 mSvO,0 mSv [ped]O,May be appropriate
99,Breast,"Breast cancer screening, family hx breast cancer",3197139,Mammography with IV contrast,0.1-1mSv☢☢,,May be appropriate
100,Breast,"Breast cancer screening, family hx breast cancer",3197139,MRI breast without and with IV contrast,0 mSvO,0 mSv [ped]O,May be appropriate
101,Breast,"Breast cancer screening, family hx breast cancer",3197139,MRI breast without and with IV contrast abbreviated,0 mSvO,0 mSv [ped]O,May be appropriate
102,Breast,"Breast cancer screening, family hx breast cancer",3197139,MRI breast without IV contrast,0 mSvO,0 mSv [ped]O,Usually not appropriate
103,Breast,"Breast cancer screening, family hx breast cancer",3197139,MRI breast without IV contrast abbreviated,0 mSvO,0 mSv [ped]O,Usually not appropriate
104,Breast,"Breast cancer screening, family hx breast cancer",3197139,Sestamibi MBI,1-10 mSv☢☢☢,,Usually not appropriate
105,Breast,"Breast cancer screening, high risk",3197141,Digital breast tomosynthesis screening,0.1-1mSv☢☢,,Usually appropriate
106,Breast,"Breast cancer screening, high risk",3197141,Mammography screening,0.1-1mSv☢☢,,Usually appropriate
107,Breast,"Breast cancer screening, high risk",3197141,MRI breast without and with IV contrast,0 mSvO,0 mSv [ped]O,Usually appropriate
108,Breast,"Breast cancer screening, high risk",3197141,MRI breast without and with IV contrast abbreviated,0 mSvO,0 mSv [ped]O,Usually appropriate
109,Breast,"Breast cancer screening, high risk",3197141,US breast,0 mSvO,0 mSv [ped]O,May be appropriate (Disagreement)
110,Breast,"Breast cancer screening, high risk",3197141,Mammography with IV contrast,0.1-1mSv☢☢,,May be appropriate (Disagreement)
111,Breast,"Breast cancer screening, high risk",3197141,MRI breast without IV contrast,0 mSvO,0 mSv [ped]O,Usually not appropriate
112,Breast,"Breast cancer screening, high risk",3197141,MRI breast without IV contrast abbreviated,0 mSvO,0 mSv [ped]O,Usually not appropriate
113,Breast,"Breast cancer screening, high risk",3197141,Sestamibi MBI,1-10 mSv☢☢☢,,Usually not appropriate
114,Breast,"Breast cancer screening, high risk, bilateral prophylactic mastectomy, autologous reconstructions",3185419,US breast,0 mSvO,0 mSv [ped]O,Usually not appropriate
115,Breast,"Breast cancer screening, high risk, bilateral prophylactic mastectomy, autologous reconstructions",3185419,Digital breast tomosynthesis screening,0.1-1mSv☢☢,,Usually not appropriate
116,Breast,"Breast cancer screening, high risk, bilateral prophylactic mastectomy, autologous reconstructions",3185419,Mammography screening,0.1-1mSv☢☢,,Usually not appropriate
117,Breast,"Breast cancer screening, high risk, bilateral prophylactic mastectomy, autologous reconstructions",3185419,MRI breast without and with IV contrast,0 mSvO,0 mSv [ped]O,Usually not appropriate
118,Breast,"Breast cancer screening, high risk, bilateral prophylactic mastectomy, autologous reconstructions",3185419,MRI breast without IV contrast,0 mSvO,0 mSv [ped]O,Usually not appropriate
119,Breast,"Breast cancer screening, high risk, bilateral prophylactic mastectomy, autologous reconstructions",3185419,FDG-PET breast dedicated,1-10 mSv☢☢☢,,Usually not appropriate
120,Breast,"Breast cancer screening, high risk, bilateral prophylactic mastectomy, autologous reconstructions",3185419,Sestamibi MBI,1-10 mSv☢☢☢,,Usually not appropriate
121,Breast,"Breast cancer screening, high risk, bilateral prophylactic mastectomy, no reconstruction",3185418,US breast,0 mSvO,0 mSv [ped]O,Usually not appropriate
122,Breast,"Breast cancer screening, high risk, bilateral prophylactic mastectomy, no reconstruction",3185418,Digital breast tomosynthesis screening,0.1-1mSv☢☢,,Usually not appropriate
123,Breast,"Breast cancer screening, high risk, bilateral prophylactic mastectomy, no reconstruction",3185418,Mammography screening,0.1-1mSv☢☢,,Usually not appropriate
124,Breast,"Breast cancer screening, high risk, bilateral prophylactic mastectomy, no reconstruction",3185418,MRI breast without and with IV contrast,0 mSvO,0 mSv [ped]O,Usually not appropriate
125,Breast,"Breast cancer screening, high risk, bilateral prophylactic mastectomy, no reconstruction",3185418,MRI breast without IV contrast,0 mSvO,0 mSv [ped]O,Usually not appropriate
126,Breast,"Breast cancer screening, high risk, bilateral prophylactic mastectomy, no reconstruction",3185418,FDG-PET breast dedicated,1-10 mSv☢☢☢,,Usually not appropriate
127,Breast,"Breast cancer screening, high risk, bilateral prophylactic mastectomy, no reconstruction",3185418,Sestamibi MBI,1-10 mSv☢☢☢,,Usually not appropriate
128,Breast,"Breast cancer screening, high risk, bilateral prophylactic mastectomy, nonautologous reconstructions",3185420,US breast,0 mSvO,0 mSv [ped]O,Usually not appropriate
129,Breast,"Breast cancer screening, high risk, bilateral prophylactic mastectomy, nonautologous reconstructions",3185420,Digital breast tomosynthesis screening,0.1-1mSv☢☢,,Usually not appropriate
130,Breast,"Breast cancer screening, high risk, bilateral prophylactic mastectomy, nonautologous reconstructions",3185420,Mammography screening,0.1-1mSv☢☢,,Usually not appropriate
131,Breast,"Breast cancer screening, high risk, bilateral prophylactic mastectomy, nonautologous reconstructions",3185420,MRI breast without and with IV contrast,0 mSvO,0 mSv [ped]O,Usually not appropriate
132,Breast,"Breast cancer screening, high risk, bilateral prophylactic mastectomy, nonautologous reconstructions",3185420,MRI breast without IV contrast,0 mSvO,0 mSv [ped]O,Usually not appropriate
133,Breast,"Breast cancer screening, high risk, bilateral prophylactic mastectomy, nonautologous reconstructions",3185420,FDG-PET breast dedicated,1-10 mSv☢☢☢,,Usually not appropriate
134,Breast,"Breast cancer screening, high risk, bilateral prophylactic mastectomy, nonautologous reconstructions",3185420,Sestamibi MBI,1-10 mSv☢☢☢,,Usually not appropriate
135,Breast,"Breast cancer screening, high risk, pregnant, initial exam",3141514,Digital breast tomosynthesis screening,0.1-1mSv☢☢,,Usually appropriate
136,Breast,"Breast cancer screening, high risk, pregnant, initial exam",3141514,Mammography screening,0.1-1mSv☢☢,,Usually appropriate
137,Breast,"Breast cancer screening, high risk, pregnant, initial exam",3141514,US breast,0 mSvO,0 mSv [ped]O,May be appropriate
138,Breast,"Breast cancer screening, high risk, pregnant, initial exam",3141514,MRI breast without and with IV contrast,0 mSvO,0 mSv [ped]O,Usually not appropriate
139,Breast,"Breast cancer screening, high risk, pregnant, initial exam",3141514,MRI breast without IV contrast,0 mSvO,0 mSv [ped]O,Usually not appropriate
140,Breast,"Breast cancer screening, high risk, pregnant, initial exam",3141514,Sestamibi MBI,1-10 mSv☢☢☢,,Usually not appropriate
141,Breast,"Breast cancer screening, hx of atypical neoplasia prior to 40yo",3197135,Digital breast tomosynthesis screening,0.1-1mSv☢☢,,Usually appropriate
142,Breast,"Breast cancer screening, hx of atypical neoplasia prior to 40yo",3197135,Mammography screening,0.1-1mSv☢☢,,Usually appropriate
143,Breast,"Breast cancer screening, hx of atypical neoplasia prior to 40yo",3197135,US breast,0 mSvO,0 mSv [ped]O,May be appropriate
144,Breast,"Breast cancer screening, hx of atypical neoplasia prior to 40yo",3197135,Mammography with IV contrast,0.1-1mSv☢☢,,May be appropriate
145,Breast,"Breast cancer screening, hx of atypical neoplasia prior to 40yo",3197135,MRI breast without and with IV contrast,0 mSvO,0 mSv [ped]O,May be appropriate
146,Breast,"Breast cancer screening, hx of atypical neoplasia prior to 40yo",3197135,MRI breast without and with IV contrast abbreviated,0 mSvO,0 mSv [ped]O,May be appropriate
147,Breast,"Breast cancer screening, hx of atypical neoplasia prior to 40yo",3197135,MRI breast without IV contrast,0 mSvO,0 mSv [ped]O,Usually not appropriate
148,Breast,"Breast cancer screening, hx of atypical neoplasia prior to 40yo",3197135,MRI breast without IV contrast abbreviated,0 mSvO,0 mSv [ped]O,Usually not appropriate
149,Breast,"Breast cancer screening, hx of atypical neoplasia prior to 40yo",3197135,Sestamibi MBI,1-10 mSv☢☢☢,,Usually not appropriate
150,Breast,"Breast cancer screening, hx of breast cancer",3197146,Digital breast tomosynthesis screening,0.1-1mSv☢☢,,Usually appropriate
151,Breast,"Breast cancer screening, hx of breast cancer",3197146,Mammography screening,0.1-1mSv☢☢,,Usually appropriate
152,Breast,"Breast cancer screening, hx of breast cancer",3197146,MRI breast without and with IV contrast,0 mSvO,0 mSv [ped]O,Usually appropriate
153,Breast,"Breast cancer screening, hx of breast cancer",3197146,MRI breast without and with IV contrast abbreviated,0 mSvO,0 mSv [ped]O,Usually appropriate
154,Breast,"Breast cancer screening, hx of breast cancer",3197146,US breast,0 mSvO,0 mSv [ped]O,May be appropriate (Disagreement)
155,Breast,"Breast cancer screening, hx of breast cancer",3197146,Mammography with IV contrast,0.1-1mSv☢☢,,May be appropriate (Disagreement)
156,Breast,"Breast cancer screening, hx of breast cancer",3197146,MRI breast without IV contrast,0 mSvO,0 mSv [ped]O,Usually not appropriate
157,Breast,"Breast cancer screening, hx of breast cancer",3197146,MRI breast without IV contrast abbreviated,0 mSvO,0 mSv [ped]O,Usually not appropriate
158,Breast,"Breast cancer screening, hx of breast cancer",3197146,Sestamibi MBI,1-10 mSv☢☢☢,,Usually not appropriate
159,Breast,"Breast cancer screening, hx of lobular neoplasia prior to 40yo",3197140,Digital breast tomosynthesis screening,0.1-1mSv☢☢,,Usually appropriate
160,Breast,"Breast cancer screening, hx of lobular neoplasia prior to 40yo",3197140,Mammography screening,0.1-1mSv☢☢,,Usually appropriate
161,Breast,"Breast cancer screening, hx of lobular neoplasia prior to 40yo",3197140,US breast,0 mSvO,0 mSv [ped]O,May be appropriate
162,Breast,"Breast cancer screening, hx of lobular neoplasia prior to 40yo",3197140,Mammography with IV contrast,0.1-1mSv☢☢,,May be appropriate
163,Breast,"Breast cancer screening, hx of lobular neoplasia prior to 40yo",3197140,MRI breast without and with IV contrast,0 mSvO,0 mSv [ped]O,May be appropriate
164,Breast,"Breast cancer screening, hx of lobular neoplasia prior to 40yo",3197140,MRI breast without and with IV contrast abbreviated,0 mSvO,0 mSv [ped]O,May be appropriate
165,Breast,"Breast cancer screening, hx of lobular neoplasia prior to 40yo",3197140,MRI breast without IV contrast,0 mSvO,0 mSv [ped]O,Usually not appropriate
166,Breast,"Breast cancer screening, hx of lobular neoplasia prior to 40yo",3197140,MRI breast without IV contrast abbreviated,0 mSvO,0 mSv [ped]O,Usually not appropriate
167,Breast,"Breast cancer screening, hx of lobular neoplasia prior to 40yo",3197140,Sestamibi MBI,1-10 mSv☢☢☢,,Usually not appropriate
168,Breast,"Breast cancer screening, intermediate or high risk, pregnant, initial exam",3141515,Digital breast tomosynthesis screening,0.1-1mSv☢☢,,Usually appropriate
169,Breast,"Breast cancer screening, intermediate or high risk, pregnant, initial exam",3141515,Mammography screening,0.1-1mSv☢☢,,Usually appropriate
170,Breast,"Breast cancer screening, intermediate or high risk, pregnant, initial exam",3141515,US breast,0 mSvO,0 mSv [ped]O,May be appropriate
171,Breast,"Breast cancer screening, intermediate or high risk, pregnant, initial exam",3141515,MRI breast without and with IV contrast,0 mSvO,0 mSv [ped]O,Usually not appropriate
172,Breast,"Breast cancer screening, intermediate or high risk, pregnant, initial exam",3141515,MRI breast without IV contrast,0 mSvO,0 mSv [ped]O,Usually not appropriate
173,Breast,"Breast cancer screening, intermediate or high risk, pregnant, initial exam",3141515,Sestamibi MBI,1-10 mSv☢☢☢,,Usually not appropriate
174,Breast,"Breast cancer screening, intermediate risk",3197136,Digital breast tomosynthesis screening,0.1-1mSv☢☢,,Usually appropriate
175,Breast,"Breast cancer screening, intermediate risk",3197136,Mammography screening,0.1-1mSv☢☢,,Usually appropriate
176,Breast,"Breast cancer screening, intermediate risk",3197136,US breast,0 mSvO,0 mSv [ped]O,May be appropriate
177,Breast,"Breast cancer screening, intermediate risk",3197136,Mammography with IV contrast,0.1-1mSv☢☢,,May be appropriate
178,Breast,"Breast cancer screening, intermediate risk",3197136,MRI breast without and with IV contrast,0 mSvO,0 mSv [ped]O,May be appropriate
179,Breast,"Breast cancer screening, intermediate risk",3197136,MRI breast without and with IV contrast abbreviated,0 mSvO,0 mSv [ped]O,May be appropriate
180,Breast,"Breast cancer screening, intermediate risk",3197136,MRI breast without IV contrast,0 mSvO,0 mSv [ped]O,Usually not appropriate
181,Breast,"Breast cancer screening, intermediate risk",3197136,MRI breast without IV contrast abbreviated,0 mSvO,0 mSv [ped]O,Usually not appropriate
182,Breast,"Breast cancer screening, intermediate risk",3197136,Sestamibi MBI,1-10 mSv☢☢☢,,Usually not appropriate
183,Breast,"Breast cancer screening, lactating, initial exam",3141513,Digital breast tomosynthesis screening,0.1-1mSv☢☢,,Usually appropriate
184,Breast,"Breast cancer screening, lactating, initial exam",3141513,Mammography screening,0.1-1mSv☢☢,,Usually appropriate
185,Breast,"Breast cancer screening, lactating, initial exam",3141513,US breast,0 mSvO,0 mSv [ped]O,May be appropriate
186,Breast,"Breast cancer screening, lactating, initial exam",3141513,MRI breast without and with IV contrast,0 mSvO,0 mSv [ped]O,Usually not appropriate
187,Breast,"Breast cancer screening, lactating, initial exam",3141513,MRI breast without IV contrast,0 mSvO,0 mSv [ped]O,Usually not appropriate
188,Breast,"Breast cancer screening, lactating, initial exam",3141513,Sestamibi MBI,1-10 mSv☢☢☢,,Usually not appropriate
189,Breast,"Breast cancer screening, pathogenic mutation",3197143,Digital breast tomosynthesis screening,0.1-1mSv☢☢,,Usually appropriate
190,Breast,"Breast cancer screening, pathogenic mutation",3197143,Mammography screening,0.1-1mSv☢☢,,Usually appropriate
191,Breast,"Breast cancer screening, pathogenic mutation",3197143,MRI breast without and with IV contrast,0 mSvO,0 mSv [ped]O,Usually appropriate
192,Breast,"Breast cancer screening, pathogenic mutation",3197143,MRI breast without and with IV contrast abbreviated,0 mSvO,0 mSv [ped]O,Usually appropriate
193,Breast,"Breast cancer screening, pathogenic mutation",3197143,US breast,0 mSvO,0 mSv [ped]O,May be appropriate (Disagreement)
194,Breast,"Breast cancer screening, pathogenic mutation",3197143,Mammography with IV contrast,0.1-1mSv☢☢,,May be appropriate (Disagreement)
195,Breast,"Breast cancer screening, pathogenic mutation",3197143,MRI breast without IV contrast,0 mSvO,0 mSv [ped]O,Usually not appropriate
196,Breast,"Breast cancer screening, pathogenic mutation",3197143,MRI breast without IV contrast abbreviated,0 mSvO,0 mSv [ped]O,Usually not appropriate
197,Breast,"Breast cancer screening, pathogenic mutation",3197143,Sestamibi MBI,1-10 mSv☢☢☢,,Usually not appropriate
198,Breast,"Breast cancer screening, pathogenic mutation in first degree relative, untested",3197144,Digital breast tomosynthesis screening,0.1-1mSv☢☢,,Usually appropriate
199,Breast,"Breast cancer screening, pathogenic mutation in first degree relative, untested",3197144,Mammography screening,0.1-1mSv☢☢,,Usually appropriate
200,Breast,"Breast cancer screening, pathogenic mutation in first degree relative, untested",3197144,MRI breast without and with IV contrast,0 mSvO,0 mSv [ped]O,Usually appropriate
201,Breast,"Breast cancer screening, pathogenic mutation in first degree relative, untested",3197144,MRI breast without and with IV contrast abbreviated,0 mSvO,0 mSv [ped]O,Usually appropriate
202,Breast,"Breast cancer screening, pathogenic mutation in first degree relative, untested",3197144,US breast,0 mSvO,0 mSv [ped]O,May be appropriate (Disagreement)
203,Breast,"Breast cancer screening, pathogenic mutation in first degree relative, untested",3197144,Mammography with IV contrast,0.1-1mSv☢☢,,May be appropriate (Disagreement)
204,Breast,"Breast cancer screening, pathogenic mutation in first degree relative, untested",3197144,MRI breast without IV contrast,0 mSvO,0 mSv [ped]O,Usually not appropriate
205,Breast,"Breast cancer screening, pathogenic mutation in first degree relative, untested",3197144,MRI breast without IV contrast abbreviated,0 mSvO,0 mSv [ped]O,Usually not appropriate
206,Breast,"Breast cancer screening, pathogenic mutation in first degree relative, untested",3197144,Sestamibi MBI,1-10 mSv☢☢☢,,Usually not appropriate
207,Breast,"Breast cancer screening, pregnant, initial exam",3141516,Digital breast tomosynthesis screening,0.1-1mSv☢☢,,Usually appropriate
208,Breast,"Breast cancer screening, pregnant, initial exam",3141516,Mammography screening,0.1-1mSv☢☢,,Usually appropriate
209,Breast,"Breast cancer screening, pregnant, initial exam",3141516,US breast,0 mSvO,0 mSv [ped]O,May be appropriate
210,Breast,"Breast cancer screening, pregnant, initial exam",3141516,MRI breast without and with IV contrast,0 mSvO,0 mSv [ped]O,Usually not appropriate
211,Breast,"Breast cancer screening, pregnant, initial exam",3141516,MRI breast without IV contrast,0 mSvO,0 mSv [ped]O,Usually not appropriate
212,Breast,"Breast cancer screening, pregnant, initial exam",3141516,Sestamibi MBI,1-10 mSv☢☢☢,,Usually not appropriate
213,Breast,"Breast cancer screening, supplemental, dense breasts, average risk",3194281,Digital breast tomosynthesis screening,0.1-1mSv☢☢,,Usually appropriate
214,Breast,"Breast cancer screening, supplemental, dense breasts, average risk",3194281,US breast,0 mSvO,0 mSv [ped]O,May be appropriate (Disagreement)
215,Breast,"Breast cancer screening, supplemental, dense breasts, average risk",3194281,Mammography with IV contrast,0.1-1mSv☢☢,,May be appropriate
216,Breast,"Breast cancer screening, supplemental, dense breasts, average risk",3194281,MRI breast without and with IV contrast,0 mSvO,0 mSv [ped]O,May be appropriate
217,Breast,"Breast cancer screening, supplemental, dense breasts, average risk",3194281,MRI breast without and with IV contrast abbreviated,0 mSvO,0 mSv [ped]O,May be appropriate
218,Breast,"Breast cancer screening, supplemental, dense breasts, average risk",3194281,MRI breast without IV contrast,0 mSvO,0 mSv [ped]O,Usually not appropriate
219,Breast,"Breast cancer screening, supplemental, dense breasts, average risk",3194281,MRI breast without IV contrast abbreviated,0 mSvO,0 mSv [ped]O,Usually not appropriate
220,Breast,"Breast cancer screening, supplemental, dense breasts, average risk",3194281,FDG-PET breast dedicated,1-10 mSv☢☢☢,,Usually not appropriate
221,Breast,"Breast cancer screening, supplemental, dense breasts, average risk",3194281,Sestamibi MBI,1-10 mSv☢☢☢,,Usually not appropriate
222,Breast,"Breast cancer screening, supplemental, dense breasts, high risk",3194285,US breast,0 mSvO,0 mSv [ped]O,Usually appropriate
223,Breast,"Breast cancer screening, supplemental, dense breasts, high risk",3194285,Digital breast tomosynthesis screening,0.1-1mSv☢☢,,Usually appropriate
224,Breast,"Breast cancer screening, supplemental, dense breasts, high risk",3194285,MRI breast without and with IV contrast,0 mSvO,0 mSv [ped]O,Usually appropriate
225,Breast,"Breast cancer screening, supplemental, dense breasts, high risk",3194285,MRI breast without and with IV contrast abbreviated,0 mSvO,0 mSv [ped]O,Usually appropriate
226,Breast,"Breast cancer screening, supplemental, dense breasts, high risk",3194285,Mammography with IV contrast,0.1-1mSv☢☢,,May be appropriate
227,Breast,"Breast cancer screening, supplemental, dense breasts, high risk",3194285,MRI breast without IV contrast,0 mSvO,0 mSv [ped]O,Usually not appropriate
228,Breast,"Breast cancer screening, supplemental, dense breasts, high risk",3194285,MRI breast without IV contrast abbreviated,0 mSvO,0 mSv [ped]O,Usually not appropriate
229,Breast,"Breast cancer screening, supplemental, dense breasts, high risk",3194285,FDG-PET breast dedicated,1-10 mSv☢☢☢,,Usually not appropriate
230,Breast,"Breast cancer screening, supplemental, dense breasts, high risk",3194285,Sestamibi MBI,1-10 mSv☢☢☢,,Usually not appropriate
231,Breast,"Breast cancer screening, supplemental, dense breasts, intermediate risk",3194283,Digital breast tomosynthesis screening,0.1-1mSv☢☢,,Usually appropriate
232,Breast,"Breast cancer screening, supplemental, dense breasts, intermediate risk",3194283,US breast,0 mSvO,0 mSv [ped]O,May be appropriate
233,Breast,"Breast cancer screening, supplemental, dense breasts, intermediate risk",3194283,Mammography with IV contrast,0.1-1mSv☢☢,,May be appropriate
234,Breast,"Breast cancer screening, supplemental, dense breasts, intermediate risk",3194283,MRI breast without and with IV contrast,0 mSvO,0 mSv [ped]O,May be appropriate
235,Breast,"Breast cancer screening, supplemental, dense breasts, intermediate risk",3194283,MRI breast without and with IV contrast abbreviated,0 mSvO,0 mSv [ped]O,May be appropriate
236,Breast,"Breast cancer screening, supplemental, dense breasts, intermediate risk",3194283,MRI breast without IV contrast,0 mSvO,0 mSv [ped]O,Usually not appropriate
237,Breast,"Breast cancer screening, supplemental, dense breasts, intermediate risk",3194283,MRI breast without IV contrast abbreviated,0 mSvO,0 mSv [ped]O,Usually not appropriate
238,Breast,"Breast cancer screening, supplemental, dense breasts, intermediate risk",3194283,FDG-PET breast dedicated,1-10 mSv☢☢☢,,Usually not appropriate
239,Breast,"Breast cancer screening, supplemental, dense breasts, intermediate risk",3194283,Sestamibi MBI,1-10 mSv☢☢☢,,Usually not appropriate
240,Breast,"Breast cancer screening, supplemental, nondense breasts, average risk",3194275,Digital breast tomosynthesis screening,0.1-1mSv☢☢,,Usually appropriate
241,Breast,"Breast cancer screening, supplemental, nondense breasts, average risk",3194275,US breast,0 mSvO,0 mSv [ped]O,Usually not appropriate
242,Breast,"Breast cancer screening, supplemental, nondense breasts, average risk",3194275,Mammography with IV contrast,0.1-1mSv☢☢,,Usually not appropriate
243,Breast,"Breast cancer screening, supplemental, nondense breasts, average risk",3194275,MRI breast without and with IV contrast,0 mSvO,0 mSv [ped]O,Usually not appropriate
244,Breast,"Breast cancer screening, supplemental, nondense breasts, average risk",3194275,MRI breast without and with IV contrast abbreviated,0 mSvO,0 mSv [ped]O,Usually not appropriate
245,Breast,"Breast cancer screening, supplemental, nondense breasts, average risk",3194275,MRI breast without IV contrast,0 mSvO,0 mSv [ped]O,Usually not appropriate
246,Breast,"Breast cancer screening, supplemental, nondense breasts, average risk",3194275,MRI breast without IV contrast abbreviated,0 mSvO,0 mSv [ped]O,Usually not appropriate
247,Breast,"Breast cancer screening, supplemental, nondense breasts, average risk",3194275,FDG-PET breast dedicated,1-10 mSv☢☢☢,,Usually not appropriate
248,Breast,"Breast cancer screening, supplemental, nondense breasts, average risk",3194275,Sestamibi MBI,1-10 mSv☢☢☢,,Usually not appropriate
249,Breast,"Breast cancer screening, supplemental, nondense breasts, high risk",3194279,Digital breast tomosynthesis screening,0.1-1mSv☢☢,,Usually appropriate
250,Breast,"Breast cancer screening, supplemental, nondense breasts, high risk",3194279,MRI breast without and with IV contrast,0 mSvO,0 mSv [ped]O,Usually appropriate
251,Breast,"Breast cancer screening, supplemental, nondense breasts, high risk",3194279,US breast,0 mSvO,0 mSv [ped]O,May be appropriate
252,Breast,"Breast cancer screening, supplemental, nondense breasts, high risk",3194279,Mammography with IV contrast,0.1-1mSv☢☢,,May be appropriate
253,Breast,"Breast cancer screening, supplemental, nondense breasts, high risk",3194279,MRI breast without and with IV contrast abbreviated,0 mSvO,0 mSv [ped]O,May be appropriate
254,Breast,"Breast cancer screening, supplemental, nondense breasts, high risk",3194279,MRI breast without IV contrast,0 mSvO,0 mSv [ped]O,Usually not appropriate
255,Breast,"Breast cancer screening, supplemental, nondense breasts, high risk",3194279,MRI breast without IV contrast abbreviated,0 mSvO,0 mSv [ped]O,Usually not appropriate
256,Breast,"Breast cancer screening, supplemental, nondense breasts, high risk",3194279,FDG-PET breast dedicated,1-10 mSv☢☢☢,,Usually not appropriate
257,Breast,"Breast cancer screening, supplemental, nondense breasts, high risk",3194279,Sestamibi MBI,1-10 mSv☢☢☢,,Usually not appropriate
258,Breast,"Breast cancer screening, supplemental, nondense breasts, intermediate risk",3194277,Digital breast tomosynthesis screening,0.1-1mSv☢☢,,Usually appropriate
259,Breast,"Breast cancer screening, supplemental, nondense breasts, intermediate risk",3194277,MRI breast without and with IV contrast,0 mSvO,0 mSv [ped]O,May be appropriate
260,Breast,"Breast cancer screening, supplemental, nondense breasts, intermediate risk",3194277,MRI breast without and with IV contrast abbreviated,0 mSvO,0 mSv [ped]O,May be appropriate
261,Breast,"Breast cancer screening, supplemental, nondense breasts, intermediate risk",3194277,US breast,0 mSvO,0 mSv [ped]O,Usually not appropriate
262,Breast,"Breast cancer screening, supplemental, nondense breasts, intermediate risk",3194277,Mammography with IV contrast,0.1-1mSv☢☢,,Usually not appropriate
263,Breast,"Breast cancer screening, supplemental, nondense breasts, intermediate risk",3194277,MRI breast without IV contrast,0 mSvO,0 mSv [ped]O,Usually not appropriate
264,Breast,"Breast cancer screening, supplemental, nondense breasts, intermediate risk",3194277,MRI breast without IV contrast abbreviated,0 mSvO,0 mSv [ped]O,Usually not appropriate
265,Breast,"Breast cancer screening, supplemental, nondense breasts, intermediate risk",3194277,FDG-PET breast dedicated,1-10 mSv☢☢☢,,Usually not appropriate
266,Breast,"Breast cancer screening, supplemental, nondense breasts, intermediate risk",3194277,Sestamibi MBI,1-10 mSv☢☢☢,,Usually not appropriate
267,Breast,"Breast cancer screening, thoracic radiation therapy at 10-30yo",3197145,Digital breast tomosynthesis screening,0.1-1mSv☢☢,,Usually appropriate
268,Breast,"Breast cancer screening, thoracic radiation therapy at 10-30yo",3197145,Mammography screening,0.1-1mSv☢☢,,Usually appropriate
269,Breast,"Breast cancer screening, thoracic radiation therapy at 10-30yo",3197145,MRI breast without and with IV contrast,0 mSvO,0 mSv [ped]O,Usually appropriate
270,Breast,"Breast cancer screening, thoracic radiation therapy at 10-30yo",3197145,MRI breast without and with IV contrast abbreviated,0 mSvO,0 mSv [ped]O,Usually appropriate
271,Breast,"Breast cancer screening, thoracic radiation therapy at 10-30yo",3197145,US breast,0 mSvO,0 mSv [ped]O,May be appropriate (Disagreement)
272,Breast,"Breast cancer screening, thoracic radiation therapy at 10-30yo",3197145,Mammography with IV contrast,0.1-1mSv☢☢,,May be appropriate (Disagreement)
273,Breast,"Breast cancer screening, thoracic radiation therapy at 10-30yo",3197145,MRI breast without IV contrast,0 mSvO,0 mSv [ped]O,Usually not appropriate
274,Breast,"Breast cancer screening, thoracic radiation therapy at 10-30yo",3197145,MRI breast without IV contrast abbreviated,0 mSvO,0 mSv [ped]O,Usually not appropriate
275,Breast,"Breast cancer screening, thoracic radiation therapy at 10-30yo",3197145,Sestamibi MBI,1-10 mSv☢☢☢,,Usually not appropriate
276,Breast,"Breast cancer screening, transfeminine, average risk, current hormone use >=5 yrs",3194314,Digital breast tomosynthesis screening,0.1-1mSv☢☢,,May be appropriate
277,Breast,"Breast cancer screening, transfeminine, average risk, current hormone use >=5 yrs",3194314,Mammography screening,0.1-1mSv☢☢,,May be appropriate
278,Breast,"Breast cancer screening, transfeminine, average risk, current hormone use >=5 yrs",3194314,US breast,0 mSvO,0 mSv [ped]O,Usually not appropriate
279,Breast,"Breast cancer screening, transfeminine, average risk, current hormone use >=5 yrs",3194314,MRI breast without and with IV contrast,0 mSvO,0 mSv [ped]O,Usually not appropriate
280,Breast,"Breast cancer screening, transfeminine, average risk, current hormone use >=5 yrs",3194314,MRI breast without IV contrast,0 mSvO,0 mSv [ped]O,Usually not appropriate
281,Breast,"Breast cancer screening, transfeminine, average risk, hormone use <5 yrs",3194330,US breast,0 mSvO,0 mSv [ped]O,Usually not appropriate
282,Breast,"Breast cancer screening, transfeminine, average risk, hormone use <5 yrs",3194330,Digital breast tomosynthesis screening,0.1-1mSv☢☢,,Usually not appropriate
283,Breast,"Breast cancer screening, transfeminine, average risk, hormone use <5 yrs",3194330,Mammography screening,0.1-1mSv☢☢,,Usually not appropriate
284,Breast,"Breast cancer screening, transfeminine, average risk, hormone use <5 yrs",3194330,MRI breast without and with IV contrast,0 mSvO,0 mSv [ped]O,Usually not appropriate
285,Breast,"Breast cancer screening, transfeminine, average risk, hormone use <5 yrs",3194330,MRI breast without IV contrast,0 mSvO,0 mSv [ped]O,Usually not appropriate
286,Breast,"Breast cancer screening, transfeminine, average risk, no hormone use",3194331,US breast,0 mSvO,0 mSv [ped]O,Usually not appropriate
287,Breast,"Breast cancer screening, transfeminine, average risk, no hormone use",3194331,Digital breast tomosynthesis screening,0.1-1mSv☢☢,,Usually not appropriate
288,Breast,"Breast cancer screening, transfeminine, average risk, no hormone use",3194331,Mammography screening,0.1-1mSv☢☢,,Usually not appropriate
289,Breast,"Breast cancer screening, transfeminine, average risk, no hormone use",3194331,MRI breast without and with IV contrast,0 mSvO,0 mSv [ped]O,Usually not appropriate
290,Breast,"Breast cancer screening, transfeminine, average risk, no hormone use",3194331,MRI breast without IV contrast,0 mSvO,0 mSv [ped]O,Usually not appropriate
291,Breast,"Breast cancer screening, transfeminine, average risk, past hormone use >=5 yrs",3194315,Digital breast tomosynthesis screening,0.1-1mSv☢☢,,May be appropriate
292,Breast,"Breast cancer screening, transfeminine, average risk, past hormone use >=5 yrs",3194315,Mammography screening,0.1-1mSv☢☢,,May be appropriate
293,Breast,"Breast cancer screening, transfeminine, average risk, past hormone use >=5 yrs",3194315,US breast,0 mSvO,0 mSv [ped]O,Usually not appropriate
294,Breast,"Breast cancer screening, transfeminine, average risk, past hormone use >=5 yrs",3194315,MRI breast without and with IV contrast,0 mSvO,0 mSv [ped]O,Usually not appropriate
295,Breast,"Breast cancer screening, transfeminine, average risk, past hormone use >=5 yrs",3194315,MRI breast without IV contrast,0 mSvO,0 mSv [ped]O,Usually not appropriate
296,Breast,"Breast cancer screening, transfeminine, higher than average risk, current hormone use >=5 yrs, chest irradiation at 10-30 yo",3194321,Digital breast tomosynthesis screening,0.1-1mSv☢☢,,Usually appropriate
297,Breast,"Breast cancer screening, transfeminine, higher than average risk, current hormone use >=5 yrs, chest irradiation at 10-30 yo",3194321,Mammography screening,0.1-1mSv☢☢,,Usually appropriate
298,Breast,"Breast cancer screening, transfeminine, higher than average risk, current hormone use >=5 yrs, chest irradiation at 10-30 yo",3194321,US breast,0 mSvO,0 mSv [ped]O,Usually not appropriate
299,Breast,"Breast cancer screening, transfeminine, higher than average risk, current hormone use >=5 yrs, chest irradiation at 10-30 yo",3194321,MRI breast without and with IV contrast,0 mSvO,0 mSv [ped]O,Usually not appropriate
300,Breast,"Breast cancer screening, transfeminine, higher than average risk, current hormone use >=5 yrs, chest irradiation at 10-30 yo",3194321,MRI breast without IV contrast,0 mSvO,0 mSv [ped]O,Usually not appropriate
301,Breast,"Breast cancer screening, transfeminine, higher than average risk, current hormone use >=5 yrs, family hx breast cancer",3194319,Digital breast tomosynthesis screening,0.1-1mSv☢☢,,Usually appropriate
302,Breast,"Breast cancer screening, transfeminine, higher than average risk, current hormone use >=5 yrs, family hx breast cancer",3194319,Mammography screening,0.1-1mSv☢☢,,Usually appropriate
303,Breast,"Breast cancer screening, transfeminine, higher than average risk, current hormone use >=5 yrs, family hx breast cancer",3194319,US breast,0 mSvO,0 mSv [ped]O,Usually not appropriate
304,Breast,"Breast cancer screening, transfeminine, higher than average risk, current hormone use >=5 yrs, family hx breast cancer",3194319,MRI breast without and with IV contrast,0 mSvO,0 mSv [ped]O,Usually not appropriate
305,Breast,"Breast cancer screening, transfeminine, higher than average risk, current hormone use >=5 yrs, family hx breast cancer",3194319,MRI breast without IV contrast,0 mSvO,0 mSv [ped]O,Usually not appropriate
306,Breast,"Breast cancer screening, transfeminine, higher than average risk, current hormone use >=5 yrs, family hx ovarian cancer",3194318,Digital breast tomosynthesis screening,0.1-1mSv☢☢,,Usually appropriate
307,Breast,"Breast cancer screening, transfeminine, higher than average risk, current hormone use >=5 yrs, family hx ovarian cancer",3194318,Mammography screening,0.1-1mSv☢☢,,Usually appropriate
308,Breast,"Breast cancer screening, transfeminine, higher than average risk, current hormone use >=5 yrs, family hx ovarian cancer",3194318,US breast,0 mSvO,0 mSv [ped]O,Usually not appropriate
309,Breast,"Breast cancer screening, transfeminine, higher than average risk, current hormone use >=5 yrs, family hx ovarian cancer",3194318,MRI breast without and with IV contrast,0 mSvO,0 mSv [ped]O,Usually not appropriate
310,Breast,"Breast cancer screening, transfeminine, higher than average risk, current hormone use >=5 yrs, family hx ovarian cancer",3194318,MRI breast without IV contrast,0 mSvO,0 mSv [ped]O,Usually not appropriate
311,Breast,"Breast cancer screening, transfeminine, higher than average risk, current hormone use >=5 yrs, genetic predisposition to breast cancer",3194320,Digital breast tomosynthesis screening,0.1-1mSv☢☢,,Usually appropriate
312,Breast,"Breast cancer screening, transfeminine, higher than average risk, current hormone use >=5 yrs, genetic predisposition to breast cancer",3194320,Mammography screening,0.1-1mSv☢☢,,Usually appropriate
313,Breast,"Breast cancer screening, transfeminine, higher than average risk, current hormone use >=5 yrs, genetic predisposition to breast cancer",3194320,US breast,0 mSvO,0 mSv [ped]O,Usually not appropriate
314,Breast,"Breast cancer screening, transfeminine, higher than average risk, current hormone use >=5 yrs, genetic predisposition to breast cancer",3194320,MRI breast without and with IV contrast,0 mSvO,0 mSv [ped]O,Usually not appropriate
315,Breast,"Breast cancer screening, transfeminine, higher than average risk, current hormone use >=5 yrs, genetic predisposition to breast cancer",3194320,MRI breast without IV contrast,0 mSvO,0 mSv [ped]O,Usually not appropriate
316,Breast,"Breast cancer screening, transfeminine, higher than average risk, current hormone use >=5 yrs, personal hx breast cancer",3194322,Digital breast tomosynthesis screening,0.1-1mSv☢☢,,Usually appropriate
317,Breast,"Breast cancer screening, transfeminine, higher than average risk, current hormone use >=5 yrs, personal hx breast cancer",3194322,Mammography screening,0.1-1mSv☢☢,,Usually appropriate
318,Breast,"Breast cancer screening, transfeminine, higher than average risk, current hormone use >=5 yrs, personal hx breast cancer",3194322,US breast,0 mSvO,0 mSv [ped]O,Usually not appropriate
319,Breast,"Breast cancer screening, transfeminine, higher than average risk, current hormone use >=5 yrs, personal hx breast cancer",3194322,MRI breast without and with IV contrast,0 mSvO,0 mSv [ped]O,Usually not appropriate
320,Breast,"Breast cancer screening, transfeminine, higher than average risk, current hormone use >=5 yrs, personal hx breast cancer",3194322,MRI breast without IV contrast,0 mSvO,0 mSv [ped]O,Usually not appropriate
321,Breast,"Breast cancer screening, transfeminine, higher than average risk, current hormone use >=5 yrs, untested, genetic predisposition to breast cancer in first degree relative",3194317,Digital breast tomosynthesis screening,0.1-1mSv☢☢,,Usually appropriate
322,Breast,"Breast cancer screening, transfeminine, higher than average risk, current hormone use >=5 yrs, untested, genetic predisposition to breast cancer in first degree relative",3194317,Mammography screening,0.1-1mSv☢☢,,Usually appropriate
323,Breast,"Breast cancer screening, transfeminine, higher than average risk, current hormone use >=5 yrs, untested, genetic predisposition to breast cancer in first degree relative",3194317,US breast,0 mSvO,0 mSv [ped]O,Usually not appropriate
324,Breast,"Breast cancer screening, transfeminine, higher than average risk, current hormone use >=5 yrs, untested, genetic predisposition to breast cancer in first degree relative",3194317,MRI breast without and with IV contrast,0 mSvO,0 mSv [ped]O,Usually not appropriate
325,Breast,"Breast cancer screening, transfeminine, higher than average risk, current hormone use >=5 yrs, untested, genetic predisposition to breast cancer in first degree relative",3194317,MRI breast without IV contrast,0 mSvO,0 mSv [ped]O,Usually not appropriate
326,Breast,"Breast cancer screening, transfeminine, higher than average risk, hormone use <5 yrs, chest irradiation at 10-30yo",3194337,Digital breast tomosynthesis screening,0.1-1mSv☢☢,,May be appropriate
327,Breast,"Breast cancer screening, transfeminine, higher than average risk, hormone use <5 yrs, chest irradiation at 10-30yo",3194337,Mammography screening,0.1-1mSv☢☢,,May be appropriate
328,Breast,"Breast cancer screening, transfeminine, higher than average risk, hormone use <5 yrs, chest irradiation at 10-30yo",3194337,US breast,0 mSvO,0 mSv [ped]O,Usually not appropriate
329,Breast,"Breast cancer screening, transfeminine, higher than average risk, hormone use <5 yrs, chest irradiation at 10-30yo",3194337,MRI breast without and with IV contrast,0 mSvO,0 mSv [ped]O,Usually not appropriate
330,Breast,"Breast cancer screening, transfeminine, higher than average risk, hormone use <5 yrs, chest irradiation at 10-30yo",3194337,MRI breast without IV contrast,0 mSvO,0 mSv [ped]O,Usually not appropriate
331,Breast,"Breast cancer screening, transfeminine, higher than average risk, hormone use <5 yrs, family hx breast cancer",3194335,Digital breast tomosynthesis screening,0.1-1mSv☢☢,,May be appropriate
332,Breast,"Breast cancer screening, transfeminine, higher than average risk, hormone use <5 yrs, family hx breast cancer",3194335,Mammography screening,0.1-1mSv☢☢,,May be appropriate
333,Breast,"Breast cancer screening, transfeminine, higher than average risk, hormone use <5 yrs, family hx breast cancer",3194335,US breast,0 mSvO,0 mSv [ped]O,Usually not appropriate
334,Breast,"Breast cancer screening, transfeminine, higher than average risk, hormone use <5 yrs, family hx breast cancer",3194335,MRI breast without and with IV contrast,0 mSvO,0 mSv [ped]O,Usually not appropriate
335,Breast,"Breast cancer screening, transfeminine, higher than average risk, hormone use <5 yrs, family hx breast cancer",3194335,MRI breast without IV contrast,0 mSvO,0 mSv [ped]O,Usually not appropriate
336,Breast,"Breast cancer screening, transfeminine, higher than average risk, hormone use <5 yrs, family hx ovarian cancer",3194334,Digital breast tomosynthesis screening,0.1-1mSv☢☢,,May be appropriate
337,Breast,"Breast cancer screening, transfeminine, higher than average risk, hormone use <5 yrs, family hx ovarian cancer",3194334,Mammography screening,0.1-1mSv☢☢,,May be appropriate
338,Breast,"Breast cancer screening, transfeminine, higher than average risk, hormone use <5 yrs, family hx ovarian cancer",3194334,US breast,0 mSvO,0 mSv [ped]O,Usually not appropriate
339,Breast,"Breast cancer screening, transfeminine, higher than average risk, hormone use <5 yrs, family hx ovarian cancer",3194334,MRI breast without and with IV contrast,0 mSvO,0 mSv [ped]O,Usually not appropriate
340,Breast,"Breast cancer screening, transfeminine, higher than average risk, hormone use <5 yrs, family hx ovarian cancer",3194334,MRI breast without IV contrast,0 mSvO,0 mSv [ped]O,Usually not appropriate
341,Breast,"Breast cancer screening, transfeminine, higher than average risk, hormone use <5 yrs, genetic predisposition to breast cancer",3194336,Digital breast tomosynthesis screening,0.1-1mSv☢☢,,May be appropriate
342,Breast,"Breast cancer screening, transfeminine, higher than average risk, hormone use <5 yrs, genetic predisposition to breast cancer",3194336,Mammography screening,0.1-1mSv☢☢,,May be appropriate
343,Breast,"Breast cancer screening, transfeminine, higher than average risk, hormone use <5 yrs, genetic predisposition to breast cancer",3194336,US breast,0 mSvO,0 mSv [ped]O,Usually not appropriate
344,Breast,"Breast cancer screening, transfeminine, higher than average risk, hormone use <5 yrs, genetic predisposition to breast cancer",3194336,MRI breast without and with IV contrast,0 mSvO,0 mSv [ped]O,Usually not appropriate
345,Breast,"Breast cancer screening, transfeminine, higher than average risk, hormone use <5 yrs, genetic predisposition to breast cancer",3194336,MRI breast without IV contrast,0 mSvO,0 mSv [ped]O,Usually not appropriate
346,Breast,"Breast cancer screening, transfeminine, higher than average risk, hormone use <5 yrs, personal hx breast cancer",3194338,Digital breast tomosynthesis screening,0.1-1mSv☢☢,,May be appropriate
347,Breast,"Breast cancer screening, transfeminine, higher than average risk, hormone use <5 yrs, personal hx breast cancer",3194338,Mammography screening,0.1-1mSv☢☢,,May be appropriate
348,Breast,"Breast cancer screening, transfeminine, higher than average risk, hormone use <5 yrs, personal hx breast cancer",3194338,US breast,0 mSvO,0 mSv [ped]O,Usually not appropriate
349,Breast,"Breast cancer screening, transfeminine, higher than average risk, hormone use <5 yrs, personal hx breast cancer",3194338,MRI breast without and with IV contrast,0 mSvO,0 mSv [ped]O,Usually not appropriate
350,Breast,"Breast cancer screening, transfeminine, higher than average risk, hormone use <5 yrs, personal hx breast cancer",3194338,MRI breast without IV contrast,0 mSvO,0 mSv [ped]O,Usually not appropriate
351,Breast,"Breast cancer screening, transfeminine, higher than average risk, no hormone use, chest irradiation at 10-30 yo",3194343,Digital breast tomosynthesis screening,0.1-1mSv☢☢,,May be appropriate
352,Breast,"Breast cancer screening, transfeminine, higher than average risk, no hormone use, chest irradiation at 10-30 yo",3194343,Mammography screening,0.1-1mSv☢☢,,May be appropriate
353,Breast,"Breast cancer screening, transfeminine, higher than average risk, no hormone use, chest irradiation at 10-30 yo",3194343,US breast,0 mSvO,0 mSv [ped]O,Usually not appropriate
354,Breast,"Breast cancer screening, transfeminine, higher than average risk, no hormone use, chest irradiation at 10-30 yo",3194343,MRI breast without and with IV contrast,0 mSvO,0 mSv [ped]O,Usually not appropriate
355,Breast,"Breast cancer screening, transfeminine, higher than average risk, no hormone use, chest irradiation at 10-30 yo",3194343,MRI breast without IV contrast,0 mSvO,0 mSv [ped]O,Usually not appropriate
356,Breast,"Breast cancer screening, transfeminine, higher than average risk, no hormone use, family hx breast cancer",3194341,Digital breast tomosynthesis screening,0.1-1mSv☢☢,,May be appropriate
357,Breast,"Breast cancer screening, transfeminine, higher than average risk, no hormone use, family hx breast cancer",3194341,Mammography screening,0.1-1mSv☢☢,,May be appropriate
358,Breast,"Breast cancer screening, transfeminine, higher than average risk, no hormone use, family hx breast cancer",3194341,US breast,0 mSvO,0 mSv [ped]O,Usually not appropriate
359,Breast,"Breast cancer screening, transfeminine, higher than average risk, no hormone use, family hx breast cancer",3194341,MRI breast without and with IV contrast,0 mSvO,0 mSv [ped]O,Usually not appropriate
360,Breast,"Breast cancer screening, transfeminine, higher than average risk, no hormone use, family hx breast cancer",3194341,MRI breast without IV contrast,0 mSvO,0 mSv [ped]O,Usually not appropriate
361,Breast,"Breast cancer screening, transfeminine, higher than average risk, no hormone use, family hx ovarian cancer",3194340,Digital breast tomosynthesis screening,0.1-1mSv☢☢,,May be appropriate
362,Breast,"Breast cancer screening, transfeminine, higher than average risk, no hormone use, family hx ovarian cancer",3194340,Mammography screening,0.1-1mSv☢☢,,May be appropriate
363,Breast,"Breast cancer screening, transfeminine, higher than average risk, no hormone use, family hx ovarian cancer",3194340,US breast,0 mSvO,0 mSv [ped]O,Usually not appropriate
364,Breast,"Breast cancer screening, transfeminine, higher than average risk, no hormone use, family hx ovarian cancer",3194340,MRI breast without and with IV contrast,0 mSvO,0 mSv [ped]O,Usually not appropriate
365,Breast,"Breast cancer screening, transfeminine, higher than average risk, no hormone use, family hx ovarian cancer",3194340,MRI breast without IV contrast,0 mSvO,0 mSv [ped]O,Usually not appropriate
366,Breast,"Breast cancer screening, transfeminine, higher than average risk, no hormone use, genetic predisposition to breast cancer",3194342,Digital breast tomosynthesis screening,0.1-1mSv☢☢,,May be appropriate
367,Breast,"Breast cancer screening, transfeminine, higher than average risk, no hormone use, genetic predisposition to breast cancer",3194342,Mammography screening,0.1-1mSv☢☢,,May be appropriate
368,Breast,"Breast cancer screening, transfeminine, higher than average risk, no hormone use, genetic predisposition to breast cancer",3194342,US breast,0 mSvO,0 mSv [ped]O,Usually not appropriate
369,Breast,"Breast cancer screening, transfeminine, higher than average risk, no hormone use, genetic predisposition to breast cancer",3194342,MRI breast without and with IV contrast,0 mSvO,0 mSv [ped]O,Usually not appropriate
370,Breast,"Breast cancer screening, transfeminine, higher than average risk, no hormone use, genetic predisposition to breast cancer",3194342,MRI breast without IV contrast,0 mSvO,0 mSv [ped]O,Usually not appropriate
371,Breast,"Breast cancer screening, transfeminine, higher than average risk, no hormone use, personal hx breast cancer",3194344,Digital breast tomosynthesis screening,0.1-1mSv☢☢,,May be appropriate
372,Breast,"Breast cancer screening, transfeminine, higher than average risk, no hormone use, personal hx breast cancer",3194344,Mammography screening,0.1-1mSv☢☢,,May be appropriate
373,Breast,"Breast cancer screening, transfeminine, higher than average risk, no hormone use, personal hx breast cancer",3194344,US breast,0 mSvO,0 mSv [ped]O,Usually not appropriate
374,Breast,"Breast cancer screening, transfeminine, higher than average risk, no hormone use, personal hx breast cancer",3194344,MRI breast without and with IV contrast,0 mSvO,0 mSv [ped]O,Usually not appropriate
375,Breast,"Breast cancer screening, transfeminine, higher than average risk, no hormone use, personal hx breast cancer",3194344,MRI breast without IV contrast,0 mSvO,0 mSv [ped]O,Usually not appropriate
376,Breast,"Breast cancer screening, transfeminine, higher than average risk, no hormone use, untested, genetic predisposition to breast cancer in first degree relative",3194339,Digital breast tomosynthesis screening,0.1-1mSv☢☢,,May be appropriate
377,Breast,"Breast cancer screening, transfeminine, higher than average risk, no hormone use, untested, genetic predisposition to breast cancer in first degree relative",3194339,Mammography screening,0.1-1mSv☢☢,,May be appropriate
378,Breast,"Breast cancer screening, transfeminine, higher than average risk, no hormone use, untested, genetic predisposition to breast cancer in first degree relative",3194339,US breast,0 mSvO,0 mSv [ped]O,Usually not appropriate
379,Breast,"Breast cancer screening, transfeminine, higher than average risk, no hormone use, untested, genetic predisposition to breast cancer in first degree relative",3194339,MRI breast without and with IV contrast,0 mSvO,0 mSv [ped]O,Usually not appropriate
380,Breast,"Breast cancer screening, transfeminine, higher than average risk, no hormone use, untested, genetic predisposition to breast cancer in first degree relative",3194339,MRI breast without IV contrast,0 mSvO,0 mSv [ped]O,Usually not appropriate
381,Breast,"Breast cancer screening, transfeminine, higher than average risk, past hormone use >=5 yrs, chest irradiation at 10-30 yo",3194327,Digital breast tomosynthesis screening,0.1-1mSv☢☢,,Usually appropriate
382,Breast,"Breast cancer screening, transfeminine, higher than average risk, past hormone use >=5 yrs, chest irradiation at 10-30 yo",3194327,Mammography screening,0.1-1mSv☢☢,,Usually appropriate
383,Breast,"Breast cancer screening, transfeminine, higher than average risk, past hormone use >=5 yrs, chest irradiation at 10-30 yo",3194327,US breast,0 mSvO,0 mSv [ped]O,Usually not appropriate
384,Breast,"Breast cancer screening, transfeminine, higher than average risk, past hormone use >=5 yrs, chest irradiation at 10-30 yo",3194327,MRI breast without and with IV contrast,0 mSvO,0 mSv [ped]O,Usually not appropriate
385,Breast,"Breast cancer screening, transfeminine, higher than average risk, past hormone use >=5 yrs, chest irradiation at 10-30 yo",3194327,MRI breast without IV contrast,0 mSvO,0 mSv [ped]O,Usually not appropriate
386,Breast,"Breast cancer screening, transfeminine, higher than average risk, past hormone use >=5 yrs, family hx breast cancer",3194325,Digital breast tomosynthesis screening,0.1-1mSv☢☢,,Usually appropriate
387,Breast,"Breast cancer screening, transfeminine, higher than average risk, past hormone use >=5 yrs, family hx breast cancer",3194325,Mammography screening,0.1-1mSv☢☢,,Usually appropriate
388,Breast,"Breast cancer screening, transfeminine, higher than average risk, past hormone use >=5 yrs, family hx breast cancer",3194325,US breast,0 mSvO,0 mSv [ped]O,Usually not appropriate
389,Breast,"Breast cancer screening, transfeminine, higher than average risk, past hormone use >=5 yrs, family hx breast cancer",3194325,MRI breast without and with IV contrast,0 mSvO,0 mSv [ped]O,Usually not appropriate
390,Breast,"Breast cancer screening, transfeminine, higher than average risk, past hormone use >=5 yrs, family hx breast cancer",3194325,MRI breast without IV contrast,0 mSvO,0 mSv [ped]O,Usually not appropriate
391,Breast,"Breast cancer screening, transfeminine, higher than average risk, past hormone use >=5 yrs, family hx ovarian cancer",3194324,Digital breast tomosynthesis screening,0.1-1mSv☢☢,,Usually appropriate
392,Breast,"Breast cancer screening, transfeminine, higher than average risk, past hormone use >=5 yrs, family hx ovarian cancer",3194324,Mammography screening,0.1-1mSv☢☢,,Usually appropriate
393,Breast,"Breast cancer screening, transfeminine, higher than average risk, past hormone use >=5 yrs, family hx ovarian cancer",3194324,US breast,0 mSvO,0 mSv [ped]O,Usually not appropriate
394,Breast,"Breast cancer screening, transfeminine, higher than average risk, past hormone use >=5 yrs, family hx ovarian cancer",3194324,MRI breast without and with IV contrast,0 mSvO,0 mSv [ped]O,Usually not appropriate
395,Breast,"Breast cancer screening, transfeminine, higher than average risk, past hormone use >=5 yrs, family hx ovarian cancer",3194324,MRI breast without IV contrast,0 mSvO,0 mSv [ped]O,Usually not appropriate
396,Breast,"Breast cancer screening, transfeminine, higher than average risk, past hormone use >=5 yrs, genetic predisposition to breast cancer",3194326,Digital breast tomosynthesis screening,0.1-1mSv☢☢,,Usually appropriate
397,Breast,"Breast cancer screening, transfeminine, higher than average risk, past hormone use >=5 yrs, genetic predisposition to breast cancer",3194326,Mammography screening,0.1-1mSv☢☢,,Usually appropriate
398,Breast,"Breast cancer screening, transfeminine, higher than average risk, past hormone use >=5 yrs, genetic predisposition to breast cancer",3194326,US breast,0 mSvO,0 mSv [ped]O,Usually not appropriate
399,Breast,"Breast cancer screening, transfeminine, higher than average risk, past hormone use >=5 yrs, genetic predisposition to breast cancer",3194326,MRI breast without and with IV contrast,0 mSvO,0 mSv [ped]O,Usually not appropriate
400,Breast,"Breast cancer screening, transfeminine, higher than average risk, past hormone use >=5 yrs, genetic predisposition to breast cancer",3194326,MRI breast without IV contrast,0 mSvO,0 mSv [ped]O,Usually not appropriate
401,Breast,"Breast cancer screening, transfeminine, higher than average risk, past hormone use >=5 yrs, personal hx breast cancer",3194328,Digital breast tomosynthesis screening,0.1-1mSv☢☢,,Usually appropriate
402,Breast,"Breast cancer screening, transfeminine, higher than average risk, past hormone use >=5 yrs, personal hx breast cancer",3194328,Mammography screening,0.1-1mSv☢☢,,Usually appropriate
403,Breast,"Breast cancer screening, transfeminine, higher than average risk, past hormone use >=5 yrs, personal hx breast cancer",3194328,US breast,0 mSvO,0 mSv [ped]O,Usually not appropriate
404,Breast,"Breast cancer screening, transfeminine, higher than average risk, past hormone use >=5 yrs, personal hx breast cancer",3194328,MRI breast without and with IV contrast,0 mSvO,0 mSv [ped]O,Usually not appropriate
405,Breast,"Breast cancer screening, transfeminine, higher than average risk, past hormone use >=5 yrs, personal hx breast cancer",3194328,MRI breast without IV contrast,0 mSvO,0 mSv [ped]O,Usually not appropriate
406,Breast,"Breast cancer screening, transfeminine, higher than average risk, past hormone use >=5 yrs, untested, genetic predisposition to breast cancer in first degree relative",3194323,Digital breast tomosynthesis screening,0.1-1mSv☢☢,,Usually appropriate
407,Breast,"Breast cancer screening, transfeminine, higher than average risk, past hormone use >=5 yrs, untested, genetic predisposition to breast cancer in first degree relative",3194323,Mammography screening,0.1-1mSv☢☢,,Usually appropriate
408,Breast,"Breast cancer screening, transfeminine, higher than average risk, past hormone use >=5 yrs, untested, genetic predisposition to breast cancer in first degree relative",3194323,US breast,0 mSvO,0 mSv [ped]O,Usually not appropriate
409,Breast,"Breast cancer screening, transfeminine, higher than average risk, past hormone use >=5 yrs, untested, genetic predisposition to breast cancer in first degree relative",3194323,MRI breast without and with IV contrast,0 mSvO,0 mSv [ped]O,Usually not appropriate
410,Breast,"Breast cancer screening, transfeminine, higher than average risk, past hormone use >=5 yrs, untested, genetic predisposition to breast cancer in first degree relative",3194323,MRI breast without IV contrast,0 mSvO,0 mSv [ped]O,Usually not appropriate
411,Breast,"Breast cancer screening, transfeminine, higher than average risk,hormone use <5 yrs, untested, genetic predisposition to breast cancer in first degree relative",3194333,Digital breast tomosynthesis screening,0.1-1mSv☢☢,,May be appropriate
412,Breast,"Breast cancer screening, transfeminine, higher than average risk,hormone use <5 yrs, untested, genetic predisposition to breast cancer in first degree relative",3194333,Mammography screening,0.1-1mSv☢☢,,May be appropriate
413,Breast,"Breast cancer screening, transfeminine, higher than average risk,hormone use <5 yrs, untested, genetic predisposition to breast cancer in first degree relative",3194333,US breast,0 mSvO,0 mSv [ped]O,Usually not appropriate
414,Breast,"Breast cancer screening, transfeminine, higher than average risk,hormone use <5 yrs, untested, genetic predisposition to breast cancer in first degree relative",3194333,MRI breast without and with IV contrast,0 mSvO,0 mSv [ped]O,Usually not appropriate
415,Breast,"Breast cancer screening, transfeminine, higher than average risk,hormone use <5 yrs, untested, genetic predisposition to breast cancer in first degree relative",3194333,MRI breast without IV contrast,0 mSvO,0 mSv [ped]O,Usually not appropriate
416,Breast,"Breast cancer screening, transmasculine, any risk, bilateral mastectomies",3194346,US breast,0 mSvO,0 mSv [ped]O,Usually not appropriate
417,Breast,"Breast cancer screening, transmasculine, any risk, bilateral mastectomies",3194346,Digital breast tomosynthesis screening,0.1-1mSv☢☢,,Usually not appropriate
418,Breast,"Breast cancer screening, transmasculine, any risk, bilateral mastectomies",3194346,Mammography screening,0.1-1mSv☢☢,,Usually not appropriate
419,Breast,"Breast cancer screening, transmasculine, any risk, bilateral mastectomies",3194346,MRI breast without and with IV contrast,0 mSvO,0 mSv [ped]O,Usually not appropriate
420,Breast,"Breast cancer screening, transmasculine, any risk, bilateral mastectomies",3194346,MRI breast without IV contrast,0 mSvO,0 mSv [ped]O,Usually not appropriate
421,Breast,"Breast cancer screening, transmasculine, average risk, <15% lifetime risk, no chest surgery",3194348,Digital breast tomosynthesis screening,0.1-1mSv☢☢,,Usually appropriate
422,Breast,"Breast cancer screening, transmasculine, average risk, <15% lifetime risk, no chest surgery",3194348,Mammography screening,0.1-1mSv☢☢,,Usually appropriate
423,Breast,"Breast cancer screening, transmasculine, average risk, <15% lifetime risk, no chest surgery",3194348,US breast,0 mSvO,0 mSv [ped]O,Usually not appropriate
424,Breast,"Breast cancer screening, transmasculine, average risk, <15% lifetime risk, no chest surgery",3194348,MRI breast without and with IV contrast,0 mSvO,0 mSv [ped]O,Usually not appropriate
425,Breast,"Breast cancer screening, transmasculine, average risk, <15% lifetime risk, no chest surgery",3194348,MRI breast without IV contrast,0 mSvO,0 mSv [ped]O,Usually not appropriate
426,Breast,"Breast cancer screening, transmasculine, average risk, <15% lifetime risk, reduction mammoplasty",3194349,Digital breast tomosynthesis screening,0.1-1mSv☢☢,,Usually appropriate
427,Breast,"Breast cancer screening, transmasculine, average risk, <15% lifetime risk, reduction mammoplasty",3194349,Mammography screening,0.1-1mSv☢☢,,Usually appropriate
428,Breast,"Breast cancer screening, transmasculine, average risk, <15% lifetime risk, reduction mammoplasty",3194349,US breast,0 mSvO,0 mSv [ped]O,Usually not appropriate
429,Breast,"Breast cancer screening, transmasculine, average risk, <15% lifetime risk, reduction mammoplasty",3194349,MRI breast without and with IV contrast,0 mSvO,0 mSv [ped]O,Usually not appropriate
430,Breast,"Breast cancer screening, transmasculine, average risk, <15% lifetime risk, reduction mammoplasty",3194349,MRI breast without IV contrast,0 mSvO,0 mSv [ped]O,Usually not appropriate
431,Breast,"Breast cancer screening, transmasculine, high risk, no chest surgery, >=20% lifetime risk",3194360,Digital breast tomosynthesis screening,0.1-1mSv☢☢,,Usually appropriate
432,Breast,"Breast cancer screening, transmasculine, high risk, no chest surgery, >=20% lifetime risk",3194360,Mammography screening,0.1-1mSv☢☢,,Usually appropriate
433,Breast,"Breast cancer screening, transmasculine, high risk, no chest surgery, >=20% lifetime risk",3194360,MRI breast without and with IV contrast,0 mSvO,0 mSv [ped]O,Usually appropriate
434,Breast,"Breast cancer screening, transmasculine, high risk, no chest surgery, >=20% lifetime risk",3194360,US breast,0 mSvO,0 mSv [ped]O,May be appropriate
435,Breast,"Breast cancer screening, transmasculine, high risk, no chest surgery, >=20% lifetime risk",3194360,MRI breast without IV contrast,0 mSvO,0 mSv [ped]O,Usually not appropriate
436,Breast,"Breast cancer screening, transmasculine, high risk, no chest surgery, chest irradiation 10-30 yo",3194361,Digital breast tomosynthesis screening,0.1-1mSv☢☢,,Usually appropriate
437,Breast,"Breast cancer screening, transmasculine, high risk, no chest surgery, chest irradiation 10-30 yo",3194361,Mammography screening,0.1-1mSv☢☢,,Usually appropriate
438,Breast,"Breast cancer screening, transmasculine, high risk, no chest surgery, chest irradiation 10-30 yo",3194361,MRI breast without and with IV contrast,0 mSvO,0 mSv [ped]O,Usually appropriate
439,Breast,"Breast cancer screening, transmasculine, high risk, no chest surgery, chest irradiation 10-30 yo",3194361,US breast,0 mSvO,0 mSv [ped]O,May be appropriate
440,Breast,"Breast cancer screening, transmasculine, high risk, no chest surgery, chest irradiation 10-30 yo",3194361,MRI breast without IV contrast,0 mSvO,0 mSv [ped]O,Usually not appropriate
441,Breast,"Breast cancer screening, transmasculine, high risk, no chest surgery, genetic predisposition to breast cancer",3194363,Digital breast tomosynthesis screening,0.1-1mSv☢☢,,Usually appropriate
442,Breast,"Breast cancer screening, transmasculine, high risk, no chest surgery, genetic predisposition to breast cancer",3194363,Mammography screening,0.1-1mSv☢☢,,Usually appropriate
443,Breast,"Breast cancer screening, transmasculine, high risk, no chest surgery, genetic predisposition to breast cancer",3194363,MRI breast without and with IV contrast,0 mSvO,0 mSv [ped]O,Usually appropriate
444,Breast,"Breast cancer screening, transmasculine, high risk, no chest surgery, genetic predisposition to breast cancer",3194363,US breast,0 mSvO,0 mSv [ped]O,May be appropriate
445,Breast,"Breast cancer screening, transmasculine, high risk, no chest surgery, genetic predisposition to breast cancer",3194363,MRI breast without IV contrast,0 mSvO,0 mSv [ped]O,Usually not appropriate
446,Breast,"Breast cancer screening, transmasculine, high risk, no chest surgery, untested, genetic predisposition to breast cancer in first degree relative",3194362,Digital breast tomosynthesis screening,0.1-1mSv☢☢,,Usually appropriate
447,Breast,"Breast cancer screening, transmasculine, high risk, no chest surgery, untested, genetic predisposition to breast cancer in first degree relative",3194362,Mammography screening,0.1-1mSv☢☢,,Usually appropriate
448,Breast,"Breast cancer screening, transmasculine, high risk, no chest surgery, untested, genetic predisposition to breast cancer in first degree relative",3194362,MRI breast without and with IV contrast,0 mSvO,0 mSv [ped]O,Usually appropriate
449,Breast,"Breast cancer screening, transmasculine, high risk, no chest surgery, untested, genetic predisposition to breast cancer in first degree relative",3194362,US breast,0 mSvO,0 mSv [ped]O,May be appropriate
450,Breast,"Breast cancer screening, transmasculine, high risk, no chest surgery, untested, genetic predisposition to breast cancer in first degree relative",3194362,MRI breast without IV contrast,0 mSvO,0 mSv [ped]O,Usually not appropriate
451,Breast,"Breast cancer screening, transmasculine, high risk, reduction mammoplasty, >=20% lifetime risk",3194364,Digital breast tomosynthesis screening,0.1-1mSv☢☢,,Usually appropriate
452,Breast,"Breast cancer screening, transmasculine, high risk, reduction mammoplasty, >=20% lifetime risk",3194364,Mammography screening,0.1-1mSv☢☢,,Usually appropriate
453,Breast,"Breast cancer screening, transmasculine, high risk, reduction mammoplasty, >=20% lifetime risk",3194364,MRI breast without and with IV contrast,0 mSvO,0 mSv [ped]O,Usually appropriate
454,Breast,"Breast cancer screening, transmasculine, high risk, reduction mammoplasty, >=20% lifetime risk",3194364,US breast,0 mSvO,0 mSv [ped]O,May be appropriate
455,Breast,"Breast cancer screening, transmasculine, high risk, reduction mammoplasty, >=20% lifetime risk",3194364,MRI breast without IV contrast,0 mSvO,0 mSv [ped]O,Usually not appropriate
456,Breast,"Breast cancer screening, transmasculine, high risk, reduction mammoplasty, chest irradiation 10-30 yo",3194365,Digital breast tomosynthesis screening,0.1-1mSv☢☢,,Usually appropriate
457,Breast,"Breast cancer screening, transmasculine, high risk, reduction mammoplasty, chest irradiation 10-30 yo",3194365,Mammography screening,0.1-1mSv☢☢,,Usually appropriate
458,Breast,"Breast cancer screening, transmasculine, high risk, reduction mammoplasty, chest irradiation 10-30 yo",3194365,MRI breast without and with IV contrast,0 mSvO,0 mSv [ped]O,Usually appropriate
459,Breast,"Breast cancer screening, transmasculine, high risk, reduction mammoplasty, chest irradiation 10-30 yo",3194365,US breast,0 mSvO,0 mSv [ped]O,May be appropriate
460,Breast,"Breast cancer screening, transmasculine, high risk, reduction mammoplasty, chest irradiation 10-30 yo",3194365,MRI breast without IV contrast,0 mSvO,0 mSv [ped]O,Usually not appropriate
461,Breast,"Breast cancer screening, transmasculine, high risk, reduction mammoplasty, genetic predisposition to breast cancer",3194367,Digital breast tomosynthesis screening,0.1-1mSv☢☢,,Usually appropriate
462,Breast,"Breast cancer screening, transmasculine, high risk, reduction mammoplasty, genetic predisposition to breast cancer",3194367,Mammography screening,0.1-1mSv☢☢,,Usually appropriate
463,Breast,"Breast cancer screening, transmasculine, high risk, reduction mammoplasty, genetic predisposition to breast cancer",3194367,MRI breast without and with IV contrast,0 mSvO,0 mSv [ped]O,Usually appropriate
464,Breast,"Breast cancer screening, transmasculine, high risk, reduction mammoplasty, genetic predisposition to breast cancer",3194367,US breast,0 mSvO,0 mSv [ped]O,May be appropriate
465,Breast,"Breast cancer screening, transmasculine, high risk, reduction mammoplasty, genetic predisposition to breast cancer",3194367,MRI breast without IV contrast,0 mSvO,0 mSv [ped]O,Usually not appropriate
466,Breast,"Breast cancer screening, transmasculine, high risk, reduction mammoplasty, untested, genetic predisposition to breast cancer in first degree relative",3194366,Digital breast tomosynthesis screening,0.1-1mSv☢☢,,Usually appropriate
467,Breast,"Breast cancer screening, transmasculine, high risk, reduction mammoplasty, untested, genetic predisposition to breast cancer in first degree relative",3194366,Mammography screening,0.1-1mSv☢☢,,Usually appropriate
468,Breast,"Breast cancer screening, transmasculine, high risk, reduction mammoplasty, untested, genetic predisposition to breast cancer in first degree relative",3194366,MRI breast without and with IV contrast,0 mSvO,0 mSv [ped]O,Usually appropriate
469,Breast,"Breast cancer screening, transmasculine, high risk, reduction mammoplasty, untested, genetic predisposition to breast cancer in first degree relative",3194366,US breast,0 mSvO,0 mSv [ped]O,May be appropriate
470,Breast,"Breast cancer screening, transmasculine, high risk, reduction mammoplasty, untested, genetic predisposition to breast cancer in first degree relative",3194366,MRI breast without IV contrast,0 mSvO,0 mSv [ped]O,Usually not appropriate
471,Breast,"Breast cancer screening, transmasculine, intermediate risk, no chest surgery, 15-20% lifetime risk",3194351,Digital breast tomosynthesis screening,0.1-1mSv☢☢,,Usually appropriate
472,Breast,"Breast cancer screening, transmasculine, intermediate risk, no chest surgery, 15-20% lifetime risk",3194351,Mammography screening,0.1-1mSv☢☢,,Usually appropriate
473,Breast,"Breast cancer screening, transmasculine, intermediate risk, no chest surgery, 15-20% lifetime risk",3194351,US breast,0 mSvO,0 mSv [ped]O,May be appropriate
474,Breast,"Breast cancer screening, transmasculine, intermediate risk, no chest surgery, 15-20% lifetime risk",3194351,MRI breast without and with IV contrast,0 mSvO,0 mSv [ped]O,May be appropriate
475,Breast,"Breast cancer screening, transmasculine, intermediate risk, no chest surgery, 15-20% lifetime risk",3194351,MRI breast without IV contrast,0 mSvO,0 mSv [ped]O,Usually not appropriate
476,Breast,"Breast cancer screening, transmasculine, intermediate risk, no chest surgery, personal hx atypical ductal hyperplasia",3194352,Digital breast tomosynthesis screening,0.1-1mSv☢☢,,Usually appropriate
477,Breast,"Breast cancer screening, transmasculine, intermediate risk, no chest surgery, personal hx atypical ductal hyperplasia",3194352,Mammography screening,0.1-1mSv☢☢,,Usually appropriate
478,Breast,"Breast cancer screening, transmasculine, intermediate risk, no chest surgery, personal hx atypical ductal hyperplasia",3194352,US breast,0 mSvO,0 mSv [ped]O,May be appropriate
479,Breast,"Breast cancer screening, transmasculine, intermediate risk, no chest surgery, personal hx atypical ductal hyperplasia",3194352,MRI breast without and with IV contrast,0 mSvO,0 mSv [ped]O,May be appropriate
480,Breast,"Breast cancer screening, transmasculine, intermediate risk, no chest surgery, personal hx atypical ductal hyperplasia",3194352,MRI breast without IV contrast,0 mSvO,0 mSv [ped]O,Usually not appropriate
481,Breast,"Breast cancer screening, transmasculine, intermediate risk, no chest surgery, personal hx breast cancer",3194354,Digital breast tomosynthesis screening,0.1-1mSv☢☢,,Usually appropriate
482,Breast,"Breast cancer screening, transmasculine, intermediate risk, no chest surgery, personal hx breast cancer",3194354,Mammography screening,0.1-1mSv☢☢,,Usually appropriate
483,Breast,"Breast cancer screening, transmasculine, intermediate risk, no chest surgery, personal hx breast cancer",3194354,US breast,0 mSvO,0 mSv [ped]O,May be appropriate
484,Breast,"Breast cancer screening, transmasculine, intermediate risk, no chest surgery, personal hx breast cancer",3194354,MRI breast without and with IV contrast,0 mSvO,0 mSv [ped]O,May be appropriate
485,Breast,"Breast cancer screening, transmasculine, intermediate risk, no chest surgery, personal hx breast cancer",3194354,MRI breast without IV contrast,0 mSvO,0 mSv [ped]O,Usually not appropriate
486,Breast,"Breast cancer screening, transmasculine, intermediate risk, no chest surgery, personal hx lobular neoplasia",3194353,Digital breast tomosynthesis screening,0.1-1mSv☢☢,,Usually appropriate
487,Breast,"Breast cancer screening, transmasculine, intermediate risk, no chest surgery, personal hx lobular neoplasia",3194353,Mammography screening,0.1-1mSv☢☢,,Usually appropriate
488,Breast,"Breast cancer screening, transmasculine, intermediate risk, no chest surgery, personal hx lobular neoplasia",3194353,US breast,0 mSvO,0 mSv [ped]O,May be appropriate
489,Breast,"Breast cancer screening, transmasculine, intermediate risk, no chest surgery, personal hx lobular neoplasia",3194353,MRI breast without and with IV contrast,0 mSvO,0 mSv [ped]O,May be appropriate
490,Breast,"Breast cancer screening, transmasculine, intermediate risk, no chest surgery, personal hx lobular neoplasia",3194353,MRI breast without IV contrast,0 mSvO,0 mSv [ped]O,Usually not appropriate
491,Breast,"Breast cancer screening, transmasculine, intermediate risk, reduction mammoplasty, 15-20% lifetime risk",3194355,Digital breast tomosynthesis screening,0.1-1mSv☢☢,,Usually appropriate
492,Breast,"Breast cancer screening, transmasculine, intermediate risk, reduction mammoplasty, 15-20% lifetime risk",3194355,Mammography screening,0.1-1mSv☢☢,,Usually appropriate
493,Breast,"Breast cancer screening, transmasculine, intermediate risk, reduction mammoplasty, 15-20% lifetime risk",3194355,US breast,0 mSvO,0 mSv [ped]O,May be appropriate
494,Breast,"Breast cancer screening, transmasculine, intermediate risk, reduction mammoplasty, 15-20% lifetime risk",3194355,MRI breast without and with IV contrast,0 mSvO,0 mSv [ped]O,May be appropriate
495,Breast,"Breast cancer screening, transmasculine, intermediate risk, reduction mammoplasty, 15-20% lifetime risk",3194355,MRI breast without IV contrast,0 mSvO,0 mSv [ped]O,Usually not appropriate
496,Breast,"Breast cancer screening, transmasculine, intermediate risk, reduction mammoplasty, personal hx atypical ductal hyperplasia",3194356,Digital breast tomosynthesis screening,0.1-1mSv☢☢,,Usually appropriate
497,Breast,"Breast cancer screening, transmasculine, intermediate risk, reduction mammoplasty, personal hx atypical ductal hyperplasia",3194356,Mammography screening,0.1-1mSv☢☢,,Usually appropriate
498,Breast,"Breast cancer screening, transmasculine, intermediate risk, reduction mammoplasty, personal hx atypical ductal hyperplasia",3194356,US breast,0 mSvO,0 mSv [ped]O,May be appropriate
499,Breast,"Breast cancer screening, transmasculine, intermediate risk, reduction mammoplasty, personal hx atypical ductal hyperplasia",3194356,MRI breast without and with IV contrast,0 mSvO,0 mSv [ped]O,May be appropriate
500,Breast,"Breast cancer screening, transmasculine, intermediate risk, reduction mammoplasty, personal hx atypical ductal hyperplasia",3194356,MRI breast without IV contrast,0 mSvO,0 mSv [ped]O,Usually not appropriate
501,Breast,"Breast cancer screening, transmasculine, intermediate risk, reduction mammoplasty, personal hx breast cancer",3194358,Digital breast tomosynthesis screening,0.1-1mSv☢☢,,Usually appropriate
502,Breast,"Breast cancer screening, transmasculine, intermediate risk, reduction mammoplasty, personal hx breast cancer",3194358,Mammography screening,0.1-1mSv☢☢,,Usually appropriate
503,Breast,"Breast cancer screening, transmasculine, intermediate risk, reduction mammoplasty, personal hx breast cancer",3194358,US breast,0 mSvO,0 mSv [ped]O,May be appropriate
504,Breast,"Breast cancer screening, transmasculine, intermediate risk, reduction mammoplasty, personal hx breast cancer",3194358,MRI breast without and with IV contrast,0 mSvO,0 mSv [ped]O,May be appropriate
505,Breast,"Breast cancer screening, transmasculine, intermediate risk, reduction mammoplasty, personal hx breast cancer",3194358,MRI breast without IV contrast,0 mSvO,0 mSv [ped]O,Usually not appropriate
506,Breast,"Breast cancer screening, transmasculine, intermediate risk, reduction mammoplasty, personal hx lobular neoplasia",3194357,Digital breast tomosynthesis screening,0.1-1mSv☢☢,,Usually appropriate
507,Breast,"Breast cancer screening, transmasculine, intermediate risk, reduction mammoplasty, personal hx lobular neoplasia",3194357,Mammography screening,0.1-1mSv☢☢,,Usually appropriate
508,Breast,"Breast cancer screening, transmasculine, intermediate risk, reduction mammoplasty, personal hx lobular neoplasia",3194357,US breast,0 mSvO,0 mSv [ped]O,May be appropriate
509,Breast,"Breast cancer screening, transmasculine, intermediate risk, reduction mammoplasty, personal hx lobular neoplasia",3194357,MRI breast without and with IV contrast,0 mSvO,0 mSv [ped]O,May be appropriate
510,Breast,"Breast cancer screening, transmasculine, intermediate risk, reduction mammoplasty, personal hx lobular neoplasia",3194357,MRI breast without IV contrast,0 mSvO,0 mSv [ped]O,Usually not appropriate
511,Breast,"Breast cancer, <=2cm, newly diagnosed, clinical node negative, diagnostic mammo or DBT performed, initial axilla imaging",3194819,US axilla,0 mSvO,0 mSv [ped]O,May be appropriate
512,Breast,"Breast cancer, <=2cm, newly diagnosed, clinical node negative, diagnostic mammo or DBT performed, initial axilla imaging",3194819,MRI breast without and with IV contrast,0 mSvO,0 mSv [ped]O,Usually not appropriate
513,Breast,"Breast cancer, <=2cm, newly diagnosed, clinical node negative, diagnostic mammo or DBT performed, initial axilla imaging",3194819,MRI breast without IV contrast,0 mSvO,0 mSv [ped]O,Usually not appropriate
514,Breast,"Breast cancer, <=2cm, newly diagnosed, clinical node negative, diagnostic mammo or DBT performed, initial axilla imaging",3194819,Sestamibi MBI,1-10 mSv☢☢☢,,Usually not appropriate
515,Breast,"Breast cancer, <=2cm, newly diagnosed, clinical node negative, diagnostic mammo or DBT performed, initial axilla imaging",3194819,CT chest abdomen pelvis with IV contrast,10-30 mSv☢☢☢☢,3-10 mSv [ped]☢☢☢☢,Usually not appropriate
516,Breast,"Breast cancer, <=2cm, newly diagnosed, clinical node negative, diagnostic mammo or DBT performed, initial axilla imaging",3194819,CT chest abdomen pelvis without and with IV contrast,10-30 mSv☢☢☢☢,10-30 mSv [ped]☢☢☢☢☢,Usually not appropriate
517,Breast,"Breast cancer, <=2cm, newly diagnosed, clinical node negative, diagnostic mammo or DBT performed, initial axilla imaging",3194819,CT chest abdomen pelvis without IV contrast,10-30 mSv☢☢☢☢,3-10 mSv [ped]☢☢☢☢,Usually not appropriate
518,Breast,"Breast cancer, <=2cm, newly diagnosed, clinical node negative, diagnostic mammo or DBT performed, initial axilla imaging",3194819,FDG-PET/CT skull base to mid-thigh,10-30 mSv☢☢☢☢,3-10 mSv [ped]☢☢☢☢,Usually not appropriate
519,Breast,"Breast cancer, <=2cm, newly diagnosed, clinical node positive, diagnostic mammo or DBT performed, initial axilla imaging",3194821,US axilla,0 mSvO,0 mSv [ped]O,Usually appropriate
520,Breast,"Breast cancer, <=2cm, newly diagnosed, clinical node positive, diagnostic mammo or DBT performed, initial axilla imaging",3194821,MRI breast without and with IV contrast,0 mSvO,0 mSv [ped]O,May be appropriate (Disagreement)
521,Breast,"Breast cancer, <=2cm, newly diagnosed, clinical node positive, diagnostic mammo or DBT performed, initial axilla imaging",3194821,MRI breast without IV contrast,0 mSvO,0 mSv [ped]O,Usually not appropriate
522,Breast,"Breast cancer, <=2cm, newly diagnosed, clinical node positive, diagnostic mammo or DBT performed, initial axilla imaging",3194821,Sestamibi MBI,1-10 mSv☢☢☢,,Usually not appropriate
523,Breast,"Breast cancer, <=2cm, newly diagnosed, clinical node positive, diagnostic mammo or DBT performed, initial axilla imaging",3194821,CT chest abdomen pelvis with IV contrast,10-30 mSv☢☢☢☢,3-10 mSv [ped]☢☢☢☢,Usually not appropriate
524,Breast,"Breast cancer, <=2cm, newly diagnosed, clinical node positive, diagnostic mammo or DBT performed, initial axilla imaging",3194821,CT chest abdomen pelvis without and with IV contrast,10-30 mSv☢☢☢☢,10-30 mSv [ped]☢☢☢☢☢,Usually not appropriate
525,Breast,"Breast cancer, <=2cm, newly diagnosed, clinical node positive, diagnostic mammo or DBT performed, initial axilla imaging",3194821,CT chest abdomen pelvis without IV contrast,10-30 mSv☢☢☢☢,3-10 mSv [ped]☢☢☢☢,Usually not appropriate
526,Breast,"Breast cancer, <=2cm, newly diagnosed, clinical node positive, diagnostic mammo or DBT performed, initial axilla imaging",3194821,FDG-PET/CT skull base to mid-thigh,10-30 mSv☢☢☢☢,3-10 mSv [ped]☢☢☢☢,Usually not appropriate
527,Breast,"Breast cancer, >2cm, clinical node negative, neoadjuvant chemotherapy completed, axilla imaging",3194829,US axilla,0 mSvO,0 mSv [ped]O,May be appropriate (Disagreement)
528,Breast,"Breast cancer, >2cm, clinical node negative, neoadjuvant chemotherapy completed, axilla imaging",3194829,MRI breast without and with IV contrast,0 mSvO,0 mSv [ped]O,May be appropriate
529,Breast,"Breast cancer, >2cm, clinical node negative, neoadjuvant chemotherapy completed, axilla imaging",3194829,Digital breast tomosynthesis diagnostic,0.1-1mSv☢☢,,Usually not appropriate
530,Breast,"Breast cancer, >2cm, clinical node negative, neoadjuvant chemotherapy completed, axilla imaging",3194829,Mammography diagnostic,0.1-1mSv☢☢,,Usually not appropriate
531,Breast,"Breast cancer, >2cm, clinical node negative, neoadjuvant chemotherapy completed, axilla imaging",3194829,MRI breast without IV contrast,0 mSvO,0 mSv [ped]O,Usually not appropriate
532,Breast,"Breast cancer, >2cm, clinical node negative, neoadjuvant chemotherapy completed, axilla imaging",3194829,Sestamibi MBI,1-10 mSv☢☢☢,,Usually not appropriate
533,Breast,"Breast cancer, >2cm, clinical node negative, neoadjuvant chemotherapy completed, axilla imaging",3194829,CT chest abdomen pelvis with IV contrast,10-30 mSv☢☢☢☢,3-10 mSv [ped]☢☢☢☢,Usually not appropriate
534,Breast,"Breast cancer, >2cm, clinical node negative, neoadjuvant chemotherapy completed, axilla imaging",3194829,CT chest abdomen pelvis without and with IV contrast,10-30 mSv☢☢☢☢,10-30 mSv [ped]☢☢☢☢☢,Usually not appropriate
535,Breast,"Breast cancer, >2cm, clinical node negative, neoadjuvant chemotherapy completed, axilla imaging",3194829,CT chest abdomen pelvis without IV contrast,10-30 mSv☢☢☢☢,3-10 mSv [ped]☢☢☢☢,Usually not appropriate
536,Breast,"Breast cancer, >2cm, clinical node negative, neoadjuvant chemotherapy completed, axilla imaging",3194829,FDG-PET/CT skull base to mid-thigh,10-30 mSv☢☢☢☢,3-10 mSv [ped]☢☢☢☢,Usually not appropriate
537,Breast,"Breast cancer, >2cm, clinical node positive, neoadjuvant chemotherapy completed, prior to surgery, axilla imaging",3194831,US axilla,0 mSvO,0 mSv [ped]O,Usually appropriate
538,Breast,"Breast cancer, >2cm, clinical node positive, neoadjuvant chemotherapy completed, prior to surgery, axilla imaging",3194831,MRI breast without and with IV contrast,0 mSvO,0 mSv [ped]O,May be appropriate
539,Breast,"Breast cancer, >2cm, clinical node positive, neoadjuvant chemotherapy completed, prior to surgery, axilla imaging",3194831,Digital breast tomosynthesis diagnostic,0.1-1mSv☢☢,,Usually not appropriate
540,Breast,"Breast cancer, >2cm, clinical node positive, neoadjuvant chemotherapy completed, prior to surgery, axilla imaging",3194831,Mammography diagnostic,0.1-1mSv☢☢,,Usually not appropriate
541,Breast,"Breast cancer, >2cm, clinical node positive, neoadjuvant chemotherapy completed, prior to surgery, axilla imaging",3194831,MRI breast without IV contrast,0 mSvO,0 mSv [ped]O,Usually not appropriate
542,Breast,"Breast cancer, >2cm, clinical node positive, neoadjuvant chemotherapy completed, prior to surgery, axilla imaging",3194831,Sestamibi MBI,1-10 mSv☢☢☢,,Usually not appropriate
543,Breast,"Breast cancer, >2cm, clinical node positive, neoadjuvant chemotherapy completed, prior to surgery, axilla imaging",3194831,CT chest abdomen pelvis with IV contrast,10-30 mSv☢☢☢☢,3-10 mSv [ped]☢☢☢☢,Usually not appropriate
544,Breast,"Breast cancer, >2cm, clinical node positive, neoadjuvant chemotherapy completed, prior to surgery, axilla imaging",3194831,CT chest abdomen pelvis without and with IV contrast,10-30 mSv☢☢☢☢,10-30 mSv [ped]☢☢☢☢☢,Usually not appropriate
545,Breast,"Breast cancer, >2cm, clinical node positive, neoadjuvant chemotherapy completed, prior to surgery, axilla imaging",3194831,CT chest abdomen pelvis without IV contrast,10-30 mSv☢☢☢☢,3-10 mSv [ped]☢☢☢☢,Usually not appropriate
546,Breast,"Breast cancer, >2cm, clinical node positive, neoadjuvant chemotherapy completed, prior to surgery, axilla imaging",3194831,FDG-PET/CT skull base to mid-thigh,10-30 mSv☢☢☢☢,3-10 mSv [ped]☢☢☢☢,Usually not appropriate
547,Breast,"Breast cancer, >2cm, mid treatment neoadjuvant chemotherapy, initial clinical node negative, new palpable axillary lump, axilla imaging",3194827,US axilla,0 mSvO,0 mSv [ped]O,Usually appropriate
548,Breast,"Breast cancer, >2cm, mid treatment neoadjuvant chemotherapy, initial clinical node negative, new palpable axillary lump, axilla imaging",3194827,Digital breast tomosynthesis diagnostic,0.1-1mSv☢☢,,Usually not appropriate
549,Breast,"Breast cancer, >2cm, mid treatment neoadjuvant chemotherapy, initial clinical node negative, new palpable axillary lump, axilla imaging",3194827,Mammography diagnostic,0.1-1mSv☢☢,,Usually not appropriate
550,Breast,"Breast cancer, >2cm, mid treatment neoadjuvant chemotherapy, initial clinical node negative, new palpable axillary lump, axilla imaging",3194827,MRI breast without and with IV contrast,0 mSvO,0 mSv [ped]O,Usually not appropriate
551,Breast,"Breast cancer, >2cm, mid treatment neoadjuvant chemotherapy, initial clinical node negative, new palpable axillary lump, axilla imaging",3194827,MRI breast without IV contrast,0 mSvO,0 mSv [ped]O,Usually not appropriate
552,Breast,"Breast cancer, >2cm, mid treatment neoadjuvant chemotherapy, initial clinical node negative, new palpable axillary lump, axilla imaging",3194827,Sestamibi MBI,1-10 mSv☢☢☢,,Usually not appropriate
553,Breast,"Breast cancer, >2cm, mid treatment neoadjuvant chemotherapy, initial clinical node negative, new palpable axillary lump, axilla imaging",3194827,CT chest abdomen pelvis with IV contrast,10-30 mSv☢☢☢☢,3-10 mSv [ped]☢☢☢☢,Usually not appropriate
554,Breast,"Breast cancer, >2cm, mid treatment neoadjuvant chemotherapy, initial clinical node negative, new palpable axillary lump, axilla imaging",3194827,CT chest abdomen pelvis without and with IV contrast,10-30 mSv☢☢☢☢,10-30 mSv [ped]☢☢☢☢☢,Usually not appropriate
555,Breast,"Breast cancer, >2cm, mid treatment neoadjuvant chemotherapy, initial clinical node negative, new palpable axillary lump, axilla imaging",3194827,CT chest abdomen pelvis without IV contrast,10-30 mSv☢☢☢☢,3-10 mSv [ped]☢☢☢☢,Usually not appropriate
556,Breast,"Breast cancer, >2cm, mid treatment neoadjuvant chemotherapy, initial clinical node negative, new palpable axillary lump, axilla imaging",3194827,FDG-PET/CT skull base to mid-thigh,10-30 mSv☢☢☢☢,3-10 mSv [ped]☢☢☢☢,Usually not appropriate
557,Breast,"Breast cancer, >2cm, newly diagnosed, clinical node negative, diagnostic mammo or DBT performed, initial axilla imaging",3194823,US axilla,0 mSvO,0 mSv [ped]O,May be appropriate
558,Breast,"Breast cancer, >2cm, newly diagnosed, clinical node negative, diagnostic mammo or DBT performed, initial axilla imaging",3194823,MRI breast without and with IV contrast,0 mSvO,0 mSv [ped]O,May be appropriate
559,Breast,"Breast cancer, >2cm, newly diagnosed, clinical node negative, diagnostic mammo or DBT performed, initial axilla imaging",3194823,MRI breast without IV contrast,0 mSvO,0 mSv [ped]O,Usually not appropriate
560,Breast,"Breast cancer, >2cm, newly diagnosed, clinical node negative, diagnostic mammo or DBT performed, initial axilla imaging",3194823,Sestamibi MBI,1-10 mSv☢☢☢,,Usually not appropriate
561,Breast,"Breast cancer, >2cm, newly diagnosed, clinical node negative, diagnostic mammo or DBT performed, initial axilla imaging",3194823,CT chest abdomen pelvis with IV contrast,10-30 mSv☢☢☢☢,3-10 mSv [ped]☢☢☢☢,Usually not appropriate
562,Breast,"Breast cancer, >2cm, newly diagnosed, clinical node negative, diagnostic mammo or DBT performed, initial axilla imaging",3194823,CT chest abdomen pelvis without and with IV contrast,10-30 mSv☢☢☢☢,10-30 mSv [ped]☢☢☢☢☢,Usually not appropriate
563,Breast,"Breast cancer, >2cm, newly diagnosed, clinical node negative, diagnostic mammo or DBT performed, initial axilla imaging",3194823,CT chest abdomen pelvis without IV contrast,10-30 mSv☢☢☢☢,3-10 mSv [ped]☢☢☢☢,Usually not appropriate
564,Breast,"Breast cancer, >2cm, newly diagnosed, clinical node negative, diagnostic mammo or DBT performed, initial axilla imaging",3194823,FDG-PET/CT skull base to mid-thigh,10-30 mSv☢☢☢☢,3-10 mSv [ped]☢☢☢☢,Usually not appropriate
565,Breast,"Breast cancer, >2cm, newly diagnosed, clinical node positive, diagnostic mammo or DBT performed before treatment, initial axilla imaging",3194825,US axilla,0 mSvO,0 mSv [ped]O,Usually appropriate
566,Breast,"Breast cancer, >2cm, newly diagnosed, clinical node positive, diagnostic mammo or DBT performed before treatment, initial axilla imaging",3194825,MRI breast without and with IV contrast,0 mSvO,0 mSv [ped]O,May be appropriate
567,Breast,"Breast cancer, >2cm, newly diagnosed, clinical node positive, diagnostic mammo or DBT performed before treatment, initial axilla imaging",3194825,CT chest abdomen pelvis with IV contrast,10-30 mSv☢☢☢☢,3-10 mSv [ped]☢☢☢☢,May be appropriate
568,Breast,"Breast cancer, >2cm, newly diagnosed, clinical node positive, diagnostic mammo or DBT performed before treatment, initial axilla imaging",3194825,FDG-PET/CT skull base to mid-thigh,10-30 mSv☢☢☢☢,3-10 mSv [ped]☢☢☢☢,May be appropriate
569,Breast,"Breast cancer, >2cm, newly diagnosed, clinical node positive, diagnostic mammo or DBT performed before treatment, initial axilla imaging",3194825,MRI breast without IV contrast,0 mSvO,0 mSv [ped]O,Usually not appropriate
570,Breast,"Breast cancer, >2cm, newly diagnosed, clinical node positive, diagnostic mammo or DBT performed before treatment, initial axilla imaging",3194825,Sestamibi MBI,1-10 mSv☢☢☢,,Usually not appropriate
571,Breast,"Breast cancer, >2cm, newly diagnosed, clinical node positive, diagnostic mammo or DBT performed before treatment, initial axilla imaging",3194825,CT chest abdomen pelvis without and with IV contrast,10-30 mSv☢☢☢☢,10-30 mSv [ped]☢☢☢☢☢,Usually not appropriate
572,Breast,"Breast cancer, >2cm, newly diagnosed, clinical node positive, diagnostic mammo or DBT performed before treatment, initial axilla imaging",3194825,CT chest abdomen pelvis without IV contrast,10-30 mSv☢☢☢☢,3-10 mSv [ped]☢☢☢☢,Usually not appropriate
573,Breast,"Breast cancer, any clinical stage at original presentation, distant disease surveillance",3196767,US axilla,0 mSvO,0 mSv [ped]O,Usually not appropriate
574,Breast,"Breast cancer, any clinical stage at original presentation, distant disease surveillance",3196767,Digital breast tomosynthesis diagnostic,0.1-1mSv☢☢,,Usually not appropriate
575,Breast,"Breast cancer, any clinical stage at original presentation, distant disease surveillance",3196767,Mammography diagnostic,0.1-1mSv☢☢,,Usually not appropriate
576,Breast,"Breast cancer, any clinical stage at original presentation, distant disease surveillance",3196767,MRI head without and with IV contrast,0 mSvO,0 mSv [ped]O,Usually not appropriate
577,Breast,"Breast cancer, any clinical stage at original presentation, distant disease surveillance",3196767,MRI head without IV contrast,0 mSvO,0 mSv [ped]O,Usually not appropriate
578,Breast,"Breast cancer, any clinical stage at original presentation, distant disease surveillance",3196767,Bone scan whole body,1-10 mSv☢☢☢,3-10 mSv [ped]☢☢☢☢,Usually not appropriate
579,Breast,"Breast cancer, any clinical stage at original presentation, distant disease surveillance",3196767,CT chest abdomen pelvis with IV contrast,10-30 mSv☢☢☢☢,3-10 mSv [ped]☢☢☢☢,Usually not appropriate
580,Breast,"Breast cancer, any clinical stage at original presentation, distant disease surveillance",3196767,CT chest abdomen pelvis without and with IV contrast,10-30 mSv☢☢☢☢,10-30 mSv [ped]☢☢☢☢☢,Usually not appropriate
581,Breast,"Breast cancer, any clinical stage at original presentation, distant disease surveillance",3196767,CT chest abdomen pelvis without IV contrast,10-30 mSv☢☢☢☢,3-10 mSv [ped]☢☢☢☢,Usually not appropriate
582,Breast,"Breast cancer, any clinical stage at original presentation, distant disease surveillance",3196767,FDG-PET/CT skull base to mid-thigh,10-30 mSv☢☢☢☢,3-10 mSv [ped]☢☢☢☢,Usually not appropriate
583,Breast,"Breast cancer, any clinical stage at original presentation, distant recurrence suspected",3196769,MRI head without and with IV contrast,0 mSvO,0 mSv [ped]O,Usually appropriate
584,Breast,"Breast cancer, any clinical stage at original presentation, distant recurrence suspected",3196769,Bone scan whole body,1-10 mSv☢☢☢,3-10 mSv [ped]☢☢☢☢,Usually appropriate
585,Breast,"Breast cancer, any clinical stage at original presentation, distant recurrence suspected",3196769,CT chest abdomen pelvis with IV contrast,10-30 mSv☢☢☢☢,3-10 mSv [ped]☢☢☢☢,Usually appropriate
586,Breast,"Breast cancer, any clinical stage at original presentation, distant recurrence suspected",3196769,FDG-PET/CT skull base to mid-thigh,10-30 mSv☢☢☢☢,3-10 mSv [ped]☢☢☢☢,Usually appropriate
587,Breast,"Breast cancer, any clinical stage at original presentation, distant recurrence suspected",3196769,MRI head without IV contrast,0 mSvO,0 mSv [ped]O,Usually not appropriate
588,Breast,"Breast cancer, any clinical stage at original presentation, distant recurrence suspected",3196769,CT chest abdomen pelvis without and with IV contrast,10-30 mSv☢☢☢☢,10-30 mSv [ped]☢☢☢☢☢,Usually not appropriate
589,Breast,"Breast cancer, any clinical stage at original presentation, distant recurrence suspected",3196769,CT chest abdomen pelvis without IV contrast,10-30 mSv☢☢☢☢,3-10 mSv [ped]☢☢☢☢,Usually not appropriate
590,Breast,"Breast cancer, any clinical stage at original presentation, treated with breast conservation, local recurrence surveillance",3196759,Digital breast tomosynthesis diagnostic,0.1-1mSv☢☢,,Usually appropriate
591,Breast,"Breast cancer, any clinical stage at original presentation, treated with breast conservation, local recurrence surveillance",3196759,Digital breast tomosynthesis screening,0.1-1mSv☢☢,,Usually appropriate
592,Breast,"Breast cancer, any clinical stage at original presentation, treated with breast conservation, local recurrence surveillance",3196759,Mammography diagnostic,0.1-1mSv☢☢,,Usually appropriate
593,Breast,"Breast cancer, any clinical stage at original presentation, treated with breast conservation, local recurrence surveillance",3196759,Mammography screening,0.1-1mSv☢☢,,Usually appropriate
594,Breast,"Breast cancer, any clinical stage at original presentation, treated with breast conservation, local recurrence surveillance",3196759,Mammography with IV contrast,0.1-1mSv☢☢,,May be appropriate
595,Breast,"Breast cancer, any clinical stage at original presentation, treated with breast conservation, local recurrence surveillance",3196759,MRI breast without and with IV contrast,0 mSvO,0 mSv [ped]O,May be appropriate
596,Breast,"Breast cancer, any clinical stage at original presentation, treated with breast conservation, local recurrence surveillance",3196759,US breast,0 mSvO,0 mSv [ped]O,Usually not appropriate
597,Breast,"Breast cancer, any clinical stage at original presentation, treated with breast conservation, local recurrence surveillance",3196759,MRI breast without IV contrast,0 mSvO,0 mSv [ped]O,Usually not appropriate
598,Breast,"Breast cancer, any clinical stage at original presentation, treated with breast conservation, local recurrence surveillance",3196759,FDG-PET/CT skull base to mid-thigh,10-30 mSv☢☢☢☢,3-10 mSv [ped]☢☢☢☢,Usually not appropriate
599,Breast,"Breast cancer, any clinical stage at original presentation, treated with breast conservation, local recurrence suspected",3196763,US breast,0 mSvO,0 mSv [ped]O,Usually appropriate
600,Breast,"Breast cancer, any clinical stage at original presentation, treated with breast conservation, local recurrence suspected",3196763,Digital breast tomosynthesis diagnostic,0.1-1mSv☢☢,,Usually appropriate
601,Breast,"Breast cancer, any clinical stage at original presentation, treated with breast conservation, local recurrence suspected",3196763,Mammography diagnostic,0.1-1mSv☢☢,,Usually appropriate
602,Breast,"Breast cancer, any clinical stage at original presentation, treated with breast conservation, local recurrence suspected",3196763,Mammography with IV contrast,0.1-1mSv☢☢,,May be appropriate
603,Breast,"Breast cancer, any clinical stage at original presentation, treated with breast conservation, local recurrence suspected",3196763,MRI breast without and with IV contrast,0 mSvO,0 mSv [ped]O,May be appropriate
604,Breast,"Breast cancer, any clinical stage at original presentation, treated with breast conservation, local recurrence suspected",3196763,MRI breast without IV contrast,0 mSvO,0 mSv [ped]O,Usually not appropriate
605,Breast,"Breast cancer, any clinical stage at original presentation, treated with breast conservation, local recurrence suspected",3196763,FDG-PET/CT skull base to mid-thigh,10-30 mSv☢☢☢☢,3-10 mSv [ped]☢☢☢☢,Usually not appropriate
606,Breast,"Breast cancer, any clinical stage at original presentation, treated with mastectomy, local recurrence surveillance",3196761,MRI breast without and with IV contrast,0 mSvO,0 mSv [ped]O,May be appropriate
607,Breast,"Breast cancer, any clinical stage at original presentation, treated with mastectomy, local recurrence surveillance",3196761,US breast,0 mSvO,0 mSv [ped]O,Usually not appropriate
608,Breast,"Breast cancer, any clinical stage at original presentation, treated with mastectomy, local recurrence surveillance",3196761,Digital breast tomosynthesis diagnostic,0.1-1mSv☢☢,,Usually not appropriate
609,Breast,"Breast cancer, any clinical stage at original presentation, treated with mastectomy, local recurrence surveillance",3196761,Digital breast tomosynthesis screening,0.1-1mSv☢☢,,Usually not appropriate
610,Breast,"Breast cancer, any clinical stage at original presentation, treated with mastectomy, local recurrence surveillance",3196761,Mammography diagnostic,0.1-1mSv☢☢,,Usually not appropriate
611,Breast,"Breast cancer, any clinical stage at original presentation, treated with mastectomy, local recurrence surveillance",3196761,Mammography screening,0.1-1mSv☢☢,,Usually not appropriate
612,Breast,"Breast cancer, any clinical stage at original presentation, treated with mastectomy, local recurrence surveillance",3196761,Mammography with IV contrast,0.1-1mSv☢☢,,Usually not appropriate
613,Breast,"Breast cancer, any clinical stage at original presentation, treated with mastectomy, local recurrence surveillance",3196761,MRI breast without IV contrast,0 mSvO,0 mSv [ped]O,Usually not appropriate
614,Breast,"Breast cancer, any clinical stage at original presentation, treated with mastectomy, local recurrence surveillance",3196761,FDG-PET/CT skull base to mid-thigh,10-30 mSv☢☢☢☢,3-10 mSv [ped]☢☢☢☢,Usually not appropriate
615,Breast,"Breast cancer, any clinical stage at original presentation, treated with mastectomy, local recurrence suspected",3196765,US breast,0 mSvO,0 mSv [ped]O,Usually appropriate
616,Breast,"Breast cancer, any clinical stage at original presentation, treated with mastectomy, local recurrence suspected",3196765,Digital breast tomosynthesis diagnostic,0.1-1mSv☢☢,,Usually not appropriate
617,Breast,"Breast cancer, any clinical stage at original presentation, treated with mastectomy, local recurrence suspected",3196765,Mammography diagnostic,0.1-1mSv☢☢,,Usually not appropriate
618,Breast,"Breast cancer, any clinical stage at original presentation, treated with mastectomy, local recurrence suspected",3196765,Mammography with IV contrast,0.1-1mSv☢☢,,Usually not appropriate
619,Breast,"Breast cancer, any clinical stage at original presentation, treated with mastectomy, local recurrence suspected",3196765,MRI breast without and with IV contrast,0 mSvO,0 mSv [ped]O,Usually not appropriate
620,Breast,"Breast cancer, any clinical stage at original presentation, treated with mastectomy, local recurrence suspected",3196765,MRI breast without IV contrast,0 mSvO,0 mSv [ped]O,Usually not appropriate
621,Breast,"Breast cancer, any clinical stage at original presentation, treated with mastectomy, local recurrence suspected",3196765,FDG-PET/CT skull base to mid-thigh,10-30 mSv☢☢☢☢,3-10 mSv [ped]☢☢☢☢,Usually not appropriate
622,Breast,"Breast cancer, axillary mets suspected on mammo or US or MRI, next imaging study",3195965,US-guided core biopsy axillary node,0 mSvO,0 mSv [ped]O,Usually appropriate
623,Breast,"Breast cancer, axillary mets suspected on mammo or US or MRI, next imaging study",3195965,US-guided fine needle aspiration biopsy axillary node,0 mSvO,0 mSv [ped]O,Usually appropriate
624,Breast,"Breast cancer, axillary mets suspected on mammo or US or MRI, next imaging study",3195965,Digital breast tomosynthesis diagnostic,0.1-1mSv☢☢,,Usually not appropriate
625,Breast,"Breast cancer, axillary mets suspected on mammo or US or MRI, next imaging study",3195965,Mammography diagnostic,0.1-1mSv☢☢,,Usually not appropriate
626,Breast,"Breast cancer, axillary mets suspected on mammo or US or MRI, next imaging study",3195965,MRI breast without and with IV contrast,0 mSvO,0 mSv [ped]O,Usually not appropriate
627,Breast,"Breast cancer, axillary mets suspected on mammo or US or MRI, next imaging study",3195965,MRI breast without IV contrast,0 mSvO,0 mSv [ped]O,Usually not appropriate
628,Breast,"Breast cancer, axillary node positive on prior mammo or US or MRI, post completion neoadjuvant chemo, next imaging study to evaluate axilla",3195963,US axilla,0 mSvO,0 mSv [ped]O,Usually appropriate
629,Breast,"Breast cancer, axillary node positive on prior mammo or US or MRI, post completion neoadjuvant chemo, next imaging study to evaluate axilla",3195963,US breast,0 mSvO,0 mSv [ped]O,Usually not appropriate
630,Breast,"Breast cancer, axillary node positive on prior mammo or US or MRI, post completion neoadjuvant chemo, next imaging study to evaluate axilla",3195963,US-guided core biopsy axillary node,0 mSvO,0 mSv [ped]O,Usually not appropriate
631,Breast,"Breast cancer, axillary node positive on prior mammo or US or MRI, post completion neoadjuvant chemo, next imaging study to evaluate axilla",3195963,US-guided fine needle aspiration biopsy axillary node,0 mSvO,0 mSv [ped]O,Usually not appropriate
632,Breast,"Breast cancer, axillary node positive on prior mammo or US or MRI, post completion neoadjuvant chemo, next imaging study to evaluate axilla",3195963,Digital breast tomosynthesis diagnostic,0.1-1mSv☢☢,,Usually not appropriate
633,Breast,"Breast cancer, axillary node positive on prior mammo or US or MRI, post completion neoadjuvant chemo, next imaging study to evaluate axilla",3195963,Mammography diagnostic,0.1-1mSv☢☢,,Usually not appropriate
634,Breast,"Breast cancer, axillary node positive on prior mammo or US or MRI, post completion neoadjuvant chemo, next imaging study to evaluate axilla",3195963,MRI breast without and with IV contrast,0 mSvO,0 mSv [ped]O,Usually not appropriate
635,Breast,"Breast cancer, axillary node positive on prior mammo or US or MRI, post completion neoadjuvant chemo, next imaging study to evaluate axilla",3195963,MRI breast without IV contrast,0 mSvO,0 mSv [ped]O,Usually not appropriate
636,Breast,"Breast cancer, axillary node positive on prior mammo or US or MRI, post completion neoadjuvant chemo, next imaging study to evaluate axilla",3195963,FDG-PET/CT skull base to mid-thigh,10-30 mSv☢☢☢☢,3-10 mSv [ped]☢☢☢☢,Usually not appropriate
637,Breast,"Breast cancer, clinically node negative, evaluate axilla, post completion neoadjuvant chemo, initial imaging",3195959,US axilla,0 mSvO,0 mSv [ped]O,Usually not appropriate
638,Breast,"Breast cancer, clinically node negative, evaluate axilla, post completion neoadjuvant chemo, initial imaging",3195959,US-guided core biopsy axillary node,0 mSvO,0 mSv [ped]O,Usually not appropriate
639,Breast,"Breast cancer, clinically node negative, evaluate axilla, post completion neoadjuvant chemo, initial imaging",3195959,US-guided fine needle aspiration biopsy axillary node,0 mSvO,0 mSv [ped]O,Usually not appropriate
640,Breast,"Breast cancer, clinically node negative, evaluate axilla, post completion neoadjuvant chemo, initial imaging",3195959,Digital breast tomosynthesis diagnostic,0.1-1mSv☢☢,,Usually not appropriate
641,Breast,"Breast cancer, clinically node negative, evaluate axilla, post completion neoadjuvant chemo, initial imaging",3195959,Mammography diagnostic,0.1-1mSv☢☢,,Usually not appropriate
642,Breast,"Breast cancer, clinically node negative, evaluate axilla, post completion neoadjuvant chemo, initial imaging",3195959,MRI breast without and with IV contrast,0 mSvO,0 mSv [ped]O,Usually not appropriate
643,Breast,"Breast cancer, clinically node negative, evaluate axilla, post completion neoadjuvant chemo, initial imaging",3195959,MRI breast without IV contrast,0 mSvO,0 mSv [ped]O,Usually not appropriate
644,Breast,"Breast cancer, clinically node negative, evaluate axilla, post completion neoadjuvant chemo, initial imaging",3195959,FDG-PET/CT skull base to mid-thigh,10-30 mSv☢☢☢☢,3-10 mSv [ped]☢☢☢☢,Usually not appropriate
645,Breast,"Breast cancer, clinically node negative, evaluate axilla, prior to neoadjuvant chemo, initial imaging",3195955,US axilla,0 mSvO,0 mSv [ped]O,Usually appropriate
646,Breast,"Breast cancer, clinically node negative, evaluate axilla, prior to neoadjuvant chemo, initial imaging",3195955,US-guided core biopsy axillary node,0 mSvO,0 mSv [ped]O,Usually not appropriate
647,Breast,"Breast cancer, clinically node negative, evaluate axilla, prior to neoadjuvant chemo, initial imaging",3195955,US-guided fine needle aspiration biopsy axillary node,0 mSvO,0 mSv [ped]O,Usually not appropriate
648,Breast,"Breast cancer, clinically node negative, evaluate axilla, prior to neoadjuvant chemo, initial imaging",3195955,Digital breast tomosynthesis diagnostic,0.1-1mSv☢☢,,Usually not appropriate
649,Breast,"Breast cancer, clinically node negative, evaluate axilla, prior to neoadjuvant chemo, initial imaging",3195955,Mammography diagnostic,0.1-1mSv☢☢,,Usually not appropriate
650,Breast,"Breast cancer, clinically node negative, evaluate axilla, prior to neoadjuvant chemo, initial imaging",3195955,MRI breast without and with IV contrast,0 mSvO,0 mSv [ped]O,Usually not appropriate
651,Breast,"Breast cancer, clinically node negative, evaluate axilla, prior to neoadjuvant chemo, initial imaging",3195955,MRI breast without IV contrast,0 mSvO,0 mSv [ped]O,Usually not appropriate
652,Breast,"Breast cancer, clinically node negative, evaluate axilla, prior to neoadjuvant chemo, initial imaging",3195955,FDG-PET/CT skull base to mid-thigh,10-30 mSv☢☢☢☢,3-10 mSv [ped]☢☢☢☢,Usually not appropriate
653,Breast,"Breast cancer, clinically node positive, evaluate axilla, prior to neoadjuvant chemo, initial imaging",3195957,US axilla,0 mSvO,0 mSv [ped]O,Usually appropriate
654,Breast,"Breast cancer, clinically node positive, evaluate axilla, prior to neoadjuvant chemo, initial imaging",3195957,MRI breast without and with IV contrast,0 mSvO,0 mSv [ped]O,May be appropriate
655,Breast,"Breast cancer, clinically node positive, evaluate axilla, prior to neoadjuvant chemo, initial imaging",3195957,FDG-PET/CT skull base to mid-thigh,10-30 mSv☢☢☢☢,3-10 mSv [ped]☢☢☢☢,May be appropriate
656,Breast,"Breast cancer, clinically node positive, evaluate axilla, prior to neoadjuvant chemo, initial imaging",3195957,US-guided core biopsy axillary node,0 mSvO,0 mSv [ped]O,Usually not appropriate
657,Breast,"Breast cancer, clinically node positive, evaluate axilla, prior to neoadjuvant chemo, initial imaging",3195957,US-guided fine needle aspiration biopsy axillary node,0 mSvO,0 mSv [ped]O,Usually not appropriate
658,Breast,"Breast cancer, clinically node positive, evaluate axilla, prior to neoadjuvant chemo, initial imaging",3195957,Digital breast tomosynthesis diagnostic,0.1-1mSv☢☢,,Usually not appropriate
659,Breast,"Breast cancer, clinically node positive, evaluate axilla, prior to neoadjuvant chemo, initial imaging",3195957,Mammography diagnostic,0.1-1mSv☢☢,,Usually not appropriate
660,Breast,"Breast cancer, clinically node positive, evaluate axilla, prior to neoadjuvant chemo, initial imaging",3195957,MRI breast without IV contrast,0 mSvO,0 mSv [ped]O,Usually not appropriate
661,Breast,"Breast cancer, determine tumor size and extent within the breast, prior to neoadjuvant chemo, initial imaging",3195951,US breast,0 mSvO,0 mSv [ped]O,Usually appropriate
662,Breast,"Breast cancer, determine tumor size and extent within the breast, prior to neoadjuvant chemo, initial imaging",3195951,Digital breast tomosynthesis diagnostic,0.1-1mSv☢☢,,Usually appropriate
663,Breast,"Breast cancer, determine tumor size and extent within the breast, prior to neoadjuvant chemo, initial imaging",3195951,Mammography diagnostic,0.1-1mSv☢☢,,Usually appropriate
664,Breast,"Breast cancer, determine tumor size and extent within the breast, prior to neoadjuvant chemo, initial imaging",3195951,MRI breast without and with IV contrast,0 mSvO,0 mSv [ped]O,Usually appropriate
665,Breast,"Breast cancer, determine tumor size and extent within the breast, prior to neoadjuvant chemo, initial imaging",3195951,MRI breast without IV contrast,0 mSvO,0 mSv [ped]O,Usually not appropriate
666,Breast,"Breast cancer, determine tumor size and extent within the breast, prior to neoadjuvant chemo, initial imaging",3195951,Sestamibi MBI,1-10 mSv☢☢☢,,Usually not appropriate
667,Breast,"Breast cancer, determine tumor size and extent within the breast, prior to neoadjuvant chemo, initial imaging",3195951,FDG-PET/CT skull base to mid-thigh,10-30 mSv☢☢☢☢,3-10 mSv [ped]☢☢☢☢,Usually not appropriate
668,Breast,"Breast cancer, evaluate breast, post completion neoadjuvant chemo, initial imaging",3195953,US breast,0 mSvO,0 mSv [ped]O,Usually appropriate
669,Breast,"Breast cancer, evaluate breast, post completion neoadjuvant chemo, initial imaging",3195953,Digital breast tomosynthesis diagnostic,0.1-1mSv☢☢,,Usually appropriate
670,Breast,"Breast cancer, evaluate breast, post completion neoadjuvant chemo, initial imaging",3195953,Mammography diagnostic,0.1-1mSv☢☢,,Usually appropriate
671,Breast,"Breast cancer, evaluate breast, post completion neoadjuvant chemo, initial imaging",3195953,MRI breast without and with IV contrast,0 mSvO,0 mSv [ped]O,Usually appropriate
672,Breast,"Breast cancer, evaluate breast, post completion neoadjuvant chemo, initial imaging",3195953,MRI breast without IV contrast,0 mSvO,0 mSv [ped]O,Usually not appropriate
673,Breast,"Breast cancer, evaluate breast, post completion neoadjuvant chemo, initial imaging",3195953,Sestamibi MBI,1-10 mSv☢☢☢,,Usually not appropriate
674,Breast,"Breast cancer, evaluate breast, post completion neoadjuvant chemo, initial imaging",3195953,FDG-PET/CT skull base to mid-thigh,10-30 mSv☢☢☢☢,3-10 mSv [ped]☢☢☢☢,Usually not appropriate
675,Breast,"Breast cancer, evaluate breast, post initiation neoadjuvant chemo, initial imaging",3195952,US breast,0 mSvO,0 mSv [ped]O,Usually appropriate
676,Breast,"Breast cancer, evaluate breast, post initiation neoadjuvant chemo, initial imaging",3195952,Digital breast tomosynthesis diagnostic,0.1-1mSv☢☢,,Usually appropriate
677,Breast,"Breast cancer, evaluate breast, post initiation neoadjuvant chemo, initial imaging",3195952,Mammography diagnostic,0.1-1mSv☢☢,,Usually appropriate
678,Breast,"Breast cancer, evaluate breast, post initiation neoadjuvant chemo, initial imaging",3195952,MRI breast without and with IV contrast,0 mSvO,0 mSv [ped]O,Usually appropriate
679,Breast,"Breast cancer, evaluate breast, post initiation neoadjuvant chemo, initial imaging",3195952,MRI breast without IV contrast,0 mSvO,0 mSv [ped]O,Usually not appropriate
680,Breast,"Breast cancer, evaluate breast, post initiation neoadjuvant chemo, initial imaging",3195952,Sestamibi MBI,1-10 mSv☢☢☢,,Usually not appropriate
681,Breast,"Breast cancer, evaluate breast, post initiation neoadjuvant chemo, initial imaging",3195952,FDG-PET/CT skull base to mid-thigh,10-30 mSv☢☢☢☢,3-10 mSv [ped]☢☢☢☢,Usually not appropriate
682,Breast,"Breast cancer, locally recurrent, newly diagnosed, diagnostic mammo or DBT performed, initial axilla imaging",3194833,US axilla,0 mSvO,0 mSv [ped]O,May be appropriate
683,Breast,"Breast cancer, locally recurrent, newly diagnosed, diagnostic mammo or DBT performed, initial axilla imaging",3194833,MRI breast without and with IV contrast,0 mSvO,0 mSv [ped]O,May be appropriate
684,Breast,"Breast cancer, locally recurrent, newly diagnosed, diagnostic mammo or DBT performed, initial axilla imaging",3194833,FDG-PET/CT skull base to mid-thigh,10-30 mSv☢☢☢☢,3-10 mSv [ped]☢☢☢☢,May be appropriate
685,Breast,"Breast cancer, locally recurrent, newly diagnosed, diagnostic mammo or DBT performed, initial axilla imaging",3194833,MRI breast without IV contrast,0 mSvO,0 mSv [ped]O,Usually not appropriate
686,Breast,"Breast cancer, locally recurrent, newly diagnosed, diagnostic mammo or DBT performed, initial axilla imaging",3194833,Sestamibi MBI,1-10 mSv☢☢☢,,Usually not appropriate
687,Breast,"Breast cancer, locally recurrent, newly diagnosed, diagnostic mammo or DBT performed, initial axilla imaging",3194833,CT chest abdomen pelvis with IV contrast,10-30 mSv☢☢☢☢,3-10 mSv [ped]☢☢☢☢,Usually not appropriate
688,Breast,"Breast cancer, locally recurrent, newly diagnosed, diagnostic mammo or DBT performed, initial axilla imaging",3194833,CT chest abdomen pelvis without and with IV contrast,10-30 mSv☢☢☢☢,10-30 mSv [ped]☢☢☢☢☢,Usually not appropriate
689,Breast,"Breast cancer, locally recurrent, newly diagnosed, diagnostic mammo or DBT performed, initial axilla imaging",3194833,CT chest abdomen pelvis without IV contrast,10-30 mSv☢☢☢☢,3-10 mSv [ped]☢☢☢☢,Usually not appropriate
690,Breast,"Breast cancer, locoregional staging, pregnant, initial exam",3141519,US axilla,0 mSvO,0 mSv [ped]O,Usually appropriate
691,Breast,"Breast cancer, locoregional staging, pregnant, initial exam",3141519,Digital breast tomosynthesis diagnostic,0.1-1mSv☢☢,,Usually appropriate
692,Breast,"Breast cancer, locoregional staging, pregnant, initial exam",3141519,Mammography diagnostic,0.1-1mSv☢☢,,Usually appropriate
693,Breast,"Breast cancer, locoregional staging, pregnant, initial exam",3141519,US breast,0 mSvO,0 mSv [ped]O,Usually not appropriate
694,Breast,"Breast cancer, locoregional staging, pregnant, initial exam",3141519,MRI breast without and with IV contrast,0 mSvO,0 mSv [ped]O,Usually not appropriate
695,Breast,"Breast cancer, locoregional staging, pregnant, initial exam",3141519,MRI breast without IV contrast,0 mSvO,0 mSv [ped]O,Usually not appropriate
696,Breast,"Breast cancer, locoregional staging, pregnant, initial exam",3141519,Sestamibi MBI,1-10 mSv☢☢☢,,Usually not appropriate
697,Breast,"Breast cancer, metastatic disease suspected, post completion neoadjuvant chemo, assess response, initial imaging",3195961,Bone scan whole body,1-10 mSv☢☢☢,3-10 mSv [ped]☢☢☢☢,Usually appropriate
698,Breast,"Breast cancer, metastatic disease suspected, post completion neoadjuvant chemo, assess response, initial imaging",3195961,CT chest abdomen pelvis with IV contrast,10-30 mSv☢☢☢☢,3-10 mSv [ped]☢☢☢☢,Usually appropriate
699,Breast,"Breast cancer, metastatic disease suspected, post completion neoadjuvant chemo, assess response, initial imaging",3195961,FDG-PET/CT skull base to mid-thigh,10-30 mSv☢☢☢☢,3-10 mSv [ped]☢☢☢☢,Usually appropriate
700,Breast,"Breast cancer, metastatic disease suspected, post completion neoadjuvant chemo, assess response, initial imaging",3195961,MRI chest abdomen pelvis without and with IV contrast,0 mSvO,0 mSv [ped]O,Usually not appropriate
701,Breast,"Breast cancer, metastatic disease suspected, post completion neoadjuvant chemo, assess response, initial imaging",3195961,MRI chest abdomen pelvis without IV contrast,0 mSvO,0 mSv [ped]O,Usually not appropriate
702,Breast,"Breast cancer, metastatic disease suspected, post completion neoadjuvant chemo, assess response, initial imaging",3195961,CT chest abdomen pelvis without and with IV contrast,10-30 mSv☢☢☢☢,10-30 mSv [ped]☢☢☢☢☢,Usually not appropriate
703,Breast,"Breast cancer, metastatic disease suspected, post completion neoadjuvant chemo, assess response, initial imaging",3195961,CT chest abdomen pelvis without IV contrast,10-30 mSv☢☢☢☢,3-10 mSv [ped]☢☢☢☢,Usually not appropriate
704,Breast,"Breast cancer, metastatic disease suspected, staging, initial imaging",3195960,Bone scan whole body,1-10 mSv☢☢☢,3-10 mSv [ped]☢☢☢☢,Usually appropriate
705,Breast,"Breast cancer, metastatic disease suspected, staging, initial imaging",3195960,CT chest abdomen pelvis with IV contrast,10-30 mSv☢☢☢☢,3-10 mSv [ped]☢☢☢☢,Usually appropriate
706,Breast,"Breast cancer, metastatic disease suspected, staging, initial imaging",3195960,FDG-PET/CT skull base to mid-thigh,10-30 mSv☢☢☢☢,3-10 mSv [ped]☢☢☢☢,Usually appropriate
707,Breast,"Breast cancer, metastatic disease suspected, staging, initial imaging",3195960,MRI chest abdomen pelvis without and with IV contrast,0 mSvO,0 mSv [ped]O,Usually not appropriate
708,Breast,"Breast cancer, metastatic disease suspected, staging, initial imaging",3195960,MRI chest abdomen pelvis without IV contrast,0 mSvO,0 mSv [ped]O,Usually not appropriate
709,Breast,"Breast cancer, metastatic disease suspected, staging, initial imaging",3195960,CT chest abdomen pelvis without and with IV contrast,10-30 mSv☢☢☢☢,10-30 mSv [ped]☢☢☢☢☢,Usually not appropriate
710,Breast,"Breast cancer, metastatic disease suspected, staging, initial imaging",3195960,CT chest abdomen pelvis without IV contrast,10-30 mSv☢☢☢☢,3-10 mSv [ped]☢☢☢☢,Usually not appropriate
711,Breast,"Breast cancer, newly diagnosed, clinical stage IIB-III, IDC, ER-/PR-/HER2-, distant disease evaluation",3196755,Bone scan whole body,1-10 mSv☢☢☢,3-10 mSv [ped]☢☢☢☢,Usually appropriate
712,Breast,"Breast cancer, newly diagnosed, clinical stage IIB-III, IDC, ER-/PR-/HER2-, distant disease evaluation",3196755,CT chest abdomen pelvis with IV contrast,10-30 mSv☢☢☢☢,3-10 mSv [ped]☢☢☢☢,Usually appropriate
713,Breast,"Breast cancer, newly diagnosed, clinical stage IIB-III, IDC, ER-/PR-/HER2-, distant disease evaluation",3196755,FDG-PET/CT skull base to mid-thigh,10-30 mSv☢☢☢☢,3-10 mSv [ped]☢☢☢☢,Usually appropriate
714,Breast,"Breast cancer, newly diagnosed, clinical stage IIB-III, IDC, ER-/PR-/HER2-, distant disease evaluation",3196755,US axilla,0 mSvO,0 mSv [ped]O,Usually not appropriate
715,Breast,"Breast cancer, newly diagnosed, clinical stage IIB-III, IDC, ER-/PR-/HER2-, distant disease evaluation",3196755,US breast,0 mSvO,0 mSv [ped]O,Usually not appropriate
716,Breast,"Breast cancer, newly diagnosed, clinical stage IIB-III, IDC, ER-/PR-/HER2-, distant disease evaluation",3196755,Digital breast tomosynthesis diagnostic,0.1-1mSv☢☢,,Usually not appropriate
717,Breast,"Breast cancer, newly diagnosed, clinical stage IIB-III, IDC, ER-/PR-/HER2-, distant disease evaluation",3196755,Mammography diagnostic,0.1-1mSv☢☢,,Usually not appropriate
718,Breast,"Breast cancer, newly diagnosed, clinical stage IIB-III, IDC, ER-/PR-/HER2-, distant disease evaluation",3196755,Mammography with IV contrast,0.1-1mSv☢☢,,Usually not appropriate
719,Breast,"Breast cancer, newly diagnosed, clinical stage IIB-III, IDC, ER-/PR-/HER2-, distant disease evaluation",3196755,MRI breast without and with IV contrast,0 mSvO,0 mSv [ped]O,Usually not appropriate
720,Breast,"Breast cancer, newly diagnosed, clinical stage IIB-III, IDC, ER-/PR-/HER2-, distant disease evaluation",3196755,MRI breast without IV contrast,0 mSvO,0 mSv [ped]O,Usually not appropriate
721,Breast,"Breast cancer, newly diagnosed, clinical stage IIB-III, IDC, ER-/PR-/HER2-, distant disease evaluation",3196755,MRI head without and with IV contrast,0 mSvO,0 mSv [ped]O,Usually not appropriate
722,Breast,"Breast cancer, newly diagnosed, clinical stage IIB-III, IDC, ER-/PR-/HER2-, distant disease evaluation",3196755,MRI head without IV contrast,0 mSvO,0 mSv [ped]O,Usually not appropriate
723,Breast,"Breast cancer, newly diagnosed, clinical stage IIB-III, IDC, ER-/PR-/HER2-, distant disease evaluation",3196755,CT chest abdomen pelvis without and with IV contrast,10-30 mSv☢☢☢☢,10-30 mSv [ped]☢☢☢☢☢,Usually not appropriate
724,Breast,"Breast cancer, newly diagnosed, clinical stage IIB-III, IDC, ER-/PR-/HER2-, distant disease evaluation",3196755,CT chest abdomen pelvis without IV contrast,10-30 mSv☢☢☢☢,3-10 mSv [ped]☢☢☢☢,Usually not appropriate
725,Breast,"Breast cancer, newly diagnosed, clinical stage IIB-III, IDC, ER+/HER2-, distant disease evaluation",3196751,Bone scan whole body,1-10 mSv☢☢☢,3-10 mSv [ped]☢☢☢☢,Usually appropriate
726,Breast,"Breast cancer, newly diagnosed, clinical stage IIB-III, IDC, ER+/HER2-, distant disease evaluation",3196751,CT chest abdomen pelvis with IV contrast,10-30 mSv☢☢☢☢,3-10 mSv [ped]☢☢☢☢,Usually appropriate
727,Breast,"Breast cancer, newly diagnosed, clinical stage IIB-III, IDC, ER+/HER2-, distant disease evaluation",3196751,FDG-PET/CT skull base to mid-thigh,10-30 mSv☢☢☢☢,3-10 mSv [ped]☢☢☢☢,Usually appropriate
728,Breast,"Breast cancer, newly diagnosed, clinical stage IIB-III, IDC, ER+/HER2-, distant disease evaluation",3196751,US axilla,0 mSvO,0 mSv [ped]O,Usually not appropriate
729,Breast,"Breast cancer, newly diagnosed, clinical stage IIB-III, IDC, ER+/HER2-, distant disease evaluation",3196751,US breast,0 mSvO,0 mSv [ped]O,Usually not appropriate
730,Breast,"Breast cancer, newly diagnosed, clinical stage IIB-III, IDC, ER+/HER2-, distant disease evaluation",3196751,Digital breast tomosynthesis diagnostic,0.1-1mSv☢☢,,Usually not appropriate
731,Breast,"Breast cancer, newly diagnosed, clinical stage IIB-III, IDC, ER+/HER2-, distant disease evaluation",3196751,Mammography diagnostic,0.1-1mSv☢☢,,Usually not appropriate
732,Breast,"Breast cancer, newly diagnosed, clinical stage IIB-III, IDC, ER+/HER2-, distant disease evaluation",3196751,Mammography with IV contrast,0.1-1mSv☢☢,,Usually not appropriate
733,Breast,"Breast cancer, newly diagnosed, clinical stage IIB-III, IDC, ER+/HER2-, distant disease evaluation",3196751,MRI breast without and with IV contrast,0 mSvO,0 mSv [ped]O,Usually not appropriate
734,Breast,"Breast cancer, newly diagnosed, clinical stage IIB-III, IDC, ER+/HER2-, distant disease evaluation",3196751,MRI breast without IV contrast,0 mSvO,0 mSv [ped]O,Usually not appropriate
735,Breast,"Breast cancer, newly diagnosed, clinical stage IIB-III, IDC, ER+/HER2-, distant disease evaluation",3196751,CT chest abdomen pelvis without and with IV contrast,10-30 mSv☢☢☢☢,10-30 mSv [ped]☢☢☢☢☢,Usually not appropriate
736,Breast,"Breast cancer, newly diagnosed, clinical stage IIB-III, IDC, ER+/HER2-, distant disease evaluation",3196751,CT chest abdomen pelvis without IV contrast,10-30 mSv☢☢☢☢,3-10 mSv [ped]☢☢☢☢,Usually not appropriate
737,Breast,"Breast cancer, newly diagnosed, clinical stage IIB-III, IDC, HER2+, distant disease evaluation",3196754,Bone scan whole body,1-10 mSv☢☢☢,3-10 mSv [ped]☢☢☢☢,Usually appropriate
738,Breast,"Breast cancer, newly diagnosed, clinical stage IIB-III, IDC, HER2+, distant disease evaluation",3196754,CT chest abdomen pelvis with IV contrast,10-30 mSv☢☢☢☢,3-10 mSv [ped]☢☢☢☢,Usually appropriate
739,Breast,"Breast cancer, newly diagnosed, clinical stage IIB-III, IDC, HER2+, distant disease evaluation",3196754,FDG-PET/CT skull base to mid-thigh,10-30 mSv☢☢☢☢,3-10 mSv [ped]☢☢☢☢,Usually appropriate
740,Breast,"Breast cancer, newly diagnosed, clinical stage IIB-III, IDC, HER2+, distant disease evaluation",3196754,US axilla,0 mSvO,0 mSv [ped]O,Usually not appropriate
741,Breast,"Breast cancer, newly diagnosed, clinical stage IIB-III, IDC, HER2+, distant disease evaluation",3196754,US breast,0 mSvO,0 mSv [ped]O,Usually not appropriate
742,Breast,"Breast cancer, newly diagnosed, clinical stage IIB-III, IDC, HER2+, distant disease evaluation",3196754,Digital breast tomosynthesis diagnostic,0.1-1mSv☢☢,,Usually not appropriate
743,Breast,"Breast cancer, newly diagnosed, clinical stage IIB-III, IDC, HER2+, distant disease evaluation",3196754,Mammography diagnostic,0.1-1mSv☢☢,,Usually not appropriate
744,Breast,"Breast cancer, newly diagnosed, clinical stage IIB-III, IDC, HER2+, distant disease evaluation",3196754,Mammography with IV contrast,0.1-1mSv☢☢,,Usually not appropriate
745,Breast,"Breast cancer, newly diagnosed, clinical stage IIB-III, IDC, HER2+, distant disease evaluation",3196754,MRI breast without and with IV contrast,0 mSvO,0 mSv [ped]O,Usually not appropriate
746,Breast,"Breast cancer, newly diagnosed, clinical stage IIB-III, IDC, HER2+, distant disease evaluation",3196754,MRI breast without IV contrast,0 mSvO,0 mSv [ped]O,Usually not appropriate
747,Breast,"Breast cancer, newly diagnosed, clinical stage IIB-III, IDC, HER2+, distant disease evaluation",3196754,MRI head without and with IV contrast,0 mSvO,0 mSv [ped]O,Usually not appropriate
748,Breast,"Breast cancer, newly diagnosed, clinical stage IIB-III, IDC, HER2+, distant disease evaluation",3196754,MRI head without IV contrast,0 mSvO,0 mSv [ped]O,Usually not appropriate
749,Breast,"Breast cancer, newly diagnosed, clinical stage IIB-III, IDC, HER2+, distant disease evaluation",3196754,CT chest abdomen pelvis without and with IV contrast,10-30 mSv☢☢☢☢,10-30 mSv [ped]☢☢☢☢☢,Usually not appropriate
750,Breast,"Breast cancer, newly diagnosed, clinical stage IIB-III, IDC, HER2+, distant disease evaluation",3196754,CT chest abdomen pelvis without IV contrast,10-30 mSv☢☢☢☢,3-10 mSv [ped]☢☢☢☢,Usually not appropriate
751,Breast,"Breast cancer, newly diagnosed, clinical stage IIB-III, ILC, ER-/PR-/HER2-, distant disease evaluation",3196757,Bone scan whole body,1-10 mSv☢☢☢,3-10 mSv [ped]☢☢☢☢,Usually appropriate
752,Breast,"Breast cancer, newly diagnosed, clinical stage IIB-III, ILC, ER-/PR-/HER2-, distant disease evaluation",3196757,CT chest abdomen pelvis with IV contrast,10-30 mSv☢☢☢☢,3-10 mSv [ped]☢☢☢☢,Usually appropriate
753,Breast,"Breast cancer, newly diagnosed, clinical stage IIB-III, ILC, ER-/PR-/HER2-, distant disease evaluation",3196757,FDG-PET/CT skull base to mid-thigh,10-30 mSv☢☢☢☢,3-10 mSv [ped]☢☢☢☢,Usually appropriate
754,Breast,"Breast cancer, newly diagnosed, clinical stage IIB-III, ILC, ER-/PR-/HER2-, distant disease evaluation",3196757,US axilla,0 mSvO,0 mSv [ped]O,Usually not appropriate
755,Breast,"Breast cancer, newly diagnosed, clinical stage IIB-III, ILC, ER-/PR-/HER2-, distant disease evaluation",3196757,US breast,0 mSvO,0 mSv [ped]O,Usually not appropriate
756,Breast,"Breast cancer, newly diagnosed, clinical stage IIB-III, ILC, ER-/PR-/HER2-, distant disease evaluation",3196757,Digital breast tomosynthesis diagnostic,0.1-1mSv☢☢,,Usually not appropriate
757,Breast,"Breast cancer, newly diagnosed, clinical stage IIB-III, ILC, ER-/PR-/HER2-, distant disease evaluation",3196757,Mammography diagnostic,0.1-1mSv☢☢,,Usually not appropriate
758,Breast,"Breast cancer, newly diagnosed, clinical stage IIB-III, ILC, ER-/PR-/HER2-, distant disease evaluation",3196757,Mammography with IV contrast,0.1-1mSv☢☢,,Usually not appropriate
759,Breast,"Breast cancer, newly diagnosed, clinical stage IIB-III, ILC, ER-/PR-/HER2-, distant disease evaluation",3196757,MRI breast without and with IV contrast,0 mSvO,0 mSv [ped]O,Usually not appropriate
760,Breast,"Breast cancer, newly diagnosed, clinical stage IIB-III, ILC, ER-/PR-/HER2-, distant disease evaluation",3196757,MRI breast without IV contrast,0 mSvO,0 mSv [ped]O,Usually not appropriate
761,Breast,"Breast cancer, newly diagnosed, clinical stage IIB-III, ILC, ER-/PR-/HER2-, distant disease evaluation",3196757,MRI head without and with IV contrast,0 mSvO,0 mSv [ped]O,Usually not appropriate
762,Breast,"Breast cancer, newly diagnosed, clinical stage IIB-III, ILC, ER-/PR-/HER2-, distant disease evaluation",3196757,MRI head without IV contrast,0 mSvO,0 mSv [ped]O,Usually not appropriate
763,Breast,"Breast cancer, newly diagnosed, clinical stage IIB-III, ILC, ER-/PR-/HER2-, distant disease evaluation",3196757,CT chest abdomen pelvis without and with IV contrast,10-30 mSv☢☢☢☢,10-30 mSv [ped]☢☢☢☢☢,Usually not appropriate
764,Breast,"Breast cancer, newly diagnosed, clinical stage IIB-III, ILC, ER-/PR-/HER2-, distant disease evaluation",3196757,CT chest abdomen pelvis without IV contrast,10-30 mSv☢☢☢☢,3-10 mSv [ped]☢☢☢☢,Usually not appropriate
765,Breast,"Breast cancer, newly diagnosed, clinical stage IIB-III, ILC, ER+/HER2-, distant disease evaluation",3196752,Bone scan whole body,1-10 mSv☢☢☢,3-10 mSv [ped]☢☢☢☢,Usually appropriate
766,Breast,"Breast cancer, newly diagnosed, clinical stage IIB-III, ILC, ER+/HER2-, distant disease evaluation",3196752,CT chest abdomen pelvis with IV contrast,10-30 mSv☢☢☢☢,3-10 mSv [ped]☢☢☢☢,Usually appropriate
767,Breast,"Breast cancer, newly diagnosed, clinical stage IIB-III, ILC, ER+/HER2-, distant disease evaluation",3196752,FDG-PET/CT skull base to mid-thigh,10-30 mSv☢☢☢☢,3-10 mSv [ped]☢☢☢☢,Usually appropriate
768,Breast,"Breast cancer, newly diagnosed, clinical stage IIB-III, ILC, ER+/HER2-, distant disease evaluation",3196752,US axilla,0 mSvO,0 mSv [ped]O,Usually not appropriate
769,Breast,"Breast cancer, newly diagnosed, clinical stage IIB-III, ILC, ER+/HER2-, distant disease evaluation",3196752,US breast,0 mSvO,0 mSv [ped]O,Usually not appropriate
770,Breast,"Breast cancer, newly diagnosed, clinical stage IIB-III, ILC, ER+/HER2-, distant disease evaluation",3196752,Digital breast tomosynthesis diagnostic,0.1-1mSv☢☢,,Usually not appropriate
771,Breast,"Breast cancer, newly diagnosed, clinical stage IIB-III, ILC, ER+/HER2-, distant disease evaluation",3196752,Mammography diagnostic,0.1-1mSv☢☢,,Usually not appropriate
772,Breast,"Breast cancer, newly diagnosed, clinical stage IIB-III, ILC, ER+/HER2-, distant disease evaluation",3196752,Mammography with IV contrast,0.1-1mSv☢☢,,Usually not appropriate
773,Breast,"Breast cancer, newly diagnosed, clinical stage IIB-III, ILC, ER+/HER2-, distant disease evaluation",3196752,MRI breast without and with IV contrast,0 mSvO,0 mSv [ped]O,Usually not appropriate
774,Breast,"Breast cancer, newly diagnosed, clinical stage IIB-III, ILC, ER+/HER2-, distant disease evaluation",3196752,MRI breast without IV contrast,0 mSvO,0 mSv [ped]O,Usually not appropriate
775,Breast,"Breast cancer, newly diagnosed, clinical stage IIB-III, ILC, ER+/HER2-, distant disease evaluation",3196752,CT chest abdomen pelvis without and with IV contrast,10-30 mSv☢☢☢☢,10-30 mSv [ped]☢☢☢☢☢,Usually not appropriate
776,Breast,"Breast cancer, newly diagnosed, clinical stage IIB-III, ILC, ER+/HER2-, distant disease evaluation",3196752,CT chest abdomen pelvis without IV contrast,10-30 mSv☢☢☢☢,3-10 mSv [ped]☢☢☢☢,Usually not appropriate
777,Breast,"Breast cancer, newly diagnosed, clinical stage IIB-III, ILC, HER2+, distant disease evaluation",3196756,Bone scan whole body,1-10 mSv☢☢☢,3-10 mSv [ped]☢☢☢☢,Usually appropriate
778,Breast,"Breast cancer, newly diagnosed, clinical stage IIB-III, ILC, HER2+, distant disease evaluation",3196756,CT chest abdomen pelvis with IV contrast,10-30 mSv☢☢☢☢,3-10 mSv [ped]☢☢☢☢,Usually appropriate
779,Breast,"Breast cancer, newly diagnosed, clinical stage IIB-III, ILC, HER2+, distant disease evaluation",3196756,FDG-PET/CT skull base to mid-thigh,10-30 mSv☢☢☢☢,3-10 mSv [ped]☢☢☢☢,Usually appropriate
780,Breast,"Breast cancer, newly diagnosed, clinical stage IIB-III, ILC, HER2+, distant disease evaluation",3196756,US axilla,0 mSvO,0 mSv [ped]O,Usually not appropriate
781,Breast,"Breast cancer, newly diagnosed, clinical stage IIB-III, ILC, HER2+, distant disease evaluation",3196756,US breast,0 mSvO,0 mSv [ped]O,Usually not appropriate
782,Breast,"Breast cancer, newly diagnosed, clinical stage IIB-III, ILC, HER2+, distant disease evaluation",3196756,Digital breast tomosynthesis diagnostic,0.1-1mSv☢☢,,Usually not appropriate
783,Breast,"Breast cancer, newly diagnosed, clinical stage IIB-III, ILC, HER2+, distant disease evaluation",3196756,Mammography diagnostic,0.1-1mSv☢☢,,Usually not appropriate
784,Breast,"Breast cancer, newly diagnosed, clinical stage IIB-III, ILC, HER2+, distant disease evaluation",3196756,Mammography with IV contrast,0.1-1mSv☢☢,,Usually not appropriate
785,Breast,"Breast cancer, newly diagnosed, clinical stage IIB-III, ILC, HER2+, distant disease evaluation",3196756,MRI breast without and with IV contrast,0 mSvO,0 mSv [ped]O,Usually not appropriate
786,Breast,"Breast cancer, newly diagnosed, clinical stage IIB-III, ILC, HER2+, distant disease evaluation",3196756,MRI breast without IV contrast,0 mSvO,0 mSv [ped]O,Usually not appropriate
787,Breast,"Breast cancer, newly diagnosed, clinical stage IIB-III, ILC, HER2+, distant disease evaluation",3196756,MRI head without and with IV contrast,0 mSvO,0 mSv [ped]O,Usually not appropriate
788,Breast,"Breast cancer, newly diagnosed, clinical stage IIB-III, ILC, HER2+, distant disease evaluation",3196756,MRI head without IV contrast,0 mSvO,0 mSv [ped]O,Usually not appropriate
789,Breast,"Breast cancer, newly diagnosed, clinical stage IIB-III, ILC, HER2+, distant disease evaluation",3196756,CT chest abdomen pelvis without and with IV contrast,10-30 mSv☢☢☢☢,10-30 mSv [ped]☢☢☢☢☢,Usually not appropriate
790,Breast,"Breast cancer, newly diagnosed, clinical stage IIB-III, ILC, HER2+, distant disease evaluation",3196756,CT chest abdomen pelvis without IV contrast,10-30 mSv☢☢☢☢,3-10 mSv [ped]☢☢☢☢,Usually not appropriate
791,Breast,"Breast cancer, newly diagnosed, clinical stage IIB-III, locoregional disease evaluation",3196749,US axilla,0 mSvO,0 mSv [ped]O,Usually appropriate
792,Breast,"Breast cancer, newly diagnosed, clinical stage IIB-III, locoregional disease evaluation",3196749,US breast,0 mSvO,0 mSv [ped]O,Usually appropriate
793,Breast,"Breast cancer, newly diagnosed, clinical stage IIB-III, locoregional disease evaluation",3196749,Digital breast tomosynthesis diagnostic,0.1-1mSv☢☢,,Usually appropriate
794,Breast,"Breast cancer, newly diagnosed, clinical stage IIB-III, locoregional disease evaluation",3196749,Mammography diagnostic,0.1-1mSv☢☢,,Usually appropriate
795,Breast,"Breast cancer, newly diagnosed, clinical stage IIB-III, locoregional disease evaluation",3196749,MRI breast without and with IV contrast,0 mSvO,0 mSv [ped]O,Usually appropriate
796,Breast,"Breast cancer, newly diagnosed, clinical stage IIB-III, locoregional disease evaluation",3196749,FDG-PET/CT skull base to mid-thigh,10-30 mSv☢☢☢☢,3-10 mSv [ped]☢☢☢☢,Usually appropriate
797,Breast,"Breast cancer, newly diagnosed, clinical stage IIB-III, locoregional disease evaluation",3196749,Mammography with IV contrast,0.1-1mSv☢☢,,May be appropriate
798,Breast,"Breast cancer, newly diagnosed, clinical stage IIB-III, locoregional disease evaluation",3196749,MRI breast without IV contrast,0 mSvO,0 mSv [ped]O,Usually not appropriate
799,Breast,"Breast cancer, newly diagnosed, clinical stage IIB-III, locoregional disease evaluation",3196749,Bone scan whole body,1-10 mSv☢☢☢,3-10 mSv [ped]☢☢☢☢,Usually not appropriate
800,Breast,"Breast cancer, newly diagnosed, clinical stage IIB-III, locoregional disease evaluation",3196749,CT chest abdomen pelvis with IV contrast,10-30 mSv☢☢☢☢,3-10 mSv [ped]☢☢☢☢,Usually not appropriate
801,Breast,"Breast cancer, newly diagnosed, clinical stage IIB-III, locoregional disease evaluation",3196749,CT chest abdomen pelvis without and with IV contrast,10-30 mSv☢☢☢☢,10-30 mSv [ped]☢☢☢☢☢,Usually not appropriate
802,Breast,"Breast cancer, newly diagnosed, clinical stage IIB-III, locoregional disease evaluation",3196749,CT chest abdomen pelvis without IV contrast,10-30 mSv☢☢☢☢,3-10 mSv [ped]☢☢☢☢,Usually not appropriate
803,Breast,"Breast cancer, newly diagnosed, clinical stage I-IIA, distant disease evaluation",3196747,US axilla,0 mSvO,0 mSv [ped]O,Usually not appropriate
804,Breast,"Breast cancer, newly diagnosed, clinical stage I-IIA, distant disease evaluation",3196747,US breast,0 mSvO,0 mSv [ped]O,Usually not appropriate
805,Breast,"Breast cancer, newly diagnosed, clinical stage I-IIA, distant disease evaluation",3196747,Digital breast tomosynthesis diagnostic,0.1-1mSv☢☢,,Usually not appropriate
806,Breast,"Breast cancer, newly diagnosed, clinical stage I-IIA, distant disease evaluation",3196747,Mammography diagnostic,0.1-1mSv☢☢,,Usually not appropriate
807,Breast,"Breast cancer, newly diagnosed, clinical stage I-IIA, distant disease evaluation",3196747,Mammography with IV contrast,0.1-1mSv☢☢,,Usually not appropriate
808,Breast,"Breast cancer, newly diagnosed, clinical stage I-IIA, distant disease evaluation",3196747,MRI breast without and with IV contrast,0 mSvO,0 mSv [ped]O,Usually not appropriate
809,Breast,"Breast cancer, newly diagnosed, clinical stage I-IIA, distant disease evaluation",3196747,MRI breast without IV contrast,0 mSvO,0 mSv [ped]O,Usually not appropriate
810,Breast,"Breast cancer, newly diagnosed, clinical stage I-IIA, distant disease evaluation",3196747,Bone scan whole body,1-10 mSv☢☢☢,3-10 mSv [ped]☢☢☢☢,Usually not appropriate
811,Breast,"Breast cancer, newly diagnosed, clinical stage I-IIA, distant disease evaluation",3196747,CT chest abdomen pelvis with IV contrast,10-30 mSv☢☢☢☢,3-10 mSv [ped]☢☢☢☢,Usually not appropriate
812,Breast,"Breast cancer, newly diagnosed, clinical stage I-IIA, distant disease evaluation",3196747,CT chest abdomen pelvis without and with IV contrast,10-30 mSv☢☢☢☢,10-30 mSv [ped]☢☢☢☢☢,Usually not appropriate
813,Breast,"Breast cancer, newly diagnosed, clinical stage I-IIA, distant disease evaluation",3196747,CT chest abdomen pelvis without IV contrast,10-30 mSv☢☢☢☢,3-10 mSv [ped]☢☢☢☢,Usually not appropriate
814,Breast,"Breast cancer, newly diagnosed, clinical stage I-IIA, distant disease evaluation",3196747,FDG-PET/CT skull base to mid-thigh,10-30 mSv☢☢☢☢,3-10 mSv [ped]☢☢☢☢,Usually not appropriate
815,Breast,"Breast cancer, newly diagnosed, clinical stage I-IIA, locoregional disease evaluation",3196745,US breast,0 mSvO,0 mSv [ped]O,Usually appropriate
816,Breast,"Breast cancer, newly diagnosed, clinical stage I-IIA, locoregional disease evaluation",3196745,Digital breast tomosynthesis diagnostic,0.1-1mSv☢☢,,Usually appropriate
817,Breast,"Breast cancer, newly diagnosed, clinical stage I-IIA, locoregional disease evaluation",3196745,Mammography diagnostic,0.1-1mSv☢☢,,Usually appropriate
818,Breast,"Breast cancer, newly diagnosed, clinical stage I-IIA, locoregional disease evaluation",3196745,MRI breast without and with IV contrast,0 mSvO,0 mSv [ped]O,Usually appropriate
819,Breast,"Breast cancer, newly diagnosed, clinical stage I-IIA, locoregional disease evaluation",3196745,US axilla,0 mSvO,0 mSv [ped]O,May be appropriate
820,Breast,"Breast cancer, newly diagnosed, clinical stage I-IIA, locoregional disease evaluation",3196745,Mammography with IV contrast,0.1-1mSv☢☢,,May be appropriate
821,Breast,"Breast cancer, newly diagnosed, clinical stage I-IIA, locoregional disease evaluation",3196745,MRI breast without IV contrast,0 mSvO,0 mSv [ped]O,Usually not appropriate
822,Breast,"Breast cancer, newly diagnosed, clinical stage I-IIA, locoregional disease evaluation",3196745,Bone scan whole body,1-10 mSv☢☢☢,3-10 mSv [ped]☢☢☢☢,Usually not appropriate
823,Breast,"Breast cancer, newly diagnosed, clinical stage I-IIA, locoregional disease evaluation",3196745,CT chest abdomen pelvis with IV contrast,10-30 mSv☢☢☢☢,3-10 mSv [ped]☢☢☢☢,Usually not appropriate
824,Breast,"Breast cancer, newly diagnosed, clinical stage I-IIA, locoregional disease evaluation",3196745,CT chest abdomen pelvis without and with IV contrast,10-30 mSv☢☢☢☢,10-30 mSv [ped]☢☢☢☢☢,Usually not appropriate
825,Breast,"Breast cancer, newly diagnosed, clinical stage I-IIA, locoregional disease evaluation",3196745,CT chest abdomen pelvis without IV contrast,10-30 mSv☢☢☢☢,3-10 mSv [ped]☢☢☢☢,Usually not appropriate
826,Breast,"Breast cancer, newly diagnosed, clinical stage I-IIA, locoregional disease evaluation",3196745,FDG-PET/CT skull base to mid-thigh,10-30 mSv☢☢☢☢,3-10 mSv [ped]☢☢☢☢,Usually not appropriate
827,Breast,"Breast conservation surgery for breast cancer, negative margins, no radiation therapy, asymptomatic, surveillance",3195401,Digital breast tomosynthesis diagnostic,0.1-1mSv☢☢,,Usually appropriate
828,Breast,"Breast conservation surgery for breast cancer, negative margins, no radiation therapy, asymptomatic, surveillance",3195401,Digital breast tomosynthesis screening,0.1-1mSv☢☢,,Usually appropriate
829,Breast,"Breast conservation surgery for breast cancer, negative margins, no radiation therapy, asymptomatic, surveillance",3195401,Mammography diagnostic,0.1-1mSv☢☢,,Usually appropriate
830,Breast,"Breast conservation surgery for breast cancer, negative margins, no radiation therapy, asymptomatic, surveillance",3195401,Mammography screening,0.1-1mSv☢☢,,Usually appropriate
831,Breast,"Breast conservation surgery for breast cancer, negative margins, no radiation therapy, asymptomatic, surveillance",3195401,US breast,0 mSvO,0 mSv [ped]O,May be appropriate
832,Breast,"Breast conservation surgery for breast cancer, negative margins, no radiation therapy, asymptomatic, surveillance",3195401,MRI breast without and with IV contrast,0 mSvO,0 mSv [ped]O,May be appropriate
833,Breast,"Breast conservation surgery for breast cancer, negative margins, no radiation therapy, asymptomatic, surveillance",3195401,MRI breast without IV contrast,0 mSvO,0 mSv [ped]O,Usually not appropriate
834,Breast,"Breast conservation surgery for breast cancer, negative margins, no radiation therapy, asymptomatic, surveillance",3195401,FDG-PET breast dedicated,1-10 mSv☢☢☢,,Usually not appropriate
835,Breast,"Breast conservation surgery for breast cancer, negative margins, no radiation therapy, asymptomatic, surveillance",3195401,Sestamibi MBI,1-10 mSv☢☢☢,,Usually not appropriate
836,Breast,"Breast conservation surgery for breast cancer, negative margins, radiation therapy, asymptomatic, surveillance",3195400,Digital breast tomosynthesis diagnostic,0.1-1mSv☢☢,,Usually appropriate
837,Breast,"Breast conservation surgery for breast cancer, negative margins, radiation therapy, asymptomatic, surveillance",3195400,Digital breast tomosynthesis screening,0.1-1mSv☢☢,,Usually appropriate
838,Breast,"Breast conservation surgery for breast cancer, negative margins, radiation therapy, asymptomatic, surveillance",3195400,Mammography diagnostic,0.1-1mSv☢☢,,Usually appropriate
839,Breast,"Breast conservation surgery for breast cancer, negative margins, radiation therapy, asymptomatic, surveillance",3195400,Mammography screening,0.1-1mSv☢☢,,Usually appropriate
840,Breast,"Breast conservation surgery for breast cancer, negative margins, radiation therapy, asymptomatic, surveillance",3195400,US breast,0 mSvO,0 mSv [ped]O,May be appropriate
841,Breast,"Breast conservation surgery for breast cancer, negative margins, radiation therapy, asymptomatic, surveillance",3195400,MRI breast without and with IV contrast,0 mSvO,0 mSv [ped]O,May be appropriate
842,Breast,"Breast conservation surgery for breast cancer, negative margins, radiation therapy, asymptomatic, surveillance",3195400,MRI breast without IV contrast,0 mSvO,0 mSv [ped]O,Usually not appropriate
843,Breast,"Breast conservation surgery for breast cancer, negative margins, radiation therapy, asymptomatic, surveillance",3195400,FDG-PET breast dedicated,1-10 mSv☢☢☢,,Usually not appropriate
844,Breast,"Breast conservation surgery for breast cancer, negative margins, radiation therapy, asymptomatic, surveillance",3195400,Sestamibi MBI,1-10 mSv☢☢☢,,Usually not appropriate
845,Breast,"Breast excision, malignant, positive margins, asymptomatic, postsurgical, initial imaging",3195398,Digital breast tomosynthesis diagnostic,0.1-1mSv☢☢,,May be appropriate (Disagreement)
846,Breast,"Breast excision, malignant, positive margins, asymptomatic, postsurgical, initial imaging",3195398,Mammography diagnostic,0.1-1mSv☢☢,,May be appropriate
847,Breast,"Breast excision, malignant, positive margins, asymptomatic, postsurgical, initial imaging",3195398,MRI breast without and with IV contrast,0 mSvO,0 mSv [ped]O,May be appropriate
848,Breast,"Breast excision, malignant, positive margins, asymptomatic, postsurgical, initial imaging",3195398,US breast,0 mSvO,0 mSv [ped]O,Usually not appropriate
849,Breast,"Breast excision, malignant, positive margins, asymptomatic, postsurgical, initial imaging",3195398,Digital breast tomosynthesis screening,0.1-1mSv☢☢,,Usually not appropriate
850,Breast,"Breast excision, malignant, positive margins, asymptomatic, postsurgical, initial imaging",3195398,Mammography screening,0.1-1mSv☢☢,,Usually not appropriate
851,Breast,"Breast excision, malignant, positive margins, asymptomatic, postsurgical, initial imaging",3195398,MRI breast without IV contrast,0 mSvO,0 mSv [ped]O,Usually not appropriate
852,Breast,"Breast excision, malignant, positive margins, asymptomatic, postsurgical, initial imaging",3195398,FDG-PET breast dedicated,1-10 mSv☢☢☢,,Usually not appropriate
853,Breast,"Breast excision, malignant, positive margins, asymptomatic, postsurgical, initial imaging",3195398,Sestamibi MBI,1-10 mSv☢☢☢,,Usually not appropriate
854,Breast,"Breast excision, nonmalignant, asymptomatic, postsurgical, initial imaging",3195392,Digital breast tomosynthesis screening,0.1-1mSv☢☢,,Usually appropriate
855,Breast,"Breast excision, nonmalignant, asymptomatic, postsurgical, initial imaging",3195392,Mammography screening,0.1-1mSv☢☢,,Usually appropriate
856,Breast,"Breast excision, nonmalignant, asymptomatic, postsurgical, initial imaging",3195392,MRI breast without and with IV contrast,0 mSvO,0 mSv [ped]O,May be appropriate
857,Breast,"Breast excision, nonmalignant, asymptomatic, postsurgical, initial imaging",3195392,US breast,0 mSvO,0 mSv [ped]O,Usually not appropriate
858,Breast,"Breast excision, nonmalignant, asymptomatic, postsurgical, initial imaging",3195392,Digital breast tomosynthesis diagnostic,0.1-1mSv☢☢,,Usually not appropriate
859,Breast,"Breast excision, nonmalignant, asymptomatic, postsurgical, initial imaging",3195392,Mammography diagnostic,0.1-1mSv☢☢,,Usually not appropriate
860,Breast,"Breast excision, nonmalignant, asymptomatic, postsurgical, initial imaging",3195392,MRI breast without IV contrast,0 mSvO,0 mSv [ped]O,Usually not appropriate
861,Breast,"Breast excision, nonmalignant, asymptomatic, postsurgical, initial imaging",3195392,FDG-PET breast dedicated,1-10 mSv☢☢☢,,Usually not appropriate
862,Breast,"Breast excision, nonmalignant, asymptomatic, postsurgical, initial imaging",3195392,Sestamibi MBI,1-10 mSv☢☢☢,,Usually not appropriate
863,Breast,"Breast excision, nonmalignant, asymptomatic, postsurgical, initial imaging",3195394,Digital breast tomosynthesis screening,0.1-1mSv☢☢,,May be appropriate
864,Breast,"Breast excision, nonmalignant, asymptomatic, postsurgical, initial imaging",3195394,Mammography screening,0.1-1mSv☢☢,,May be appropriate
865,Breast,"Breast excision, nonmalignant, asymptomatic, postsurgical, initial imaging",3195394,MRI breast without and with IV contrast,0 mSvO,0 mSv [ped]O,May be appropriate
866,Breast,"Breast excision, nonmalignant, asymptomatic, postsurgical, initial imaging",3195394,US breast,0 mSvO,0 mSv [ped]O,Usually not appropriate
867,Breast,"Breast excision, nonmalignant, asymptomatic, postsurgical, initial imaging",3195394,Digital breast tomosynthesis diagnostic,0.1-1mSv☢☢,,Usually not appropriate
868,Breast,"Breast excision, nonmalignant, asymptomatic, postsurgical, initial imaging",3195394,Mammography diagnostic,0.1-1mSv☢☢,,Usually not appropriate
869,Breast,"Breast excision, nonmalignant, asymptomatic, postsurgical, initial imaging",3195394,MRI breast without IV contrast,0 mSvO,0 mSv [ped]O,Usually not appropriate
870,Breast,"Breast excision, nonmalignant, asymptomatic, postsurgical, initial imaging",3195394,FDG-PET breast dedicated,1-10 mSv☢☢☢,,Usually not appropriate
871,Breast,"Breast excision, nonmalignant, asymptomatic, postsurgical, initial imaging",3195394,Sestamibi MBI,1-10 mSv☢☢☢,,Usually not appropriate
872,Breast,"Breast excision, nonmalignant, asymptomatic, postsurgical, initial imaging",3195396,US breast,0 mSvO,0 mSv [ped]O,Usually not appropriate
873,Breast,"Breast excision, nonmalignant, asymptomatic, postsurgical, initial imaging",3195396,Digital breast tomosynthesis diagnostic,0.1-1mSv☢☢,,Usually not appropriate
874,Breast,"Breast excision, nonmalignant, asymptomatic, postsurgical, initial imaging",3195396,Digital breast tomosynthesis screening,0.1-1mSv☢☢,,Usually not appropriate
875,Breast,"Breast excision, nonmalignant, asymptomatic, postsurgical, initial imaging",3195396,Mammography diagnostic,0.1-1mSv☢☢,,Usually not appropriate
876,Breast,"Breast excision, nonmalignant, asymptomatic, postsurgical, initial imaging",3195396,Mammography screening,0.1-1mSv☢☢,,Usually not appropriate
877,Breast,"Breast excision, nonmalignant, asymptomatic, postsurgical, initial imaging",3195396,MRI breast without and with IV contrast,0 mSvO,0 mSv [ped]O,Usually not appropriate
878,Breast,"Breast excision, nonmalignant, asymptomatic, postsurgical, initial imaging",3195396,MRI breast without IV contrast,0 mSvO,0 mSv [ped]O,Usually not appropriate
879,Breast,"Breast excision, nonmalignant, asymptomatic, postsurgical, initial imaging",3195396,FDG-PET breast dedicated,1-10 mSv☢☢☢,,Usually not appropriate
880,Breast,"Breast excision, nonmalignant, asymptomatic, postsurgical, initial imaging",3195396,Sestamibi MBI,1-10 mSv☢☢☢,,Usually not appropriate
881,Breast,"Breast implant associated anaplastic large cell lymphoma suspected, initial imaging",3196621,US breast,0 mSvO,0 mSv [ped]O,Usually appropriate
882,Breast,"Breast implant associated anaplastic large cell lymphoma suspected, initial imaging",3196621,Digital breast tomosynthesis diagnostic,0.1-1mSv☢☢,,May be appropriate
883,Breast,"Breast implant associated anaplastic large cell lymphoma suspected, initial imaging",3196621,Mammography diagnostic,0.1-1mSv☢☢,,May be appropriate (Disagreement)
884,Breast,"Breast implant associated anaplastic large cell lymphoma suspected, initial imaging",3196621,MRI breast without and with IV contrast,0 mSvO,0 mSv [ped]O,May be appropriate (Disagreement)
885,Breast,"Breast implant associated anaplastic large cell lymphoma suspected, initial imaging",3196621,MRI breast without IV contrast,0 mSvO,0 mSv [ped]O,May be appropriate (Disagreement)
886,Breast,"Breast implant evaluation, saline, asymptomatic, initial imaging",3141501,US breast,0 mSvO,0 mSv [ped]O,Usually not appropriate
887,Breast,"Breast implant evaluation, saline, asymptomatic, initial imaging",3141501,Digital breast tomosynthesis screening,0.1-1mSv☢☢,,Usually not appropriate
888,Breast,"Breast implant evaluation, saline, asymptomatic, initial imaging",3141501,Mammography screening,0.1-1mSv☢☢,,Usually not appropriate
889,Breast,"Breast implant evaluation, saline, asymptomatic, initial imaging",3141501,MRI breast without and with IV contrast,0 mSvO,0 mSv [ped]O,Usually not appropriate
890,Breast,"Breast implant evaluation, saline, asymptomatic, initial imaging",3141501,MRI breast without IV contrast,0 mSvO,0 mSv [ped]O,Usually not appropriate
891,Breast,"Breast implant evaluation, saline, clinical exam equivocal for implant rupture, initial imaging",3141502,US breast,0 mSvO,0 mSv [ped]O,Usually appropriate
892,Breast,"Breast implant evaluation, saline, clinical exam equivocal for implant rupture, initial imaging",3141502,Digital breast tomosynthesis diagnostic,0.1-1mSv☢☢,,Usually not appropriate
893,Breast,"Breast implant evaluation, saline, clinical exam equivocal for implant rupture, initial imaging",3141502,Mammography diagnostic,0.1-1mSv☢☢,,Usually not appropriate
894,Breast,"Breast implant evaluation, saline, clinical exam equivocal for implant rupture, initial imaging",3141502,MRI breast without and with IV contrast,0 mSvO,0 mSv [ped]O,Usually not appropriate
895,Breast,"Breast implant evaluation, saline, clinical exam equivocal for implant rupture, initial imaging",3141502,MRI breast without IV contrast,0 mSvO,0 mSv [ped]O,Usually not appropriate
896,Breast,"Breast implant evaluation, saline, clinical exam equivocal for implant rupture, initial imaging",3196608,US breast,0 mSvO,0 mSv [ped]O,Usually appropriate
897,Breast,"Breast implant evaluation, saline, clinical exam equivocal for implant rupture, initial imaging",3196608,Digital breast tomosynthesis diagnostic,0.1-1mSv☢☢,,May be appropriate (Disagreement)
898,Breast,"Breast implant evaluation, saline, clinical exam equivocal for implant rupture, initial imaging",3196608,Mammography diagnostic,0.1-1mSv☢☢,,May be appropriate (Disagreement)
899,Breast,"Breast implant evaluation, saline, clinical exam equivocal for implant rupture, initial imaging",3196608,MRI breast without and with IV contrast,0 mSvO,0 mSv [ped]O,Usually not appropriate
900,Breast,"Breast implant evaluation, saline, clinical exam equivocal for implant rupture, initial imaging",3196608,MRI breast without IV contrast,0 mSvO,0 mSv [ped]O,Usually not appropriate
901,Breast,"Breast implant evaluation, saline, clinical exam equivocal for implant rupture, initial imaging",3196609,Digital breast tomosynthesis diagnostic,0.1-1mSv☢☢,,Usually appropriate
902,Breast,"Breast implant evaluation, saline, clinical exam equivocal for implant rupture, initial imaging",3196609,Mammography diagnostic,0.1-1mSv☢☢,,Usually appropriate
903,Breast,"Breast implant evaluation, saline, clinical exam equivocal for implant rupture, initial imaging",3196609,US breast,0 mSvO,0 mSv [ped]O,May be appropriate
904,Breast,"Breast implant evaluation, saline, clinical exam equivocal for implant rupture, initial imaging",3196609,MRI breast without and with IV contrast,0 mSvO,0 mSv [ped]O,Usually not appropriate
905,Breast,"Breast implant evaluation, saline, clinical exam equivocal for implant rupture, initial imaging",3196609,MRI breast without IV contrast,0 mSvO,0 mSv [ped]O,Usually not appropriate
906,Breast,"Breast implant evaluation, silicone, asymptomatic, <5 yrs after implant placement, initial imaging",3196611,US breast,0 mSvO,0 mSv [ped]O,Usually not appropriate
907,Breast,"Breast implant evaluation, silicone, asymptomatic, <5 yrs after implant placement, initial imaging",3196611,Digital breast tomosynthesis diagnostic,0.1-1mSv☢☢,,Usually not appropriate
908,Breast,"Breast implant evaluation, silicone, asymptomatic, <5 yrs after implant placement, initial imaging",3196611,Mammography diagnostic,0.1-1mSv☢☢,,Usually not appropriate
909,Breast,"Breast implant evaluation, silicone, asymptomatic, <5 yrs after implant placement, initial imaging",3196611,MRI breast without and with IV contrast,0 mSvO,0 mSv [ped]O,Usually not appropriate
910,Breast,"Breast implant evaluation, silicone, asymptomatic, <5 yrs after implant placement, initial imaging",3196611,MRI breast without IV contrast,0 mSvO,0 mSv [ped]O,Usually not appropriate
911,Breast,"Breast implant evaluation, silicone, asymptomatic, 5 to 6 yrs after implant placement, initial imaging",3196613,US breast,0 mSvO,0 mSv [ped]O,Usually appropriate
912,Breast,"Breast implant evaluation, silicone, asymptomatic, 5 to 6 yrs after implant placement, initial imaging",3196613,MRI breast without IV contrast,0 mSvO,0 mSv [ped]O,Usually appropriate
913,Breast,"Breast implant evaluation, silicone, asymptomatic, 5 to 6 yrs after implant placement, initial imaging",3196613,Digital breast tomosynthesis diagnostic,0.1-1mSv☢☢,,Usually not appropriate
914,Breast,"Breast implant evaluation, silicone, asymptomatic, 5 to 6 yrs after implant placement, initial imaging",3196613,Mammography diagnostic,0.1-1mSv☢☢,,Usually not appropriate
915,Breast,"Breast implant evaluation, silicone, asymptomatic, 5 to 6 yrs after implant placement, initial imaging",3196613,MRI breast without and with IV contrast,0 mSvO,0 mSv [ped]O,Usually not appropriate
916,Breast,"Breast implant evaluation, silicone, asymptomatic, negative imaging 5 to 6 yrs after implant placement, follow-up imaging every 2 to 3 yrs",3196614,US breast,0 mSvO,0 mSv [ped]O,Usually appropriate
917,Breast,"Breast implant evaluation, silicone, asymptomatic, negative imaging 5 to 6 yrs after implant placement, follow-up imaging every 2 to 3 yrs",3196614,MRI breast without IV contrast,0 mSvO,0 mSv [ped]O,Usually appropriate
918,Breast,"Breast implant evaluation, silicone, asymptomatic, negative imaging 5 to 6 yrs after implant placement, follow-up imaging every 2 to 3 yrs",3196614,Digital breast tomosynthesis diagnostic,0.1-1mSv☢☢,,Usually not appropriate
919,Breast,"Breast implant evaluation, silicone, asymptomatic, negative imaging 5 to 6 yrs after implant placement, follow-up imaging every 2 to 3 yrs",3196614,Mammography diagnostic,0.1-1mSv☢☢,,Usually not appropriate
920,Breast,"Breast implant evaluation, silicone, asymptomatic, negative imaging 5 to 6 yrs after implant placement, follow-up imaging every 2 to 3 yrs",3196614,MRI breast without and with IV contrast,0 mSvO,0 mSv [ped]O,Usually not appropriate
921,Breast,"Breast implant evaluation, silicone, complication suspected, initial imaging",3196615,MRI breast without IV contrast,0 mSvO,0 mSv [ped]O,Usually appropriate
922,Breast,"Breast implant evaluation, silicone, complication suspected, initial imaging",3196615,US breast,0 mSvO,0 mSv [ped]O,May be appropriate (Disagreement)
923,Breast,"Breast implant evaluation, silicone, complication suspected, initial imaging",3196615,Digital breast tomosynthesis diagnostic,0.1-1mSv☢☢,,Usually not appropriate
924,Breast,"Breast implant evaluation, silicone, complication suspected, initial imaging",3196615,Mammography diagnostic,0.1-1mSv☢☢,,Usually not appropriate
925,Breast,"Breast implant evaluation, silicone, complication suspected, initial imaging",3196615,MRI breast without and with IV contrast,0 mSvO,0 mSv [ped]O,Usually not appropriate
926,Breast,"Breast implant evaluation, silicone, complication suspected, initial imaging",3196616,MRI breast without IV contrast,0 mSvO,0 mSv [ped]O,Usually appropriate
927,Breast,"Breast implant evaluation, silicone, complication suspected, initial imaging",3196616,US breast,0 mSvO,0 mSv [ped]O,May be appropriate
928,Breast,"Breast implant evaluation, silicone, complication suspected, initial imaging",3196616,Digital breast tomosynthesis diagnostic,0.1-1mSv☢☢,,May be appropriate (Disagreement)
929,Breast,"Breast implant evaluation, silicone, complication suspected, initial imaging",3196616,Mammography diagnostic,0.1-1mSv☢☢,,May be appropriate (Disagreement)
930,Breast,"Breast implant evaluation, silicone, complication suspected, initial imaging",3196616,MRI breast without and with IV contrast,0 mSvO,0 mSv [ped]O,Usually not appropriate
931,Breast,"Breast implant evaluation, silicone, complication suspected, initial imaging",3196617,MRI breast without IV contrast,0 mSvO,0 mSv [ped]O,Usually appropriate
932,Breast,"Breast implant evaluation, silicone, complication suspected, initial imaging",3196617,US breast,0 mSvO,0 mSv [ped]O,May be appropriate (Disagreement)
933,Breast,"Breast implant evaluation, silicone, complication suspected, initial imaging",3196617,Digital breast tomosynthesis diagnostic,0.1-1mSv☢☢,,May be appropriate (Disagreement)
934,Breast,"Breast implant evaluation, silicone, complication suspected, initial imaging",3196617,Mammography diagnostic,0.1-1mSv☢☢,,May be appropriate (Disagreement)
935,Breast,"Breast implant evaluation, silicone, complication suspected, initial imaging",3196617,MRI breast without and with IV contrast,0 mSvO,0 mSv [ped]O,Usually not appropriate
936,Breast,"Breast implant, silicone, unexplained axillary adenopathy, initial imaging",3196618,US breast,0 mSvO,0 mSv [ped]O,Usually appropriate
937,Breast,"Breast implant, silicone, unexplained axillary adenopathy, initial imaging",3196618,Digital breast tomosynthesis diagnostic,0.1-1mSv☢☢,,Usually not appropriate
938,Breast,"Breast implant, silicone, unexplained axillary adenopathy, initial imaging",3196618,Mammography diagnostic,0.1-1mSv☢☢,,Usually not appropriate
939,Breast,"Breast implant, silicone, unexplained axillary adenopathy, initial imaging",3196618,MRI breast without and with IV contrast,0 mSvO,0 mSv [ped]O,Usually not appropriate
940,Breast,"Breast implant, silicone, unexplained axillary adenopathy, initial imaging",3196618,MRI breast without IV contrast,0 mSvO,0 mSv [ped]O,Usually not appropriate
941,Breast,"Breast implant, silicone, unexplained axillary adenopathy, initial imaging",3196619,US breast,0 mSvO,0 mSv [ped]O,Usually appropriate
942,Breast,"Breast implant, silicone, unexplained axillary adenopathy, initial imaging",3196619,Digital breast tomosynthesis diagnostic,0.1-1mSv☢☢,,Usually appropriate
943,Breast,"Breast implant, silicone, unexplained axillary adenopathy, initial imaging",3196619,Mammography diagnostic,0.1-1mSv☢☢,,Usually appropriate
944,Breast,"Breast implant, silicone, unexplained axillary adenopathy, initial imaging",3196619,MRI breast without and with IV contrast,0 mSvO,0 mSv [ped]O,Usually not appropriate
945,Breast,"Breast implant, silicone, unexplained axillary adenopathy, initial imaging",3196619,MRI breast without IV contrast,0 mSvO,0 mSv [ped]O,Usually not appropriate
946,Breast,"Breast implant, silicone, unexplained axillary adenopathy, initial imaging",3196620,US breast,0 mSvO,0 mSv [ped]O,Usually appropriate
947,Breast,"Breast implant, silicone, unexplained axillary adenopathy, initial imaging",3196620,Digital breast tomosynthesis diagnostic,0.1-1mSv☢☢,,Usually appropriate
948,Breast,"Breast implant, silicone, unexplained axillary adenopathy, initial imaging",3196620,Mammography diagnostic,0.1-1mSv☢☢,,Usually appropriate
949,Breast,"Breast implant, silicone, unexplained axillary adenopathy, initial imaging",3196620,MRI breast without and with IV contrast,0 mSvO,0 mSv [ped]O,Usually not appropriate
950,Breast,"Breast implant, silicone, unexplained axillary adenopathy, initial imaging",3196620,MRI breast without IV contrast,0 mSvO,0 mSv [ped]O,Usually not appropriate
951,Breast,"Breast mass palpable, breast cancer suspected",3110139,US breast,0 mSvO,0 mSv [ped]O,Usually appropriate
952,Breast,"Breast mass palpable, breast cancer suspected",3110139,Digital breast tomosynthesis diagnostic,0.1-1mSv☢☢,,Usually appropriate
953,Breast,"Breast mass palpable, breast cancer suspected",3110139,Mammography diagnostic,0.1-1mSv☢☢,,Usually appropriate
954,Breast,"Breast mass palpable, breast cancer suspected",3110139,MRI breast without and with IV contrast,0 mSvO,0 mSv [ped]O,Usually not appropriate
955,Breast,"Breast mass palpable, breast cancer suspected",3110139,MRI breast without IV contrast,0 mSvO,0 mSv [ped]O,Usually not appropriate
956,Breast,"Breast mass palpable, initial exam (male<25y)",3097338,US breast,0 mSvO,0 mSv [ped]O,Usually appropriate
957,Breast,"Breast mass palpable, initial exam (male<25y)",3097338,Digital breast tomosynthesis diagnostic,0.1-1mSv☢☢,,May be appropriate
958,Breast,"Breast mass palpable, initial exam (male<25y)",3097338,Mammography diagnostic,0.1-1mSv☢☢,,May be appropriate
959,Breast,"Breast mass palpable, initial exam (male<25y)",3097338,MRI breast without and with IV contrast,0 mSvO,0 mSv [ped]O,Usually not appropriate
960,Breast,"Breast mass palpable, initial exam (male<25y)",3097338,MRI breast without IV contrast,0 mSvO,0 mSv [ped]O,Usually not appropriate
961,Breast,"Breast mass palpable, initial exam (male>=25y)",3097339,Digital breast tomosynthesis diagnostic,0.1-1mSv☢☢,,Usually appropriate
962,Breast,"Breast mass palpable, initial exam (male>=25y)",3097339,Mammography diagnostic,0.1-1mSv☢☢,,Usually appropriate
963,Breast,"Breast mass palpable, initial exam (male>=25y)",3097339,US breast,0 mSvO,0 mSv [ped]O,May be appropriate
964,Breast,"Breast mass palpable, initial exam (male>=25y)",3097339,MRI breast without and with IV contrast,0 mSvO,0 mSv [ped]O,Usually not appropriate
965,Breast,"Breast mass palpable, initial exam (male>=25y)",3097339,MRI breast without IV contrast,0 mSvO,0 mSv [ped]O,Usually not appropriate
966,Breast,"Breast mass palpable, mastectomy side, no reconstruction, initial imaging",3191925,US breast,0 mSvO,0 mSv [ped]O,Usually appropriate
967,Breast,"Breast mass palpable, mastectomy side, no reconstruction, initial imaging",3191925,Digital breast tomosynthesis diagnostic,0.1-1mSv☢☢,,May be appropriate
968,Breast,"Breast mass palpable, mastectomy side, no reconstruction, initial imaging",3191925,Mammography diagnostic,0.1-1mSv☢☢,,May be appropriate
969,Breast,"Breast mass palpable, mastectomy side, no reconstruction, initial imaging",3191925,MRI breast without and with IV contrast,0 mSvO,0 mSv [ped]O,Usually not appropriate
970,Breast,"Breast mass palpable, mastectomy side, no reconstruction, initial imaging",3191925,MRI breast without IV contrast,0 mSvO,0 mSv [ped]O,Usually not appropriate
971,Breast,"Breast mass palpable, mastectomy side, no reconstruction, initial imaging",3191925,FDG-PET breast dedicated,1-10 mSv☢☢☢,,Usually not appropriate
972,Breast,"Breast mass palpable, mastectomy side, no reconstruction, initial imaging",3191925,Sestamibi MBI,1-10 mSv☢☢☢,,Usually not appropriate
973,Breast,"Breast mass palpable, mastectomy side, reconstruction, initial imaging",3191927,US breast,0 mSvO,0 mSv [ped]O,Usually appropriate
974,Breast,"Breast mass palpable, mastectomy side, reconstruction, initial imaging",3191927,Digital breast tomosynthesis diagnostic,0.1-1mSv☢☢,,May be appropriate
975,Breast,"Breast mass palpable, mastectomy side, reconstruction, initial imaging",3191927,Mammography diagnostic,0.1-1mSv☢☢,,May be appropriate
976,Breast,"Breast mass palpable, mastectomy side, reconstruction, initial imaging",3191927,MRI breast without and with IV contrast,0 mSvO,0 mSv [ped]O,Usually not appropriate
977,Breast,"Breast mass palpable, mastectomy side, reconstruction, initial imaging",3191927,MRI breast without IV contrast,0 mSvO,0 mSv [ped]O,Usually not appropriate
978,Breast,"Breast mass palpable, mastectomy side, reconstruction, initial imaging",3191927,FDG-PET breast dedicated,1-10 mSv☢☢☢,,Usually not appropriate
979,Breast,"Breast mass palpable, mastectomy side, reconstruction, initial imaging",3191927,Sestamibi MBI,1-10 mSv☢☢☢,,Usually not appropriate
980,Breast,"Breast mass palpable, tomo or mammo indeterminate",3148151,US breast,0 mSvO,0 mSv [ped]O,Usually appropriate
981,Breast,"Breast mass palpable, tomo or mammo indeterminate",3148151,MRI breast without and with IV contrast,0 mSvO,0 mSv [ped]O,Usually not appropriate
982,Breast,"Breast mass palpable, tomo or mammo indeterminate",3148151,MRI breast without IV contrast,0 mSvO,0 mSv [ped]O,Usually not appropriate
983,Breast,"Breast mass, palpable, diagnostic mammo, DBT and US findings probably benign, BI-RADS 3, next imaging study",3196052,Image-guided core biopsy breast,Varies,Varies,Usually not appropriate
984,Breast,"Breast mass, palpable, diagnostic mammo, DBT and US findings probably benign, BI-RADS 3, next imaging study",3196052,Image-guided fine needle aspiration breast,Varies,Varies,Usually not appropriate
985,Breast,"Breast mass, palpable, diagnostic mammo, DBT and US findings probably benign, BI-RADS 3, next imaging study",3196052,MRI breast without and with IV contrast,0 mSvO,0 mSv [ped]O,Usually not appropriate
986,Breast,"Breast mass, palpable, diagnostic mammo, DBT and US findings probably benign, BI-RADS 3, next imaging study",3196052,MRI breast without IV contrast,0 mSvO,0 mSv [ped]O,Usually not appropriate
987,Breast,"Breast mass, palpable, diagnostic mammo, DBT and US findings probably benign, BI-RADS 3, next imaging study",3196052,FDG-PET breast dedicated,1-10 mSv☢☢☢,,Usually not appropriate
988,Breast,"Breast mass, palpable, diagnostic mammo, DBT and US findings probably benign, BI-RADS 3, next imaging study",3196052,Sestamibi MBI,1-10 mSv☢☢☢,,Usually not appropriate
989,Breast,"Breast mass, palpable, initial imaging",3196055,US breast,0 mSvO,0 mSv [ped]O,Usually appropriate
990,Breast,"Breast mass, palpable, initial imaging",3196055,Digital breast tomosynthesis diagnostic,0.1-1mSv☢☢,,Usually not appropriate
991,Breast,"Breast mass, palpable, initial imaging",3196055,Digital breast tomosynthesis screening,0.1-1mSv☢☢,,Usually not appropriate
992,Breast,"Breast mass, palpable, initial imaging",3196055,Mammography diagnostic,0.1-1mSv☢☢,,Usually not appropriate
993,Breast,"Breast mass, palpable, initial imaging",3196055,Mammography screening,0.1-1mSv☢☢,,Usually not appropriate
994,Breast,"Breast mass, palpable, initial imaging",3196055,Image-guided core biopsy breast,Varies,Varies,Usually not appropriate
995,Breast,"Breast mass, palpable, initial imaging",3196055,Image-guided fine needle aspiration breast,Varies,Varies,Usually not appropriate
996,Breast,"Breast mass, palpable, initial imaging",3196055,MRI breast without and with IV contrast,0 mSvO,0 mSv [ped]O,Usually not appropriate
997,Breast,"Breast mass, palpable, initial imaging",3196055,MRI breast without IV contrast,0 mSvO,0 mSv [ped]O,Usually not appropriate
998,Breast,"Breast mass, palpable, initial imaging",3196055,FDG-PET breast dedicated,1-10 mSv☢☢☢,,Usually not appropriate
999,Breast,"Breast mass, palpable, initial imaging",3196055,Sestamibi MBI,1-10 mSv☢☢☢,,Usually not appropriate
1000,Breast,"Breast mass, palpable, initial imaging",3196062,US breast,0 mSvO,0 mSv [ped]O,Usually appropriate
1001,Breast,"Breast mass, palpable, initial imaging",3196062,Digital breast tomosynthesis diagnostic,0.1-1mSv☢☢,,Usually appropriate
1002,Breast,"Breast mass, palpable, initial imaging",3196062,Mammography diagnostic,0.1-1mSv☢☢,,Usually appropriate
1003,Breast,"Breast mass, palpable, initial imaging",3196062,Digital breast tomosynthesis screening,0.1-1mSv☢☢,,Usually not appropriate
1004,Breast,"Breast mass, palpable, initial imaging",3196062,Mammography screening,0.1-1mSv☢☢,,Usually not appropriate
1005,Breast,"Breast mass, palpable, initial imaging",3196062,Image-guided core biopsy breast,Varies,Varies,Usually not appropriate
1006,Breast,"Breast mass, palpable, initial imaging",3196062,Image-guided fine needle aspiration breast,Varies,Varies,Usually not appropriate
1007,Breast,"Breast mass, palpable, initial imaging",3196062,MRI breast without and with IV contrast,0 mSvO,0 mSv [ped]O,Usually not appropriate
1008,Breast,"Breast mass, palpable, initial imaging",3196062,MRI breast without IV contrast,0 mSvO,0 mSv [ped]O,Usually not appropriate
1009,Breast,"Breast mass, palpable, initial imaging",3196062,FDG-PET breast dedicated,1-10 mSv☢☢☢,,Usually not appropriate
1010,Breast,"Breast mass, palpable, initial imaging",3196062,Sestamibi MBI,1-10 mSv☢☢☢,,Usually not appropriate
1011,Breast,"Breast mass, palpable, initial imaging",3196047,Digital breast tomosynthesis diagnostic,0.1-1mSv☢☢,,Usually appropriate
1012,Breast,"Breast mass, palpable, initial imaging",3196047,Mammography diagnostic,0.1-1mSv☢☢,,Usually appropriate
1013,Breast,"Breast mass, palpable, initial imaging",3196047,US breast,0 mSvO,0 mSv [ped]O,May be appropriate
1014,Breast,"Breast mass, palpable, initial imaging",3196047,Digital breast tomosynthesis screening,0.1-1mSv☢☢,,Usually not appropriate
1015,Breast,"Breast mass, palpable, initial imaging",3196047,Mammography screening,0.1-1mSv☢☢,,Usually not appropriate
1016,Breast,"Breast mass, palpable, initial imaging",3196047,Image-guided core biopsy breast,Varies,Varies,Usually not appropriate
1017,Breast,"Breast mass, palpable, initial imaging",3196047,Image-guided fine needle aspiration breast,Varies,Varies,Usually not appropriate
1018,Breast,"Breast mass, palpable, initial imaging",3196047,MRI breast without and with IV contrast,0 mSvO,0 mSv [ped]O,Usually not appropriate
1019,Breast,"Breast mass, palpable, initial imaging",3196047,MRI breast without IV contrast,0 mSvO,0 mSv [ped]O,Usually not appropriate
1020,Breast,"Breast mass, palpable, initial imaging",3196047,FDG-PET breast dedicated,1-10 mSv☢☢☢,,Usually not appropriate
1021,Breast,"Breast mass, palpable, initial imaging",3196047,Sestamibi MBI,1-10 mSv☢☢☢,,Usually not appropriate
1022,Breast,"Breast mass, palpable, mammo findings benign at site of palpable mass, BI-RADS 2, next imaging study",3196053,US breast,0 mSvO,0 mSv [ped]O,May be appropriate
1023,Breast,"Breast mass, palpable, mammo findings benign at site of palpable mass, BI-RADS 2, next imaging study",3196053,Image-guided core biopsy breast,Varies,Varies,Usually not appropriate
1024,Breast,"Breast mass, palpable, mammo findings benign at site of palpable mass, BI-RADS 2, next imaging study",3196053,Image-guided fine needle aspiration breast,Varies,Varies,Usually not appropriate
1025,Breast,"Breast mass, palpable, mammo findings benign at site of palpable mass, BI-RADS 2, next imaging study",3196053,MRI breast without and with IV contrast,0 mSvO,0 mSv [ped]O,Usually not appropriate
1026,Breast,"Breast mass, palpable, mammo findings benign at site of palpable mass, BI-RADS 2, next imaging study",3196053,MRI breast without IV contrast,0 mSvO,0 mSv [ped]O,Usually not appropriate
1027,Breast,"Breast mass, palpable, mammo findings benign at site of palpable mass, BI-RADS 2, next imaging study",3196053,FDG-PET breast dedicated,1-10 mSv☢☢☢,,Usually not appropriate
1028,Breast,"Breast mass, palpable, mammo findings benign at site of palpable mass, BI-RADS 2, next imaging study",3196053,Sestamibi MBI,1-10 mSv☢☢☢,,Usually not appropriate
1029,Breast,"Breast mass, palpable, mammo findings highly suggestive of malignancy, BI-RADS 5, next imaging study",3196050,US breast,0 mSvO,0 mSv [ped]O,Usually appropriate
1030,Breast,"Breast mass, palpable, mammo findings highly suggestive of malignancy, BI-RADS 5, next imaging study",3196050,Image-guided core biopsy breast,Varies,Varies,Usually not appropriate
1031,Breast,"Breast mass, palpable, mammo findings highly suggestive of malignancy, BI-RADS 5, next imaging study",3196050,Image-guided fine needle aspiration breast,Varies,Varies,Usually not appropriate
1032,Breast,"Breast mass, palpable, mammo findings highly suggestive of malignancy, BI-RADS 5, next imaging study",3196050,MRI breast without and with IV contrast,0 mSvO,0 mSv [ped]O,Usually not appropriate
1033,Breast,"Breast mass, palpable, mammo findings highly suggestive of malignancy, BI-RADS 5, next imaging study",3196050,MRI breast without IV contrast,0 mSvO,0 mSv [ped]O,Usually not appropriate
1034,Breast,"Breast mass, palpable, mammo findings highly suggestive of malignancy, BI-RADS 5, next imaging study",3196050,FDG-PET breast dedicated,1-10 mSv☢☢☢,,Usually not appropriate
1035,Breast,"Breast mass, palpable, mammo findings highly suggestive of malignancy, BI-RADS 5, next imaging study",3196050,Sestamibi MBI,1-10 mSv☢☢☢,,Usually not appropriate
1036,Breast,"Breast mass, palpable, mammo findings negative, BI-RADS 1, next imaging study",3196054,US breast,0 mSvO,0 mSv [ped]O,Usually appropriate
1037,Breast,"Breast mass, palpable, mammo findings negative, BI-RADS 1, next imaging study",3196054,Image-guided core biopsy breast,Varies,Varies,Usually not appropriate
1038,Breast,"Breast mass, palpable, mammo findings negative, BI-RADS 1, next imaging study",3196054,Image-guided fine needle aspiration breast,Varies,Varies,Usually not appropriate
1039,Breast,"Breast mass, palpable, mammo findings negative, BI-RADS 1, next imaging study",3196054,MRI breast without and with IV contrast,0 mSvO,0 mSv [ped]O,Usually not appropriate
1040,Breast,"Breast mass, palpable, mammo findings negative, BI-RADS 1, next imaging study",3196054,MRI breast without IV contrast,0 mSvO,0 mSv [ped]O,Usually not appropriate
1041,Breast,"Breast mass, palpable, mammo findings negative, BI-RADS 1, next imaging study",3196054,FDG-PET breast dedicated,1-10 mSv☢☢☢,,Usually not appropriate
1042,Breast,"Breast mass, palpable, mammo findings negative, BI-RADS 1, next imaging study",3196054,Sestamibi MBI,1-10 mSv☢☢☢,,Usually not appropriate
1043,Breast,"Breast mass, palpable, mammo findings suspicious, BI-RADS 4, next imaging study",3196049,US breast,0 mSvO,0 mSv [ped]O,Usually appropriate
1044,Breast,"Breast mass, palpable, mammo findings suspicious, BI-RADS 4, next imaging study",3196049,Image-guided core biopsy breast,Varies,Varies,Usually not appropriate
1045,Breast,"Breast mass, palpable, mammo findings suspicious, BI-RADS 4, next imaging study",3196049,Image-guided fine needle aspiration breast,Varies,Varies,Usually not appropriate
1046,Breast,"Breast mass, palpable, mammo findings suspicious, BI-RADS 4, next imaging study",3196049,MRI breast without and with IV contrast,0 mSvO,0 mSv [ped]O,Usually not appropriate
1047,Breast,"Breast mass, palpable, mammo findings suspicious, BI-RADS 4, next imaging study",3196049,MRI breast without IV contrast,0 mSvO,0 mSv [ped]O,Usually not appropriate
1048,Breast,"Breast mass, palpable, mammo findings suspicious, BI-RADS 4, next imaging study",3196049,FDG-PET breast dedicated,1-10 mSv☢☢☢,,Usually not appropriate
1049,Breast,"Breast mass, palpable, mammo findings suspicious, BI-RADS 4, next imaging study",3196049,Sestamibi MBI,1-10 mSv☢☢☢,,Usually not appropriate
1050,Breast,"Breast mass, palpable, US findings benign, BI-RADS 2, next imaging study",3196060,Digital breast tomosynthesis diagnostic,0.1-1mSv☢☢,,Usually not appropriate
1051,Breast,"Breast mass, palpable, US findings benign, BI-RADS 2, next imaging study",3196060,Digital breast tomosynthesis screening,0.1-1mSv☢☢,,Usually not appropriate
1052,Breast,"Breast mass, palpable, US findings benign, BI-RADS 2, next imaging study",3196060,Mammography diagnostic,0.1-1mSv☢☢,,Usually not appropriate
1053,Breast,"Breast mass, palpable, US findings benign, BI-RADS 2, next imaging study",3196060,Mammography screening,0.1-1mSv☢☢,,Usually not appropriate
1054,Breast,"Breast mass, palpable, US findings benign, BI-RADS 2, next imaging study",3196060,Image-guided core biopsy breast,Varies,Varies,Usually not appropriate
1055,Breast,"Breast mass, palpable, US findings benign, BI-RADS 2, next imaging study",3196060,Image-guided fine needle aspiration breast,Varies,Varies,Usually not appropriate
1056,Breast,"Breast mass, palpable, US findings benign, BI-RADS 2, next imaging study",3196060,MRI breast without and with IV contrast,0 mSvO,0 mSv [ped]O,Usually not appropriate
1057,Breast,"Breast mass, palpable, US findings benign, BI-RADS 2, next imaging study",3196060,MRI breast without IV contrast,0 mSvO,0 mSv [ped]O,Usually not appropriate
1058,Breast,"Breast mass, palpable, US findings benign, BI-RADS 2, next imaging study",3196060,FDG-PET breast dedicated,1-10 mSv☢☢☢,,Usually not appropriate
1059,Breast,"Breast mass, palpable, US findings benign, BI-RADS 2, next imaging study",3196060,Sestamibi MBI,1-10 mSv☢☢☢,,Usually not appropriate
1060,Breast,"Breast mass, palpable, US findings highly suggestive of malignancy, BI-RADS 5, next imaging study",3196057,Digital breast tomosynthesis diagnostic,0.1-1mSv☢☢,,Usually appropriate
1061,Breast,"Breast mass, palpable, US findings highly suggestive of malignancy, BI-RADS 5, next imaging study",3196057,Mammography diagnostic,0.1-1mSv☢☢,,Usually appropriate
1062,Breast,"Breast mass, palpable, US findings highly suggestive of malignancy, BI-RADS 5, next imaging study",3196057,Image-guided core biopsy breast,Varies,Varies,Usually appropriate
1063,Breast,"Breast mass, palpable, US findings highly suggestive of malignancy, BI-RADS 5, next imaging study",3196057,Image-guided fine needle aspiration breast,Varies,Varies,May be appropriate (Disagreement)
1064,Breast,"Breast mass, palpable, US findings highly suggestive of malignancy, BI-RADS 5, next imaging study",3196057,Digital breast tomosynthesis screening,0.1-1mSv☢☢,,Usually not appropriate
1065,Breast,"Breast mass, palpable, US findings highly suggestive of malignancy, BI-RADS 5, next imaging study",3196057,Mammography screening,0.1-1mSv☢☢,,Usually not appropriate
1066,Breast,"Breast mass, palpable, US findings highly suggestive of malignancy, BI-RADS 5, next imaging study",3196057,MRI breast without and with IV contrast,0 mSvO,0 mSv [ped]O,Usually not appropriate
1067,Breast,"Breast mass, palpable, US findings highly suggestive of malignancy, BI-RADS 5, next imaging study",3196057,MRI breast without IV contrast,0 mSvO,0 mSv [ped]O,Usually not appropriate
1068,Breast,"Breast mass, palpable, US findings highly suggestive of malignancy, BI-RADS 5, next imaging study",3196057,FDG-PET breast dedicated,1-10 mSv☢☢☢,,Usually not appropriate
1069,Breast,"Breast mass, palpable, US findings highly suggestive of malignancy, BI-RADS 5, next imaging study",3196057,Sestamibi MBI,1-10 mSv☢☢☢,,Usually not appropriate
1070,Breast,"Breast mass, palpable, US findings negative, BI-RADS 1, next imaging study",3196061,Digital breast tomosynthesis diagnostic,0.1-1mSv☢☢,,Usually not appropriate
1071,Breast,"Breast mass, palpable, US findings negative, BI-RADS 1, next imaging study",3196061,Digital breast tomosynthesis screening,0.1-1mSv☢☢,,Usually not appropriate
1072,Breast,"Breast mass, palpable, US findings negative, BI-RADS 1, next imaging study",3196061,Mammography diagnostic,0.1-1mSv☢☢,,Usually not appropriate
1073,Breast,"Breast mass, palpable, US findings negative, BI-RADS 1, next imaging study",3196061,Mammography screening,0.1-1mSv☢☢,,Usually not appropriate
1074,Breast,"Breast mass, palpable, US findings negative, BI-RADS 1, next imaging study",3196061,Image-guided core biopsy breast,Varies,Varies,Usually not appropriate
1075,Breast,"Breast mass, palpable, US findings negative, BI-RADS 1, next imaging study",3196061,Image-guided fine needle aspiration breast,Varies,Varies,Usually not appropriate
1076,Breast,"Breast mass, palpable, US findings negative, BI-RADS 1, next imaging study",3196061,MRI breast without and with IV contrast,0 mSvO,0 mSv [ped]O,Usually not appropriate
1077,Breast,"Breast mass, palpable, US findings negative, BI-RADS 1, next imaging study",3196061,MRI breast without IV contrast,0 mSvO,0 mSv [ped]O,Usually not appropriate
1078,Breast,"Breast mass, palpable, US findings negative, BI-RADS 1, next imaging study",3196061,FDG-PET breast dedicated,1-10 mSv☢☢☢,,Usually not appropriate
1079,Breast,"Breast mass, palpable, US findings negative, BI-RADS 1, next imaging study",3196061,Sestamibi MBI,1-10 mSv☢☢☢,,Usually not appropriate
1080,Breast,"Breast mass, palpable, US findings probably benign, BI-RADS 3, next imaging study",3196059,Digital breast tomosynthesis diagnostic,0.1-1mSv☢☢,,Usually not appropriate
1081,Breast,"Breast mass, palpable, US findings probably benign, BI-RADS 3, next imaging study",3196059,Digital breast tomosynthesis screening,0.1-1mSv☢☢,,Usually not appropriate
1082,Breast,"Breast mass, palpable, US findings probably benign, BI-RADS 3, next imaging study",3196059,Mammography diagnostic,0.1-1mSv☢☢,,Usually not appropriate
1083,Breast,"Breast mass, palpable, US findings probably benign, BI-RADS 3, next imaging study",3196059,Mammography screening,0.1-1mSv☢☢,,Usually not appropriate
1084,Breast,"Breast mass, palpable, US findings probably benign, BI-RADS 3, next imaging study",3196059,Image-guided core biopsy breast,Varies,Varies,Usually not appropriate
1085,Breast,"Breast mass, palpable, US findings probably benign, BI-RADS 3, next imaging study",3196059,Image-guided fine needle aspiration breast,Varies,Varies,Usually not appropriate
1086,Breast,"Breast mass, palpable, US findings probably benign, BI-RADS 3, next imaging study",3196059,MRI breast without and with IV contrast,0 mSvO,0 mSv [ped]O,Usually not appropriate
1087,Breast,"Breast mass, palpable, US findings probably benign, BI-RADS 3, next imaging study",3196059,MRI breast without IV contrast,0 mSvO,0 mSv [ped]O,Usually not appropriate
1088,Breast,"Breast mass, palpable, US findings probably benign, BI-RADS 3, next imaging study",3196059,FDG-PET breast dedicated,1-10 mSv☢☢☢,,Usually not appropriate
1089,Breast,"Breast mass, palpable, US findings probably benign, BI-RADS 3, next imaging study",3196059,Sestamibi MBI,1-10 mSv☢☢☢,,Usually not appropriate
1090,Breast,"Breast mass, palpable, US findings suspicious of malignancy, BI-RADS 4, next imaging study",3196058,Digital breast tomosynthesis diagnostic,0.1-1mSv☢☢,,Usually appropriate
1091,Breast,"Breast mass, palpable, US findings suspicious of malignancy, BI-RADS 4, next imaging study",3196058,Mammography diagnostic,0.1-1mSv☢☢,,Usually appropriate
1092,Breast,"Breast mass, palpable, US findings suspicious of malignancy, BI-RADS 4, next imaging study",3196058,Image-guided core biopsy breast,Varies,Varies,Usually appropriate
1093,Breast,"Breast mass, palpable, US findings suspicious of malignancy, BI-RADS 4, next imaging study",3196058,Image-guided fine needle aspiration breast,Varies,Varies,May be appropriate (Disagreement)
1094,Breast,"Breast mass, palpable, US findings suspicious of malignancy, BI-RADS 4, next imaging study",3196058,Digital breast tomosynthesis screening,0.1-1mSv☢☢,,Usually not appropriate
1095,Breast,"Breast mass, palpable, US findings suspicious of malignancy, BI-RADS 4, next imaging study",3196058,Mammography screening,0.1-1mSv☢☢,,Usually not appropriate
1096,Breast,"Breast mass, palpable, US findings suspicious of malignancy, BI-RADS 4, next imaging study",3196058,MRI breast without and with IV contrast,0 mSvO,0 mSv [ped]O,Usually not appropriate
1097,Breast,"Breast mass, palpable, US findings suspicious of malignancy, BI-RADS 4, next imaging study",3196058,MRI breast without IV contrast,0 mSvO,0 mSv [ped]O,Usually not appropriate
1098,Breast,"Breast mass, palpable, US findings suspicious of malignancy, BI-RADS 4, next imaging study",3196058,FDG-PET breast dedicated,1-10 mSv☢☢☢,,Usually not appropriate
1099,Breast,"Breast mass, palpable, US findings suspicious of malignancy, BI-RADS 4, next imaging study",3196058,Sestamibi MBI,1-10 mSv☢☢☢,,Usually not appropriate
1100,Breast,"Breast pain, cyclical",3148605,US breast,0 mSvO,0 mSv [ped]O,Usually not appropriate
1101,Breast,"Breast pain, cyclical",3148605,Digital breast tomosynthesis diagnostic,0.1-1mSv☢☢,,Usually not appropriate
1102,Breast,"Breast pain, cyclical",3148605,Mammography diagnostic,0.1-1mSv☢☢,,Usually not appropriate
1103,Breast,"Breast pain, cyclical",3148605,MRI breast without and with IV contrast,0 mSvO,0 mSv [ped]O,Usually not appropriate
1104,Breast,"Breast pain, cyclical",3148605,MRI breast without IV contrast,0 mSvO,0 mSv [ped]O,Usually not appropriate
1105,Breast,"Breast pain, cyclical",3148605,Sestamibi MBI,1-10 mSv☢☢☢,,Usually not appropriate
1106,Breast,"Breast pain, diffuse",3148607,US breast,0 mSvO,0 mSv [ped]O,Usually not appropriate
1107,Breast,"Breast pain, diffuse",3148607,Digital breast tomosynthesis diagnostic,0.1-1mSv☢☢,,Usually not appropriate
1108,Breast,"Breast pain, diffuse",3148607,Mammography diagnostic,0.1-1mSv☢☢,,Usually not appropriate
1109,Breast,"Breast pain, diffuse",3148607,MRI breast without and with IV contrast,0 mSvO,0 mSv [ped]O,Usually not appropriate
1110,Breast,"Breast pain, diffuse",3148607,MRI breast without IV contrast,0 mSvO,0 mSv [ped]O,Usually not appropriate
1111,Breast,"Breast pain, diffuse",3148607,Sestamibi MBI,1-10 mSv☢☢☢,,Usually not appropriate
1112,Breast,"Breast pain, mastectomy side, no reconstruction, initial imaging",3191926,US breast,0 mSvO,0 mSv [ped]O,Usually appropriate
1113,Breast,"Breast pain, mastectomy side, no reconstruction, initial imaging",3191926,Digital breast tomosynthesis diagnostic,0.1-1mSv☢☢,,May be appropriate
1114,Breast,"Breast pain, mastectomy side, no reconstruction, initial imaging",3191926,Mammography diagnostic,0.1-1mSv☢☢,,May be appropriate
1115,Breast,"Breast pain, mastectomy side, no reconstruction, initial imaging",3191926,MRI breast without and with IV contrast,0 mSvO,0 mSv [ped]O,Usually not appropriate
1116,Breast,"Breast pain, mastectomy side, no reconstruction, initial imaging",3191926,MRI breast without IV contrast,0 mSvO,0 mSv [ped]O,Usually not appropriate
1117,Breast,"Breast pain, mastectomy side, no reconstruction, initial imaging",3191926,FDG-PET breast dedicated,1-10 mSv☢☢☢,,Usually not appropriate
1118,Breast,"Breast pain, mastectomy side, no reconstruction, initial imaging",3191926,Sestamibi MBI,1-10 mSv☢☢☢,,Usually not appropriate
1119,Breast,"Breast pain, mastectomy side, reconstruction, initial imaging",3191928,US breast,0 mSvO,0 mSv [ped]O,Usually appropriate
1120,Breast,"Breast pain, mastectomy side, reconstruction, initial imaging",3191928,Digital breast tomosynthesis diagnostic,0.1-1mSv☢☢,,May be appropriate
1121,Breast,"Breast pain, mastectomy side, reconstruction, initial imaging",3191928,Mammography diagnostic,0.1-1mSv☢☢,,May be appropriate
1122,Breast,"Breast pain, mastectomy side, reconstruction, initial imaging",3191928,MRI breast without and with IV contrast,0 mSvO,0 mSv [ped]O,Usually not appropriate
1123,Breast,"Breast pain, mastectomy side, reconstruction, initial imaging",3191928,MRI breast without IV contrast,0 mSvO,0 mSv [ped]O,Usually not appropriate
1124,Breast,"Breast pain, mastectomy side, reconstruction, initial imaging",3191928,FDG-PET breast dedicated,1-10 mSv☢☢☢,,Usually not appropriate
1125,Breast,"Breast pain, mastectomy side, reconstruction, initial imaging",3191928,Sestamibi MBI,1-10 mSv☢☢☢,,Usually not appropriate
1126,Breast,"Breast pain, noncyclical, focal",3097333,US breast,0 mSvO,0 mSv [ped]O,Usually appropriate
1127,Breast,"Breast pain, noncyclical, focal",3097333,Digital breast tomosynthesis diagnostic,0.1-1mSv☢☢,,Usually not appropriate
1128,Breast,"Breast pain, noncyclical, focal",3097333,Mammography diagnostic,0.1-1mSv☢☢,,Usually not appropriate
1129,Breast,"Breast pain, noncyclical, focal",3097333,MRI breast without and with IV contrast,0 mSvO,0 mSv [ped]O,Usually not appropriate
1130,Breast,"Breast pain, noncyclical, focal",3097333,MRI breast without IV contrast,0 mSvO,0 mSv [ped]O,Usually not appropriate
1131,Breast,"Breast pain, noncyclical, focal",3097333,Sestamibi MBI,1-10 mSv☢☢☢,,Usually not appropriate
1132,Breast,"Breast pain, noncyclical, focal",3148149,US breast,0 mSvO,0 mSv [ped]O,Usually appropriate
1133,Breast,"Breast pain, noncyclical, focal",3148149,Digital breast tomosynthesis diagnostic,0.1-1mSv☢☢,,Usually appropriate
1134,Breast,"Breast pain, noncyclical, focal",3148149,Mammography diagnostic,0.1-1mSv☢☢,,Usually appropriate
1135,Breast,"Breast pain, noncyclical, focal",3148149,MRI breast without and with IV contrast,0 mSvO,0 mSv [ped]O,Usually not appropriate
1136,Breast,"Breast pain, noncyclical, focal",3148149,MRI breast without IV contrast,0 mSvO,0 mSv [ped]O,Usually not appropriate
1137,Breast,"Breast pain, noncyclical, focal",3148149,Sestamibi MBI,1-10 mSv☢☢☢,,Usually not appropriate
1138,Breast,"Breast pain, noncyclical, focal",3148150,US breast,0 mSvO,0 mSv [ped]O,Usually appropriate
1139,Breast,"Breast pain, noncyclical, focal",3148150,Digital breast tomosynthesis diagnostic,0.1-1mSv☢☢,,Usually appropriate
1140,Breast,"Breast pain, noncyclical, focal",3148150,Mammography diagnostic,0.1-1mSv☢☢,,Usually appropriate
1141,Breast,"Breast pain, noncyclical, focal",3148150,MRI breast without and with IV contrast,0 mSvO,0 mSv [ped]O,Usually not appropriate
1142,Breast,"Breast pain, noncyclical, focal",3148150,MRI breast without IV contrast,0 mSvO,0 mSv [ped]O,Usually not appropriate
1143,Breast,"Breast pain, noncyclical, focal",3148150,Sestamibi MBI,1-10 mSv☢☢☢,,Usually not appropriate
1144,Breast,"Breast pain, nonfocal",3148606,US breast,0 mSvO,0 mSv [ped]O,Usually not appropriate
1145,Breast,"Breast pain, nonfocal",3148606,Digital breast tomosynthesis diagnostic,0.1-1mSv☢☢,,Usually not appropriate
1146,Breast,"Breast pain, nonfocal",3148606,Mammography diagnostic,0.1-1mSv☢☢,,Usually not appropriate
1147,Breast,"Breast pain, nonfocal",3148606,MRI breast without and with IV contrast,0 mSvO,0 mSv [ped]O,Usually not appropriate
1148,Breast,"Breast pain, nonfocal",3148606,MRI breast without IV contrast,0 mSvO,0 mSv [ped]O,Usually not appropriate
1149,Breast,"Breast pain, nonfocal",3148606,Sestamibi MBI,1-10 mSv☢☢☢,,Usually not appropriate
1150,Breast,Gynecomastia,3148583,US breast,0 mSvO,0 mSv [ped]O,Usually not appropriate
1151,Breast,Gynecomastia,3148583,Digital breast tomosynthesis diagnostic,0.1-1mSv☢☢,,Usually not appropriate
1152,Breast,Gynecomastia,3148583,Mammography diagnostic,0.1-1mSv☢☢,,Usually not appropriate
1153,Breast,Gynecomastia,3148583,MRI breast without and with IV contrast,0 mSvO,0 mSv [ped]O,Usually not appropriate
1154,Breast,Gynecomastia,3148583,MRI breast without IV contrast,0 mSvO,0 mSv [ped]O,Usually not appropriate
1155,Breast,"Nipple discharge or retraction, breast cancer suspected",3110140,US breast,0 mSvO,0 mSv [ped]O,Usually appropriate
1156,Breast,"Nipple discharge or retraction, breast cancer suspected",3110140,Digital breast tomosynthesis diagnostic,0.1-1mSv☢☢,,Usually appropriate
1157,Breast,"Nipple discharge or retraction, breast cancer suspected",3110140,Mammography diagnostic,0.1-1mSv☢☢,,Usually appropriate
1158,Breast,"Nipple discharge or retraction, breast cancer suspected",3110140,MRI breast without and with IV contrast,0 mSvO,0 mSv [ped]O,Usually not appropriate
1159,Breast,"Nipple discharge or retraction, breast cancer suspected",3110140,MRI breast without IV contrast,0 mSvO,0 mSv [ped]O,Usually not appropriate
1160,Breast,"Nipple discharge, pathologic, initial imaging",3195250,US breast,0 mSvO,0 mSv [ped]O,Usually appropriate
1161,Breast,"Nipple discharge, pathologic, initial imaging",3195250,Digital breast tomosynthesis diagnostic,0.1-1mSv☢☢,,Usually appropriate
1162,Breast,"Nipple discharge, pathologic, initial imaging",3195250,Mammography diagnostic,0.1-1mSv☢☢,,Usually appropriate
1163,Breast,"Nipple discharge, pathologic, initial imaging",3195250,Ductography,0.1-1mSv☢☢,,Usually not appropriate
1164,Breast,"Nipple discharge, pathologic, initial imaging",3195250,Image-guided core biopsy breast,Varies,Varies,Usually not appropriate
1165,Breast,"Nipple discharge, pathologic, initial imaging",3195250,Image-guided fine needle aspiration breast,Varies,Varies,Usually not appropriate
1166,Breast,"Nipple discharge, pathologic, initial imaging",3195250,MRI breast without and with IV contrast,0 mSvO,0 mSv [ped]O,Usually not appropriate
1167,Breast,"Nipple discharge, pathologic, initial imaging",3195250,MRI breast without IV contrast,0 mSvO,0 mSv [ped]O,Usually not appropriate
1168,Breast,"Nipple discharge, pathologic, initial imaging",3195250,FDG-PET breast dedicated,1-10 mSv☢☢☢,,Usually not appropriate
1169,Breast,"Nipple discharge, pathologic, initial imaging",3195250,Sestamibi MBI,1-10 mSv☢☢☢,,Usually not appropriate
1170,Breast,"Nipple discharge, pathologic, initial imaging",3195251,US breast,0 mSvO,0 mSv [ped]O,Usually appropriate
1171,Breast,"Nipple discharge, pathologic, initial imaging",3195251,Digital breast tomosynthesis diagnostic,0.1-1mSv☢☢,,Usually appropriate
1172,Breast,"Nipple discharge, pathologic, initial imaging",3195251,Mammography diagnostic,0.1-1mSv☢☢,,Usually appropriate
1173,Breast,"Nipple discharge, pathologic, initial imaging",3195251,Ductography,0.1-1mSv☢☢,,Usually not appropriate
1174,Breast,"Nipple discharge, pathologic, initial imaging",3195251,Image-guided fine needle aspiration breast,Varies,Varies,Usually not appropriate
1175,Breast,"Nipple discharge, pathologic, initial imaging",3195251,MRI breast without and with IV contrast,0 mSvO,0 mSv [ped]O,Usually not appropriate
1176,Breast,"Nipple discharge, pathologic, initial imaging",3195251,MRI breast without IV contrast,0 mSvO,0 mSv [ped]O,Usually not appropriate
1177,Breast,"Nipple discharge, pathologic, initial imaging",3195251,FDG-PET breast dedicated,1-10 mSv☢☢☢,,Usually not appropriate
1178,Breast,"Nipple discharge, pathologic, initial imaging",3195251,Sestamibi MBI,1-10 mSv☢☢☢,,Usually not appropriate
1179,Breast,"Nipple discharge, pathologic, initial imaging",3195252,US breast,0 mSvO,0 mSv [ped]O,Usually appropriate
1180,Breast,"Nipple discharge, pathologic, initial imaging",3195252,Digital breast tomosynthesis diagnostic,0.1-1mSv☢☢,,Usually appropriate
1181,Breast,"Nipple discharge, pathologic, initial imaging",3195252,Mammography diagnostic,0.1-1mSv☢☢,,Usually appropriate
1182,Breast,"Nipple discharge, pathologic, initial imaging",3195252,Ductography,0.1-1mSv☢☢,,Usually not appropriate
1183,Breast,"Nipple discharge, pathologic, initial imaging",3195252,Image-guided core biopsy breast,Varies,Varies,Usually not appropriate
1184,Breast,"Nipple discharge, pathologic, initial imaging",3195252,Image-guided fine needle aspiration breast,Varies,Varies,Usually not appropriate
1185,Breast,"Nipple discharge, pathologic, initial imaging",3195252,MRI breast without and with IV contrast,0 mSvO,0 mSv [ped]O,Usually not appropriate
1186,Breast,"Nipple discharge, pathologic, initial imaging",3195252,MRI breast without IV contrast,0 mSvO,0 mSv [ped]O,Usually not appropriate
1187,Breast,"Nipple discharge, pathologic, initial imaging",3195252,FDG-PET breast dedicated,1-10 mSv☢☢☢,,Usually not appropriate
1188,Breast,"Nipple discharge, pathologic, initial imaging",3195252,Sestamibi MBI,1-10 mSv☢☢☢,,Usually not appropriate
1189,Breast,"Nipple discharge, pathologic, initial imaging",3195253,US breast,0 mSvO,0 mSv [ped]O,Usually appropriate
1190,Breast,"Nipple discharge, pathologic, initial imaging",3195253,Digital breast tomosynthesis diagnostic,0.1-1mSv☢☢,,Usually not appropriate
1191,Breast,"Nipple discharge, pathologic, initial imaging",3195253,Ductography,0.1-1mSv☢☢,,Usually not appropriate
1192,Breast,"Nipple discharge, pathologic, initial imaging",3195253,Mammography diagnostic,0.1-1mSv☢☢,,Usually not appropriate
1193,Breast,"Nipple discharge, pathologic, initial imaging",3195253,Image-guided core biopsy breast,Varies,Varies,Usually not appropriate
1194,Breast,"Nipple discharge, pathologic, initial imaging",3195253,Image-guided fine needle aspiration breast,Varies,Varies,Usually not appropriate
1195,Breast,"Nipple discharge, pathologic, initial imaging",3195253,MRI breast without and with IV contrast,0 mSvO,0 mSv [ped]O,Usually not appropriate
1196,Breast,"Nipple discharge, pathologic, initial imaging",3195253,MRI breast without IV contrast,0 mSvO,0 mSv [ped]O,Usually not appropriate
1197,Breast,"Nipple discharge, pathologic, initial imaging",3195253,FDG-PET breast dedicated,1-10 mSv☢☢☢,,Usually not appropriate
1198,Breast,"Nipple discharge, pathologic, initial imaging",3195253,Sestamibi MBI,1-10 mSv☢☢☢,,Usually not appropriate
1199,Breast,"Nipple discharge, pathologic, transfeminine, initial imaging",3195255,US breast,0 mSvO,0 mSv [ped]O,Usually appropriate
1200,Breast,"Nipple discharge, pathologic, transfeminine, initial imaging",3195255,Digital breast tomosynthesis diagnostic,0.1-1mSv☢☢,,Usually appropriate
1201,Breast,"Nipple discharge, pathologic, transfeminine, initial imaging",3195255,Mammography diagnostic,0.1-1mSv☢☢,,Usually appropriate
1202,Breast,"Nipple discharge, pathologic, transfeminine, initial imaging",3195255,Ductography,0.1-1mSv☢☢,,Usually not appropriate
1203,Breast,"Nipple discharge, pathologic, transfeminine, initial imaging",3195255,Image-guided core biopsy breast,Varies,Varies,Usually not appropriate
1204,Breast,"Nipple discharge, pathologic, transfeminine, initial imaging",3195255,Image-guided fine needle aspiration breast,Varies,Varies,Usually not appropriate
1205,Breast,"Nipple discharge, pathologic, transfeminine, initial imaging",3195255,MRI breast without and with IV contrast,0 mSvO,0 mSv [ped]O,Usually not appropriate
1206,Breast,"Nipple discharge, pathologic, transfeminine, initial imaging",3195255,MRI breast without IV contrast,0 mSvO,0 mSv [ped]O,Usually not appropriate
1207,Breast,"Nipple discharge, pathologic, transfeminine, initial imaging",3195255,FDG-PET breast dedicated,1-10 mSv☢☢☢,,Usually not appropriate
1208,Breast,"Nipple discharge, pathologic, transfeminine, initial imaging",3195255,Sestamibi MBI,1-10 mSv☢☢☢,,Usually not appropriate
1209,Breast,"Nipple discharge, pathologic, transfeminine, initial imaging",3195257,US breast,0 mSvO,0 mSv [ped]O,Usually appropriate
1210,Breast,"Nipple discharge, pathologic, transfeminine, initial imaging",3195257,Digital breast tomosynthesis diagnostic,0.1-1mSv☢☢,,Usually appropriate
1211,Breast,"Nipple discharge, pathologic, transfeminine, initial imaging",3195257,Mammography diagnostic,0.1-1mSv☢☢,,Usually appropriate
1212,Breast,"Nipple discharge, pathologic, transfeminine, initial imaging",3195257,Ductography,0.1-1mSv☢☢,,Usually not appropriate
1213,Breast,"Nipple discharge, pathologic, transfeminine, initial imaging",3195257,Image-guided core biopsy breast,Varies,Varies,Usually not appropriate
1214,Breast,"Nipple discharge, pathologic, transfeminine, initial imaging",3195257,Image-guided fine needle aspiration breast,Varies,Varies,Usually not appropriate
1215,Breast,"Nipple discharge, pathologic, transfeminine, initial imaging",3195257,MRI breast without and with IV contrast,0 mSvO,0 mSv [ped]O,Usually not appropriate
1216,Breast,"Nipple discharge, pathologic, transfeminine, initial imaging",3195257,MRI breast without IV contrast,0 mSvO,0 mSv [ped]O,Usually not appropriate
1217,Breast,"Nipple discharge, pathologic, transfeminine, initial imaging",3195257,FDG-PET breast dedicated,1-10 mSv☢☢☢,,Usually not appropriate
1218,Breast,"Nipple discharge, pathologic, transfeminine, initial imaging",3195257,Sestamibi MBI,1-10 mSv☢☢☢,,Usually not appropriate
1219,Breast,"Nipple discharge, physiologic, initial imaging",3195246,US breast,0 mSvO,0 mSv [ped]O,Usually not appropriate
1220,Breast,"Nipple discharge, physiologic, initial imaging",3195246,Digital breast tomosynthesis diagnostic,0.1-1mSv☢☢,,Usually not appropriate
1221,Breast,"Nipple discharge, physiologic, initial imaging",3195246,Ductography,0.1-1mSv☢☢,,Usually not appropriate
1222,Breast,"Nipple discharge, physiologic, initial imaging",3195246,Mammography diagnostic,0.1-1mSv☢☢,,Usually not appropriate
1223,Breast,"Nipple discharge, physiologic, initial imaging",3195246,Image-guided core biopsy breast,Varies,Varies,Usually not appropriate
1224,Breast,"Nipple discharge, physiologic, initial imaging",3195246,Image-guided fine needle aspiration breast,Varies,Varies,Usually not appropriate
1225,Breast,"Nipple discharge, physiologic, initial imaging",3195246,MRI breast without and with IV contrast,0 mSvO,0 mSv [ped]O,Usually not appropriate
1226,Breast,"Nipple discharge, physiologic, initial imaging",3195246,MRI breast without IV contrast,0 mSvO,0 mSv [ped]O,Usually not appropriate
1227,Breast,"Nipple discharge, physiologic, initial imaging",3195246,FDG-PET breast dedicated,1-10 mSv☢☢☢,,Usually not appropriate
1228,Breast,"Nipple discharge, physiologic, initial imaging",3195246,Sestamibi MBI,1-10 mSv☢☢☢,,Usually not appropriate
1229,Breast,"Nipple discharge, physiologic, initial imaging",3195247,US breast,0 mSvO,0 mSv [ped]O,Usually not appropriate
1230,Breast,"Nipple discharge, physiologic, initial imaging",3195247,Digital breast tomosynthesis diagnostic,0.1-1mSv☢☢,,Usually not appropriate
1231,Breast,"Nipple discharge, physiologic, initial imaging",3195247,Ductography,0.1-1mSv☢☢,,Usually not appropriate
1232,Breast,"Nipple discharge, physiologic, initial imaging",3195247,Mammography diagnostic,0.1-1mSv☢☢,,Usually not appropriate
1233,Breast,"Nipple discharge, physiologic, initial imaging",3195247,Image-guided core biopsy breast,Varies,Varies,Usually not appropriate
1234,Breast,"Nipple discharge, physiologic, initial imaging",3195247,Image-guided fine needle aspiration breast,Varies,Varies,Usually not appropriate
1235,Breast,"Nipple discharge, physiologic, initial imaging",3195247,MRI breast without and with IV contrast,0 mSvO,0 mSv [ped]O,Usually not appropriate
1236,Breast,"Nipple discharge, physiologic, initial imaging",3195247,MRI breast without IV contrast,0 mSvO,0 mSv [ped]O,Usually not appropriate
1237,Breast,"Nipple discharge, physiologic, initial imaging",3195247,FDG-PET breast dedicated,1-10 mSv☢☢☢,,Usually not appropriate
1238,Breast,"Nipple discharge, physiologic, initial imaging",3195247,Sestamibi MBI,1-10 mSv☢☢☢,,Usually not appropriate
1239,Breast,"Nipple discharge, physiologic, transfeminine, initial imaging",3195249,US breast,0 mSvO,0 mSv [ped]O,Usually not appropriate
1240,Breast,"Nipple discharge, physiologic, transfeminine, initial imaging",3195249,Digital breast tomosynthesis diagnostic,0.1-1mSv☢☢,,Usually not appropriate
1241,Breast,"Nipple discharge, physiologic, transfeminine, initial imaging",3195249,Ductography,0.1-1mSv☢☢,,Usually not appropriate
1242,Breast,"Nipple discharge, physiologic, transfeminine, initial imaging",3195249,Mammography diagnostic,0.1-1mSv☢☢,,Usually not appropriate
1243,Breast,"Nipple discharge, physiologic, transfeminine, initial imaging",3195249,Image-guided core biopsy breast,Varies,Varies,Usually not appropriate
1244,Breast,"Nipple discharge, physiologic, transfeminine, initial imaging",3195249,Image-guided fine needle aspiration breast,Varies,Varies,Usually not appropriate
1245,Breast,"Nipple discharge, physiologic, transfeminine, initial imaging",3195249,MRI breast without and with IV contrast,0 mSvO,0 mSv [ped]O,Usually not appropriate
1246,Breast,"Nipple discharge, physiologic, transfeminine, initial imaging",3195249,MRI breast without IV contrast,0 mSvO,0 mSv [ped]O,Usually not appropriate
1247,Breast,"Nipple discharge, physiologic, transfeminine, initial imaging",3195249,FDG-PET breast dedicated,1-10 mSv☢☢☢,,Usually not appropriate
1248,Breast,"Nipple discharge, physiologic, transfeminine, initial imaging",3195249,Sestamibi MBI,1-10 mSv☢☢☢,,Usually not appropriate
1249,Breast,"Nipple discharge, physiologic, transmasculine, initial imaging",3195248,US breast,0 mSvO,0 mSv [ped]O,Usually not appropriate
1250,Breast,"Nipple discharge, physiologic, transmasculine, initial imaging",3195248,Digital breast tomosynthesis diagnostic,0.1-1mSv☢☢,,Usually not appropriate
1251,Breast,"Nipple discharge, physiologic, transmasculine, initial imaging",3195248,Ductography,0.1-1mSv☢☢,,Usually not appropriate
1252,Breast,"Nipple discharge, physiologic, transmasculine, initial imaging",3195248,Mammography diagnostic,0.1-1mSv☢☢,,Usually not appropriate
1253,Breast,"Nipple discharge, physiologic, transmasculine, initial imaging",3195248,Image-guided core biopsy breast,Varies,Varies,Usually not appropriate
1254,Breast,"Nipple discharge, physiologic, transmasculine, initial imaging",3195248,Image-guided fine needle aspiration breast,Varies,Varies,Usually not appropriate
1255,Breast,"Nipple discharge, physiologic, transmasculine, initial imaging",3195248,MRI breast without and with IV contrast,0 mSvO,0 mSv [ped]O,Usually not appropriate
1256,Breast,"Nipple discharge, physiologic, transmasculine, initial imaging",3195248,MRI breast without IV contrast,0 mSvO,0 mSv [ped]O,Usually not appropriate
1257,Breast,"Nipple discharge, physiologic, transmasculine, initial imaging",3195248,FDG-PET breast dedicated,1-10 mSv☢☢☢,,Usually not appropriate
1258,Breast,"Nipple discharge, physiologic, transmasculine, initial imaging",3195248,Sestamibi MBI,1-10 mSv☢☢☢,,Usually not appropriate
1259,Breast,"Nipple discharge, pregnant, initial exam",3141518,US breast,0 mSvO,0 mSv [ped]O,Usually appropriate
1260,Breast,"Nipple discharge, pregnant, initial exam",3141518,Digital breast tomosynthesis diagnostic,0.1-1mSv☢☢,,Usually appropriate
1261,Breast,"Nipple discharge, pregnant, initial exam",3141518,Mammography diagnostic,0.1-1mSv☢☢,,Usually appropriate
1262,Breast,"Nipple discharge, pregnant, initial exam",3141518,MRI breast without and with IV contrast,0 mSvO,0 mSv [ped]O,Usually not appropriate
1263,Breast,"Nipple discharge, pregnant, initial exam",3141518,MRI breast without IV contrast,0 mSvO,0 mSv [ped]O,Usually not appropriate
1264,Breast,"Nipple discharge, pregnant, initial exam",3141518,Sestamibi MBI,1-10 mSv☢☢☢,,Usually not appropriate
1265,Breast,"Palpable mass, pregnant, initial exam",3141517,US breast,0 mSvO,0 mSv [ped]O,Usually appropriate
1266,Breast,"Palpable mass, pregnant, initial exam",3141517,Digital breast tomosynthesis diagnostic,0.1-1mSv☢☢,,May be appropriate
1267,Breast,"Palpable mass, pregnant, initial exam",3141517,Mammography diagnostic,0.1-1mSv☢☢,,May be appropriate
1268,Breast,"Palpable mass, pregnant, initial exam",3141517,Image-guided core biopsy breast,Varies,Varies,Usually not appropriate
1269,Breast,"Palpable mass, pregnant, initial exam",3141517,Image-guided fine needle aspiration breast,Varies,Varies,Usually not appropriate
1270,Breast,"Palpable mass, pregnant, initial exam",3141517,MRI breast without and with IV contrast,0 mSvO,0 mSv [ped]O,Usually not appropriate
1271,Breast,"Palpable mass, pregnant, initial exam",3141517,MRI breast without IV contrast,0 mSvO,0 mSv [ped]O,Usually not appropriate
1272,Breast,"Palpable mass, pregnant, initial exam",3141517,Sestamibi MBI,1-10 mSv☢☢☢,,Usually not appropriate
1273,Breast,Pseudogynecomastia,3148584,US breast,0 mSvO,0 mSv [ped]O,Usually not appropriate
1274,Breast,Pseudogynecomastia,3148584,Digital breast tomosynthesis diagnostic,0.1-1mSv☢☢,,Usually not appropriate
1275,Breast,Pseudogynecomastia,3148584,Mammography diagnostic,0.1-1mSv☢☢,,Usually not appropriate
1276,Breast,Pseudogynecomastia,3148584,MRI breast without and with IV contrast,0 mSvO,0 mSv [ped]O,Usually not appropriate
1277,Breast,Pseudogynecomastia,3148584,MRI breast without IV contrast,0 mSvO,0 mSv [ped]O,Usually not appropriate
