,panel,scenario-text,scenario-id,procedure,adult-rrl,peds-rrl,appropriateness
0,Cardiac,"Acquired coronary artery abnormality suspected, TTE inadequate assessment of coronary morphology, next imaging study",3196446,MRA chest without and with IV contrast,0 mSvO,0 mSv [ped]O,Usually appropriate
1,Cardiac,"Acquired coronary artery abnormality suspected, TTE inadequate assessment of coronary morphology, next imaging study",3196446,MRA chest without IV contrast,0 mSvO,0 mSv [ped]O,Usually appropriate
2,Cardiac,"Acquired coronary artery abnormality suspected, TTE inadequate assessment of coronary morphology, next imaging study",3196446,MRI heart function and morphology without and with IV contrast,0 mSvO,0 mSv [ped]O,Usually appropriate
3,Cardiac,"Acquired coronary artery abnormality suspected, TTE inadequate assessment of coronary morphology, next imaging study",3196446,MRI heart function and morphology without IV contrast,0 mSvO,0 mSv [ped]O,Usually appropriate
4,Cardiac,"Acquired coronary artery abnormality suspected, TTE inadequate assessment of coronary morphology, next imaging study",3196446,CTA coronary arteries with IV contrast,1-10 mSv☢☢☢,3-10 mSv [ped]☢☢☢☢,Usually appropriate
5,Cardiac,"Acquired coronary artery abnormality suspected, TTE inadequate assessment of coronary morphology, next imaging study",3196446,Arteriography coronary with ventriculography,1-10 mSv☢☢☢,3-10 mSv [ped]☢☢☢☢,May be appropriate
6,Cardiac,"Acquired coronary artery abnormality suspected, TTE inadequate assessment of coronary morphology, next imaging study",3196446,MRA abdomen without and with IV contrast,0 mSvO,0 mSv [ped]O,May be appropriate
7,Cardiac,"Acquired coronary artery abnormality suspected, TTE inadequate assessment of coronary morphology, next imaging study",3196446,MRI heart function with stress without and with IV contrast,0 mSvO,0 mSv [ped]O,May be appropriate
8,Cardiac,"Acquired coronary artery abnormality suspected, TTE inadequate assessment of coronary morphology, next imaging study",3196446,MRI heart function with stress without IV contrast,0 mSvO,0 mSv [ped]O,May be appropriate
9,Cardiac,"Acquired coronary artery abnormality suspected, TTE inadequate assessment of coronary morphology, next imaging study",3196446,CTA chest with IV contrast,1-10 mSv☢☢☢,3-10 mSv [ped]☢☢☢☢,May be appropriate
10,Cardiac,"Acquired coronary artery abnormality suspected, TTE inadequate assessment of coronary morphology, next imaging study",3196446,CT heart function and morphology with IV contrast,10-30 mSv☢☢☢☢,3-10 mSv [ped]☢☢☢☢,May be appropriate
11,Cardiac,"Acquired coronary artery abnormality suspected, TTE inadequate assessment of coronary morphology, next imaging study",3196446,SPECT or SPECT/CT MPI rest and stress,10-30 mSv☢☢☢☢,10-30 mSv [ped]☢☢☢☢☢,May be appropriate (Disagreement)
12,Cardiac,"Acquired coronary artery abnormality suspected, TTE inadequate assessment of coronary morphology, next imaging study",3196446,US echocardiography transesophageal,0 mSvO,0 mSv [ped]O,Usually not appropriate
13,Cardiac,"Acquired coronary artery abnormality suspected, TTE inadequate assessment of coronary morphology, next imaging study",3196446,Radiography chest,<0.1 mSv☢,<0.03 mSv [ped]☢,Usually not appropriate
14,Cardiac,"Acquired coronary artery abnormality suspected, TTE inadequate assessment of coronary morphology, next imaging study",3196446,Arteriography pulmonary,10-30 mSv☢☢☢☢,,Usually not appropriate
15,Cardiac,"Acquired coronary artery abnormality suspected, TTE inadequate assessment of coronary morphology, next imaging study",3196446,MRA abdomen without IV contrast,0 mSvO,0 mSv [ped]O,Usually not appropriate
16,Cardiac,"Acquired coronary artery abnormality suspected, TTE inadequate assessment of coronary morphology, next imaging study",3196446,MRA neck without and with IV contrast,0 mSvO,0 mSv [ped]O,Usually not appropriate
17,Cardiac,"Acquired coronary artery abnormality suspected, TTE inadequate assessment of coronary morphology, next imaging study",3196446,MRA neck without IV contrast,0 mSvO,0 mSv [ped]O,Usually not appropriate
18,Cardiac,"Acquired coronary artery abnormality suspected, TTE inadequate assessment of coronary morphology, next imaging study",3196446,FDG-PET/CT heart,10-30 mSv☢☢☢☢,3-10 mSv [ped]☢☢☢☢,Usually not appropriate
19,Cardiac,"Acquired coronary artery abnormality, TTE inadequate assessment of coronary morphology, next imaging study",3196445,MRA chest without and with IV contrast,0 mSvO,0 mSv [ped]O,Usually appropriate
20,Cardiac,"Acquired coronary artery abnormality, TTE inadequate assessment of coronary morphology, next imaging study",3196445,MRA chest without IV contrast,0 mSvO,0 mSv [ped]O,Usually appropriate
21,Cardiac,"Acquired coronary artery abnormality, TTE inadequate assessment of coronary morphology, next imaging study",3196445,MRI heart function and morphology without and with IV contrast,0 mSvO,0 mSv [ped]O,Usually appropriate
22,Cardiac,"Acquired coronary artery abnormality, TTE inadequate assessment of coronary morphology, next imaging study",3196445,MRI heart function and morphology without IV contrast,0 mSvO,0 mSv [ped]O,Usually appropriate
23,Cardiac,"Acquired coronary artery abnormality, TTE inadequate assessment of coronary morphology, next imaging study",3196445,CTA coronary arteries with IV contrast,1-10 mSv☢☢☢,3-10 mSv [ped]☢☢☢☢,Usually appropriate
24,Cardiac,"Acquired coronary artery abnormality, TTE inadequate assessment of coronary morphology, next imaging study",3196445,Arteriography coronary with ventriculography,1-10 mSv☢☢☢,3-10 mSv [ped]☢☢☢☢,May be appropriate
25,Cardiac,"Acquired coronary artery abnormality, TTE inadequate assessment of coronary morphology, next imaging study",3196445,MRA abdomen without and with IV contrast,0 mSvO,0 mSv [ped]O,May be appropriate
26,Cardiac,"Acquired coronary artery abnormality, TTE inadequate assessment of coronary morphology, next imaging study",3196445,MRI heart function with stress without and with IV contrast,0 mSvO,0 mSv [ped]O,May be appropriate
27,Cardiac,"Acquired coronary artery abnormality, TTE inadequate assessment of coronary morphology, next imaging study",3196445,MRI heart function with stress without IV contrast,0 mSvO,0 mSv [ped]O,May be appropriate
28,Cardiac,"Acquired coronary artery abnormality, TTE inadequate assessment of coronary morphology, next imaging study",3196445,CTA chest with IV contrast,1-10 mSv☢☢☢,3-10 mSv [ped]☢☢☢☢,May be appropriate
29,Cardiac,"Acquired coronary artery abnormality, TTE inadequate assessment of coronary morphology, next imaging study",3196445,CT heart function and morphology with IV contrast,10-30 mSv☢☢☢☢,3-10 mSv [ped]☢☢☢☢,May be appropriate
30,Cardiac,"Acquired coronary artery abnormality, TTE inadequate assessment of coronary morphology, next imaging study",3196445,SPECT or SPECT/CT MPI rest and stress,10-30 mSv☢☢☢☢,10-30 mSv [ped]☢☢☢☢☢,May be appropriate (Disagreement)
31,Cardiac,"Acquired coronary artery abnormality, TTE inadequate assessment of coronary morphology, next imaging study",3196445,US echocardiography transesophageal,0 mSvO,0 mSv [ped]O,Usually not appropriate
32,Cardiac,"Acquired coronary artery abnormality, TTE inadequate assessment of coronary morphology, next imaging study",3196445,Radiography chest,<0.1 mSv☢,<0.03 mSv [ped]☢,Usually not appropriate
33,Cardiac,"Acquired coronary artery abnormality, TTE inadequate assessment of coronary morphology, next imaging study",3196445,Arteriography pulmonary,10-30 mSv☢☢☢☢,,Usually not appropriate
34,Cardiac,"Acquired coronary artery abnormality, TTE inadequate assessment of coronary morphology, next imaging study",3196445,MRA abdomen without IV contrast,0 mSvO,0 mSv [ped]O,Usually not appropriate
35,Cardiac,"Acquired coronary artery abnormality, TTE inadequate assessment of coronary morphology, next imaging study",3196445,MRA neck without and with IV contrast,0 mSvO,0 mSv [ped]O,Usually not appropriate
36,Cardiac,"Acquired coronary artery abnormality, TTE inadequate assessment of coronary morphology, next imaging study",3196445,MRA neck without IV contrast,0 mSvO,0 mSv [ped]O,Usually not appropriate
37,Cardiac,"Acquired coronary artery abnormality, TTE inadequate assessment of coronary morphology, next imaging study",3196445,FDG-PET/CT heart,10-30 mSv☢☢☢☢,3-10 mSv [ped]☢☢☢☢,Usually not appropriate
38,Cardiac,"Anomalous pulmonary venous return suspected, TTE inadequate, next imaging study",3196456,MRA chest without and with IV contrast,0 mSvO,0 mSv [ped]O,Usually appropriate
39,Cardiac,"Anomalous pulmonary venous return suspected, TTE inadequate, next imaging study",3196456,MRA chest without IV contrast,0 mSvO,0 mSv [ped]O,Usually appropriate
40,Cardiac,"Anomalous pulmonary venous return suspected, TTE inadequate, next imaging study",3196456,MRI heart function and morphology without and with IV contrast,0 mSvO,0 mSv [ped]O,Usually appropriate
41,Cardiac,"Anomalous pulmonary venous return suspected, TTE inadequate, next imaging study",3196456,MRI heart function and morphology without IV contrast,0 mSvO,0 mSv [ped]O,Usually appropriate
42,Cardiac,"Anomalous pulmonary venous return suspected, TTE inadequate, next imaging study",3196456,CTA chest with IV contrast,1-10 mSv☢☢☢,3-10 mSv [ped]☢☢☢☢,Usually appropriate
43,Cardiac,"Anomalous pulmonary venous return suspected, TTE inadequate, next imaging study",3196456,MRA abdomen without and with IV contrast,0 mSvO,0 mSv [ped]O,May be appropriate
44,Cardiac,"Anomalous pulmonary venous return suspected, TTE inadequate, next imaging study",3196456,MRA abdomen without IV contrast,0 mSvO,0 mSv [ped]O,May be appropriate
45,Cardiac,"Anomalous pulmonary venous return suspected, TTE inadequate, next imaging study",3196456,CT heart function and morphology with IV contrast,10-30 mSv☢☢☢☢,3-10 mSv [ped]☢☢☢☢,May be appropriate
46,Cardiac,"Anomalous pulmonary venous return suspected, TTE inadequate, next imaging study",3196456,US echocardiography transesophageal,0 mSvO,0 mSv [ped]O,Usually not appropriate
47,Cardiac,"Anomalous pulmonary venous return suspected, TTE inadequate, next imaging study",3196456,Radiography chest,<0.1 mSv☢,<0.03 mSv [ped]☢,Usually not appropriate
48,Cardiac,"Anomalous pulmonary venous return suspected, TTE inadequate, next imaging study",3196456,Arteriography coronary with ventriculography,1-10 mSv☢☢☢,3-10 mSv [ped]☢☢☢☢,Usually not appropriate
49,Cardiac,"Anomalous pulmonary venous return suspected, TTE inadequate, next imaging study",3196456,Arteriography pulmonary,10-30 mSv☢☢☢☢,,Usually not appropriate
50,Cardiac,"Anomalous pulmonary venous return suspected, TTE inadequate, next imaging study",3196456,MRA neck without and with IV contrast,0 mSvO,0 mSv [ped]O,Usually not appropriate
51,Cardiac,"Anomalous pulmonary venous return suspected, TTE inadequate, next imaging study",3196456,MRA neck without IV contrast,0 mSvO,0 mSv [ped]O,Usually not appropriate
52,Cardiac,"Anomalous pulmonary venous return suspected, TTE inadequate, next imaging study",3196456,MRI heart function with stress without and with IV contrast,0 mSvO,0 mSv [ped]O,Usually not appropriate
53,Cardiac,"Anomalous pulmonary venous return suspected, TTE inadequate, next imaging study",3196456,MRI heart function with stress without IV contrast,0 mSvO,0 mSv [ped]O,Usually not appropriate
54,Cardiac,"Anomalous pulmonary venous return suspected, TTE inadequate, next imaging study",3196456,CTA coronary arteries with IV contrast,1-10 mSv☢☢☢,3-10 mSv [ped]☢☢☢☢,Usually not appropriate
55,Cardiac,"Anomalous pulmonary venous return suspected, TTE inadequate, next imaging study",3196456,FDG-PET/CT heart,10-30 mSv☢☢☢☢,3-10 mSv [ped]☢☢☢☢,Usually not appropriate
56,Cardiac,"Anomalous pulmonary venous return suspected, TTE inadequate, next imaging study",3196456,SPECT or SPECT/CT MPI rest and stress,10-30 mSv☢☢☢☢,10-30 mSv [ped]☢☢☢☢☢,Usually not appropriate
57,Cardiac,"Anomalous pulmonary venous return, TTE inadequate, next imaging study",3196457,MRA chest without and with IV contrast,0 mSvO,0 mSv [ped]O,Usually appropriate
58,Cardiac,"Anomalous pulmonary venous return, TTE inadequate, next imaging study",3196457,MRA chest without IV contrast,0 mSvO,0 mSv [ped]O,Usually appropriate
59,Cardiac,"Anomalous pulmonary venous return, TTE inadequate, next imaging study",3196457,MRI heart function and morphology without and with IV contrast,0 mSvO,0 mSv [ped]O,Usually appropriate
60,Cardiac,"Anomalous pulmonary venous return, TTE inadequate, next imaging study",3196457,MRI heart function and morphology without IV contrast,0 mSvO,0 mSv [ped]O,Usually appropriate
61,Cardiac,"Anomalous pulmonary venous return, TTE inadequate, next imaging study",3196457,CTA chest with IV contrast,1-10 mSv☢☢☢,3-10 mSv [ped]☢☢☢☢,Usually appropriate
62,Cardiac,"Anomalous pulmonary venous return, TTE inadequate, next imaging study",3196457,MRA abdomen without and with IV contrast,0 mSvO,0 mSv [ped]O,May be appropriate
63,Cardiac,"Anomalous pulmonary venous return, TTE inadequate, next imaging study",3196457,MRA abdomen without IV contrast,0 mSvO,0 mSv [ped]O,May be appropriate
64,Cardiac,"Anomalous pulmonary venous return, TTE inadequate, next imaging study",3196457,CT heart function and morphology with IV contrast,10-30 mSv☢☢☢☢,3-10 mSv [ped]☢☢☢☢,May be appropriate
65,Cardiac,"Anomalous pulmonary venous return, TTE inadequate, next imaging study",3196457,US echocardiography transesophageal,0 mSvO,0 mSv [ped]O,Usually not appropriate
66,Cardiac,"Anomalous pulmonary venous return, TTE inadequate, next imaging study",3196457,Radiography chest,<0.1 mSv☢,<0.03 mSv [ped]☢,Usually not appropriate
67,Cardiac,"Anomalous pulmonary venous return, TTE inadequate, next imaging study",3196457,Arteriography coronary with ventriculography,1-10 mSv☢☢☢,3-10 mSv [ped]☢☢☢☢,Usually not appropriate
68,Cardiac,"Anomalous pulmonary venous return, TTE inadequate, next imaging study",3196457,Arteriography pulmonary,10-30 mSv☢☢☢☢,,Usually not appropriate
69,Cardiac,"Anomalous pulmonary venous return, TTE inadequate, next imaging study",3196457,MRA neck without and with IV contrast,0 mSvO,0 mSv [ped]O,Usually not appropriate
70,Cardiac,"Anomalous pulmonary venous return, TTE inadequate, next imaging study",3196457,MRA neck without IV contrast,0 mSvO,0 mSv [ped]O,Usually not appropriate
71,Cardiac,"Anomalous pulmonary venous return, TTE inadequate, next imaging study",3196457,MRI heart function with stress without and with IV contrast,0 mSvO,0 mSv [ped]O,Usually not appropriate
72,Cardiac,"Anomalous pulmonary venous return, TTE inadequate, next imaging study",3196457,MRI heart function with stress without IV contrast,0 mSvO,0 mSv [ped]O,Usually not appropriate
73,Cardiac,"Anomalous pulmonary venous return, TTE inadequate, next imaging study",3196457,CTA coronary arteries with IV contrast,1-10 mSv☢☢☢,3-10 mSv [ped]☢☢☢☢,Usually not appropriate
74,Cardiac,"Anomalous pulmonary venous return, TTE inadequate, next imaging study",3196457,FDG-PET/CT heart,10-30 mSv☢☢☢☢,3-10 mSv [ped]☢☢☢☢,Usually not appropriate
75,Cardiac,"Anomalous pulmonary venous return, TTE inadequate, next imaging study",3196457,SPECT or SPECT/CT MPI rest and stress,10-30 mSv☢☢☢☢,10-30 mSv [ped]☢☢☢☢☢,Usually not appropriate
76,Cardiac,"Aortic coarctation suspected, TTE inadequate, next imaging study.",3196459,MRA chest without and with IV contrast,0 mSvO,0 mSv [ped]O,Usually appropriate
77,Cardiac,"Aortic coarctation suspected, TTE inadequate, next imaging study.",3196459,MRA chest without IV contrast,0 mSvO,0 mSv [ped]O,Usually appropriate
78,Cardiac,"Aortic coarctation suspected, TTE inadequate, next imaging study.",3196459,MRI heart function and morphology without and with IV contrast,0 mSvO,0 mSv [ped]O,Usually appropriate
79,Cardiac,"Aortic coarctation suspected, TTE inadequate, next imaging study.",3196459,MRI heart function and morphology without IV contrast,0 mSvO,0 mSv [ped]O,Usually appropriate
80,Cardiac,"Aortic coarctation suspected, TTE inadequate, next imaging study.",3196459,CTA chest with IV contrast,1-10 mSv☢☢☢,3-10 mSv [ped]☢☢☢☢,Usually appropriate
81,Cardiac,"Aortic coarctation suspected, TTE inadequate, next imaging study.",3196459,Arteriography coronary with ventriculography,1-10 mSv☢☢☢,3-10 mSv [ped]☢☢☢☢,May be appropriate
82,Cardiac,"Aortic coarctation suspected, TTE inadequate, next imaging study.",3196459,CT heart function and morphology with IV contrast,10-30 mSv☢☢☢☢,3-10 mSv [ped]☢☢☢☢,May be appropriate (Disagreement)
83,Cardiac,"Aortic coarctation suspected, TTE inadequate, next imaging study.",3196459,US echocardiography transesophageal,0 mSvO,0 mSv [ped]O,Usually not appropriate
84,Cardiac,"Aortic coarctation suspected, TTE inadequate, next imaging study.",3196459,Radiography chest,<0.1 mSv☢,<0.03 mSv [ped]☢,Usually not appropriate
85,Cardiac,"Aortic coarctation suspected, TTE inadequate, next imaging study.",3196459,Arteriography pulmonary,10-30 mSv☢☢☢☢,,Usually not appropriate
86,Cardiac,"Aortic coarctation suspected, TTE inadequate, next imaging study.",3196459,MRA abdomen without and with IV contrast,0 mSvO,0 mSv [ped]O,Usually not appropriate
87,Cardiac,"Aortic coarctation suspected, TTE inadequate, next imaging study.",3196459,MRA abdomen without IV contrast,0 mSvO,0 mSv [ped]O,Usually not appropriate
88,Cardiac,"Aortic coarctation suspected, TTE inadequate, next imaging study.",3196459,MRA neck without and with IV contrast,0 mSvO,0 mSv [ped]O,Usually not appropriate
89,Cardiac,"Aortic coarctation suspected, TTE inadequate, next imaging study.",3196459,MRA neck without IV contrast,0 mSvO,0 mSv [ped]O,Usually not appropriate
90,Cardiac,"Aortic coarctation suspected, TTE inadequate, next imaging study.",3196459,MRI heart function with stress without and with IV contrast,0 mSvO,0 mSv [ped]O,Usually not appropriate
91,Cardiac,"Aortic coarctation suspected, TTE inadequate, next imaging study.",3196459,MRI heart function with stress without IV contrast,0 mSvO,0 mSv [ped]O,Usually not appropriate
92,Cardiac,"Aortic coarctation suspected, TTE inadequate, next imaging study.",3196459,CTA coronary arteries with IV contrast,1-10 mSv☢☢☢,3-10 mSv [ped]☢☢☢☢,Usually not appropriate
93,Cardiac,"Aortic coarctation suspected, TTE inadequate, next imaging study.",3196459,FDG-PET/CT heart,10-30 mSv☢☢☢☢,3-10 mSv [ped]☢☢☢☢,Usually not appropriate
94,Cardiac,"Aortic coarctation suspected, TTE inadequate, next imaging study.",3196459,SPECT or SPECT/CT MPI rest and stress,10-30 mSv☢☢☢☢,10-30 mSv [ped]☢☢☢☢☢,Usually not appropriate
95,Cardiac,"Aortopathy, aorta surveillance, TTE inadequate, next imaging study",3196461,MRA abdomen without and with IV contrast,0 mSvO,0 mSv [ped]O,Usually appropriate
96,Cardiac,"Aortopathy, aorta surveillance, TTE inadequate, next imaging study",3196461,MRA abdomen without IV contrast,0 mSvO,0 mSv [ped]O,Usually appropriate
97,Cardiac,"Aortopathy, aorta surveillance, TTE inadequate, next imaging study",3196461,MRA chest without and with IV contrast,0 mSvO,0 mSv [ped]O,Usually appropriate
98,Cardiac,"Aortopathy, aorta surveillance, TTE inadequate, next imaging study",3196461,MRA chest without IV contrast,0 mSvO,0 mSv [ped]O,Usually appropriate
99,Cardiac,"Aortopathy, aorta surveillance, TTE inadequate, next imaging study",3196461,MRA neck without and with IV contrast,0 mSvO,0 mSv [ped]O,Usually appropriate
100,Cardiac,"Aortopathy, aorta surveillance, TTE inadequate, next imaging study",3196461,MRA neck without IV contrast,0 mSvO,0 mSv [ped]O,Usually appropriate
101,Cardiac,"Aortopathy, aorta surveillance, TTE inadequate, next imaging study",3196461,CTA chest with IV contrast,1-10 mSv☢☢☢,3-10 mSv [ped]☢☢☢☢,Usually appropriate
102,Cardiac,"Aortopathy, aorta surveillance, TTE inadequate, next imaging study",3196461,US echocardiography transesophageal,0 mSvO,0 mSv [ped]O,May be appropriate
103,Cardiac,"Aortopathy, aorta surveillance, TTE inadequate, next imaging study",3196461,MRI heart function and morphology without and with IV contrast,0 mSvO,0 mSv [ped]O,May be appropriate
104,Cardiac,"Aortopathy, aorta surveillance, TTE inadequate, next imaging study",3196461,MRI heart function and morphology without IV contrast,0 mSvO,0 mSv [ped]O,May be appropriate
105,Cardiac,"Aortopathy, aorta surveillance, TTE inadequate, next imaging study",3196461,CTA coronary arteries with IV contrast,1-10 mSv☢☢☢,3-10 mSv [ped]☢☢☢☢,May be appropriate
106,Cardiac,"Aortopathy, aorta surveillance, TTE inadequate, next imaging study",3196461,Radiography chest,<0.1 mSv☢,<0.03 mSv [ped]☢,Usually not appropriate
107,Cardiac,"Aortopathy, aorta surveillance, TTE inadequate, next imaging study",3196461,Arteriography coronary with ventriculography,1-10 mSv☢☢☢,3-10 mSv [ped]☢☢☢☢,Usually not appropriate
108,Cardiac,"Aortopathy, aorta surveillance, TTE inadequate, next imaging study",3196461,Arteriography pulmonary,10-30 mSv☢☢☢☢,,Usually not appropriate
109,Cardiac,"Aortopathy, aorta surveillance, TTE inadequate, next imaging study",3196461,MRI heart function with stress without and with IV contrast,0 mSvO,0 mSv [ped]O,Usually not appropriate
110,Cardiac,"Aortopathy, aorta surveillance, TTE inadequate, next imaging study",3196461,MRI heart function with stress without IV contrast,0 mSvO,0 mSv [ped]O,Usually not appropriate
111,Cardiac,"Aortopathy, aorta surveillance, TTE inadequate, next imaging study",3196461,CT heart function and morphology with IV contrast,10-30 mSv☢☢☢☢,3-10 mSv [ped]☢☢☢☢,Usually not appropriate
112,Cardiac,"Aortopathy, aorta surveillance, TTE inadequate, next imaging study",3196461,FDG-PET/CT heart,10-30 mSv☢☢☢☢,3-10 mSv [ped]☢☢☢☢,Usually not appropriate
113,Cardiac,"Aortopathy, aorta surveillance, TTE inadequate, next imaging study",3196461,SPECT or SPECT/CT MPI rest and stress,10-30 mSv☢☢☢☢,10-30 mSv [ped]☢☢☢☢☢,Usually not appropriate
114,Cardiac,"Arterial occlusion, lower extremity, embolic etiology suspected, next imaging study, determine source",3195891,US echocardiography transesophageal,0 mSvO,0 mSv [ped]O,Usually appropriate
115,Cardiac,"Arterial occlusion, lower extremity, embolic etiology suspected, next imaging study, determine source",3195891,US echocardiography transthoracic resting,0 mSvO,0 mSv [ped]O,Usually appropriate
116,Cardiac,"Arterial occlusion, lower extremity, embolic etiology suspected, next imaging study, determine source",3195891,MRA chest abdomen pelvis without and with IV contrast,0 mSvO,0 mSv [ped]O,Usually appropriate
117,Cardiac,"Arterial occlusion, lower extremity, embolic etiology suspected, next imaging study, determine source",3195891,MRA chest without and with IV contrast,0 mSvO,0 mSv [ped]O,Usually appropriate
118,Cardiac,"Arterial occlusion, lower extremity, embolic etiology suspected, next imaging study, determine source",3195891,MRI heart function and morphology without and with IV contrast,0 mSvO,0 mSv [ped]O,Usually appropriate
119,Cardiac,"Arterial occlusion, lower extremity, embolic etiology suspected, next imaging study, determine source",3195891,MRI heart function and morphology without IV contrast,0 mSvO,0 mSv [ped]O,Usually appropriate
120,Cardiac,"Arterial occlusion, lower extremity, embolic etiology suspected, next imaging study, determine source",3195891,CTA chest with IV contrast,1-10 mSv☢☢☢,3-10 mSv [ped]☢☢☢☢,Usually appropriate
121,Cardiac,"Arterial occlusion, lower extremity, embolic etiology suspected, next imaging study, determine source",3195891,CT heart function and morphology with IV contrast,10-30 mSv☢☢☢☢,3-10 mSv [ped]☢☢☢☢,Usually appropriate
122,Cardiac,"Arterial occlusion, lower extremity, embolic etiology suspected, next imaging study, determine source",3195891,CTA chest abdomen pelvis with IV contrast,30-100 mSv☢☢☢☢☢,,Usually appropriate
123,Cardiac,"Arterial occlusion, lower extremity, embolic etiology suspected, next imaging study, determine source",3195891,MRA chest abdomen pelvis without IV contrast,0 mSvO,0 mSv [ped]O,May be appropriate
124,Cardiac,"Arterial occlusion, lower extremity, embolic etiology suspected, next imaging study, determine source",3195891,MRA chest without IV contrast,0 mSvO,0 mSv [ped]O,May be appropriate
125,Cardiac,"Arterial occlusion, lower extremity, embolic etiology suspected, next imaging study, determine source",3195891,US duplex Doppler abdomen,0 mSvO,0 mSv [ped]O,Usually not appropriate
126,Cardiac,"Arterial occlusion, lower extremity, embolic etiology suspected, next imaging study, determine source",3195891,Aortography chest abdomen pelvis,10-30 mSv☢☢☢☢,,Usually not appropriate
127,Cardiac,"Arterial occlusion, mesenteric arterial system, embolic etiology suspected, next imaging study, determine source",3195887,US echocardiography transesophageal,0 mSvO,0 mSv [ped]O,Usually appropriate
128,Cardiac,"Arterial occlusion, mesenteric arterial system, embolic etiology suspected, next imaging study, determine source",3195887,US echocardiography transthoracic resting,0 mSvO,0 mSv [ped]O,Usually appropriate
129,Cardiac,"Arterial occlusion, mesenteric arterial system, embolic etiology suspected, next imaging study, determine source",3195887,MRA chest and abdomen without and with IV contrast,0 mSvO,0 mSv [ped]O,Usually appropriate
130,Cardiac,"Arterial occlusion, mesenteric arterial system, embolic etiology suspected, next imaging study, determine source",3195887,MRI heart function and morphology without and with IV contrast,0 mSvO,0 mSv [ped]O,Usually appropriate
131,Cardiac,"Arterial occlusion, mesenteric arterial system, embolic etiology suspected, next imaging study, determine source",3195887,MRI heart function and morphology without IV contrast,0 mSvO,0 mSv [ped]O,Usually appropriate
132,Cardiac,"Arterial occlusion, mesenteric arterial system, embolic etiology suspected, next imaging study, determine source",3195887,CTA chest with IV contrast,1-10 mSv☢☢☢,3-10 mSv [ped]☢☢☢☢,Usually appropriate
133,Cardiac,"Arterial occlusion, mesenteric arterial system, embolic etiology suspected, next imaging study, determine source",3195887,CT heart function and morphology with IV contrast,10-30 mSv☢☢☢☢,3-10 mSv [ped]☢☢☢☢,Usually appropriate
134,Cardiac,"Arterial occlusion, mesenteric arterial system, embolic etiology suspected, next imaging study, determine source",3195887,CTA chest and abdomen with IV contrast,10-30 mSv☢☢☢☢,,Usually appropriate
135,Cardiac,"Arterial occlusion, mesenteric arterial system, embolic etiology suspected, next imaging study, determine source",3195887,US duplex Doppler abdomen,0 mSvO,0 mSv [ped]O,May be appropriate
136,Cardiac,"Arterial occlusion, mesenteric arterial system, embolic etiology suspected, next imaging study, determine source",3195887,MRA chest and abdomen without IV contrast,0 mSvO,0 mSv [ped]O,May be appropriate
137,Cardiac,"Arterial occlusion, mesenteric arterial system, embolic etiology suspected, next imaging study, determine source",3195887,MRA chest without and with IV contrast,0 mSvO,0 mSv [ped]O,May be appropriate
138,Cardiac,"Arterial occlusion, mesenteric arterial system, embolic etiology suspected, next imaging study, determine source",3195887,MRA chest without IV contrast,0 mSvO,0 mSv [ped]O,May be appropriate
139,Cardiac,"Arterial occlusion, mesenteric arterial system, embolic etiology suspected, next imaging study, determine source",3195887,Aortography chest and abdomen,10-30 mSv☢☢☢☢,,Usually not appropriate
140,Cardiac,"Arterial occlusion, renal arterial system, embolic etiology suspected, next imaging study, determine source",3195888,US echocardiography transesophageal,0 mSvO,0 mSv [ped]O,Usually appropriate
141,Cardiac,"Arterial occlusion, renal arterial system, embolic etiology suspected, next imaging study, determine source",3195888,US echocardiography transthoracic resting,0 mSvO,0 mSv [ped]O,Usually appropriate
142,Cardiac,"Arterial occlusion, renal arterial system, embolic etiology suspected, next imaging study, determine source",3195888,MRA chest and abdomen without and with IV contrast,0 mSvO,0 mSv [ped]O,Usually appropriate
143,Cardiac,"Arterial occlusion, renal arterial system, embolic etiology suspected, next imaging study, determine source",3195888,MRI heart function and morphology without and with IV contrast,0 mSvO,0 mSv [ped]O,Usually appropriate
144,Cardiac,"Arterial occlusion, renal arterial system, embolic etiology suspected, next imaging study, determine source",3195888,MRI heart function and morphology without IV contrast,0 mSvO,0 mSv [ped]O,Usually appropriate
145,Cardiac,"Arterial occlusion, renal arterial system, embolic etiology suspected, next imaging study, determine source",3195888,CTA chest with IV contrast,1-10 mSv☢☢☢,3-10 mSv [ped]☢☢☢☢,Usually appropriate
146,Cardiac,"Arterial occlusion, renal arterial system, embolic etiology suspected, next imaging study, determine source",3195888,CT heart function and morphology with IV contrast,10-30 mSv☢☢☢☢,3-10 mSv [ped]☢☢☢☢,Usually appropriate
147,Cardiac,"Arterial occlusion, renal arterial system, embolic etiology suspected, next imaging study, determine source",3195888,CTA chest and abdomen with IV contrast,10-30 mSv☢☢☢☢,,Usually appropriate
148,Cardiac,"Arterial occlusion, renal arterial system, embolic etiology suspected, next imaging study, determine source",3195888,US duplex Doppler abdomen,0 mSvO,0 mSv [ped]O,May be appropriate
149,Cardiac,"Arterial occlusion, renal arterial system, embolic etiology suspected, next imaging study, determine source",3195888,MRA chest and abdomen without IV contrast,0 mSvO,0 mSv [ped]O,May be appropriate
150,Cardiac,"Arterial occlusion, renal arterial system, embolic etiology suspected, next imaging study, determine source",3195888,MRA chest without and with IV contrast,0 mSvO,0 mSv [ped]O,May be appropriate
151,Cardiac,"Arterial occlusion, renal arterial system, embolic etiology suspected, next imaging study, determine source",3195888,MRA chest without IV contrast,0 mSvO,0 mSv [ped]O,May be appropriate
152,Cardiac,"Arterial occlusion, renal arterial system, embolic etiology suspected, next imaging study, determine source",3195888,Aortography chest and abdomen,10-30 mSv☢☢☢☢,,Usually not appropriate
153,Cardiac,"Arterial occlusion, renal infarcts, embolic etiology suspected, next imaging study, determine source",3195889,US echocardiography transesophageal,0 mSvO,0 mSv [ped]O,Usually appropriate
154,Cardiac,"Arterial occlusion, renal infarcts, embolic etiology suspected, next imaging study, determine source",3195889,US echocardiography transthoracic resting,0 mSvO,0 mSv [ped]O,Usually appropriate
155,Cardiac,"Arterial occlusion, renal infarcts, embolic etiology suspected, next imaging study, determine source",3195889,MRA chest and abdomen without and with IV contrast,0 mSvO,0 mSv [ped]O,Usually appropriate
156,Cardiac,"Arterial occlusion, renal infarcts, embolic etiology suspected, next imaging study, determine source",3195889,MRI heart function and morphology without and with IV contrast,0 mSvO,0 mSv [ped]O,Usually appropriate
157,Cardiac,"Arterial occlusion, renal infarcts, embolic etiology suspected, next imaging study, determine source",3195889,MRI heart function and morphology without IV contrast,0 mSvO,0 mSv [ped]O,Usually appropriate
158,Cardiac,"Arterial occlusion, renal infarcts, embolic etiology suspected, next imaging study, determine source",3195889,CTA chest with IV contrast,1-10 mSv☢☢☢,3-10 mSv [ped]☢☢☢☢,Usually appropriate
159,Cardiac,"Arterial occlusion, renal infarcts, embolic etiology suspected, next imaging study, determine source",3195889,CT heart function and morphology with IV contrast,10-30 mSv☢☢☢☢,3-10 mSv [ped]☢☢☢☢,Usually appropriate
160,Cardiac,"Arterial occlusion, renal infarcts, embolic etiology suspected, next imaging study, determine source",3195889,CTA chest and abdomen with IV contrast,10-30 mSv☢☢☢☢,,Usually appropriate
161,Cardiac,"Arterial occlusion, renal infarcts, embolic etiology suspected, next imaging study, determine source",3195889,US duplex Doppler abdomen,0 mSvO,0 mSv [ped]O,May be appropriate
162,Cardiac,"Arterial occlusion, renal infarcts, embolic etiology suspected, next imaging study, determine source",3195889,MRA chest and abdomen without IV contrast,0 mSvO,0 mSv [ped]O,May be appropriate
163,Cardiac,"Arterial occlusion, renal infarcts, embolic etiology suspected, next imaging study, determine source",3195889,MRA chest without and with IV contrast,0 mSvO,0 mSv [ped]O,May be appropriate
164,Cardiac,"Arterial occlusion, renal infarcts, embolic etiology suspected, next imaging study, determine source",3195889,MRA chest without IV contrast,0 mSvO,0 mSv [ped]O,May be appropriate
165,Cardiac,"Arterial occlusion, renal infarcts, embolic etiology suspected, next imaging study, determine source",3195889,Aortography chest and abdomen,10-30 mSv☢☢☢☢,,Usually not appropriate
166,Cardiac,"Arterial occlusion, upper extremity, embolic etiology suspected, next imaging study, determine source",3195885,US echocardiography transesophageal,0 mSvO,0 mSv [ped]O,Usually appropriate
167,Cardiac,"Arterial occlusion, upper extremity, embolic etiology suspected, next imaging study, determine source",3195885,US echocardiography transthoracic resting,0 mSvO,0 mSv [ped]O,Usually appropriate
168,Cardiac,"Arterial occlusion, upper extremity, embolic etiology suspected, next imaging study, determine source",3195885,MRA chest without and with IV contrast,0 mSvO,0 mSv [ped]O,Usually appropriate
169,Cardiac,"Arterial occlusion, upper extremity, embolic etiology suspected, next imaging study, determine source",3195885,MRI heart function and morphology without and with IV contrast,0 mSvO,0 mSv [ped]O,Usually appropriate
170,Cardiac,"Arterial occlusion, upper extremity, embolic etiology suspected, next imaging study, determine source",3195885,MRI heart function and morphology without IV contrast,0 mSvO,0 mSv [ped]O,Usually appropriate
171,Cardiac,"Arterial occlusion, upper extremity, embolic etiology suspected, next imaging study, determine source",3195885,CTA chest with IV contrast,1-10 mSv☢☢☢,3-10 mSv [ped]☢☢☢☢,Usually appropriate
172,Cardiac,"Arterial occlusion, upper extremity, embolic etiology suspected, next imaging study, determine source",3195885,CT heart function and morphology with IV contrast,10-30 mSv☢☢☢☢,3-10 mSv [ped]☢☢☢☢,Usually appropriate
173,Cardiac,"Arterial occlusion, upper extremity, embolic etiology suspected, next imaging study, determine source",3195885,MRA chest without IV contrast,0 mSvO,0 mSv [ped]O,May be appropriate
174,Cardiac,"Arterial occlusion, upper extremity, embolic etiology suspected, next imaging study, determine source",3195885,US duplex Doppler abdomen,0 mSvO,0 mSv [ped]O,Usually not appropriate
175,Cardiac,"Arterial occlusion, upper extremity, embolic etiology suspected, next imaging study, determine source",3195885,Aortography chest,1-10 mSv☢☢☢,,Usually not appropriate
176,Cardiac,"Arterial occlusions, multi organ system, embolic etiology suspected, next imaging study, determine source",3195893,US echocardiography transesophageal,0 mSvO,0 mSv [ped]O,Usually appropriate
177,Cardiac,"Arterial occlusions, multi organ system, embolic etiology suspected, next imaging study, determine source",3195893,US echocardiography transthoracic resting,0 mSvO,0 mSv [ped]O,Usually appropriate
178,Cardiac,"Arterial occlusions, multi organ system, embolic etiology suspected, next imaging study, determine source",3195893,MRA chest abdomen pelvis without and with IV contrast,0 mSvO,0 mSv [ped]O,Usually appropriate
179,Cardiac,"Arterial occlusions, multi organ system, embolic etiology suspected, next imaging study, determine source",3195893,MRA chest abdomen pelvis without IV contrast,0 mSvO,0 mSv [ped]O,Usually appropriate
180,Cardiac,"Arterial occlusions, multi organ system, embolic etiology suspected, next imaging study, determine source",3195893,MRA chest without and with IV contrast,0 mSvO,0 mSv [ped]O,Usually appropriate
181,Cardiac,"Arterial occlusions, multi organ system, embolic etiology suspected, next imaging study, determine source",3195893,MRI heart function and morphology without and with IV contrast,0 mSvO,0 mSv [ped]O,Usually appropriate
182,Cardiac,"Arterial occlusions, multi organ system, embolic etiology suspected, next imaging study, determine source",3195893,MRI heart function and morphology without IV contrast,0 mSvO,0 mSv [ped]O,Usually appropriate
183,Cardiac,"Arterial occlusions, multi organ system, embolic etiology suspected, next imaging study, determine source",3195893,CTA chest with IV contrast,1-10 mSv☢☢☢,3-10 mSv [ped]☢☢☢☢,Usually appropriate
184,Cardiac,"Arterial occlusions, multi organ system, embolic etiology suspected, next imaging study, determine source",3195893,CT heart function and morphology with IV contrast,10-30 mSv☢☢☢☢,3-10 mSv [ped]☢☢☢☢,Usually appropriate
185,Cardiac,"Arterial occlusions, multi organ system, embolic etiology suspected, next imaging study, determine source",3195893,CTA chest abdomen pelvis with IV contrast,30-100 mSv☢☢☢☢☢,,Usually appropriate
186,Cardiac,"Arterial occlusions, multi organ system, embolic etiology suspected, next imaging study, determine source",3195893,US duplex Doppler abdomen,0 mSvO,0 mSv [ped]O,May be appropriate
187,Cardiac,"Arterial occlusions, multi organ system, embolic etiology suspected, next imaging study, determine source",3195893,MRA chest without IV contrast,0 mSvO,0 mSv [ped]O,May be appropriate
188,Cardiac,"Atrial fibrillation, preprocedural planning, electrical cardioversion",3196722,US echocardiography transesophageal,0 mSvO,0 mSv [ped]O,Usually appropriate
189,Cardiac,"Atrial fibrillation, preprocedural planning, electrical cardioversion",3196722,CTA chest with IV contrast,1-10 mSv☢☢☢,3-10 mSv [ped]☢☢☢☢,Usually appropriate
190,Cardiac,"Atrial fibrillation, preprocedural planning, electrical cardioversion",3196722,CT heart function and morphology with IV contrast,10-30 mSv☢☢☢☢,3-10 mSv [ped]☢☢☢☢,Usually appropriate
191,Cardiac,"Atrial fibrillation, preprocedural planning, electrical cardioversion",3196722,MRI heart function and morphology without and with IV contrast,0 mSvO,0 mSv [ped]O,May be appropriate
192,Cardiac,"Atrial fibrillation, preprocedural planning, electrical cardioversion",3196722,US echocardiography transthoracic resting,0 mSvO,0 mSv [ped]O,Usually not appropriate
193,Cardiac,"Atrial fibrillation, preprocedural planning, electrical cardioversion",3196722,Arteriography coronary,1-10 mSv☢☢☢,,Usually not appropriate
194,Cardiac,"Atrial fibrillation, preprocedural planning, electrical cardioversion",3196722,Catheter venography pulmonary,10-30 mSv☢☢☢☢,,Usually not appropriate
195,Cardiac,"Atrial fibrillation, preprocedural planning, electrical cardioversion",3196722,MRA chest without and with IV contrast,0 mSvO,0 mSv [ped]O,Usually not appropriate
196,Cardiac,"Atrial fibrillation, preprocedural planning, electrical cardioversion",3196722,MRA chest without IV contrast,0 mSvO,0 mSv [ped]O,Usually not appropriate
197,Cardiac,"Atrial fibrillation, preprocedural planning, electrical cardioversion",3196722,MRA coronary arteries without and with IV contrast,0 mSvO,0 mSv [ped]O,Usually not appropriate
198,Cardiac,"Atrial fibrillation, preprocedural planning, electrical cardioversion",3196722,MRA coronary arteries without IV contrast,0 mSvO,0 mSv [ped]O,Usually not appropriate
199,Cardiac,"Atrial fibrillation, preprocedural planning, electrical cardioversion",3196722,MRI heart function and morphology without IV contrast,0 mSvO,0 mSv [ped]O,Usually not appropriate
200,Cardiac,"Atrial fibrillation, preprocedural planning, electrical cardioversion",3196722,CT chest with IV contrast,1-10 mSv☢☢☢,3-10 mSv [ped]☢☢☢☢,Usually not appropriate
201,Cardiac,"Atrial fibrillation, preprocedural planning, electrical cardioversion",3196722,CT chest without and with IV contrast,1-10 mSv☢☢☢,3-10 mSv [ped]☢☢☢☢,Usually not appropriate
202,Cardiac,"Atrial fibrillation, preprocedural planning, electrical cardioversion",3196722,CT chest without IV contrast,1-10 mSv☢☢☢,3-10 mSv [ped]☢☢☢☢,Usually not appropriate
203,Cardiac,"Atrial fibrillation, preprocedural planning, electrical cardioversion",3196722,CTA coronary arteries with IV contrast,1-10 mSv☢☢☢,3-10 mSv [ped]☢☢☢☢,Usually not appropriate
204,Cardiac,"Atrial fibrillation, preprocedural planning, electrical cardioversion",3196722,SPECT or SPECT/CT MPI rest and stress,10-30 mSv☢☢☢☢,10-30 mSv [ped]☢☢☢☢☢,Usually not appropriate
205,Cardiac,"Atrial fibrillation, preprocedural planning, left atrial ablation",3196716,US echocardiography transesophageal,0 mSvO,0 mSv [ped]O,Usually appropriate
206,Cardiac,"Atrial fibrillation, preprocedural planning, left atrial ablation",3196716,MRA chest without and with IV contrast,0 mSvO,0 mSv [ped]O,Usually appropriate
207,Cardiac,"Atrial fibrillation, preprocedural planning, left atrial ablation",3196716,MRI heart function and morphology without and with IV contrast,0 mSvO,0 mSv [ped]O,Usually appropriate
208,Cardiac,"Atrial fibrillation, preprocedural planning, left atrial ablation",3196716,CTA chest with IV contrast,1-10 mSv☢☢☢,3-10 mSv [ped]☢☢☢☢,Usually appropriate
209,Cardiac,"Atrial fibrillation, preprocedural planning, left atrial ablation",3196716,CT heart function and morphology with IV contrast,10-30 mSv☢☢☢☢,3-10 mSv [ped]☢☢☢☢,Usually appropriate
210,Cardiac,"Atrial fibrillation, preprocedural planning, left atrial ablation",3196716,MRA chest without IV contrast,0 mSvO,0 mSv [ped]O,May be appropriate
211,Cardiac,"Atrial fibrillation, preprocedural planning, left atrial ablation",3196716,MRI heart function and morphology without IV contrast,0 mSvO,0 mSv [ped]O,May be appropriate
212,Cardiac,"Atrial fibrillation, preprocedural planning, left atrial ablation",3196716,US echocardiography transthoracic resting,0 mSvO,0 mSv [ped]O,Usually not appropriate
213,Cardiac,"Atrial fibrillation, preprocedural planning, left atrial ablation",3196716,Arteriography coronary,1-10 mSv☢☢☢,,Usually not appropriate
214,Cardiac,"Atrial fibrillation, preprocedural planning, left atrial ablation",3196716,Catheter venography pulmonary,10-30 mSv☢☢☢☢,,Usually not appropriate
215,Cardiac,"Atrial fibrillation, preprocedural planning, left atrial ablation",3196716,MRA coronary arteries without and with IV contrast,0 mSvO,0 mSv [ped]O,Usually not appropriate
216,Cardiac,"Atrial fibrillation, preprocedural planning, left atrial ablation",3196716,MRA coronary arteries without IV contrast,0 mSvO,0 mSv [ped]O,Usually not appropriate
217,Cardiac,"Atrial fibrillation, preprocedural planning, left atrial ablation",3196716,CT chest with IV contrast,1-10 mSv☢☢☢,3-10 mSv [ped]☢☢☢☢,Usually not appropriate
218,Cardiac,"Atrial fibrillation, preprocedural planning, left atrial ablation",3196716,CT chest without and with IV contrast,1-10 mSv☢☢☢,3-10 mSv [ped]☢☢☢☢,Usually not appropriate
219,Cardiac,"Atrial fibrillation, preprocedural planning, left atrial ablation",3196716,CT chest without IV contrast,1-10 mSv☢☢☢,3-10 mSv [ped]☢☢☢☢,Usually not appropriate
220,Cardiac,"Atrial fibrillation, preprocedural planning, left atrial ablation",3196716,CTA coronary arteries with IV contrast,1-10 mSv☢☢☢,3-10 mSv [ped]☢☢☢☢,Usually not appropriate
221,Cardiac,"Atrial fibrillation, preprocedural planning, left atrial ablation",3196716,SPECT or SPECT/CT MPI rest and stress,10-30 mSv☢☢☢☢,10-30 mSv [ped]☢☢☢☢☢,Usually not appropriate
222,Cardiac,"Atrial fibrillation, preprocedural planning, left atrial appendage endovascular occlusion",3196720,US echocardiography transesophageal,0 mSvO,0 mSv [ped]O,Usually appropriate
223,Cardiac,"Atrial fibrillation, preprocedural planning, left atrial appendage endovascular occlusion",3196720,CTA chest with IV contrast,1-10 mSv☢☢☢,3-10 mSv [ped]☢☢☢☢,Usually appropriate
224,Cardiac,"Atrial fibrillation, preprocedural planning, left atrial appendage endovascular occlusion",3196720,CT heart function and morphology with IV contrast,10-30 mSv☢☢☢☢,3-10 mSv [ped]☢☢☢☢,Usually appropriate
225,Cardiac,"Atrial fibrillation, preprocedural planning, left atrial appendage endovascular occlusion",3196720,MRA chest without and with IV contrast,0 mSvO,0 mSv [ped]O,May be appropriate
226,Cardiac,"Atrial fibrillation, preprocedural planning, left atrial appendage endovascular occlusion",3196720,MRI heart function and morphology without and with IV contrast,0 mSvO,0 mSv [ped]O,May be appropriate
227,Cardiac,"Atrial fibrillation, preprocedural planning, left atrial appendage endovascular occlusion",3196720,US echocardiography transthoracic resting,0 mSvO,0 mSv [ped]O,Usually not appropriate
228,Cardiac,"Atrial fibrillation, preprocedural planning, left atrial appendage endovascular occlusion",3196720,Arteriography coronary,1-10 mSv☢☢☢,,Usually not appropriate
229,Cardiac,"Atrial fibrillation, preprocedural planning, left atrial appendage endovascular occlusion",3196720,Catheter venography pulmonary,10-30 mSv☢☢☢☢,,Usually not appropriate
230,Cardiac,"Atrial fibrillation, preprocedural planning, left atrial appendage endovascular occlusion",3196720,MRA chest without IV contrast,0 mSvO,0 mSv [ped]O,Usually not appropriate
231,Cardiac,"Atrial fibrillation, preprocedural planning, left atrial appendage endovascular occlusion",3196720,MRA coronary arteries without and with IV contrast,0 mSvO,0 mSv [ped]O,Usually not appropriate
232,Cardiac,"Atrial fibrillation, preprocedural planning, left atrial appendage endovascular occlusion",3196720,MRA coronary arteries without IV contrast,0 mSvO,0 mSv [ped]O,Usually not appropriate
233,Cardiac,"Atrial fibrillation, preprocedural planning, left atrial appendage endovascular occlusion",3196720,MRI heart function and morphology without IV contrast,0 mSvO,0 mSv [ped]O,Usually not appropriate
234,Cardiac,"Atrial fibrillation, preprocedural planning, left atrial appendage endovascular occlusion",3196720,CT chest with IV contrast,1-10 mSv☢☢☢,3-10 mSv [ped]☢☢☢☢,Usually not appropriate
235,Cardiac,"Atrial fibrillation, preprocedural planning, left atrial appendage endovascular occlusion",3196720,CT chest without and with IV contrast,1-10 mSv☢☢☢,3-10 mSv [ped]☢☢☢☢,Usually not appropriate
236,Cardiac,"Atrial fibrillation, preprocedural planning, left atrial appendage endovascular occlusion",3196720,CT chest without IV contrast,1-10 mSv☢☢☢,3-10 mSv [ped]☢☢☢☢,Usually not appropriate
237,Cardiac,"Atrial fibrillation, preprocedural planning, left atrial appendage endovascular occlusion",3196720,CTA coronary arteries with IV contrast,1-10 mSv☢☢☢,3-10 mSv [ped]☢☢☢☢,Usually not appropriate
238,Cardiac,"Atrial fibrillation, preprocedural planning, left atrial appendage endovascular occlusion",3196720,SPECT or SPECT/CT MPI rest and stress,10-30 mSv☢☢☢☢,10-30 mSv [ped]☢☢☢☢☢,Usually not appropriate
239,Cardiac,"Atrial fibrillation, preprocedural planning, pharmacologic cardioversion",3196723,US echocardiography transesophageal,0 mSvO,0 mSv [ped]O,Usually appropriate
240,Cardiac,"Atrial fibrillation, preprocedural planning, pharmacologic cardioversion",3196723,CTA chest with IV contrast,1-10 mSv☢☢☢,3-10 mSv [ped]☢☢☢☢,Usually appropriate
241,Cardiac,"Atrial fibrillation, preprocedural planning, pharmacologic cardioversion",3196723,CT heart function and morphology with IV contrast,10-30 mSv☢☢☢☢,3-10 mSv [ped]☢☢☢☢,Usually appropriate
242,Cardiac,"Atrial fibrillation, preprocedural planning, pharmacologic cardioversion",3196723,MRI heart function and morphology without and with IV contrast,0 mSvO,0 mSv [ped]O,May be appropriate
243,Cardiac,"Atrial fibrillation, preprocedural planning, pharmacologic cardioversion",3196723,US echocardiography transthoracic resting,0 mSvO,0 mSv [ped]O,Usually not appropriate
244,Cardiac,"Atrial fibrillation, preprocedural planning, pharmacologic cardioversion",3196723,Arteriography coronary,1-10 mSv☢☢☢,,Usually not appropriate
245,Cardiac,"Atrial fibrillation, preprocedural planning, pharmacologic cardioversion",3196723,Catheter venography pulmonary,10-30 mSv☢☢☢☢,,Usually not appropriate
246,Cardiac,"Atrial fibrillation, preprocedural planning, pharmacologic cardioversion",3196723,MRA chest without and with IV contrast,0 mSvO,0 mSv [ped]O,Usually not appropriate
247,Cardiac,"Atrial fibrillation, preprocedural planning, pharmacologic cardioversion",3196723,MRA chest without IV contrast,0 mSvO,0 mSv [ped]O,Usually not appropriate
248,Cardiac,"Atrial fibrillation, preprocedural planning, pharmacologic cardioversion",3196723,MRA coronary arteries without and with IV contrast,0 mSvO,0 mSv [ped]O,Usually not appropriate
249,Cardiac,"Atrial fibrillation, preprocedural planning, pharmacologic cardioversion",3196723,MRA coronary arteries without IV contrast,0 mSvO,0 mSv [ped]O,Usually not appropriate
250,Cardiac,"Atrial fibrillation, preprocedural planning, pharmacologic cardioversion",3196723,MRI heart function and morphology without IV contrast,0 mSvO,0 mSv [ped]O,Usually not appropriate
251,Cardiac,"Atrial fibrillation, preprocedural planning, pharmacologic cardioversion",3196723,CT chest with IV contrast,1-10 mSv☢☢☢,3-10 mSv [ped]☢☢☢☢,Usually not appropriate
252,Cardiac,"Atrial fibrillation, preprocedural planning, pharmacologic cardioversion",3196723,CT chest without and with IV contrast,1-10 mSv☢☢☢,3-10 mSv [ped]☢☢☢☢,Usually not appropriate
253,Cardiac,"Atrial fibrillation, preprocedural planning, pharmacologic cardioversion",3196723,CT chest without IV contrast,1-10 mSv☢☢☢,3-10 mSv [ped]☢☢☢☢,Usually not appropriate
254,Cardiac,"Atrial fibrillation, preprocedural planning, pharmacologic cardioversion",3196723,CTA coronary arteries with IV contrast,1-10 mSv☢☢☢,3-10 mSv [ped]☢☢☢☢,Usually not appropriate
255,Cardiac,"Atrial fibrillation, preprocedural planning, pharmacologic cardioversion",3196723,SPECT or SPECT/CT MPI rest and stress,10-30 mSv☢☢☢☢,10-30 mSv [ped]☢☢☢☢☢,Usually not appropriate
256,Cardiac,"Atrial flutter, atypical, preprocedural planning, left atrial ablation",3196718,US echocardiography transesophageal,0 mSvO,0 mSv [ped]O,Usually appropriate
257,Cardiac,"Atrial flutter, atypical, preprocedural planning, left atrial ablation",3196718,MRA chest without and with IV contrast,0 mSvO,0 mSv [ped]O,Usually appropriate
258,Cardiac,"Atrial flutter, atypical, preprocedural planning, left atrial ablation",3196718,MRI heart function and morphology without and with IV contrast,0 mSvO,0 mSv [ped]O,Usually appropriate
259,Cardiac,"Atrial flutter, atypical, preprocedural planning, left atrial ablation",3196718,CTA chest with IV contrast,1-10 mSv☢☢☢,3-10 mSv [ped]☢☢☢☢,Usually appropriate
260,Cardiac,"Atrial flutter, atypical, preprocedural planning, left atrial ablation",3196718,CT heart function and morphology with IV contrast,10-30 mSv☢☢☢☢,3-10 mSv [ped]☢☢☢☢,Usually appropriate
261,Cardiac,"Atrial flutter, atypical, preprocedural planning, left atrial ablation",3196718,MRA chest without IV contrast,0 mSvO,0 mSv [ped]O,May be appropriate
262,Cardiac,"Atrial flutter, atypical, preprocedural planning, left atrial ablation",3196718,MRI heart function and morphology without IV contrast,0 mSvO,0 mSv [ped]O,May be appropriate
263,Cardiac,"Atrial flutter, atypical, preprocedural planning, left atrial ablation",3196718,US echocardiography transthoracic resting,0 mSvO,0 mSv [ped]O,Usually not appropriate
264,Cardiac,"Atrial flutter, atypical, preprocedural planning, left atrial ablation",3196718,Arteriography coronary,1-10 mSv☢☢☢,,Usually not appropriate
265,Cardiac,"Atrial flutter, atypical, preprocedural planning, left atrial ablation",3196718,Catheter venography pulmonary,10-30 mSv☢☢☢☢,,Usually not appropriate
266,Cardiac,"Atrial flutter, atypical, preprocedural planning, left atrial ablation",3196718,MRA coronary arteries without and with IV contrast,0 mSvO,0 mSv [ped]O,Usually not appropriate
267,Cardiac,"Atrial flutter, atypical, preprocedural planning, left atrial ablation",3196718,MRA coronary arteries without IV contrast,0 mSvO,0 mSv [ped]O,Usually not appropriate
268,Cardiac,"Atrial flutter, atypical, preprocedural planning, left atrial ablation",3196718,CT chest with IV contrast,1-10 mSv☢☢☢,3-10 mSv [ped]☢☢☢☢,Usually not appropriate
269,Cardiac,"Atrial flutter, atypical, preprocedural planning, left atrial ablation",3196718,CT chest without and with IV contrast,1-10 mSv☢☢☢,3-10 mSv [ped]☢☢☢☢,Usually not appropriate
270,Cardiac,"Atrial flutter, atypical, preprocedural planning, left atrial ablation",3196718,CT chest without IV contrast,1-10 mSv☢☢☢,3-10 mSv [ped]☢☢☢☢,Usually not appropriate
271,Cardiac,"Atrial flutter, atypical, preprocedural planning, left atrial ablation",3196718,CTA coronary arteries with IV contrast,1-10 mSv☢☢☢,3-10 mSv [ped]☢☢☢☢,Usually not appropriate
272,Cardiac,"Atrial flutter, atypical, preprocedural planning, left atrial ablation",3196718,SPECT or SPECT/CT MPI rest and stress,10-30 mSv☢☢☢☢,10-30 mSv [ped]☢☢☢☢☢,Usually not appropriate
273,Cardiac,"Atrial tachycardia, preprocedural planning, left atrial ablation",3196717,US echocardiography transesophageal,0 mSvO,0 mSv [ped]O,Usually appropriate
274,Cardiac,"Atrial tachycardia, preprocedural planning, left atrial ablation",3196717,MRA chest without and with IV contrast,0 mSvO,0 mSv [ped]O,Usually appropriate
275,Cardiac,"Atrial tachycardia, preprocedural planning, left atrial ablation",3196717,MRI heart function and morphology without and with IV contrast,0 mSvO,0 mSv [ped]O,Usually appropriate
276,Cardiac,"Atrial tachycardia, preprocedural planning, left atrial ablation",3196717,CTA chest with IV contrast,1-10 mSv☢☢☢,3-10 mSv [ped]☢☢☢☢,Usually appropriate
277,Cardiac,"Atrial tachycardia, preprocedural planning, left atrial ablation",3196717,CT heart function and morphology with IV contrast,10-30 mSv☢☢☢☢,3-10 mSv [ped]☢☢☢☢,Usually appropriate
278,Cardiac,"Atrial tachycardia, preprocedural planning, left atrial ablation",3196717,MRA chest without IV contrast,0 mSvO,0 mSv [ped]O,May be appropriate
279,Cardiac,"Atrial tachycardia, preprocedural planning, left atrial ablation",3196717,MRI heart function and morphology without IV contrast,0 mSvO,0 mSv [ped]O,May be appropriate
280,Cardiac,"Atrial tachycardia, preprocedural planning, left atrial ablation",3196717,US echocardiography transthoracic resting,0 mSvO,0 mSv [ped]O,Usually not appropriate
281,Cardiac,"Atrial tachycardia, preprocedural planning, left atrial ablation",3196717,Arteriography coronary,1-10 mSv☢☢☢,,Usually not appropriate
282,Cardiac,"Atrial tachycardia, preprocedural planning, left atrial ablation",3196717,Catheter venography pulmonary,10-30 mSv☢☢☢☢,,Usually not appropriate
283,Cardiac,"Atrial tachycardia, preprocedural planning, left atrial ablation",3196717,MRA coronary arteries without and with IV contrast,0 mSvO,0 mSv [ped]O,Usually not appropriate
284,Cardiac,"Atrial tachycardia, preprocedural planning, left atrial ablation",3196717,MRA coronary arteries without IV contrast,0 mSvO,0 mSv [ped]O,Usually not appropriate
285,Cardiac,"Atrial tachycardia, preprocedural planning, left atrial ablation",3196717,CT chest with IV contrast,1-10 mSv☢☢☢,3-10 mSv [ped]☢☢☢☢,Usually not appropriate
286,Cardiac,"Atrial tachycardia, preprocedural planning, left atrial ablation",3196717,CT chest without and with IV contrast,1-10 mSv☢☢☢,3-10 mSv [ped]☢☢☢☢,Usually not appropriate
287,Cardiac,"Atrial tachycardia, preprocedural planning, left atrial ablation",3196717,CT chest without IV contrast,1-10 mSv☢☢☢,3-10 mSv [ped]☢☢☢☢,Usually not appropriate
288,Cardiac,"Atrial tachycardia, preprocedural planning, left atrial ablation",3196717,CTA coronary arteries with IV contrast,1-10 mSv☢☢☢,3-10 mSv [ped]☢☢☢☢,Usually not appropriate
289,Cardiac,"Atrial tachycardia, preprocedural planning, left atrial ablation",3196717,SPECT or SPECT/CT MPI rest and stress,10-30 mSv☢☢☢☢,10-30 mSv [ped]☢☢☢☢☢,Usually not appropriate
290,Cardiac,"CAD high risk, asymptomatic, initial imaging",3084019,CT coronary calcium,1-10 mSv☢☢☢,,May be appropriate
291,Cardiac,"CAD high risk, asymptomatic, initial imaging",3084019,CTA coronary arteries with IV contrast,1-10 mSv☢☢☢,3-10 mSv [ped]☢☢☢☢,May be appropriate
292,Cardiac,"CAD high risk, asymptomatic, initial imaging",3084019,US echocardiography transthoracic resting,0 mSvO,0 mSv [ped]O,Usually not appropriate
293,Cardiac,"CAD high risk, asymptomatic, initial imaging",3084019,US echocardiography transthoracic stress,0 mSvO,0 mSv [ped]O,Usually not appropriate
294,Cardiac,"CAD high risk, asymptomatic, initial imaging",3084019,Radiography chest,<0.1 mSv☢,<0.03 mSv [ped]☢,Usually not appropriate
295,Cardiac,"CAD high risk, asymptomatic, initial imaging",3084019,MRA coronary arteries without and with IV contrast,0 mSvO,0 mSv [ped]O,Usually not appropriate
296,Cardiac,"CAD high risk, asymptomatic, initial imaging",3084019,MRA coronary arteries without IV contrast,0 mSvO,0 mSv [ped]O,Usually not appropriate
297,Cardiac,"CAD high risk, asymptomatic, initial imaging",3084019,MRI heart function and morphology without and with IV contrast,0 mSvO,0 mSv [ped]O,Usually not appropriate
298,Cardiac,"CAD high risk, asymptomatic, initial imaging",3084019,MRI heart function and morphology without IV contrast,0 mSvO,0 mSv [ped]O,Usually not appropriate
299,Cardiac,"CAD high risk, asymptomatic, initial imaging",3084019,MRI heart function with stress without and with IV contrast,0 mSvO,0 mSv [ped]O,Usually not appropriate
300,Cardiac,"CAD high risk, asymptomatic, initial imaging",3084019,MRI heart function with stress without IV contrast,0 mSvO,0 mSv [ped]O,Usually not appropriate
301,Cardiac,"CAD high risk, asymptomatic, initial imaging",3084019,SPECT or SPECT/CT MPI rest and stress,10-30 mSv☢☢☢☢,10-30 mSv [ped]☢☢☢☢☢,Usually not appropriate
302,Cardiac,"CAD intermediate risk, asymptomatic, initial imaging",3084020,CT coronary calcium,1-10 mSv☢☢☢,,Usually appropriate
303,Cardiac,"CAD intermediate risk, asymptomatic, initial imaging",3084020,CTA coronary arteries with IV contrast,1-10 mSv☢☢☢,3-10 mSv [ped]☢☢☢☢,May be appropriate
304,Cardiac,"CAD intermediate risk, asymptomatic, initial imaging",3084020,US echocardiography transthoracic resting,0 mSvO,0 mSv [ped]O,Usually not appropriate
305,Cardiac,"CAD intermediate risk, asymptomatic, initial imaging",3084020,US echocardiography transthoracic stress,0 mSvO,0 mSv [ped]O,Usually not appropriate
306,Cardiac,"CAD intermediate risk, asymptomatic, initial imaging",3084020,Radiography chest,<0.1 mSv☢,<0.03 mSv [ped]☢,Usually not appropriate
307,Cardiac,"CAD intermediate risk, asymptomatic, initial imaging",3084020,MRA coronary arteries without and with IV contrast,0 mSvO,0 mSv [ped]O,Usually not appropriate
308,Cardiac,"CAD intermediate risk, asymptomatic, initial imaging",3084020,MRA coronary arteries without IV contrast,0 mSvO,0 mSv [ped]O,Usually not appropriate
309,Cardiac,"CAD intermediate risk, asymptomatic, initial imaging",3084020,MRI heart function and morphology without and with IV contrast,0 mSvO,0 mSv [ped]O,Usually not appropriate
310,Cardiac,"CAD intermediate risk, asymptomatic, initial imaging",3084020,MRI heart function and morphology without IV contrast,0 mSvO,0 mSv [ped]O,Usually not appropriate
311,Cardiac,"CAD intermediate risk, asymptomatic, initial imaging",3084020,MRI heart function with stress without and with IV contrast,0 mSvO,0 mSv [ped]O,Usually not appropriate
312,Cardiac,"CAD intermediate risk, asymptomatic, initial imaging",3084020,MRI heart function with stress without IV contrast,0 mSvO,0 mSv [ped]O,Usually not appropriate
313,Cardiac,"CAD intermediate risk, asymptomatic, initial imaging",3084020,SPECT or SPECT/CT MPI rest and stress,10-30 mSv☢☢☢☢,10-30 mSv [ped]☢☢☢☢☢,Usually not appropriate
314,Cardiac,"CAD low risk, asymptomatic, initial imaging",3084021,US echocardiography transthoracic resting,0 mSvO,0 mSv [ped]O,Usually not appropriate
315,Cardiac,"CAD low risk, asymptomatic, initial imaging",3084021,US echocardiography transthoracic stress,0 mSvO,0 mSv [ped]O,Usually not appropriate
316,Cardiac,"CAD low risk, asymptomatic, initial imaging",3084021,Radiography chest,<0.1 mSv☢,<0.03 mSv [ped]☢,Usually not appropriate
317,Cardiac,"CAD low risk, asymptomatic, initial imaging",3084021,MRA coronary arteries without and with IV contrast,0 mSvO,0 mSv [ped]O,Usually not appropriate
318,Cardiac,"CAD low risk, asymptomatic, initial imaging",3084021,MRA coronary arteries without IV contrast,0 mSvO,0 mSv [ped]O,Usually not appropriate
319,Cardiac,"CAD low risk, asymptomatic, initial imaging",3084021,MRI heart function and morphology without and with IV contrast,0 mSvO,0 mSv [ped]O,Usually not appropriate
320,Cardiac,"CAD low risk, asymptomatic, initial imaging",3084021,MRI heart function and morphology without IV contrast,0 mSvO,0 mSv [ped]O,Usually not appropriate
321,Cardiac,"CAD low risk, asymptomatic, initial imaging",3084021,MRI heart function with stress without and with IV contrast,0 mSvO,0 mSv [ped]O,Usually not appropriate
322,Cardiac,"CAD low risk, asymptomatic, initial imaging",3084021,MRI heart function with stress without IV contrast,0 mSvO,0 mSv [ped]O,Usually not appropriate
323,Cardiac,"CAD low risk, asymptomatic, initial imaging",3084021,CT coronary calcium,1-10 mSv☢☢☢,,Usually not appropriate
324,Cardiac,"CAD low risk, asymptomatic, initial imaging",3084021,CTA coronary arteries with IV contrast,1-10 mSv☢☢☢,3-10 mSv [ped]☢☢☢☢,Usually not appropriate
325,Cardiac,"CAD low risk, asymptomatic, initial imaging",3084021,SPECT or SPECT/CT MPI rest and stress,10-30 mSv☢☢☢☢,10-30 mSv [ped]☢☢☢☢☢,Usually not appropriate
326,Cardiac,"Cardiomyopathy dilated suspected, not ischemic, initial imaging",3194060,US echocardiography transthoracic resting,0 mSvO,0 mSv [ped]O,Usually appropriate
327,Cardiac,"Cardiomyopathy dilated suspected, not ischemic, initial imaging",3194060,MRI heart function and morphology without and with IV contrast,0 mSvO,0 mSv [ped]O,Usually appropriate
328,Cardiac,"Cardiomyopathy dilated suspected, not ischemic, initial imaging",3194060,MRI heart function and morphology without IV contrast,0 mSvO,0 mSv [ped]O,Usually appropriate
329,Cardiac,"Cardiomyopathy dilated suspected, not ischemic, initial imaging",3194060,CT heart function and morphology with IV contrast,10-30 mSv☢☢☢☢,3-10 mSv [ped]☢☢☢☢,May be appropriate
330,Cardiac,"Cardiomyopathy dilated suspected, not ischemic, initial imaging",3194060,US echocardiography transesophageal,0 mSvO,0 mSv [ped]O,Usually not appropriate
331,Cardiac,"Cardiomyopathy dilated suspected, not ischemic, initial imaging",3194060,US echocardiography transthoracic stress,0 mSvO,0 mSv [ped]O,Usually not appropriate
332,Cardiac,"Cardiomyopathy dilated suspected, not ischemic, initial imaging",3194060,Arteriography coronary,1-10 mSv☢☢☢,,Usually not appropriate
333,Cardiac,"Cardiomyopathy dilated suspected, not ischemic, initial imaging",3194060,Arteriography coronary with ventriculography,1-10 mSv☢☢☢,3-10 mSv [ped]☢☢☢☢,Usually not appropriate
334,Cardiac,"Cardiomyopathy dilated suspected, not ischemic, initial imaging",3194060,MRI chest without and with IV contrast,0 mSvO,0 mSv [ped]O,Usually not appropriate
335,Cardiac,"Cardiomyopathy dilated suspected, not ischemic, initial imaging",3194060,MRI chest without IV contrast,0 mSvO,0 mSv [ped]O,Usually not appropriate
336,Cardiac,"Cardiomyopathy dilated suspected, not ischemic, initial imaging",3194060,MRI heart with function and inotropic stress without and with IV contrast,0 mSvO,0 mSv [ped]O,Usually not appropriate
337,Cardiac,"Cardiomyopathy dilated suspected, not ischemic, initial imaging",3194060,MRI heart with function and inotropic stress without IV contrast,0 mSvO,0 mSv [ped]O,Usually not appropriate
338,Cardiac,"Cardiomyopathy dilated suspected, not ischemic, initial imaging",3194060,MRI heart with function and vasodilator stress perfusion without and with IV contrast,0 mSvO,0 mSv [ped]O,Usually not appropriate
339,Cardiac,"Cardiomyopathy dilated suspected, not ischemic, initial imaging",3194060,CT chest with IV contrast,1-10 mSv☢☢☢,3-10 mSv [ped]☢☢☢☢,Usually not appropriate
340,Cardiac,"Cardiomyopathy dilated suspected, not ischemic, initial imaging",3194060,CT chest without and with IV contrast,1-10 mSv☢☢☢,3-10 mSv [ped]☢☢☢☢,Usually not appropriate
341,Cardiac,"Cardiomyopathy dilated suspected, not ischemic, initial imaging",3194060,CT chest without IV contrast,1-10 mSv☢☢☢,3-10 mSv [ped]☢☢☢☢,Usually not appropriate
342,Cardiac,"Cardiomyopathy dilated suspected, not ischemic, initial imaging",3194060,CT coronary calcium,1-10 mSv☢☢☢,,Usually not appropriate
343,Cardiac,"Cardiomyopathy dilated suspected, not ischemic, initial imaging",3194060,CTA coronary arteries with IV contrast,1-10 mSv☢☢☢,3-10 mSv [ped]☢☢☢☢,Usually not appropriate
344,Cardiac,"Cardiomyopathy dilated suspected, not ischemic, initial imaging",3194060,FDG-PET/CT heart,10-30 mSv☢☢☢☢,3-10 mSv [ped]☢☢☢☢,Usually not appropriate
345,Cardiac,"Cardiomyopathy hypertrophic suspected, not ischemic, initial imaging",3084075,US echocardiography transthoracic resting,0 mSvO,0 mSv [ped]O,Usually appropriate
346,Cardiac,"Cardiomyopathy hypertrophic suspected, not ischemic, initial imaging",3084075,MRI heart function and morphology without and with IV contrast,0 mSvO,0 mSv [ped]O,Usually appropriate
347,Cardiac,"Cardiomyopathy hypertrophic suspected, not ischemic, initial imaging",3084075,MRI heart function and morphology without IV contrast,0 mSvO,0 mSv [ped]O,Usually appropriate
348,Cardiac,"Cardiomyopathy hypertrophic suspected, not ischemic, initial imaging",3084075,US echocardiography transthoracic stress,0 mSvO,0 mSv [ped]O,May be appropriate
349,Cardiac,"Cardiomyopathy hypertrophic suspected, not ischemic, initial imaging",3084075,CT heart function and morphology with IV contrast,10-30 mSv☢☢☢☢,3-10 mSv [ped]☢☢☢☢,May be appropriate
350,Cardiac,"Cardiomyopathy hypertrophic suspected, not ischemic, initial imaging",3084075,US echocardiography transesophageal,0 mSvO,0 mSv [ped]O,Usually not appropriate
351,Cardiac,"Cardiomyopathy hypertrophic suspected, not ischemic, initial imaging",3084075,Arteriography coronary,1-10 mSv☢☢☢,,Usually not appropriate
352,Cardiac,"Cardiomyopathy hypertrophic suspected, not ischemic, initial imaging",3084075,Arteriography coronary with ventriculography,1-10 mSv☢☢☢,3-10 mSv [ped]☢☢☢☢,Usually not appropriate
353,Cardiac,"Cardiomyopathy hypertrophic suspected, not ischemic, initial imaging",3084075,MRI chest without and with IV contrast,0 mSvO,0 mSv [ped]O,Usually not appropriate
354,Cardiac,"Cardiomyopathy hypertrophic suspected, not ischemic, initial imaging",3084075,MRI chest without IV contrast,0 mSvO,0 mSv [ped]O,Usually not appropriate
355,Cardiac,"Cardiomyopathy hypertrophic suspected, not ischemic, initial imaging",3084075,MRI heart with function and inotropic stress without and with IV contrast,0 mSvO,0 mSv [ped]O,Usually not appropriate
356,Cardiac,"Cardiomyopathy hypertrophic suspected, not ischemic, initial imaging",3084075,MRI heart with function and inotropic stress without IV contrast,0 mSvO,0 mSv [ped]O,Usually not appropriate
357,Cardiac,"Cardiomyopathy hypertrophic suspected, not ischemic, initial imaging",3084075,MRI heart with function and vasodilator stress perfusion without and with IV contrast,0 mSvO,0 mSv [ped]O,Usually not appropriate
358,Cardiac,"Cardiomyopathy hypertrophic suspected, not ischemic, initial imaging",3084075,CT chest with IV contrast,1-10 mSv☢☢☢,3-10 mSv [ped]☢☢☢☢,Usually not appropriate
359,Cardiac,"Cardiomyopathy hypertrophic suspected, not ischemic, initial imaging",3084075,CT chest without and with IV contrast,1-10 mSv☢☢☢,3-10 mSv [ped]☢☢☢☢,Usually not appropriate
360,Cardiac,"Cardiomyopathy hypertrophic suspected, not ischemic, initial imaging",3084075,CT chest without IV contrast,1-10 mSv☢☢☢,3-10 mSv [ped]☢☢☢☢,Usually not appropriate
361,Cardiac,"Cardiomyopathy hypertrophic suspected, not ischemic, initial imaging",3084075,CT coronary calcium,1-10 mSv☢☢☢,,Usually not appropriate
362,Cardiac,"Cardiomyopathy hypertrophic suspected, not ischemic, initial imaging",3084075,CTA coronary arteries with IV contrast,1-10 mSv☢☢☢,3-10 mSv [ped]☢☢☢☢,Usually not appropriate
363,Cardiac,"Cardiomyopathy hypertrophic suspected, not ischemic, initial imaging",3084075,FDG-PET/CT heart,10-30 mSv☢☢☢☢,3-10 mSv [ped]☢☢☢☢,Usually not appropriate
364,Cardiac,"Cardiomyopathy inflammatory suspected, not ischemic, initial imaging",3194018,US echocardiography transthoracic resting,0 mSvO,0 mSv [ped]O,Usually appropriate
365,Cardiac,"Cardiomyopathy inflammatory suspected, not ischemic, initial imaging",3194018,MRI heart function and morphology without and with IV contrast,0 mSvO,0 mSv [ped]O,Usually appropriate
366,Cardiac,"Cardiomyopathy inflammatory suspected, not ischemic, initial imaging",3194018,MRI heart function and morphology without IV contrast,0 mSvO,0 mSv [ped]O,May be appropriate
367,Cardiac,"Cardiomyopathy inflammatory suspected, not ischemic, initial imaging",3194018,CT heart function and morphology with IV contrast,10-30 mSv☢☢☢☢,3-10 mSv [ped]☢☢☢☢,May be appropriate
368,Cardiac,"Cardiomyopathy inflammatory suspected, not ischemic, initial imaging",3194018,FDG-PET/CT heart,10-30 mSv☢☢☢☢,3-10 mSv [ped]☢☢☢☢,May be appropriate
369,Cardiac,"Cardiomyopathy inflammatory suspected, not ischemic, initial imaging",3194018,US echocardiography transesophageal,0 mSvO,0 mSv [ped]O,Usually not appropriate
370,Cardiac,"Cardiomyopathy inflammatory suspected, not ischemic, initial imaging",3194018,US echocardiography transthoracic stress,0 mSvO,0 mSv [ped]O,Usually not appropriate
371,Cardiac,"Cardiomyopathy inflammatory suspected, not ischemic, initial imaging",3194018,Arteriography coronary,1-10 mSv☢☢☢,,Usually not appropriate
372,Cardiac,"Cardiomyopathy inflammatory suspected, not ischemic, initial imaging",3194018,Arteriography coronary with ventriculography,1-10 mSv☢☢☢,3-10 mSv [ped]☢☢☢☢,Usually not appropriate
373,Cardiac,"Cardiomyopathy inflammatory suspected, not ischemic, initial imaging",3194018,MRI chest without and with IV contrast,0 mSvO,0 mSv [ped]O,Usually not appropriate
374,Cardiac,"Cardiomyopathy inflammatory suspected, not ischemic, initial imaging",3194018,MRI chest without IV contrast,0 mSvO,0 mSv [ped]O,Usually not appropriate
375,Cardiac,"Cardiomyopathy inflammatory suspected, not ischemic, initial imaging",3194018,MRI heart with function and inotropic stress without and with IV contrast,0 mSvO,0 mSv [ped]O,Usually not appropriate
376,Cardiac,"Cardiomyopathy inflammatory suspected, not ischemic, initial imaging",3194018,MRI heart with function and inotropic stress without IV contrast,0 mSvO,0 mSv [ped]O,Usually not appropriate
377,Cardiac,"Cardiomyopathy inflammatory suspected, not ischemic, initial imaging",3194018,MRI heart with function and vasodilator stress perfusion without and with IV contrast,0 mSvO,0 mSv [ped]O,Usually not appropriate
378,Cardiac,"Cardiomyopathy inflammatory suspected, not ischemic, initial imaging",3194018,CT chest with IV contrast,1-10 mSv☢☢☢,3-10 mSv [ped]☢☢☢☢,Usually not appropriate
379,Cardiac,"Cardiomyopathy inflammatory suspected, not ischemic, initial imaging",3194018,CT chest without and with IV contrast,1-10 mSv☢☢☢,3-10 mSv [ped]☢☢☢☢,Usually not appropriate
380,Cardiac,"Cardiomyopathy inflammatory suspected, not ischemic, initial imaging",3194018,CT chest without IV contrast,1-10 mSv☢☢☢,3-10 mSv [ped]☢☢☢☢,Usually not appropriate
381,Cardiac,"Cardiomyopathy inflammatory suspected, not ischemic, initial imaging",3194018,CT coronary calcium,1-10 mSv☢☢☢,,Usually not appropriate
382,Cardiac,"Cardiomyopathy inflammatory suspected, not ischemic, initial imaging",3194018,CTA coronary arteries with IV contrast,1-10 mSv☢☢☢,3-10 mSv [ped]☢☢☢☢,Usually not appropriate
383,Cardiac,"Cardiomyopathy restrictive suspected, not ischemic, initial imaging",3084076,US echocardiography transthoracic resting,0 mSvO,0 mSv [ped]O,Usually appropriate
384,Cardiac,"Cardiomyopathy restrictive suspected, not ischemic, initial imaging",3084076,MRI heart function and morphology without and with IV contrast,0 mSvO,0 mSv [ped]O,Usually appropriate
385,Cardiac,"Cardiomyopathy restrictive suspected, not ischemic, initial imaging",3084076,MRI heart function and morphology without IV contrast,0 mSvO,0 mSv [ped]O,May be appropriate
386,Cardiac,"Cardiomyopathy restrictive suspected, not ischemic, initial imaging",3084076,CT heart function and morphology with IV contrast,10-30 mSv☢☢☢☢,3-10 mSv [ped]☢☢☢☢,May be appropriate
387,Cardiac,"Cardiomyopathy restrictive suspected, not ischemic, initial imaging",3084076,FDG-PET/CT heart,10-30 mSv☢☢☢☢,3-10 mSv [ped]☢☢☢☢,May be appropriate
388,Cardiac,"Cardiomyopathy restrictive suspected, not ischemic, initial imaging",3084076,US echocardiography transesophageal,0 mSvO,0 mSv [ped]O,Usually not appropriate
389,Cardiac,"Cardiomyopathy restrictive suspected, not ischemic, initial imaging",3084076,US echocardiography transthoracic stress,0 mSvO,0 mSv [ped]O,Usually not appropriate
390,Cardiac,"Cardiomyopathy restrictive suspected, not ischemic, initial imaging",3084076,Arteriography coronary,1-10 mSv☢☢☢,,Usually not appropriate
391,Cardiac,"Cardiomyopathy restrictive suspected, not ischemic, initial imaging",3084076,Arteriography coronary with ventriculography,1-10 mSv☢☢☢,3-10 mSv [ped]☢☢☢☢,Usually not appropriate
392,Cardiac,"Cardiomyopathy restrictive suspected, not ischemic, initial imaging",3084076,MRI chest without and with IV contrast,0 mSvO,0 mSv [ped]O,Usually not appropriate
393,Cardiac,"Cardiomyopathy restrictive suspected, not ischemic, initial imaging",3084076,MRI chest without IV contrast,0 mSvO,0 mSv [ped]O,Usually not appropriate
394,Cardiac,"Cardiomyopathy restrictive suspected, not ischemic, initial imaging",3084076,MRI heart with function and inotropic stress without and with IV contrast,0 mSvO,0 mSv [ped]O,Usually not appropriate
395,Cardiac,"Cardiomyopathy restrictive suspected, not ischemic, initial imaging",3084076,MRI heart with function and inotropic stress without IV contrast,0 mSvO,0 mSv [ped]O,Usually not appropriate
396,Cardiac,"Cardiomyopathy restrictive suspected, not ischemic, initial imaging",3084076,MRI heart with function and vasodilator stress perfusion without and with IV contrast,0 mSvO,0 mSv [ped]O,Usually not appropriate
397,Cardiac,"Cardiomyopathy restrictive suspected, not ischemic, initial imaging",3084076,CT chest with IV contrast,1-10 mSv☢☢☢,3-10 mSv [ped]☢☢☢☢,Usually not appropriate
398,Cardiac,"Cardiomyopathy restrictive suspected, not ischemic, initial imaging",3084076,CT chest without and with IV contrast,1-10 mSv☢☢☢,3-10 mSv [ped]☢☢☢☢,Usually not appropriate
399,Cardiac,"Cardiomyopathy restrictive suspected, not ischemic, initial imaging",3084076,CT chest without IV contrast,1-10 mSv☢☢☢,3-10 mSv [ped]☢☢☢☢,Usually not appropriate
400,Cardiac,"Cardiomyopathy restrictive suspected, not ischemic, initial imaging",3084076,CT coronary calcium,1-10 mSv☢☢☢,,Usually not appropriate
401,Cardiac,"Cardiomyopathy restrictive suspected, not ischemic, initial imaging",3084076,CTA coronary arteries with IV contrast,1-10 mSv☢☢☢,3-10 mSv [ped]☢☢☢☢,Usually not appropriate
402,Cardiac,"Cardiomyopathy unclassified suspected, not ischemic, initial imaging",3194061,US echocardiography transthoracic resting,0 mSvO,0 mSv [ped]O,Usually appropriate
403,Cardiac,"Cardiomyopathy unclassified suspected, not ischemic, initial imaging",3194061,MRI heart function and morphology without and with IV contrast,0 mSvO,0 mSv [ped]O,Usually appropriate
404,Cardiac,"Cardiomyopathy unclassified suspected, not ischemic, initial imaging",3194061,MRI heart function and morphology without IV contrast,0 mSvO,0 mSv [ped]O,Usually appropriate
405,Cardiac,"Cardiomyopathy unclassified suspected, not ischemic, initial imaging",3194061,CT heart function and morphology with IV contrast,10-30 mSv☢☢☢☢,3-10 mSv [ped]☢☢☢☢,May be appropriate
406,Cardiac,"Cardiomyopathy unclassified suspected, not ischemic, initial imaging",3194061,US echocardiography transesophageal,0 mSvO,0 mSv [ped]O,Usually not appropriate
407,Cardiac,"Cardiomyopathy unclassified suspected, not ischemic, initial imaging",3194061,US echocardiography transthoracic stress,0 mSvO,0 mSv [ped]O,Usually not appropriate
408,Cardiac,"Cardiomyopathy unclassified suspected, not ischemic, initial imaging",3194061,Arteriography coronary,1-10 mSv☢☢☢,,Usually not appropriate
409,Cardiac,"Cardiomyopathy unclassified suspected, not ischemic, initial imaging",3194061,Arteriography coronary with ventriculography,1-10 mSv☢☢☢,3-10 mSv [ped]☢☢☢☢,Usually not appropriate
410,Cardiac,"Cardiomyopathy unclassified suspected, not ischemic, initial imaging",3194061,MRI chest without and with IV contrast,0 mSvO,0 mSv [ped]O,Usually not appropriate
411,Cardiac,"Cardiomyopathy unclassified suspected, not ischemic, initial imaging",3194061,MRI chest without IV contrast,0 mSvO,0 mSv [ped]O,Usually not appropriate
412,Cardiac,"Cardiomyopathy unclassified suspected, not ischemic, initial imaging",3194061,MRI heart with function and inotropic stress without and with IV contrast,0 mSvO,0 mSv [ped]O,Usually not appropriate
413,Cardiac,"Cardiomyopathy unclassified suspected, not ischemic, initial imaging",3194061,MRI heart with function and inotropic stress without IV contrast,0 mSvO,0 mSv [ped]O,Usually not appropriate
414,Cardiac,"Cardiomyopathy unclassified suspected, not ischemic, initial imaging",3194061,MRI heart with function and vasodilator stress perfusion without and with IV contrast,0 mSvO,0 mSv [ped]O,Usually not appropriate
415,Cardiac,"Cardiomyopathy unclassified suspected, not ischemic, initial imaging",3194061,CT chest with IV contrast,1-10 mSv☢☢☢,3-10 mSv [ped]☢☢☢☢,Usually not appropriate
416,Cardiac,"Cardiomyopathy unclassified suspected, not ischemic, initial imaging",3194061,CT chest without and with IV contrast,1-10 mSv☢☢☢,3-10 mSv [ped]☢☢☢☢,Usually not appropriate
417,Cardiac,"Cardiomyopathy unclassified suspected, not ischemic, initial imaging",3194061,CT chest without IV contrast,1-10 mSv☢☢☢,3-10 mSv [ped]☢☢☢☢,Usually not appropriate
418,Cardiac,"Cardiomyopathy unclassified suspected, not ischemic, initial imaging",3194061,CT coronary calcium,1-10 mSv☢☢☢,,Usually not appropriate
419,Cardiac,"Cardiomyopathy unclassified suspected, not ischemic, initial imaging",3194061,CTA coronary arteries with IV contrast,1-10 mSv☢☢☢,3-10 mSv [ped]☢☢☢☢,Usually not appropriate
420,Cardiac,"Cardiomyopathy unclassified suspected, not ischemic, initial imaging",3194061,FDG-PET/CT heart,10-30 mSv☢☢☢☢,3-10 mSv [ped]☢☢☢☢,Usually not appropriate
421,Cardiac,"Cardiomyopathy ventricular arrhythmogenic suspected, not ischemic, initial imaging",3084074,US echocardiography transthoracic resting,0 mSvO,0 mSv [ped]O,Usually appropriate
422,Cardiac,"Cardiomyopathy ventricular arrhythmogenic suspected, not ischemic, initial imaging",3084074,MRI heart function and morphology without and with IV contrast,0 mSvO,0 mSv [ped]O,Usually appropriate
423,Cardiac,"Cardiomyopathy ventricular arrhythmogenic suspected, not ischemic, initial imaging",3084074,MRI heart function and morphology without IV contrast,0 mSvO,0 mSv [ped]O,Usually appropriate
424,Cardiac,"Cardiomyopathy ventricular arrhythmogenic suspected, not ischemic, initial imaging",3084074,CT heart function and morphology with IV contrast,10-30 mSv☢☢☢☢,3-10 mSv [ped]☢☢☢☢,May be appropriate
425,Cardiac,"Cardiomyopathy ventricular arrhythmogenic suspected, not ischemic, initial imaging",3084074,US echocardiography transesophageal,0 mSvO,0 mSv [ped]O,Usually not appropriate
426,Cardiac,"Cardiomyopathy ventricular arrhythmogenic suspected, not ischemic, initial imaging",3084074,US echocardiography transthoracic stress,0 mSvO,0 mSv [ped]O,Usually not appropriate
427,Cardiac,"Cardiomyopathy ventricular arrhythmogenic suspected, not ischemic, initial imaging",3084074,Arteriography coronary,1-10 mSv☢☢☢,,Usually not appropriate
428,Cardiac,"Cardiomyopathy ventricular arrhythmogenic suspected, not ischemic, initial imaging",3084074,Arteriography coronary with ventriculography,1-10 mSv☢☢☢,3-10 mSv [ped]☢☢☢☢,Usually not appropriate
429,Cardiac,"Cardiomyopathy ventricular arrhythmogenic suspected, not ischemic, initial imaging",3084074,MRI chest without and with IV contrast,0 mSvO,0 mSv [ped]O,Usually not appropriate
430,Cardiac,"Cardiomyopathy ventricular arrhythmogenic suspected, not ischemic, initial imaging",3084074,MRI chest without IV contrast,0 mSvO,0 mSv [ped]O,Usually not appropriate
431,Cardiac,"Cardiomyopathy ventricular arrhythmogenic suspected, not ischemic, initial imaging",3084074,MRI heart with function and inotropic stress without and with IV contrast,0 mSvO,0 mSv [ped]O,Usually not appropriate
432,Cardiac,"Cardiomyopathy ventricular arrhythmogenic suspected, not ischemic, initial imaging",3084074,MRI heart with function and inotropic stress without IV contrast,0 mSvO,0 mSv [ped]O,Usually not appropriate
433,Cardiac,"Cardiomyopathy ventricular arrhythmogenic suspected, not ischemic, initial imaging",3084074,MRI heart with function and vasodilator stress perfusion without and with IV contrast,0 mSvO,0 mSv [ped]O,Usually not appropriate
434,Cardiac,"Cardiomyopathy ventricular arrhythmogenic suspected, not ischemic, initial imaging",3084074,CT chest with IV contrast,1-10 mSv☢☢☢,3-10 mSv [ped]☢☢☢☢,Usually not appropriate
435,Cardiac,"Cardiomyopathy ventricular arrhythmogenic suspected, not ischemic, initial imaging",3084074,CT chest without and with IV contrast,1-10 mSv☢☢☢,3-10 mSv [ped]☢☢☢☢,Usually not appropriate
436,Cardiac,"Cardiomyopathy ventricular arrhythmogenic suspected, not ischemic, initial imaging",3084074,CT chest without IV contrast,1-10 mSv☢☢☢,3-10 mSv [ped]☢☢☢☢,Usually not appropriate
437,Cardiac,"Cardiomyopathy ventricular arrhythmogenic suspected, not ischemic, initial imaging",3084074,CT coronary calcium,1-10 mSv☢☢☢,,Usually not appropriate
438,Cardiac,"Cardiomyopathy ventricular arrhythmogenic suspected, not ischemic, initial imaging",3084074,CTA coronary arteries with IV contrast,1-10 mSv☢☢☢,3-10 mSv [ped]☢☢☢☢,Usually not appropriate
439,Cardiac,"Cardiomyopathy ventricular arrhythmogenic suspected, not ischemic, initial imaging",3084074,FDG-PET/CT heart,10-30 mSv☢☢☢☢,3-10 mSv [ped]☢☢☢☢,Usually not appropriate
440,Cardiac,"Chest pain, acute aortic syndrome suspected",3194179,US echocardiography transesophageal,0 mSvO,0 mSv [ped]O,Usually appropriate
441,Cardiac,"Chest pain, acute aortic syndrome suspected",3194179,Radiography chest,<0.1 mSv☢,<0.03 mSv [ped]☢,Usually appropriate
442,Cardiac,"Chest pain, acute aortic syndrome suspected",3194179,MRA chest abdomen pelvis without and with IV contrast,0 mSvO,0 mSv [ped]O,Usually appropriate
443,Cardiac,"Chest pain, acute aortic syndrome suspected",3194179,MRA chest without and with IV contrast,0 mSvO,0 mSv [ped]O,Usually appropriate
444,Cardiac,"Chest pain, acute aortic syndrome suspected",3194179,CT chest with IV contrast,1-10 mSv☢☢☢,3-10 mSv [ped]☢☢☢☢,Usually appropriate
445,Cardiac,"Chest pain, acute aortic syndrome suspected",3194179,CT chest without and with IV contrast,1-10 mSv☢☢☢,3-10 mSv [ped]☢☢☢☢,Usually appropriate
446,Cardiac,"Chest pain, acute aortic syndrome suspected",3194179,CTA chest with IV contrast,1-10 mSv☢☢☢,3-10 mSv [ped]☢☢☢☢,Usually appropriate
447,Cardiac,"Chest pain, acute aortic syndrome suspected",3194179,CTA chest abdomen pelvis with IV contrast,30-100 mSv☢☢☢☢☢,,Usually appropriate
448,Cardiac,"Chest pain, acute aortic syndrome suspected",3194179,US echocardiography transthoracic resting,0 mSvO,0 mSv [ped]O,May be appropriate
449,Cardiac,"Chest pain, acute aortic syndrome suspected",3194179,Aortography chest,1-10 mSv☢☢☢,,May be appropriate
450,Cardiac,"Chest pain, acute aortic syndrome suspected",3194179,MRA chest abdomen pelvis without IV contrast,0 mSvO,0 mSv [ped]O,May be appropriate
451,Cardiac,"Chest pain, acute aortic syndrome suspected",3194179,MRA chest without IV contrast,0 mSvO,0 mSv [ped]O,May be appropriate
452,Cardiac,"Chest pain, acute aortic syndrome suspected",3194179,MRI chest abdomen pelvis without IV contrast,0 mSvO,0 mSv [ped]O,May be appropriate
453,Cardiac,"Chest pain, acute aortic syndrome suspected",3194179,CT chest without IV contrast,1-10 mSv☢☢☢,3-10 mSv [ped]☢☢☢☢,May be appropriate
454,Cardiac,"Chest pain, acute aortic syndrome suspected",3194179,CTA coronary arteries with IV contrast,1-10 mSv☢☢☢,3-10 mSv [ped]☢☢☢☢,May be appropriate
455,Cardiac,"Chest pain, acute aortic syndrome suspected",3194179,MRI chest abdomen pelvis without and with IV contrast,0 mSvO,0 mSv [ped]O,Usually not appropriate
456,Cardiac,"Chest pain, acute, nonspecific, low probability CAD, initial imaging",3073871,Radiography chest,<0.1 mSv☢,<0.03 mSv [ped]☢,Usually appropriate
457,Cardiac,"Chest pain, acute, nonspecific, low probability CAD, initial imaging",3073871,CTA coronary arteries with IV contrast,1-10 mSv☢☢☢,3-10 mSv [ped]☢☢☢☢,Usually appropriate
458,Cardiac,"Chest pain, acute, nonspecific, low probability CAD, initial imaging",3073871,US echocardiography transthoracic resting,0 mSvO,0 mSv [ped]O,May be appropriate (Disagreement)
459,Cardiac,"Chest pain, acute, nonspecific, low probability CAD, initial imaging",3073871,Radiography ribs and thoracic spine,0.1-1mSv☢☢,,May be appropriate
460,Cardiac,"Chest pain, acute, nonspecific, low probability CAD, initial imaging",3073871,CT chest with IV contrast,1-10 mSv☢☢☢,3-10 mSv [ped]☢☢☢☢,May be appropriate
461,Cardiac,"Chest pain, acute, nonspecific, low probability CAD, initial imaging",3073871,CT chest without and with IV contrast,1-10 mSv☢☢☢,3-10 mSv [ped]☢☢☢☢,May be appropriate
462,Cardiac,"Chest pain, acute, nonspecific, low probability CAD, initial imaging",3073871,CT chest without IV contrast,1-10 mSv☢☢☢,3-10 mSv [ped]☢☢☢☢,May be appropriate
463,Cardiac,"Chest pain, acute, nonspecific, low probability CAD, initial imaging",3073871,CTA chest with IV contrast,1-10 mSv☢☢☢,3-10 mSv [ped]☢☢☢☢,May be appropriate
464,Cardiac,"Chest pain, acute, nonspecific, low probability CAD, initial imaging",3073871,V/Q scan lung,1-10 mSv☢☢☢,,May be appropriate
465,Cardiac,"Chest pain, acute, nonspecific, low probability CAD, initial imaging",3073871,US echocardiography transesophageal,0 mSvO,0 mSv [ped]O,Usually not appropriate
466,Cardiac,"Chest pain, acute, nonspecific, low probability CAD, initial imaging",3073871,US echocardiography transthoracic stress,0 mSvO,0 mSv [ped]O,Usually not appropriate
467,Cardiac,"Chest pain, acute, nonspecific, low probability CAD, initial imaging",3073871,Arteriography coronary,1-10 mSv☢☢☢,,Usually not appropriate
468,Cardiac,"Chest pain, acute, nonspecific, low probability CAD, initial imaging",3073871,Fluoroscopy barium swallow and upper GI series,1-10 mSv☢☢☢,,Usually not appropriate
469,Cardiac,"Chest pain, acute, nonspecific, low probability CAD, initial imaging",3073871,MRA chest without and with IV contrast,0 mSvO,0 mSv [ped]O,Usually not appropriate
470,Cardiac,"Chest pain, acute, nonspecific, low probability CAD, initial imaging",3073871,MRA chest without IV contrast,0 mSvO,0 mSv [ped]O,Usually not appropriate
471,Cardiac,"Chest pain, acute, nonspecific, low probability CAD, initial imaging",3073871,MRA coronary arteries without and with IV contrast,0 mSvO,0 mSv [ped]O,Usually not appropriate
472,Cardiac,"Chest pain, acute, nonspecific, low probability CAD, initial imaging",3073871,MRA coronary arteries without IV contrast,0 mSvO,0 mSv [ped]O,Usually not appropriate
473,Cardiac,"Chest pain, acute, nonspecific, low probability CAD, initial imaging",3073871,MRI heart function and morphology without and with IV contrast,0 mSvO,0 mSv [ped]O,Usually not appropriate
474,Cardiac,"Chest pain, acute, nonspecific, low probability CAD, initial imaging",3073871,MRI heart function and morphology without IV contrast,0 mSvO,0 mSv [ped]O,Usually not appropriate
475,Cardiac,"Chest pain, acute, nonspecific, low probability CAD, initial imaging",3073871,MRI heart with function and inotropic stress without and with IV contrast,0 mSvO,0 mSv [ped]O,Usually not appropriate
476,Cardiac,"Chest pain, acute, nonspecific, low probability CAD, initial imaging",3073871,MRI heart with function and inotropic stress without IV contrast,0 mSvO,0 mSv [ped]O,Usually not appropriate
477,Cardiac,"Chest pain, acute, nonspecific, low probability CAD, initial imaging",3073871,MRI heart with function and vasodilator stress perfusion without and with IV contrast,0 mSvO,0 mSv [ped]O,Usually not appropriate
478,Cardiac,"Chest pain, acute, nonspecific, low probability CAD, initial imaging",3073871,Nuclear medicine scan gallbladder,0.1-1mSv☢☢,,Usually not appropriate
479,Cardiac,"Chest pain, acute, nonspecific, low probability CAD, initial imaging",3073871,CT heart function and morphology with IV contrast,10-30 mSv☢☢☢☢,3-10 mSv [ped]☢☢☢☢,Usually not appropriate
480,Cardiac,"Chest pain, acute, nonspecific, low probability CAD, initial imaging",3073871,SPECT or SPECT/CT MPI rest and stress,10-30 mSv☢☢☢☢,10-30 mSv [ped]☢☢☢☢☢,Usually not appropriate
481,Cardiac,"Chest pain, chronic, high probability of CAD, ischemic heart disease, no prior definitive treatment, initial imaging",3194883,US echocardiography transthoracic stress,0 mSvO,0 mSv [ped]O,Usually appropriate
482,Cardiac,"Chest pain, chronic, high probability of CAD, ischemic heart disease, no prior definitive treatment, initial imaging",3194883,Arteriography coronary,1-10 mSv☢☢☢,,Usually appropriate
483,Cardiac,"Chest pain, chronic, high probability of CAD, ischemic heart disease, no prior definitive treatment, initial imaging",3194883,MRI heart function and morphology without and with IV contrast,0 mSvO,0 mSv [ped]O,Usually appropriate
484,Cardiac,"Chest pain, chronic, high probability of CAD, ischemic heart disease, no prior definitive treatment, initial imaging",3194883,MRI heart function with stress without and with IV contrast,0 mSvO,0 mSv [ped]O,Usually appropriate
485,Cardiac,"Chest pain, chronic, high probability of CAD, ischemic heart disease, no prior definitive treatment, initial imaging",3194883,MRI heart function with stress without IV contrast,0 mSvO,0 mSv [ped]O,Usually appropriate
486,Cardiac,"Chest pain, chronic, high probability of CAD, ischemic heart disease, no prior definitive treatment, initial imaging",3194883,CTA coronary arteries with IV contrast,1-10 mSv☢☢☢,3-10 mSv [ped]☢☢☢☢,Usually appropriate
487,Cardiac,"Chest pain, chronic, high probability of CAD, ischemic heart disease, no prior definitive treatment, initial imaging",3194883,Rb-82 PET/CT heart,10-30 mSv☢☢☢☢,,Usually appropriate
488,Cardiac,"Chest pain, chronic, high probability of CAD, ischemic heart disease, no prior definitive treatment, initial imaging",3194883,SPECT or SPECT/CT MPI rest and stress,10-30 mSv☢☢☢☢,10-30 mSv [ped]☢☢☢☢☢,Usually appropriate
489,Cardiac,"Chest pain, chronic, high probability of CAD, ischemic heart disease, no prior definitive treatment, initial imaging",3194883,US echocardiography transthoracic resting,0 mSvO,0 mSv [ped]O,May be appropriate (Disagreement)
490,Cardiac,"Chest pain, chronic, high probability of CAD, ischemic heart disease, no prior definitive treatment, initial imaging",3194883,MRI heart function and morphology without IV contrast,0 mSvO,0 mSv [ped]O,May be appropriate
491,Cardiac,"Chest pain, chronic, high probability of CAD, ischemic heart disease, no prior definitive treatment, initial imaging",3194883,CT heart function and morphology with IV contrast,10-30 mSv☢☢☢☢,3-10 mSv [ped]☢☢☢☢,May be appropriate
492,Cardiac,"Chest pain, chronic, high probability of CAD, ischemic heart disease, no prior definitive treatment, initial imaging",3194883,US echocardiography transesophageal,0 mSvO,0 mSv [ped]O,Usually not appropriate
493,Cardiac,"Chest pain, chronic, high probability of CAD, ischemic heart disease, no prior definitive treatment, initial imaging",3194883,MRA coronary arteries without and with IV contrast,0 mSvO,0 mSv [ped]O,Usually not appropriate
494,Cardiac,"Chest pain, chronic, high probability of CAD, ischemic heart disease, no prior definitive treatment, initial imaging",3194883,MRA coronary arteries without IV contrast,0 mSvO,0 mSv [ped]O,Usually not appropriate
495,Cardiac,"Chest pain, chronic, high probability of CAD, ischemic heart disease, no prior definitive treatment, initial imaging",3194883,CT coronary calcium,1-10 mSv☢☢☢,,Usually not appropriate
496,Cardiac,"Chest pain, chronic, high probability of CAD, ischemic heart disease, no prior definitive treatment, initial imaging",3194883,CTA chest with IV contrast,1-10 mSv☢☢☢,3-10 mSv [ped]☢☢☢☢,Usually not appropriate
497,Cardiac,"Chest pain, chronic, high probability of CAD, ischemic heart disease, no prior definitive treatment, initial imaging",3194883,CTA triple rule out,1-10 mSv☢☢☢,,Usually not appropriate
498,Cardiac,"Chest pain, chronic, high probability of CAD, ischemic heart disease, no prior definitive treatment, initial imaging",3194883,Nuclear medicine ventriculography,1-10 mSv☢☢☢,,Usually not appropriate
499,Cardiac,"Chest pain, chronic, high probability of CAD, no ischemic heart disease, initial imaging",3194881,US echocardiography transthoracic stress,0 mSvO,0 mSv [ped]O,Usually appropriate
500,Cardiac,"Chest pain, chronic, high probability of CAD, no ischemic heart disease, initial imaging",3194881,Arteriography coronary,1-10 mSv☢☢☢,,Usually appropriate
501,Cardiac,"Chest pain, chronic, high probability of CAD, no ischemic heart disease, initial imaging",3194881,MRI heart function with stress without and with IV contrast,0 mSvO,0 mSv [ped]O,Usually appropriate
502,Cardiac,"Chest pain, chronic, high probability of CAD, no ischemic heart disease, initial imaging",3194881,MRI heart function with stress without IV contrast,0 mSvO,0 mSv [ped]O,Usually appropriate
503,Cardiac,"Chest pain, chronic, high probability of CAD, no ischemic heart disease, initial imaging",3194881,CTA coronary arteries with IV contrast,1-10 mSv☢☢☢,3-10 mSv [ped]☢☢☢☢,Usually appropriate
504,Cardiac,"Chest pain, chronic, high probability of CAD, no ischemic heart disease, initial imaging",3194881,Rb-82 PET/CT heart,10-30 mSv☢☢☢☢,,Usually appropriate
505,Cardiac,"Chest pain, chronic, high probability of CAD, no ischemic heart disease, initial imaging",3194881,SPECT or SPECT/CT MPI rest and stress,10-30 mSv☢☢☢☢,10-30 mSv [ped]☢☢☢☢☢,Usually appropriate
506,Cardiac,"Chest pain, chronic, high probability of CAD, no ischemic heart disease, initial imaging",3194881,US echocardiography transthoracic resting,0 mSvO,0 mSv [ped]O,May be appropriate
507,Cardiac,"Chest pain, chronic, high probability of CAD, no ischemic heart disease, initial imaging",3194881,MRI heart function and morphology without and with IV contrast,0 mSvO,0 mSv [ped]O,May be appropriate
508,Cardiac,"Chest pain, chronic, high probability of CAD, no ischemic heart disease, initial imaging",3194881,CT coronary calcium,1-10 mSv☢☢☢,,May be appropriate
509,Cardiac,"Chest pain, chronic, high probability of CAD, no ischemic heart disease, initial imaging",3194881,US echocardiography transesophageal,0 mSvO,0 mSv [ped]O,Usually not appropriate
510,Cardiac,"Chest pain, chronic, high probability of CAD, no ischemic heart disease, initial imaging",3194881,MRA coronary arteries without and with IV contrast,0 mSvO,0 mSv [ped]O,Usually not appropriate
511,Cardiac,"Chest pain, chronic, high probability of CAD, no ischemic heart disease, initial imaging",3194881,MRA coronary arteries without IV contrast,0 mSvO,0 mSv [ped]O,Usually not appropriate
512,Cardiac,"Chest pain, chronic, high probability of CAD, no ischemic heart disease, initial imaging",3194881,MRI heart function and morphology without IV contrast,0 mSvO,0 mSv [ped]O,Usually not appropriate
513,Cardiac,"Chest pain, chronic, high probability of CAD, no ischemic heart disease, initial imaging",3194881,CTA chest with IV contrast,1-10 mSv☢☢☢,3-10 mSv [ped]☢☢☢☢,Usually not appropriate
514,Cardiac,"Chest pain, chronic, high probability of CAD, no ischemic heart disease, initial imaging",3194881,CTA triple rule out,1-10 mSv☢☢☢,,Usually not appropriate
515,Cardiac,"Chest pain, chronic, high probability of CAD, no ischemic heart disease, initial imaging",3194881,Nuclear medicine ventriculography,1-10 mSv☢☢☢,,Usually not appropriate
516,Cardiac,"Chest pain, chronic, high probability of CAD, no ischemic heart disease, initial imaging",3194881,CT heart function and morphology with IV contrast,10-30 mSv☢☢☢☢,3-10 mSv [ped]☢☢☢☢,Usually not appropriate
517,Cardiac,"Chest pain, chronic, low-mod prob of CAD",3073531,US echocardiography transthoracic stress,0 mSvO,0 mSv [ped]O,Usually appropriate
518,Cardiac,"Chest pain, chronic, low-mod prob of CAD",3073531,MRI heart with function and vasodilator stress perfusion without and with IV contrast,0 mSvO,0 mSv [ped]O,Usually appropriate
519,Cardiac,"Chest pain, chronic, low-mod prob of CAD",3073531,CTA coronary arteries with IV contrast,1-10 mSv☢☢☢,3-10 mSv [ped]☢☢☢☢,Usually appropriate
520,Cardiac,"Chest pain, chronic, low-mod prob of CAD",3073531,SPECT or SPECT/CT MPI stress only,1-10 mSv☢☢☢,,Usually appropriate
521,Cardiac,"Chest pain, chronic, low-mod prob of CAD",3073531,Rb-82 PET/CT heart,10-30 mSv☢☢☢☢,,Usually appropriate
522,Cardiac,"Chest pain, chronic, low-mod prob of CAD",3073531,SPECT or SPECT/CT MPI rest and stress,10-30 mSv☢☢☢☢,10-30 mSv [ped]☢☢☢☢☢,Usually appropriate
523,Cardiac,"Chest pain, chronic, low-mod prob of CAD",3073531,US echocardiography transthoracic resting,0 mSvO,0 mSv [ped]O,May be appropriate
524,Cardiac,"Chest pain, chronic, low-mod prob of CAD",3073531,MRA coronary arteries without and with IV contrast,0 mSvO,0 mSv [ped]O,May be appropriate
525,Cardiac,"Chest pain, chronic, low-mod prob of CAD",3073531,MRI heart function and morphology without IV contrast,0 mSvO,0 mSv [ped]O,May be appropriate
526,Cardiac,"Chest pain, chronic, low-mod prob of CAD",3073531,MRI heart with function and inotropic stress without and with IV contrast,0 mSvO,0 mSv [ped]O,May be appropriate
527,Cardiac,"Chest pain, chronic, low-mod prob of CAD",3073531,MRI heart with function and inotropic stress without IV contrast,0 mSvO,0 mSv [ped]O,May be appropriate
528,Cardiac,"Chest pain, chronic, low-mod prob of CAD",3073531,CT chest with IV contrast,1-10 mSv☢☢☢,3-10 mSv [ped]☢☢☢☢,May be appropriate
529,Cardiac,"Chest pain, chronic, low-mod prob of CAD",3073531,CT coronary calcium,1-10 mSv☢☢☢,,May be appropriate
530,Cardiac,"Chest pain, chronic, low-mod prob of CAD",3073531,Arteriography coronary,1-10 mSv☢☢☢,,Usually not appropriate
531,Cardiac,"Chest pain, chronic, low-mod prob of CAD",3073531,CT chest without and with IV contrast,1-10 mSv☢☢☢,3-10 mSv [ped]☢☢☢☢,Usually not appropriate
532,Cardiac,"Chest pain, chronic, low-mod prob of CAD",3073531,CT chest without IV contrast,1-10 mSv☢☢☢,3-10 mSv [ped]☢☢☢☢,Usually not appropriate
533,Cardiac,"Chest pain, chronic, low-mod prob of CAD",3073531,SPECT or SPECT/CT MPI rest only,1-10 mSv☢☢☢,,Usually not appropriate
534,Cardiac,"Chest pain, high prob acute coronary syndrome, initial imaging",3164901,Radiography chest,<0.1 mSv☢,<0.03 mSv [ped]☢,Usually appropriate
535,Cardiac,"Chest pain, high prob acute coronary syndrome, initial imaging",3164901,Arteriography coronary,1-10 mSv☢☢☢,,Usually appropriate
536,Cardiac,"Chest pain, high prob acute coronary syndrome, initial imaging",3164901,US echocardiography transthoracic resting,0 mSvO,0 mSv [ped]O,May be appropriate
537,Cardiac,"Chest pain, high prob acute coronary syndrome, initial imaging",3164901,US echocardiography transthoracic stress,0 mSvO,0 mSv [ped]O,May be appropriate (Disagreement)
538,Cardiac,"Chest pain, high prob acute coronary syndrome, initial imaging",3164901,MRI heart function and morphology without and with IV contrast,0 mSvO,0 mSv [ped]O,May be appropriate (Disagreement)
539,Cardiac,"Chest pain, high prob acute coronary syndrome, initial imaging",3164901,CTA coronary arteries with IV contrast,1-10 mSv☢☢☢,3-10 mSv [ped]☢☢☢☢,May be appropriate
540,Cardiac,"Chest pain, high prob acute coronary syndrome, initial imaging",3164901,SPECT or SPECT/CT MPI rest only,1-10 mSv☢☢☢,,May be appropriate (Disagreement)
541,Cardiac,"Chest pain, high prob acute coronary syndrome, initial imaging",3164901,SPECT or SPECT/CT MPI rest and stress,10-30 mSv☢☢☢☢,10-30 mSv [ped]☢☢☢☢☢,May be appropriate
542,Cardiac,"Chest pain, high prob acute coronary syndrome, initial imaging",3164901,US echocardiography transesophageal,0 mSvO,0 mSv [ped]O,Usually not appropriate
543,Cardiac,"Chest pain, high prob acute coronary syndrome, initial imaging",3164901,MRA coronary arteries without and with IV contrast,0 mSvO,0 mSv [ped]O,Usually not appropriate
544,Cardiac,"Chest pain, high prob acute coronary syndrome, initial imaging",3164901,MRA coronary arteries without IV contrast,0 mSvO,0 mSv [ped]O,Usually not appropriate
545,Cardiac,"Chest pain, high prob acute coronary syndrome, initial imaging",3164901,MRI heart function and morphology without IV contrast,0 mSvO,0 mSv [ped]O,Usually not appropriate
546,Cardiac,"Chest pain, high prob acute coronary syndrome, initial imaging",3164901,MRI heart with function and inotropic stress without and with IV contrast,0 mSvO,0 mSv [ped]O,Usually not appropriate
547,Cardiac,"Chest pain, high prob acute coronary syndrome, initial imaging",3164901,MRI heart with function and inotropic stress without IV contrast,0 mSvO,0 mSv [ped]O,Usually not appropriate
548,Cardiac,"Chest pain, high prob acute coronary syndrome, initial imaging",3164901,MRI heart with function and vasodilator stress perfusion without and with IV contrast,0 mSvO,0 mSv [ped]O,Usually not appropriate
549,Cardiac,"Chest pain, high prob acute coronary syndrome, initial imaging",3164901,CT chest with IV contrast,1-10 mSv☢☢☢,3-10 mSv [ped]☢☢☢☢,Usually not appropriate
550,Cardiac,"Chest pain, high prob acute coronary syndrome, initial imaging",3164901,CT chest without and with IV contrast,1-10 mSv☢☢☢,3-10 mSv [ped]☢☢☢☢,Usually not appropriate
551,Cardiac,"Chest pain, high prob acute coronary syndrome, initial imaging",3164901,CT chest without IV contrast,1-10 mSv☢☢☢,3-10 mSv [ped]☢☢☢☢,Usually not appropriate
552,Cardiac,"Chest pain, high prob acute coronary syndrome, initial imaging",3164901,CT coronary calcium,1-10 mSv☢☢☢,,Usually not appropriate
553,Cardiac,"Chest pain, high prob acute coronary syndrome, initial imaging",3164901,CTA chest with IV contrast,1-10 mSv☢☢☢,3-10 mSv [ped]☢☢☢☢,Usually not appropriate
554,Cardiac,"Chest pain, high prob acute coronary syndrome, initial imaging",3164901,Rb-82 PET/CT heart,10-30 mSv☢☢☢☢,,Usually not appropriate
555,Cardiac,"Chest pain, low to intermed prob acute coronary syndrome, initial imaging",3073873,US echocardiography transthoracic stress,0 mSvO,0 mSv [ped]O,Usually appropriate
556,Cardiac,"Chest pain, low to intermed prob acute coronary syndrome, initial imaging",3073873,Radiography chest,<0.1 mSv☢,<0.03 mSv [ped]☢,Usually appropriate
557,Cardiac,"Chest pain, low to intermed prob acute coronary syndrome, initial imaging",3073873,CTA coronary arteries with IV contrast,1-10 mSv☢☢☢,3-10 mSv [ped]☢☢☢☢,Usually appropriate
558,Cardiac,"Chest pain, low to intermed prob acute coronary syndrome, initial imaging",3073873,SPECT or SPECT/CT MPI rest and stress,10-30 mSv☢☢☢☢,10-30 mSv [ped]☢☢☢☢☢,Usually appropriate
559,Cardiac,"Chest pain, low to intermed prob acute coronary syndrome, initial imaging",3073873,US echocardiography transthoracic resting,0 mSvO,0 mSv [ped]O,May be appropriate
560,Cardiac,"Chest pain, low to intermed prob acute coronary syndrome, initial imaging",3073873,MRI heart function and morphology without and with IV contrast,0 mSvO,0 mSv [ped]O,May be appropriate
561,Cardiac,"Chest pain, low to intermed prob acute coronary syndrome, initial imaging",3073873,MRI heart with function and inotropic stress without and with IV contrast,0 mSvO,0 mSv [ped]O,May be appropriate
562,Cardiac,"Chest pain, low to intermed prob acute coronary syndrome, initial imaging",3073873,MRI heart with function and inotropic stress without IV contrast,0 mSvO,0 mSv [ped]O,May be appropriate
563,Cardiac,"Chest pain, low to intermed prob acute coronary syndrome, initial imaging",3073873,MRI heart with function and vasodilator stress perfusion without and with IV contrast,0 mSvO,0 mSv [ped]O,May be appropriate
564,Cardiac,"Chest pain, low to intermed prob acute coronary syndrome, initial imaging",3073873,CT coronary calcium,1-10 mSv☢☢☢,,May be appropriate
565,Cardiac,"Chest pain, low to intermed prob acute coronary syndrome, initial imaging",3073873,CTA chest with IV contrast,1-10 mSv☢☢☢,3-10 mSv [ped]☢☢☢☢,May be appropriate
566,Cardiac,"Chest pain, low to intermed prob acute coronary syndrome, initial imaging",3073873,SPECT or SPECT/CT MPI rest only,1-10 mSv☢☢☢,,May be appropriate
567,Cardiac,"Chest pain, low to intermed prob acute coronary syndrome, initial imaging",3073873,Rb-82 PET/CT heart,10-30 mSv☢☢☢☢,,May be appropriate (Disagreement)
568,Cardiac,"Chest pain, low to intermed prob acute coronary syndrome, initial imaging",3073873,US echocardiography transesophageal,0 mSvO,0 mSv [ped]O,Usually not appropriate
569,Cardiac,"Chest pain, low to intermed prob acute coronary syndrome, initial imaging",3073873,Arteriography coronary,1-10 mSv☢☢☢,,Usually not appropriate
570,Cardiac,"Chest pain, low to intermed prob acute coronary syndrome, initial imaging",3073873,MRA coronary arteries without and with IV contrast,0 mSvO,0 mSv [ped]O,Usually not appropriate
571,Cardiac,"Chest pain, low to intermed prob acute coronary syndrome, initial imaging",3073873,MRA coronary arteries without IV contrast,0 mSvO,0 mSv [ped]O,Usually not appropriate
572,Cardiac,"Chest pain, low to intermed prob acute coronary syndrome, initial imaging",3073873,MRI heart function and morphology without IV contrast,0 mSvO,0 mSv [ped]O,Usually not appropriate
573,Cardiac,"Chest pain, low to intermed prob acute coronary syndrome, initial imaging",3073873,CT chest with IV contrast,1-10 mSv☢☢☢,3-10 mSv [ped]☢☢☢☢,Usually not appropriate
574,Cardiac,"Chest pain, low to intermed prob acute coronary syndrome, initial imaging",3073873,CT chest without and with IV contrast,1-10 mSv☢☢☢,3-10 mSv [ped]☢☢☢☢,Usually not appropriate
575,Cardiac,"Chest pain, low to intermed prob acute coronary syndrome, initial imaging",3073873,CT chest without IV contrast,1-10 mSv☢☢☢,3-10 mSv [ped]☢☢☢☢,Usually not appropriate
576,Cardiac,"Chest trauma, blunt, cardiac injury suspected, hemodynamically stable",3185411,US echocardiography transthoracic resting,0 mSvO,0 mSv [ped]O,Usually appropriate
577,Cardiac,"Chest trauma, blunt, cardiac injury suspected, hemodynamically stable",3185411,Radiography chest,<0.1 mSv☢,<0.03 mSv [ped]☢,Usually appropriate
578,Cardiac,"Chest trauma, blunt, cardiac injury suspected, hemodynamically stable",3185411,CT chest with IV contrast,1-10 mSv☢☢☢,3-10 mSv [ped]☢☢☢☢,Usually appropriate
579,Cardiac,"Chest trauma, blunt, cardiac injury suspected, hemodynamically stable",3185411,CT chest without and with IV contrast,1-10 mSv☢☢☢,3-10 mSv [ped]☢☢☢☢,Usually appropriate
580,Cardiac,"Chest trauma, blunt, cardiac injury suspected, hemodynamically stable",3185411,CTA chest with IV contrast,1-10 mSv☢☢☢,3-10 mSv [ped]☢☢☢☢,Usually appropriate
581,Cardiac,"Chest trauma, blunt, cardiac injury suspected, hemodynamically stable",3185411,CTA chest without and with IV contrast,1-10 mSv☢☢☢,,Usually appropriate
582,Cardiac,"Chest trauma, blunt, cardiac injury suspected, hemodynamically stable",3185411,US echocardiography transesophageal,0 mSvO,0 mSv [ped]O,May be appropriate
583,Cardiac,"Chest trauma, blunt, cardiac injury suspected, hemodynamically stable",3185411,CT chest without IV contrast,1-10 mSv☢☢☢,3-10 mSv [ped]☢☢☢☢,May be appropriate
584,Cardiac,"Chest trauma, blunt, cardiac injury suspected, hemodynamically stable",3185411,CT heart function and morphology with IV contrast,10-30 mSv☢☢☢☢,3-10 mSv [ped]☢☢☢☢,May be appropriate
585,Cardiac,"Chest trauma, blunt, cardiac injury suspected, hemodynamically stable",3185411,US echocardiography transthoracic stress,0 mSvO,0 mSv [ped]O,Usually not appropriate
586,Cardiac,"Chest trauma, blunt, cardiac injury suspected, hemodynamically stable",3185411,MRI heart function and morphology without and with IV contrast,0 mSvO,0 mSv [ped]O,Usually not appropriate
587,Cardiac,"Chest trauma, blunt, cardiac injury suspected, hemodynamically stable",3185411,MRI heart function and morphology without IV contrast,0 mSvO,0 mSv [ped]O,Usually not appropriate
588,Cardiac,"Chest trauma, blunt, cardiac injury suspected, hemodynamically stable",3185411,MRI heart with function and inotropic stress without and with IV contrast,0 mSvO,0 mSv [ped]O,Usually not appropriate
589,Cardiac,"Chest trauma, blunt, cardiac injury suspected, hemodynamically stable",3185411,MRI heart with function and inotropic stress without IV contrast,0 mSvO,0 mSv [ped]O,Usually not appropriate
590,Cardiac,"Chest trauma, blunt, cardiac injury suspected, hemodynamically stable",3185411,MRI heart with function and vasodilator stress perfusion without and with IV contrast,0 mSvO,0 mSv [ped]O,Usually not appropriate
591,Cardiac,"Chest trauma, blunt, cardiac injury suspected, hemodynamically stable",3185411,CTA coronary arteries with IV contrast,1-10 mSv☢☢☢,3-10 mSv [ped]☢☢☢☢,Usually not appropriate
592,Cardiac,"Chest trauma, blunt, cardiac injury suspected, hemodynamically stable",3185411,SPECT or SPECT/CT MPI rest only,1-10 mSv☢☢☢,,Usually not appropriate
593,Cardiac,"Chest trauma, blunt, cardiac injury suspected, hemodynamically stable",3185411,FDG-PET/CT heart,10-30 mSv☢☢☢☢,3-10 mSv [ped]☢☢☢☢,Usually not appropriate
594,Cardiac,"Chest trauma, blunt, cardiac injury suspected, hemodynamically stable",3185411,SPECT or SPECT/CT MPI rest and stress,10-30 mSv☢☢☢☢,10-30 mSv [ped]☢☢☢☢☢,Usually not appropriate
595,Cardiac,"Chest trauma, blunt, cardiac injury suspected, hemodynamically unstable",3185412,US echocardiography transthoracic resting,0 mSvO,0 mSv [ped]O,Usually appropriate
596,Cardiac,"Chest trauma, blunt, cardiac injury suspected, hemodynamically unstable",3185412,Radiography chest,<0.1 mSv☢,<0.03 mSv [ped]☢,Usually appropriate
597,Cardiac,"Chest trauma, blunt, cardiac injury suspected, hemodynamically unstable",3185412,CT chest with IV contrast,1-10 mSv☢☢☢,3-10 mSv [ped]☢☢☢☢,Usually appropriate
598,Cardiac,"Chest trauma, blunt, cardiac injury suspected, hemodynamically unstable",3185412,CT chest without and with IV contrast,1-10 mSv☢☢☢,3-10 mSv [ped]☢☢☢☢,Usually appropriate
599,Cardiac,"Chest trauma, blunt, cardiac injury suspected, hemodynamically unstable",3185412,CTA chest with IV contrast,1-10 mSv☢☢☢,3-10 mSv [ped]☢☢☢☢,Usually appropriate
600,Cardiac,"Chest trauma, blunt, cardiac injury suspected, hemodynamically unstable",3185412,CTA chest without and with IV contrast,1-10 mSv☢☢☢,,Usually appropriate
601,Cardiac,"Chest trauma, blunt, cardiac injury suspected, hemodynamically unstable",3185412,CT heart function and morphology with IV contrast,10-30 mSv☢☢☢☢,3-10 mSv [ped]☢☢☢☢,Usually appropriate
602,Cardiac,"Chest trauma, blunt, cardiac injury suspected, hemodynamically unstable",3185412,US echocardiography transesophageal,0 mSvO,0 mSv [ped]O,May be appropriate
603,Cardiac,"Chest trauma, blunt, cardiac injury suspected, hemodynamically unstable",3185412,CT chest without IV contrast,1-10 mSv☢☢☢,3-10 mSv [ped]☢☢☢☢,May be appropriate
604,Cardiac,"Chest trauma, blunt, cardiac injury suspected, hemodynamically unstable",3185412,CTA coronary arteries with IV contrast,1-10 mSv☢☢☢,3-10 mSv [ped]☢☢☢☢,May be appropriate
605,Cardiac,"Chest trauma, blunt, cardiac injury suspected, hemodynamically unstable",3185412,US echocardiography transthoracic stress,0 mSvO,0 mSv [ped]O,Usually not appropriate
606,Cardiac,"Chest trauma, blunt, cardiac injury suspected, hemodynamically unstable",3185412,MRI heart function and morphology without and with IV contrast,0 mSvO,0 mSv [ped]O,Usually not appropriate
607,Cardiac,"Chest trauma, blunt, cardiac injury suspected, hemodynamically unstable",3185412,MRI heart function and morphology without IV contrast,0 mSvO,0 mSv [ped]O,Usually not appropriate
608,Cardiac,"Chest trauma, blunt, cardiac injury suspected, hemodynamically unstable",3185412,MRI heart with function and inotropic stress without and with IV contrast,0 mSvO,0 mSv [ped]O,Usually not appropriate
609,Cardiac,"Chest trauma, blunt, cardiac injury suspected, hemodynamically unstable",3185412,MRI heart with function and inotropic stress without IV contrast,0 mSvO,0 mSv [ped]O,Usually not appropriate
610,Cardiac,"Chest trauma, blunt, cardiac injury suspected, hemodynamically unstable",3185412,MRI heart with function and vasodilator stress perfusion without and with IV contrast,0 mSvO,0 mSv [ped]O,Usually not appropriate
611,Cardiac,"Chest trauma, blunt, cardiac injury suspected, hemodynamically unstable",3185412,SPECT or SPECT/CT MPI rest only,1-10 mSv☢☢☢,,Usually not appropriate
612,Cardiac,"Chest trauma, blunt, cardiac injury suspected, hemodynamically unstable",3185412,FDG-PET/CT heart,10-30 mSv☢☢☢☢,3-10 mSv [ped]☢☢☢☢,Usually not appropriate
613,Cardiac,"Chest trauma, blunt, cardiac injury suspected, hemodynamically unstable",3185412,SPECT or SPECT/CT MPI rest and stress,10-30 mSv☢☢☢☢,10-30 mSv [ped]☢☢☢☢☢,Usually not appropriate
614,Cardiac,"Congenital coronary artery abnormality suspected, TTE inadequate assessment of coronary morphology, next imaging study",3196448,MRA chest without and with IV contrast,0 mSvO,0 mSv [ped]O,Usually appropriate
615,Cardiac,"Congenital coronary artery abnormality suspected, TTE inadequate assessment of coronary morphology, next imaging study",3196448,MRA chest without IV contrast,0 mSvO,0 mSv [ped]O,Usually appropriate
616,Cardiac,"Congenital coronary artery abnormality suspected, TTE inadequate assessment of coronary morphology, next imaging study",3196448,MRI heart function and morphology without and with IV contrast,0 mSvO,0 mSv [ped]O,Usually appropriate
617,Cardiac,"Congenital coronary artery abnormality suspected, TTE inadequate assessment of coronary morphology, next imaging study",3196448,MRI heart function and morphology without IV contrast,0 mSvO,0 mSv [ped]O,Usually appropriate
618,Cardiac,"Congenital coronary artery abnormality suspected, TTE inadequate assessment of coronary morphology, next imaging study",3196448,CTA coronary arteries with IV contrast,1-10 mSv☢☢☢,3-10 mSv [ped]☢☢☢☢,Usually appropriate
619,Cardiac,"Congenital coronary artery abnormality suspected, TTE inadequate assessment of coronary morphology, next imaging study",3196448,Arteriography coronary with ventriculography,1-10 mSv☢☢☢,3-10 mSv [ped]☢☢☢☢,May be appropriate
620,Cardiac,"Congenital coronary artery abnormality suspected, TTE inadequate assessment of coronary morphology, next imaging study",3196448,MRA abdomen without and with IV contrast,0 mSvO,0 mSv [ped]O,May be appropriate
621,Cardiac,"Congenital coronary artery abnormality suspected, TTE inadequate assessment of coronary morphology, next imaging study",3196448,MRI heart function with stress without and with IV contrast,0 mSvO,0 mSv [ped]O,May be appropriate
622,Cardiac,"Congenital coronary artery abnormality suspected, TTE inadequate assessment of coronary morphology, next imaging study",3196448,MRI heart function with stress without IV contrast,0 mSvO,0 mSv [ped]O,May be appropriate
623,Cardiac,"Congenital coronary artery abnormality suspected, TTE inadequate assessment of coronary morphology, next imaging study",3196448,CTA chest with IV contrast,1-10 mSv☢☢☢,3-10 mSv [ped]☢☢☢☢,May be appropriate
624,Cardiac,"Congenital coronary artery abnormality suspected, TTE inadequate assessment of coronary morphology, next imaging study",3196448,CT heart function and morphology with IV contrast,10-30 mSv☢☢☢☢,3-10 mSv [ped]☢☢☢☢,May be appropriate
625,Cardiac,"Congenital coronary artery abnormality suspected, TTE inadequate assessment of coronary morphology, next imaging study",3196448,SPECT or SPECT/CT MPI rest and stress,10-30 mSv☢☢☢☢,10-30 mSv [ped]☢☢☢☢☢,May be appropriate (Disagreement)
626,Cardiac,"Congenital coronary artery abnormality suspected, TTE inadequate assessment of coronary morphology, next imaging study",3196448,US echocardiography transesophageal,0 mSvO,0 mSv [ped]O,Usually not appropriate
627,Cardiac,"Congenital coronary artery abnormality suspected, TTE inadequate assessment of coronary morphology, next imaging study",3196448,Radiography chest,<0.1 mSv☢,<0.03 mSv [ped]☢,Usually not appropriate
628,Cardiac,"Congenital coronary artery abnormality suspected, TTE inadequate assessment of coronary morphology, next imaging study",3196448,Arteriography pulmonary,10-30 mSv☢☢☢☢,,Usually not appropriate
629,Cardiac,"Congenital coronary artery abnormality suspected, TTE inadequate assessment of coronary morphology, next imaging study",3196448,MRA abdomen without IV contrast,0 mSvO,0 mSv [ped]O,Usually not appropriate
630,Cardiac,"Congenital coronary artery abnormality suspected, TTE inadequate assessment of coronary morphology, next imaging study",3196448,MRA neck without and with IV contrast,0 mSvO,0 mSv [ped]O,Usually not appropriate
631,Cardiac,"Congenital coronary artery abnormality suspected, TTE inadequate assessment of coronary morphology, next imaging study",3196448,MRA neck without IV contrast,0 mSvO,0 mSv [ped]O,Usually not appropriate
632,Cardiac,"Congenital coronary artery abnormality suspected, TTE inadequate assessment of coronary morphology, next imaging study",3196448,FDG-PET/CT heart,10-30 mSv☢☢☢☢,3-10 mSv [ped]☢☢☢☢,Usually not appropriate
633,Cardiac,"Congenital coronary artery abnormality, TTE inadequate assessment of coronary morphology, next imaging study",3196447,MRA chest without and with IV contrast,0 mSvO,0 mSv [ped]O,Usually appropriate
634,Cardiac,"Congenital coronary artery abnormality, TTE inadequate assessment of coronary morphology, next imaging study",3196447,MRA chest without IV contrast,0 mSvO,0 mSv [ped]O,Usually appropriate
635,Cardiac,"Congenital coronary artery abnormality, TTE inadequate assessment of coronary morphology, next imaging study",3196447,MRI heart function and morphology without and with IV contrast,0 mSvO,0 mSv [ped]O,Usually appropriate
636,Cardiac,"Congenital coronary artery abnormality, TTE inadequate assessment of coronary morphology, next imaging study",3196447,MRI heart function and morphology without IV contrast,0 mSvO,0 mSv [ped]O,Usually appropriate
637,Cardiac,"Congenital coronary artery abnormality, TTE inadequate assessment of coronary morphology, next imaging study",3196447,CTA coronary arteries with IV contrast,1-10 mSv☢☢☢,3-10 mSv [ped]☢☢☢☢,Usually appropriate
638,Cardiac,"Congenital coronary artery abnormality, TTE inadequate assessment of coronary morphology, next imaging study",3196447,Arteriography coronary with ventriculography,1-10 mSv☢☢☢,3-10 mSv [ped]☢☢☢☢,May be appropriate
639,Cardiac,"Congenital coronary artery abnormality, TTE inadequate assessment of coronary morphology, next imaging study",3196447,MRA abdomen without and with IV contrast,0 mSvO,0 mSv [ped]O,May be appropriate
640,Cardiac,"Congenital coronary artery abnormality, TTE inadequate assessment of coronary morphology, next imaging study",3196447,MRI heart function with stress without and with IV contrast,0 mSvO,0 mSv [ped]O,May be appropriate
641,Cardiac,"Congenital coronary artery abnormality, TTE inadequate assessment of coronary morphology, next imaging study",3196447,MRI heart function with stress without IV contrast,0 mSvO,0 mSv [ped]O,May be appropriate
642,Cardiac,"Congenital coronary artery abnormality, TTE inadequate assessment of coronary morphology, next imaging study",3196447,CTA chest with IV contrast,1-10 mSv☢☢☢,3-10 mSv [ped]☢☢☢☢,May be appropriate
643,Cardiac,"Congenital coronary artery abnormality, TTE inadequate assessment of coronary morphology, next imaging study",3196447,CT heart function and morphology with IV contrast,10-30 mSv☢☢☢☢,3-10 mSv [ped]☢☢☢☢,May be appropriate
644,Cardiac,"Congenital coronary artery abnormality, TTE inadequate assessment of coronary morphology, next imaging study",3196447,SPECT or SPECT/CT MPI rest and stress,10-30 mSv☢☢☢☢,10-30 mSv [ped]☢☢☢☢☢,May be appropriate (Disagreement)
645,Cardiac,"Congenital coronary artery abnormality, TTE inadequate assessment of coronary morphology, next imaging study",3196447,US echocardiography transesophageal,0 mSvO,0 mSv [ped]O,Usually not appropriate
646,Cardiac,"Congenital coronary artery abnormality, TTE inadequate assessment of coronary morphology, next imaging study",3196447,Radiography chest,<0.1 mSv☢,<0.03 mSv [ped]☢,Usually not appropriate
647,Cardiac,"Congenital coronary artery abnormality, TTE inadequate assessment of coronary morphology, next imaging study",3196447,Arteriography pulmonary,10-30 mSv☢☢☢☢,,Usually not appropriate
648,Cardiac,"Congenital coronary artery abnormality, TTE inadequate assessment of coronary morphology, next imaging study",3196447,MRA abdomen without IV contrast,0 mSvO,0 mSv [ped]O,Usually not appropriate
649,Cardiac,"Congenital coronary artery abnormality, TTE inadequate assessment of coronary morphology, next imaging study",3196447,MRA neck without and with IV contrast,0 mSvO,0 mSv [ped]O,Usually not appropriate
650,Cardiac,"Congenital coronary artery abnormality, TTE inadequate assessment of coronary morphology, next imaging study",3196447,MRA neck without IV contrast,0 mSvO,0 mSv [ped]O,Usually not appropriate
651,Cardiac,"Congenital coronary artery abnormality, TTE inadequate assessment of coronary morphology, next imaging study",3196447,FDG-PET/CT heart,10-30 mSv☢☢☢☢,3-10 mSv [ped]☢☢☢☢,Usually not appropriate
652,Cardiac,"Connective tissue disease, aorta surveillance, TTE inadequate, next imaging study",3196462,MRA abdomen without and with IV contrast,0 mSvO,0 mSv [ped]O,Usually appropriate
653,Cardiac,"Connective tissue disease, aorta surveillance, TTE inadequate, next imaging study",3196462,MRA abdomen without IV contrast,0 mSvO,0 mSv [ped]O,Usually appropriate
654,Cardiac,"Connective tissue disease, aorta surveillance, TTE inadequate, next imaging study",3196462,MRA chest without and with IV contrast,0 mSvO,0 mSv [ped]O,Usually appropriate
655,Cardiac,"Connective tissue disease, aorta surveillance, TTE inadequate, next imaging study",3196462,MRA chest without IV contrast,0 mSvO,0 mSv [ped]O,Usually appropriate
656,Cardiac,"Connective tissue disease, aorta surveillance, TTE inadequate, next imaging study",3196462,MRA neck without and with IV contrast,0 mSvO,0 mSv [ped]O,Usually appropriate
657,Cardiac,"Connective tissue disease, aorta surveillance, TTE inadequate, next imaging study",3196462,MRA neck without IV contrast,0 mSvO,0 mSv [ped]O,Usually appropriate
658,Cardiac,"Connective tissue disease, aorta surveillance, TTE inadequate, next imaging study",3196462,CTA chest with IV contrast,1-10 mSv☢☢☢,3-10 mSv [ped]☢☢☢☢,Usually appropriate
659,Cardiac,"Connective tissue disease, aorta surveillance, TTE inadequate, next imaging study",3196462,US echocardiography transesophageal,0 mSvO,0 mSv [ped]O,May be appropriate
660,Cardiac,"Connective tissue disease, aorta surveillance, TTE inadequate, next imaging study",3196462,MRI heart function and morphology without and with IV contrast,0 mSvO,0 mSv [ped]O,May be appropriate
661,Cardiac,"Connective tissue disease, aorta surveillance, TTE inadequate, next imaging study",3196462,MRI heart function and morphology without IV contrast,0 mSvO,0 mSv [ped]O,May be appropriate
662,Cardiac,"Connective tissue disease, aorta surveillance, TTE inadequate, next imaging study",3196462,CTA coronary arteries with IV contrast,1-10 mSv☢☢☢,3-10 mSv [ped]☢☢☢☢,May be appropriate
663,Cardiac,"Connective tissue disease, aorta surveillance, TTE inadequate, next imaging study",3196462,Radiography chest,<0.1 mSv☢,<0.03 mSv [ped]☢,Usually not appropriate
664,Cardiac,"Connective tissue disease, aorta surveillance, TTE inadequate, next imaging study",3196462,Arteriography coronary with ventriculography,1-10 mSv☢☢☢,3-10 mSv [ped]☢☢☢☢,Usually not appropriate
665,Cardiac,"Connective tissue disease, aorta surveillance, TTE inadequate, next imaging study",3196462,Arteriography pulmonary,10-30 mSv☢☢☢☢,,Usually not appropriate
666,Cardiac,"Connective tissue disease, aorta surveillance, TTE inadequate, next imaging study",3196462,MRI heart function with stress without and with IV contrast,0 mSvO,0 mSv [ped]O,Usually not appropriate
667,Cardiac,"Connective tissue disease, aorta surveillance, TTE inadequate, next imaging study",3196462,MRI heart function with stress without IV contrast,0 mSvO,0 mSv [ped]O,Usually not appropriate
668,Cardiac,"Connective tissue disease, aorta surveillance, TTE inadequate, next imaging study",3196462,CT heart function and morphology with IV contrast,10-30 mSv☢☢☢☢,3-10 mSv [ped]☢☢☢☢,Usually not appropriate
669,Cardiac,"Connective tissue disease, aorta surveillance, TTE inadequate, next imaging study",3196462,FDG-PET/CT heart,10-30 mSv☢☢☢☢,3-10 mSv [ped]☢☢☢☢,Usually not appropriate
670,Cardiac,"Connective tissue disease, aorta surveillance, TTE inadequate, next imaging study",3196462,SPECT or SPECT/CT MPI rest and stress,10-30 mSv☢☢☢☢,10-30 mSv [ped]☢☢☢☢☢,Usually not appropriate
671,Cardiac,"Dyspnea, cardiac arrhythmia suspected, ischemia excluded, initial imaging",3194885,US echocardiography transthoracic resting,0 mSvO,0 mSv [ped]O,Usually appropriate
672,Cardiac,"Dyspnea, cardiac arrhythmia suspected, ischemia excluded, initial imaging",3194885,MRI heart function and morphology without and with IV contrast,0 mSvO,0 mSv [ped]O,Usually appropriate
673,Cardiac,"Dyspnea, cardiac arrhythmia suspected, ischemia excluded, initial imaging",3194885,US echocardiography transesophageal,0 mSvO,0 mSv [ped]O,May be appropriate
674,Cardiac,"Dyspnea, cardiac arrhythmia suspected, ischemia excluded, initial imaging",3194885,Radiography chest,<0.1 mSv☢,<0.03 mSv [ped]☢,May be appropriate (Disagreement)
675,Cardiac,"Dyspnea, cardiac arrhythmia suspected, ischemia excluded, initial imaging",3194885,MRI heart function and morphology without IV contrast,0 mSvO,0 mSv [ped]O,May be appropriate
676,Cardiac,"Dyspnea, cardiac arrhythmia suspected, ischemia excluded, initial imaging",3194885,CT heart function and morphology with IV contrast,10-30 mSv☢☢☢☢,3-10 mSv [ped]☢☢☢☢,May be appropriate
677,Cardiac,"Dyspnea, cardiac arrhythmia suspected, ischemia excluded, initial imaging",3194885,FDG-PET/CT heart,10-30 mSv☢☢☢☢,3-10 mSv [ped]☢☢☢☢,May be appropriate
678,Cardiac,"Dyspnea, cardiac arrhythmia suspected, ischemia excluded, initial imaging",3194885,US echocardiography transthoracic stress,0 mSvO,0 mSv [ped]O,Usually not appropriate
679,Cardiac,"Dyspnea, cardiac arrhythmia suspected, ischemia excluded, initial imaging",3194885,Arteriography coronary with ventriculography,1-10 mSv☢☢☢,3-10 mSv [ped]☢☢☢☢,Usually not appropriate
680,Cardiac,"Dyspnea, cardiac arrhythmia suspected, ischemia excluded, initial imaging",3194885,MRI heart function with stress without and with IV contrast,0 mSvO,0 mSv [ped]O,Usually not appropriate
681,Cardiac,"Dyspnea, cardiac arrhythmia suspected, ischemia excluded, initial imaging",3194885,MRI heart function with stress without IV contrast,0 mSvO,0 mSv [ped]O,Usually not appropriate
682,Cardiac,"Dyspnea, cardiac arrhythmia suspected, ischemia excluded, initial imaging",3194885,CT coronary calcium,1-10 mSv☢☢☢,,Usually not appropriate
683,Cardiac,"Dyspnea, cardiac arrhythmia suspected, ischemia excluded, initial imaging",3194885,CTA coronary arteries with IV contrast,1-10 mSv☢☢☢,3-10 mSv [ped]☢☢☢☢,Usually not appropriate
684,Cardiac,"Dyspnea, cardiac arrhythmia suspected, ischemia excluded, initial imaging",3194885,Rb-82 PET/CT heart,10-30 mSv☢☢☢☢,,Usually not appropriate
685,Cardiac,"Dyspnea, cardiac arrhythmia suspected, ischemia excluded, initial imaging",3194885,SPECT or SPECT/CT MPI rest and stress,10-30 mSv☢☢☢☢,10-30 mSv [ped]☢☢☢☢☢,Usually not appropriate
686,Cardiac,"Dyspnea, pericardial disease suspected, ischemia excluded, initial imaging",3194886,US echocardiography transthoracic resting,0 mSvO,0 mSv [ped]O,Usually appropriate
687,Cardiac,"Dyspnea, pericardial disease suspected, ischemia excluded, initial imaging",3194886,Radiography chest,<0.1 mSv☢,<0.03 mSv [ped]☢,Usually appropriate
688,Cardiac,"Dyspnea, pericardial disease suspected, ischemia excluded, initial imaging",3194886,MRI heart function and morphology without and with IV contrast,0 mSvO,0 mSv [ped]O,Usually appropriate
689,Cardiac,"Dyspnea, pericardial disease suspected, ischemia excluded, initial imaging",3194886,CT heart function and morphology with IV contrast,10-30 mSv☢☢☢☢,3-10 mSv [ped]☢☢☢☢,Usually appropriate
690,Cardiac,"Dyspnea, pericardial disease suspected, ischemia excluded, initial imaging",3194886,US echocardiography transesophageal,0 mSvO,0 mSv [ped]O,May be appropriate
691,Cardiac,"Dyspnea, pericardial disease suspected, ischemia excluded, initial imaging",3194886,MRI heart function and morphology without IV contrast,0 mSvO,0 mSv [ped]O,May be appropriate
692,Cardiac,"Dyspnea, pericardial disease suspected, ischemia excluded, initial imaging",3194886,CT chest with IV contrast,1-10 mSv☢☢☢,3-10 mSv [ped]☢☢☢☢,May be appropriate
693,Cardiac,"Dyspnea, pericardial disease suspected, ischemia excluded, initial imaging",3194886,CT chest without IV contrast,1-10 mSv☢☢☢,3-10 mSv [ped]☢☢☢☢,May be appropriate
694,Cardiac,"Dyspnea, pericardial disease suspected, ischemia excluded, initial imaging",3194886,CTA chest with IV contrast,1-10 mSv☢☢☢,3-10 mSv [ped]☢☢☢☢,May be appropriate
695,Cardiac,"Dyspnea, pericardial disease suspected, ischemia excluded, initial imaging",3194886,FDG-PET/CT heart,10-30 mSv☢☢☢☢,3-10 mSv [ped]☢☢☢☢,May be appropriate (Disagreement)
696,Cardiac,"Dyspnea, pericardial disease suspected, ischemia excluded, initial imaging",3194886,US echocardiography transthoracic stress,0 mSvO,0 mSv [ped]O,Usually not appropriate
697,Cardiac,"Dyspnea, pericardial disease suspected, ischemia excluded, initial imaging",3194886,Arteriography coronary with ventriculography,1-10 mSv☢☢☢,3-10 mSv [ped]☢☢☢☢,Usually not appropriate
698,Cardiac,"Dyspnea, pericardial disease suspected, ischemia excluded, initial imaging",3194886,MRI heart function with stress without and with IV contrast,0 mSvO,0 mSv [ped]O,Usually not appropriate
699,Cardiac,"Dyspnea, pericardial disease suspected, ischemia excluded, initial imaging",3194886,MRI heart function with stress without IV contrast,0 mSvO,0 mSv [ped]O,Usually not appropriate
700,Cardiac,"Dyspnea, pericardial disease suspected, ischemia excluded, initial imaging",3194886,CT chest without and with IV contrast,1-10 mSv☢☢☢,3-10 mSv [ped]☢☢☢☢,Usually not appropriate
701,Cardiac,"Dyspnea, pericardial disease suspected, ischemia excluded, initial imaging",3194886,CT coronary calcium,1-10 mSv☢☢☢,,Usually not appropriate
702,Cardiac,"Dyspnea, pericardial disease suspected, ischemia excluded, initial imaging",3194886,CTA coronary arteries with IV contrast,1-10 mSv☢☢☢,3-10 mSv [ped]☢☢☢☢,Usually not appropriate
703,Cardiac,"Dyspnea, pericardial disease suspected, ischemia excluded, initial imaging",3194886,Rb-82 PET/CT heart,10-30 mSv☢☢☢☢,,Usually not appropriate
704,Cardiac,"Dyspnea, pericardial disease suspected, ischemia excluded, initial imaging",3194886,SPECT or SPECT/CT MPI rest and stress,10-30 mSv☢☢☢☢,10-30 mSv [ped]☢☢☢☢☢,Usually not appropriate
705,Cardiac,"Dyspnea, valvular heart disease suspected, ischemia excluded, initial imaging",3194884,US echocardiography transthoracic resting,0 mSvO,0 mSv [ped]O,Usually appropriate
706,Cardiac,"Dyspnea, valvular heart disease suspected, ischemia excluded, initial imaging",3194884,Radiography chest,<0.1 mSv☢,<0.03 mSv [ped]☢,Usually appropriate
707,Cardiac,"Dyspnea, valvular heart disease suspected, ischemia excluded, initial imaging",3194884,US echocardiography transesophageal,0 mSvO,0 mSv [ped]O,May be appropriate
708,Cardiac,"Dyspnea, valvular heart disease suspected, ischemia excluded, initial imaging",3194884,US echocardiography transthoracic stress,0 mSvO,0 mSv [ped]O,May be appropriate
709,Cardiac,"Dyspnea, valvular heart disease suspected, ischemia excluded, initial imaging",3194884,MRI heart function and morphology without and with IV contrast,0 mSvO,0 mSv [ped]O,May be appropriate
710,Cardiac,"Dyspnea, valvular heart disease suspected, ischemia excluded, initial imaging",3194884,MRI heart function and morphology without IV contrast,0 mSvO,0 mSv [ped]O,May be appropriate
711,Cardiac,"Dyspnea, valvular heart disease suspected, ischemia excluded, initial imaging",3194884,CT heart function and morphology with IV contrast,10-30 mSv☢☢☢☢,3-10 mSv [ped]☢☢☢☢,May be appropriate
712,Cardiac,"Dyspnea, valvular heart disease suspected, ischemia excluded, initial imaging",3194884,Arteriography coronary with ventriculography,1-10 mSv☢☢☢,3-10 mSv [ped]☢☢☢☢,Usually not appropriate
713,Cardiac,"Dyspnea, valvular heart disease suspected, ischemia excluded, initial imaging",3194884,MRI heart function with stress without and with IV contrast,0 mSvO,0 mSv [ped]O,Usually not appropriate
714,Cardiac,"Dyspnea, valvular heart disease suspected, ischemia excluded, initial imaging",3194884,MRI heart function with stress without IV contrast,0 mSvO,0 mSv [ped]O,Usually not appropriate
715,Cardiac,"Dyspnea, valvular heart disease suspected, ischemia excluded, initial imaging",3194884,CT coronary calcium,1-10 mSv☢☢☢,,Usually not appropriate
716,Cardiac,"Dyspnea, valvular heart disease suspected, ischemia excluded, initial imaging",3194884,CTA coronary arteries with IV contrast,1-10 mSv☢☢☢,3-10 mSv [ped]☢☢☢☢,Usually not appropriate
717,Cardiac,"Dyspnea, valvular heart disease suspected, ischemia excluded, initial imaging",3194884,FDG-PET/CT heart,10-30 mSv☢☢☢☢,3-10 mSv [ped]☢☢☢☢,Usually not appropriate
718,Cardiac,"Dyspnea, valvular heart disease suspected, ischemia excluded, initial imaging",3194884,Rb-82 PET/CT heart,10-30 mSv☢☢☢☢,,Usually not appropriate
719,Cardiac,"Dyspnea, valvular heart disease suspected, ischemia excluded, initial imaging",3194884,SPECT or SPECT/CT MPI rest and stress,10-30 mSv☢☢☢☢,10-30 mSv [ped]☢☢☢☢☢,Usually not appropriate
720,Cardiac,"Heart failure suspected, initial imaging",3148153,US echocardiography transthoracic resting,0 mSvO,0 mSv [ped]O,Usually appropriate
721,Cardiac,"Heart failure suspected, initial imaging",3148153,Radiography chest,<0.1 mSv☢,<0.03 mSv [ped]☢,Usually appropriate
722,Cardiac,"Heart failure suspected, initial imaging",3148153,MRI heart function and morphology without and with IV contrast,0 mSvO,0 mSv [ped]O,May be appropriate (Disagreement)
723,Cardiac,"Heart failure suspected, initial imaging",3148153,CTA coronary arteries with IV contrast,1-10 mSv☢☢☢,3-10 mSv [ped]☢☢☢☢,May be appropriate (Disagreement)
724,Cardiac,"Heart failure suspected, initial imaging",3148153,US echocardiography transthoracic stress,0 mSvO,0 mSv [ped]O,Usually not appropriate
725,Cardiac,"Heart failure suspected, initial imaging",3148153,Arteriography coronary,1-10 mSv☢☢☢,,Usually not appropriate
726,Cardiac,"Heart failure suspected, initial imaging",3148153,MRI heart function and morphology without IV contrast,0 mSvO,0 mSv [ped]O,Usually not appropriate
727,Cardiac,"Heart failure suspected, initial imaging",3148153,MRI heart with function and inotropic stress without and with IV contrast,0 mSvO,0 mSv [ped]O,Usually not appropriate
728,Cardiac,"Heart failure suspected, initial imaging",3148153,MRI heart with function and inotropic stress without IV contrast,0 mSvO,0 mSv [ped]O,Usually not appropriate
729,Cardiac,"Heart failure suspected, initial imaging",3148153,MRI heart with function and vasodilator stress perfusion without and with IV contrast,0 mSvO,0 mSv [ped]O,Usually not appropriate
730,Cardiac,"Heart failure suspected, initial imaging",3148153,Nuclear medicine ventriculography,1-10 mSv☢☢☢,,Usually not appropriate
731,Cardiac,"Heart failure suspected, initial imaging",3148153,FDG-PET/CT heart,10-30 mSv☢☢☢☢,3-10 mSv [ped]☢☢☢☢,Usually not appropriate
732,Cardiac,"Heart failure suspected, initial imaging",3148153,Rb-82 PET/CT heart,10-30 mSv☢☢☢☢,,Usually not appropriate
733,Cardiac,"Heart failure suspected, initial imaging",3148153,SPECT or SPECT/CT MPI rest and stress,10-30 mSv☢☢☢☢,10-30 mSv [ped]☢☢☢☢☢,Usually not appropriate
734,Cardiac,"Heart failure, assess LVEF",3148154,US echocardiography transthoracic resting,0 mSvO,0 mSv [ped]O,Usually appropriate
735,Cardiac,"Heart failure, assess LVEF",3148154,MRI heart function and morphology without and with IV contrast,0 mSvO,0 mSv [ped]O,Usually appropriate
736,Cardiac,"Heart failure, assess LVEF",3148154,MRI heart function and morphology without IV contrast,0 mSvO,0 mSv [ped]O,Usually appropriate
737,Cardiac,"Heart failure, assess LVEF",3148154,Arteriography coronary,1-10 mSv☢☢☢,,May be appropriate
738,Cardiac,"Heart failure, assess LVEF",3148154,CTA coronary arteries with IV contrast,1-10 mSv☢☢☢,3-10 mSv [ped]☢☢☢☢,May be appropriate
739,Cardiac,"Heart failure, assess LVEF",3148154,Nuclear medicine ventriculography,1-10 mSv☢☢☢,,May be appropriate
740,Cardiac,"Heart failure, assess LVEF",3148154,US echocardiography transthoracic stress,0 mSvO,0 mSv [ped]O,Usually not appropriate
741,Cardiac,"Heart failure, assess LVEF",3148154,Radiography chest,<0.1 mSv☢,<0.03 mSv [ped]☢,Usually not appropriate
742,Cardiac,"Heart failure, assess LVEF",3148154,MRI heart with function and inotropic stress without and with IV contrast,0 mSvO,0 mSv [ped]O,Usually not appropriate
743,Cardiac,"Heart failure, assess LVEF",3148154,MRI heart with function and inotropic stress without IV contrast,0 mSvO,0 mSv [ped]O,Usually not appropriate
744,Cardiac,"Heart failure, assess LVEF",3148154,MRI heart with function and vasodilator stress perfusion without and with IV contrast,0 mSvO,0 mSv [ped]O,Usually not appropriate
745,Cardiac,"Heart failure, assess LVEF",3148154,FDG-PET/CT heart,10-30 mSv☢☢☢☢,3-10 mSv [ped]☢☢☢☢,Usually not appropriate
746,Cardiac,"Heart failure, assess LVEF",3148154,Rb-82 PET/CT heart,10-30 mSv☢☢☢☢,,Usually not appropriate
747,Cardiac,"Heart failure, assess LVEF",3148154,SPECT or SPECT/CT MPI rest and stress,10-30 mSv☢☢☢☢,10-30 mSv [ped]☢☢☢☢☢,Usually not appropriate
748,Cardiac,"Heart failure, reduced EF, determine etiology",3148155,US echocardiography transthoracic stress,0 mSvO,0 mSv [ped]O,Usually appropriate
749,Cardiac,"Heart failure, reduced EF, determine etiology",3148155,Arteriography coronary,1-10 mSv☢☢☢,,Usually appropriate
750,Cardiac,"Heart failure, reduced EF, determine etiology",3148155,MRI heart function and morphology without and with IV contrast,0 mSvO,0 mSv [ped]O,Usually appropriate
751,Cardiac,"Heart failure, reduced EF, determine etiology",3148155,MRI heart with function and vasodilator stress perfusion without and with IV contrast,0 mSvO,0 mSv [ped]O,Usually appropriate
752,Cardiac,"Heart failure, reduced EF, determine etiology",3148155,CTA coronary arteries with IV contrast,1-10 mSv☢☢☢,3-10 mSv [ped]☢☢☢☢,Usually appropriate
753,Cardiac,"Heart failure, reduced EF, determine etiology",3148155,Rb-82 PET/CT heart,10-30 mSv☢☢☢☢,,Usually appropriate
754,Cardiac,"Heart failure, reduced EF, determine etiology",3148155,SPECT or SPECT/CT MPI rest and stress,10-30 mSv☢☢☢☢,10-30 mSv [ped]☢☢☢☢☢,Usually appropriate
755,Cardiac,"Heart failure, reduced EF, determine etiology",3148155,MRI heart function and morphology without IV contrast,0 mSvO,0 mSv [ped]O,May be appropriate
756,Cardiac,"Heart failure, reduced EF, determine etiology",3148155,MRI heart with function and inotropic stress without and with IV contrast,0 mSvO,0 mSv [ped]O,May be appropriate
757,Cardiac,"Heart failure, reduced EF, determine etiology",3148155,MRI heart with function and inotropic stress without IV contrast,0 mSvO,0 mSv [ped]O,May be appropriate
758,Cardiac,"Heart failure, reduced EF, determine etiology",3148155,FDG-PET/CT heart,10-30 mSv☢☢☢☢,3-10 mSv [ped]☢☢☢☢,May be appropriate (Disagreement)
759,Cardiac,"Heart failure, reduced EF, determine etiology",3148155,US echocardiography transthoracic resting,0 mSvO,0 mSv [ped]O,Usually not appropriate
760,Cardiac,"Heart failure, reduced EF, determine etiology",3148155,Radiography chest,<0.1 mSv☢,<0.03 mSv [ped]☢,Usually not appropriate
761,Cardiac,"Heart failure, reduced EF, determine etiology",3148155,Nuclear medicine ventriculography,1-10 mSv☢☢☢,,Usually not appropriate
762,Cardiac,"Infective endocarditis suspected, additional imaging for management or treatment",3194050,US echocardiography transesophageal,0 mSvO,0 mSv [ped]O,Usually appropriate
763,Cardiac,"Infective endocarditis suspected, additional imaging for management or treatment",3194050,US echocardiography transthoracic resting,0 mSvO,0 mSv [ped]O,Usually appropriate
764,Cardiac,"Infective endocarditis suspected, additional imaging for management or treatment",3194050,CT heart function and morphology with IV contrast,10-30 mSv☢☢☢☢,3-10 mSv [ped]☢☢☢☢,Usually appropriate
765,Cardiac,"Infective endocarditis suspected, additional imaging for management or treatment",3194050,Radiography chest,<0.1 mSv☢,<0.03 mSv [ped]☢,May be appropriate
766,Cardiac,"Infective endocarditis suspected, additional imaging for management or treatment",3194050,Fluoroscopy heart,0.1-1mSv☢☢,,May be appropriate (Disagreement)
767,Cardiac,"Infective endocarditis suspected, additional imaging for management or treatment",3194050,Arteriography coronary,1-10 mSv☢☢☢,,May be appropriate
768,Cardiac,"Infective endocarditis suspected, additional imaging for management or treatment",3194050,MRI heart function and morphology without and with IV contrast,0 mSvO,0 mSv [ped]O,May be appropriate
769,Cardiac,"Infective endocarditis suspected, additional imaging for management or treatment",3194050,MRI heart function and morphology without IV contrast,0 mSvO,0 mSv [ped]O,May be appropriate
770,Cardiac,"Infective endocarditis suspected, additional imaging for management or treatment",3194050,CT chest with IV contrast,1-10 mSv☢☢☢,3-10 mSv [ped]☢☢☢☢,May be appropriate
771,Cardiac,"Infective endocarditis suspected, additional imaging for management or treatment",3194050,CT chest without and with IV contrast,1-10 mSv☢☢☢,3-10 mSv [ped]☢☢☢☢,May be appropriate
772,Cardiac,"Infective endocarditis suspected, additional imaging for management or treatment",3194050,CT chest without IV contrast,1-10 mSv☢☢☢,3-10 mSv [ped]☢☢☢☢,May be appropriate
773,Cardiac,"Infective endocarditis suspected, additional imaging for management or treatment",3194050,CTA chest with IV contrast,1-10 mSv☢☢☢,3-10 mSv [ped]☢☢☢☢,May be appropriate
774,Cardiac,"Infective endocarditis suspected, additional imaging for management or treatment",3194050,CTA coronary arteries with IV contrast,1-10 mSv☢☢☢,3-10 mSv [ped]☢☢☢☢,May be appropriate
775,Cardiac,"Infective endocarditis suspected, additional imaging for management or treatment",3194050,FDG-PET/CT heart,10-30 mSv☢☢☢☢,3-10 mSv [ped]☢☢☢☢,May be appropriate
776,Cardiac,"Infective endocarditis suspected, additional imaging for management or treatment",3194050,WBC scan heart,10-30 mSv☢☢☢☢,,May be appropriate
777,Cardiac,"Infective endocarditis suspected, initial imaging",3073880,US echocardiography transthoracic resting,0 mSvO,0 mSv [ped]O,Usually appropriate
778,Cardiac,"Infective endocarditis suspected, initial imaging",3073880,Radiography chest,<0.1 mSv☢,<0.03 mSv [ped]☢,Usually appropriate
779,Cardiac,"Infective endocarditis suspected, initial imaging",3073880,CT heart function and morphology with IV contrast,10-30 mSv☢☢☢☢,3-10 mSv [ped]☢☢☢☢,Usually appropriate
780,Cardiac,"Infective endocarditis suspected, initial imaging",3073880,US echocardiography transesophageal,0 mSvO,0 mSv [ped]O,May be appropriate (Disagreement)
781,Cardiac,"Infective endocarditis suspected, initial imaging",3073880,CTA chest with IV contrast,1-10 mSv☢☢☢,3-10 mSv [ped]☢☢☢☢,May be appropriate
782,Cardiac,"Infective endocarditis suspected, initial imaging",3073880,CTA coronary arteries with IV contrast,1-10 mSv☢☢☢,3-10 mSv [ped]☢☢☢☢,May be appropriate
783,Cardiac,"Infective endocarditis suspected, initial imaging",3073880,Fluoroscopy heart,0.1-1mSv☢☢,,Usually not appropriate
784,Cardiac,"Infective endocarditis suspected, initial imaging",3073880,Arteriography coronary,1-10 mSv☢☢☢,,Usually not appropriate
785,Cardiac,"Infective endocarditis suspected, initial imaging",3073880,MRI heart function and morphology without and with IV contrast,0 mSvO,0 mSv [ped]O,Usually not appropriate
786,Cardiac,"Infective endocarditis suspected, initial imaging",3073880,MRI heart function and morphology without IV contrast,0 mSvO,0 mSv [ped]O,Usually not appropriate
787,Cardiac,"Infective endocarditis suspected, initial imaging",3073880,CT chest with IV contrast,1-10 mSv☢☢☢,3-10 mSv [ped]☢☢☢☢,Usually not appropriate
788,Cardiac,"Infective endocarditis suspected, initial imaging",3073880,CT chest without and with IV contrast,1-10 mSv☢☢☢,3-10 mSv [ped]☢☢☢☢,Usually not appropriate
789,Cardiac,"Infective endocarditis suspected, initial imaging",3073880,CT chest without IV contrast,1-10 mSv☢☢☢,3-10 mSv [ped]☢☢☢☢,Usually not appropriate
790,Cardiac,"Infective endocarditis suspected, initial imaging",3073880,FDG-PET/CT heart,10-30 mSv☢☢☢☢,3-10 mSv [ped]☢☢☢☢,Usually not appropriate
791,Cardiac,"Infective endocarditis suspected, initial imaging",3073880,WBC scan heart,10-30 mSv☢☢☢☢,,Usually not appropriate
792,Cardiac,"Infective endocarditis, additional imaging for management or treatment",3194051,US echocardiography transesophageal,0 mSvO,0 mSv [ped]O,Usually appropriate
793,Cardiac,"Infective endocarditis, additional imaging for management or treatment",3194051,US echocardiography transthoracic resting,0 mSvO,0 mSv [ped]O,Usually appropriate
794,Cardiac,"Infective endocarditis, additional imaging for management or treatment",3194051,CT heart function and morphology with IV contrast,10-30 mSv☢☢☢☢,3-10 mSv [ped]☢☢☢☢,Usually appropriate
795,Cardiac,"Infective endocarditis, additional imaging for management or treatment",3194051,Radiography chest,<0.1 mSv☢,<0.03 mSv [ped]☢,May be appropriate
796,Cardiac,"Infective endocarditis, additional imaging for management or treatment",3194051,Fluoroscopy heart,0.1-1mSv☢☢,,May be appropriate (Disagreement)
797,Cardiac,"Infective endocarditis, additional imaging for management or treatment",3194051,Arteriography coronary,1-10 mSv☢☢☢,,May be appropriate
798,Cardiac,"Infective endocarditis, additional imaging for management or treatment",3194051,MRI heart function and morphology without and with IV contrast,0 mSvO,0 mSv [ped]O,May be appropriate
799,Cardiac,"Infective endocarditis, additional imaging for management or treatment",3194051,MRI heart function and morphology without IV contrast,0 mSvO,0 mSv [ped]O,May be appropriate
800,Cardiac,"Infective endocarditis, additional imaging for management or treatment",3194051,CT chest with IV contrast,1-10 mSv☢☢☢,3-10 mSv [ped]☢☢☢☢,May be appropriate
801,Cardiac,"Infective endocarditis, additional imaging for management or treatment",3194051,CT chest without and with IV contrast,1-10 mSv☢☢☢,3-10 mSv [ped]☢☢☢☢,May be appropriate
802,Cardiac,"Infective endocarditis, additional imaging for management or treatment",3194051,CT chest without IV contrast,1-10 mSv☢☢☢,3-10 mSv [ped]☢☢☢☢,May be appropriate
803,Cardiac,"Infective endocarditis, additional imaging for management or treatment",3194051,CTA chest with IV contrast,1-10 mSv☢☢☢,3-10 mSv [ped]☢☢☢☢,May be appropriate
804,Cardiac,"Infective endocarditis, additional imaging for management or treatment",3194051,CTA coronary arteries with IV contrast,1-10 mSv☢☢☢,3-10 mSv [ped]☢☢☢☢,May be appropriate
805,Cardiac,"Infective endocarditis, additional imaging for management or treatment",3194051,FDG-PET/CT heart,10-30 mSv☢☢☢☢,3-10 mSv [ped]☢☢☢☢,May be appropriate
806,Cardiac,"Infective endocarditis, additional imaging for management or treatment",3194051,WBC scan heart,10-30 mSv☢☢☢☢,,May be appropriate
807,Cardiac,"Presyncope, cardiovascular etiology suspected, initial imaging",3194040,US echocardiography transthoracic resting,0 mSvO,0 mSv [ped]O,Usually appropriate
808,Cardiac,"Presyncope, cardiovascular etiology suspected, initial imaging",3194040,Radiography chest,<0.1 mSv☢,<0.03 mSv [ped]☢,May be appropriate
809,Cardiac,"Presyncope, cardiovascular etiology suspected, initial imaging",3194040,MRI heart function and morphology without and with IV contrast,0 mSvO,0 mSv [ped]O,May be appropriate
810,Cardiac,"Presyncope, cardiovascular etiology suspected, initial imaging",3194040,MRI heart function and morphology without IV contrast,0 mSvO,0 mSv [ped]O,May be appropriate
811,Cardiac,"Presyncope, cardiovascular etiology suspected, initial imaging",3194040,CTA chest with IV contrast,1-10 mSv☢☢☢,3-10 mSv [ped]☢☢☢☢,May be appropriate
812,Cardiac,"Presyncope, cardiovascular etiology suspected, initial imaging",3194040,CTA coronary arteries with IV contrast,1-10 mSv☢☢☢,3-10 mSv [ped]☢☢☢☢,May be appropriate
813,Cardiac,"Presyncope, cardiovascular etiology suspected, initial imaging",3194040,US duplex Doppler carotid artery,0 mSvO,0 mSv [ped]O,Usually not appropriate
814,Cardiac,"Presyncope, cardiovascular etiology suspected, initial imaging",3194040,US echocardiography transesophageal,0 mSvO,0 mSv [ped]O,Usually not appropriate
815,Cardiac,"Presyncope, cardiovascular etiology suspected, initial imaging",3194040,US echocardiography transthoracic stress,0 mSvO,0 mSv [ped]O,Usually not appropriate
816,Cardiac,"Presyncope, cardiovascular etiology suspected, initial imaging",3194040,MRI head without and with IV contrast,0 mSvO,0 mSv [ped]O,Usually not appropriate
817,Cardiac,"Presyncope, cardiovascular etiology suspected, initial imaging",3194040,MRI head without IV contrast,0 mSvO,0 mSv [ped]O,Usually not appropriate
818,Cardiac,"Presyncope, cardiovascular etiology suspected, initial imaging",3194040,CT head with IV contrast,1-10 mSv☢☢☢,0.3-3 mSv [ped]☢☢☢,Usually not appropriate
819,Cardiac,"Presyncope, cardiovascular etiology suspected, initial imaging",3194040,CT head without and with IV contrast,1-10 mSv☢☢☢,3-10 mSv [ped]☢☢☢☢,Usually not appropriate
820,Cardiac,"Presyncope, cardiovascular etiology suspected, initial imaging",3194040,CT head without IV contrast,1-10 mSv☢☢☢,0.3-3 mSv [ped]☢☢☢,Usually not appropriate
821,Cardiac,"Presyncope, cardiovascular etiology suspected, initial imaging",3194040,SPECT or SPECT/CT MPI rest only,1-10 mSv☢☢☢,,Usually not appropriate
822,Cardiac,"Presyncope, cardiovascular etiology suspected, initial imaging",3194040,SPECT or SPECT/CT MPI stress only,1-10 mSv☢☢☢,,Usually not appropriate
823,Cardiac,"Presyncope, cardiovascular etiology suspected, initial imaging",3194040,CT heart function and morphology with IV contrast,10-30 mSv☢☢☢☢,3-10 mSv [ped]☢☢☢☢,Usually not appropriate
824,Cardiac,"Presyncope, cardiovascular etiology suspected, initial imaging",3194040,SPECT or SPECT/CT MPI rest and stress,10-30 mSv☢☢☢☢,10-30 mSv [ped]☢☢☢☢☢,Usually not appropriate
825,Cardiac,"Presyncope, low probability of cardiovascular etiology, initial imaging",3194042,Radiography chest,<0.1 mSv☢,<0.03 mSv [ped]☢,May be appropriate
826,Cardiac,"Presyncope, low probability of cardiovascular etiology, initial imaging",3194042,US duplex Doppler carotid artery,0 mSvO,0 mSv [ped]O,Usually not appropriate
827,Cardiac,"Presyncope, low probability of cardiovascular etiology, initial imaging",3194042,US echocardiography transesophageal,0 mSvO,0 mSv [ped]O,Usually not appropriate
828,Cardiac,"Presyncope, low probability of cardiovascular etiology, initial imaging",3194042,US echocardiography transthoracic resting,0 mSvO,0 mSv [ped]O,Usually not appropriate
829,Cardiac,"Presyncope, low probability of cardiovascular etiology, initial imaging",3194042,US echocardiography transthoracic stress,0 mSvO,0 mSv [ped]O,Usually not appropriate
830,Cardiac,"Presyncope, low probability of cardiovascular etiology, initial imaging",3194042,MRI head without and with IV contrast,0 mSvO,0 mSv [ped]O,Usually not appropriate
831,Cardiac,"Presyncope, low probability of cardiovascular etiology, initial imaging",3194042,MRI head without IV contrast,0 mSvO,0 mSv [ped]O,Usually not appropriate
832,Cardiac,"Presyncope, low probability of cardiovascular etiology, initial imaging",3194042,MRI heart function and morphology without and with IV contrast,0 mSvO,0 mSv [ped]O,Usually not appropriate
833,Cardiac,"Presyncope, low probability of cardiovascular etiology, initial imaging",3194042,MRI heart function and morphology without IV contrast,0 mSvO,0 mSv [ped]O,Usually not appropriate
834,Cardiac,"Presyncope, low probability of cardiovascular etiology, initial imaging",3194042,CT head with IV contrast,1-10 mSv☢☢☢,0.3-3 mSv [ped]☢☢☢,Usually not appropriate
835,Cardiac,"Presyncope, low probability of cardiovascular etiology, initial imaging",3194042,CT head without and with IV contrast,1-10 mSv☢☢☢,3-10 mSv [ped]☢☢☢☢,Usually not appropriate
836,Cardiac,"Presyncope, low probability of cardiovascular etiology, initial imaging",3194042,CT head without IV contrast,1-10 mSv☢☢☢,0.3-3 mSv [ped]☢☢☢,Usually not appropriate
837,Cardiac,"Presyncope, low probability of cardiovascular etiology, initial imaging",3194042,CTA chest with IV contrast,1-10 mSv☢☢☢,3-10 mSv [ped]☢☢☢☢,Usually not appropriate
838,Cardiac,"Presyncope, low probability of cardiovascular etiology, initial imaging",3194042,CTA coronary arteries with IV contrast,1-10 mSv☢☢☢,3-10 mSv [ped]☢☢☢☢,Usually not appropriate
839,Cardiac,"Presyncope, low probability of cardiovascular etiology, initial imaging",3194042,SPECT or SPECT/CT MPI rest only,1-10 mSv☢☢☢,,Usually not appropriate
840,Cardiac,"Presyncope, low probability of cardiovascular etiology, initial imaging",3194042,SPECT or SPECT/CT MPI stress only,1-10 mSv☢☢☢,,Usually not appropriate
841,Cardiac,"Presyncope, low probability of cardiovascular etiology, initial imaging",3194042,CT heart function and morphology with IV contrast,10-30 mSv☢☢☢☢,3-10 mSv [ped]☢☢☢☢,Usually not appropriate
842,Cardiac,"Presyncope, low probability of cardiovascular etiology, initial imaging",3194042,SPECT or SPECT/CT MPI rest and stress,10-30 mSv☢☢☢☢,10-30 mSv [ped]☢☢☢☢☢,Usually not appropriate
843,Cardiac,"Pulmonary embolism suspected, high pretest probability, initial imaging",3195265,CTA pulmonary arteries with IV contrast,1-10 mSv☢☢☢,,Usually appropriate
844,Cardiac,"Pulmonary embolism suspected, high pretest probability, initial imaging",3195265,V/Q scan lung,1-10 mSv☢☢☢,,Usually appropriate
845,Cardiac,"Pulmonary embolism suspected, high pretest probability, initial imaging",3195265,US duplex Doppler lower extremity,0 mSvO,0 mSv [ped]O,May be appropriate (Disagreement)
846,Cardiac,"Pulmonary embolism suspected, high pretest probability, initial imaging",3195265,US echocardiography transthoracic resting,0 mSvO,0 mSv [ped]O,May be appropriate
847,Cardiac,"Pulmonary embolism suspected, high pretest probability, initial imaging",3195265,MRA pulmonary arteries without and with IV contrast,0 mSvO,0 mSv [ped]O,May be appropriate
848,Cardiac,"Pulmonary embolism suspected, high pretest probability, initial imaging",3195265,US echocardiography transesophageal,0 mSvO,0 mSv [ped]O,Usually not appropriate
849,Cardiac,"Pulmonary embolism suspected, high pretest probability, initial imaging",3195265,Arteriography pulmonary with right heart catheterization,10-30 mSv☢☢☢☢,,Usually not appropriate
850,Cardiac,"Pulmonary embolism suspected, high pretest probability, initial imaging",3195265,MRA pulmonary arteries without IV contrast,0 mSvO,0 mSv [ped]O,Usually not appropriate
851,Cardiac,"Pulmonary embolism suspected, high pretest probability, initial imaging",3195265,CT chest with IV contrast,1-10 mSv☢☢☢,3-10 mSv [ped]☢☢☢☢,Usually not appropriate
852,Cardiac,"Pulmonary embolism suspected, high pretest probability, initial imaging",3195265,CT chest without and with IV contrast,1-10 mSv☢☢☢,3-10 mSv [ped]☢☢☢☢,Usually not appropriate
853,Cardiac,"Pulmonary embolism suspected, high pretest probability, initial imaging",3195265,CT chest without IV contrast,1-10 mSv☢☢☢,3-10 mSv [ped]☢☢☢☢,Usually not appropriate
854,Cardiac,"Pulmonary embolism suspected, high pretest probability, initial imaging",3195265,CTA chest with IV contrast with CTV lower extremities,1-10 mSv☢☢☢,,Usually not appropriate
855,Cardiac,"Pulmonary embolism suspected, high pretest probability, initial imaging",3195265,CTA triple rule out,1-10 mSv☢☢☢,,Usually not appropriate
856,Cardiac,"Pulmonary embolism suspected, intermediate pretest probability, negative D-dimer, initial imaging",3195260,US duplex Doppler lower extremity,0 mSvO,0 mSv [ped]O,Usually not appropriate
857,Cardiac,"Pulmonary embolism suspected, intermediate pretest probability, negative D-dimer, initial imaging",3195260,US echocardiography transesophageal,0 mSvO,0 mSv [ped]O,Usually not appropriate
858,Cardiac,"Pulmonary embolism suspected, intermediate pretest probability, negative D-dimer, initial imaging",3195260,US echocardiography transthoracic resting,0 mSvO,0 mSv [ped]O,Usually not appropriate
859,Cardiac,"Pulmonary embolism suspected, intermediate pretest probability, negative D-dimer, initial imaging",3195260,Arteriography pulmonary with right heart catheterization,10-30 mSv☢☢☢☢,,Usually not appropriate
860,Cardiac,"Pulmonary embolism suspected, intermediate pretest probability, negative D-dimer, initial imaging",3195260,MRA pulmonary arteries without and with IV contrast,0 mSvO,0 mSv [ped]O,Usually not appropriate
861,Cardiac,"Pulmonary embolism suspected, intermediate pretest probability, negative D-dimer, initial imaging",3195260,MRA pulmonary arteries without IV contrast,0 mSvO,0 mSv [ped]O,Usually not appropriate
862,Cardiac,"Pulmonary embolism suspected, intermediate pretest probability, negative D-dimer, initial imaging",3195260,CT chest with IV contrast,1-10 mSv☢☢☢,3-10 mSv [ped]☢☢☢☢,Usually not appropriate
863,Cardiac,"Pulmonary embolism suspected, intermediate pretest probability, negative D-dimer, initial imaging",3195260,CT chest without and with IV contrast,1-10 mSv☢☢☢,3-10 mSv [ped]☢☢☢☢,Usually not appropriate
864,Cardiac,"Pulmonary embolism suspected, intermediate pretest probability, negative D-dimer, initial imaging",3195260,CT chest without IV contrast,1-10 mSv☢☢☢,3-10 mSv [ped]☢☢☢☢,Usually not appropriate
865,Cardiac,"Pulmonary embolism suspected, intermediate pretest probability, negative D-dimer, initial imaging",3195260,CTA chest with IV contrast with CTV lower extremities,1-10 mSv☢☢☢,,Usually not appropriate
866,Cardiac,"Pulmonary embolism suspected, intermediate pretest probability, negative D-dimer, initial imaging",3195260,CTA pulmonary arteries with IV contrast,1-10 mSv☢☢☢,,Usually not appropriate
867,Cardiac,"Pulmonary embolism suspected, intermediate pretest probability, negative D-dimer, initial imaging",3195260,V/Q scan lung,1-10 mSv☢☢☢,,Usually not appropriate
868,Cardiac,"Pulmonary embolism suspected, intermediate pretest probability, positive D-dimer, initial imaging",3195263,CTA pulmonary arteries with IV contrast,1-10 mSv☢☢☢,,Usually appropriate
869,Cardiac,"Pulmonary embolism suspected, intermediate pretest probability, positive D-dimer, initial imaging",3195263,V/Q scan lung,1-10 mSv☢☢☢,,Usually appropriate
870,Cardiac,"Pulmonary embolism suspected, intermediate pretest probability, positive D-dimer, initial imaging",3195263,MRA pulmonary arteries without and with IV contrast,0 mSvO,0 mSv [ped]O,May be appropriate
871,Cardiac,"Pulmonary embolism suspected, intermediate pretest probability, positive D-dimer, initial imaging",3195263,CTA triple rule out,1-10 mSv☢☢☢,,May be appropriate (Disagreement)
872,Cardiac,"Pulmonary embolism suspected, intermediate pretest probability, positive D-dimer, initial imaging",3195263,US duplex Doppler lower extremity,0 mSvO,0 mSv [ped]O,Usually not appropriate
873,Cardiac,"Pulmonary embolism suspected, intermediate pretest probability, positive D-dimer, initial imaging",3195263,US echocardiography transesophageal,0 mSvO,0 mSv [ped]O,Usually not appropriate
874,Cardiac,"Pulmonary embolism suspected, intermediate pretest probability, positive D-dimer, initial imaging",3195263,US echocardiography transthoracic resting,0 mSvO,0 mSv [ped]O,Usually not appropriate
875,Cardiac,"Pulmonary embolism suspected, intermediate pretest probability, positive D-dimer, initial imaging",3195263,Arteriography pulmonary with right heart catheterization,10-30 mSv☢☢☢☢,,Usually not appropriate
876,Cardiac,"Pulmonary embolism suspected, intermediate pretest probability, positive D-dimer, initial imaging",3195263,MRA pulmonary arteries without IV contrast,0 mSvO,0 mSv [ped]O,Usually not appropriate
877,Cardiac,"Pulmonary embolism suspected, intermediate pretest probability, positive D-dimer, initial imaging",3195263,CT chest with IV contrast,1-10 mSv☢☢☢,3-10 mSv [ped]☢☢☢☢,Usually not appropriate
878,Cardiac,"Pulmonary embolism suspected, intermediate pretest probability, positive D-dimer, initial imaging",3195263,CT chest without and with IV contrast,1-10 mSv☢☢☢,3-10 mSv [ped]☢☢☢☢,Usually not appropriate
879,Cardiac,"Pulmonary embolism suspected, intermediate pretest probability, positive D-dimer, initial imaging",3195263,CT chest without IV contrast,1-10 mSv☢☢☢,3-10 mSv [ped]☢☢☢☢,Usually not appropriate
880,Cardiac,"Pulmonary embolism suspected, intermediate pretest probability, positive D-dimer, initial imaging",3195263,CTA chest with IV contrast with CTV lower extremities,1-10 mSv☢☢☢,,Usually not appropriate
881,Cardiac,"Pulmonary embolism suspected, low pretest probability, negative D-dimer, initial imaging",3195259,US duplex Doppler lower extremity,0 mSvO,0 mSv [ped]O,Usually not appropriate
882,Cardiac,"Pulmonary embolism suspected, low pretest probability, negative D-dimer, initial imaging",3195259,US echocardiography transesophageal,0 mSvO,0 mSv [ped]O,Usually not appropriate
883,Cardiac,"Pulmonary embolism suspected, low pretest probability, negative D-dimer, initial imaging",3195259,US echocardiography transthoracic resting,0 mSvO,0 mSv [ped]O,Usually not appropriate
884,Cardiac,"Pulmonary embolism suspected, low pretest probability, negative D-dimer, initial imaging",3195259,Arteriography pulmonary with right heart catheterization,10-30 mSv☢☢☢☢,,Usually not appropriate
885,Cardiac,"Pulmonary embolism suspected, low pretest probability, negative D-dimer, initial imaging",3195259,MRA pulmonary arteries without and with IV contrast,0 mSvO,0 mSv [ped]O,Usually not appropriate
886,Cardiac,"Pulmonary embolism suspected, low pretest probability, negative D-dimer, initial imaging",3195259,MRA pulmonary arteries without IV contrast,0 mSvO,0 mSv [ped]O,Usually not appropriate
887,Cardiac,"Pulmonary embolism suspected, low pretest probability, negative D-dimer, initial imaging",3195259,CT chest with IV contrast,1-10 mSv☢☢☢,3-10 mSv [ped]☢☢☢☢,Usually not appropriate
888,Cardiac,"Pulmonary embolism suspected, low pretest probability, negative D-dimer, initial imaging",3195259,CT chest without and with IV contrast,1-10 mSv☢☢☢,3-10 mSv [ped]☢☢☢☢,Usually not appropriate
889,Cardiac,"Pulmonary embolism suspected, low pretest probability, negative D-dimer, initial imaging",3195259,CT chest without IV contrast,1-10 mSv☢☢☢,3-10 mSv [ped]☢☢☢☢,Usually not appropriate
890,Cardiac,"Pulmonary embolism suspected, low pretest probability, negative D-dimer, initial imaging",3195259,CTA chest with IV contrast with CTV lower extremities,1-10 mSv☢☢☢,,Usually not appropriate
891,Cardiac,"Pulmonary embolism suspected, low pretest probability, negative D-dimer, initial imaging",3195259,CTA pulmonary arteries with IV contrast,1-10 mSv☢☢☢,,Usually not appropriate
892,Cardiac,"Pulmonary embolism suspected, low pretest probability, negative D-dimer, initial imaging",3195259,V/Q scan lung,1-10 mSv☢☢☢,,Usually not appropriate
893,Cardiac,"Pulmonary embolism suspected, low pretest probability, positive D-dimer, initial imaging",3195262,CTA pulmonary arteries with IV contrast,1-10 mSv☢☢☢,,Usually appropriate
894,Cardiac,"Pulmonary embolism suspected, low pretest probability, positive D-dimer, initial imaging",3195262,V/Q scan lung,1-10 mSv☢☢☢,,Usually appropriate
895,Cardiac,"Pulmonary embolism suspected, low pretest probability, positive D-dimer, initial imaging",3195262,MRA pulmonary arteries without and with IV contrast,0 mSvO,0 mSv [ped]O,May be appropriate
896,Cardiac,"Pulmonary embolism suspected, low pretest probability, positive D-dimer, initial imaging",3195262,CTA triple rule out,1-10 mSv☢☢☢,,May be appropriate (Disagreement)
897,Cardiac,"Pulmonary embolism suspected, low pretest probability, positive D-dimer, initial imaging",3195262,US duplex Doppler lower extremity,0 mSvO,0 mSv [ped]O,Usually not appropriate
898,Cardiac,"Pulmonary embolism suspected, low pretest probability, positive D-dimer, initial imaging",3195262,US echocardiography transesophageal,0 mSvO,0 mSv [ped]O,Usually not appropriate
899,Cardiac,"Pulmonary embolism suspected, low pretest probability, positive D-dimer, initial imaging",3195262,US echocardiography transthoracic resting,0 mSvO,0 mSv [ped]O,Usually not appropriate
900,Cardiac,"Pulmonary embolism suspected, low pretest probability, positive D-dimer, initial imaging",3195262,Arteriography pulmonary with right heart catheterization,10-30 mSv☢☢☢☢,,Usually not appropriate
901,Cardiac,"Pulmonary embolism suspected, low pretest probability, positive D-dimer, initial imaging",3195262,MRA pulmonary arteries without IV contrast,0 mSvO,0 mSv [ped]O,Usually not appropriate
902,Cardiac,"Pulmonary embolism suspected, low pretest probability, positive D-dimer, initial imaging",3195262,CT chest with IV contrast,1-10 mSv☢☢☢,3-10 mSv [ped]☢☢☢☢,Usually not appropriate
903,Cardiac,"Pulmonary embolism suspected, low pretest probability, positive D-dimer, initial imaging",3195262,CT chest without and with IV contrast,1-10 mSv☢☢☢,3-10 mSv [ped]☢☢☢☢,Usually not appropriate
904,Cardiac,"Pulmonary embolism suspected, low pretest probability, positive D-dimer, initial imaging",3195262,CT chest without IV contrast,1-10 mSv☢☢☢,3-10 mSv [ped]☢☢☢☢,Usually not appropriate
905,Cardiac,"Pulmonary embolism suspected, low pretest probability, positive D-dimer, initial imaging",3195262,CTA chest with IV contrast with CTV lower extremities,1-10 mSv☢☢☢,,Usually not appropriate
906,Cardiac,"Pulmonary embolism suspected, pregnant, initial imaging",3195266,US duplex Doppler lower extremity,0 mSvO,0 mSv [ped]O,Usually appropriate
907,Cardiac,"Pulmonary embolism suspected, pregnant, initial imaging",3195266,Radiography chest,<0.1 mSv☢,<0.03 mSv [ped]☢,Usually appropriate
908,Cardiac,"Pulmonary embolism suspected, pregnant, initial imaging",3195266,CTA pulmonary arteries with IV contrast,1-10 mSv☢☢☢,,Usually appropriate
909,Cardiac,"Pulmonary embolism suspected, pregnant, initial imaging",3195266,V/Q scan lung,1-10 mSv☢☢☢,,Usually appropriate
910,Cardiac,"Pulmonary embolism suspected, pregnant, initial imaging",3195266,US echocardiography transesophageal,0 mSvO,0 mSv [ped]O,Usually not appropriate
911,Cardiac,"Pulmonary embolism suspected, pregnant, initial imaging",3195266,US echocardiography transthoracic resting,0 mSvO,0 mSv [ped]O,Usually not appropriate
912,Cardiac,"Pulmonary embolism suspected, pregnant, initial imaging",3195266,Arteriography pulmonary with right heart catheterization,10-30 mSv☢☢☢☢,,Usually not appropriate
913,Cardiac,"Pulmonary embolism suspected, pregnant, initial imaging",3195266,MRA pulmonary arteries without and with IV contrast,0 mSvO,0 mSv [ped]O,Usually not appropriate
914,Cardiac,"Pulmonary embolism suspected, pregnant, initial imaging",3195266,MRA pulmonary arteries without IV contrast,0 mSvO,0 mSv [ped]O,Usually not appropriate
915,Cardiac,"Pulmonary embolism suspected, pregnant, initial imaging",3195266,CT chest with IV contrast,1-10 mSv☢☢☢,3-10 mSv [ped]☢☢☢☢,Usually not appropriate
916,Cardiac,"Pulmonary embolism suspected, pregnant, initial imaging",3195266,CT chest without and with IV contrast,1-10 mSv☢☢☢,3-10 mSv [ped]☢☢☢☢,Usually not appropriate
917,Cardiac,"Pulmonary embolism suspected, pregnant, initial imaging",3195266,CT chest without IV contrast,1-10 mSv☢☢☢,3-10 mSv [ped]☢☢☢☢,Usually not appropriate
918,Cardiac,"Pulmonary embolism suspected, pregnant, initial imaging",3195266,CTA chest with IV contrast with CTV lower extremities,1-10 mSv☢☢☢,,Usually not appropriate
919,Cardiac,"Pulmonary embolism suspected, pregnant, initial imaging",3195266,CTA triple rule out,1-10 mSv☢☢☢,,Usually not appropriate
920,Cardiac,"Repaired pulmonary valve stenosis, branch pulmonary artery stenosis suspected, TTE inadequate assessment of cardiovascular morphology and function, next imaging study",3196439,Radiography chest,<0.1 mSv☢,<0.03 mSv [ped]☢,Usually appropriate
921,Cardiac,"Repaired pulmonary valve stenosis, branch pulmonary artery stenosis suspected, TTE inadequate assessment of cardiovascular morphology and function, next imaging study",3196439,MRA chest without and with IV contrast,0 mSvO,0 mSv [ped]O,Usually appropriate
922,Cardiac,"Repaired pulmonary valve stenosis, branch pulmonary artery stenosis suspected, TTE inadequate assessment of cardiovascular morphology and function, next imaging study",3196439,MRI heart function and morphology without and with IV contrast,0 mSvO,0 mSv [ped]O,Usually appropriate
923,Cardiac,"Repaired pulmonary valve stenosis, branch pulmonary artery stenosis suspected, TTE inadequate assessment of cardiovascular morphology and function, next imaging study",3196439,MRI heart function and morphology without IV contrast,0 mSvO,0 mSv [ped]O,Usually appropriate
924,Cardiac,"Repaired pulmonary valve stenosis, branch pulmonary artery stenosis suspected, TTE inadequate assessment of cardiovascular morphology and function, next imaging study",3196439,CTA chest with IV contrast,1-10 mSv☢☢☢,3-10 mSv [ped]☢☢☢☢,Usually appropriate
925,Cardiac,"Repaired pulmonary valve stenosis, branch pulmonary artery stenosis suspected, TTE inadequate assessment of cardiovascular morphology and function, next imaging study",3196439,CT heart function and morphology with IV contrast,10-30 mSv☢☢☢☢,3-10 mSv [ped]☢☢☢☢,Usually appropriate
926,Cardiac,"Repaired pulmonary valve stenosis, branch pulmonary artery stenosis suspected, TTE inadequate assessment of cardiovascular morphology and function, next imaging study",3196439,US echocardiography transesophageal,0 mSvO,0 mSv [ped]O,May be appropriate
927,Cardiac,"Repaired pulmonary valve stenosis, branch pulmonary artery stenosis suspected, TTE inadequate assessment of cardiovascular morphology and function, next imaging study",3196439,Arteriography coronary with ventriculography,1-10 mSv☢☢☢,3-10 mSv [ped]☢☢☢☢,May be appropriate
928,Cardiac,"Repaired pulmonary valve stenosis, branch pulmonary artery stenosis suspected, TTE inadequate assessment of cardiovascular morphology and function, next imaging study",3196439,Arteriography pulmonary,10-30 mSv☢☢☢☢,,May be appropriate
929,Cardiac,"Repaired pulmonary valve stenosis, branch pulmonary artery stenosis suspected, TTE inadequate assessment of cardiovascular morphology and function, next imaging study",3196439,MRA chest without IV contrast,0 mSvO,0 mSv [ped]O,May be appropriate
930,Cardiac,"Repaired pulmonary valve stenosis, branch pulmonary artery stenosis suspected, TTE inadequate assessment of cardiovascular morphology and function, next imaging study",3196439,CTA coronary arteries with IV contrast,1-10 mSv☢☢☢,3-10 mSv [ped]☢☢☢☢,May be appropriate
931,Cardiac,"Repaired pulmonary valve stenosis, branch pulmonary artery stenosis suspected, TTE inadequate assessment of cardiovascular morphology and function, next imaging study",3196439,Perfusion scan lung,1-10 mSv☢☢☢,3-10 mSv [ped]☢☢☢☢,May be appropriate
932,Cardiac,"Repaired pulmonary valve stenosis, branch pulmonary artery stenosis suspected, TTE inadequate assessment of cardiovascular morphology and function, next imaging study",3196439,MRA abdomen without and with IV contrast,0 mSvO,0 mSv [ped]O,Usually not appropriate
933,Cardiac,"Repaired pulmonary valve stenosis, branch pulmonary artery stenosis suspected, TTE inadequate assessment of cardiovascular morphology and function, next imaging study",3196439,MRA abdomen without IV contrast,0 mSvO,0 mSv [ped]O,Usually not appropriate
934,Cardiac,"Repaired pulmonary valve stenosis, branch pulmonary artery stenosis suspected, TTE inadequate assessment of cardiovascular morphology and function, next imaging study",3196439,MRA neck without and with IV contrast,0 mSvO,0 mSv [ped]O,Usually not appropriate
935,Cardiac,"Repaired pulmonary valve stenosis, branch pulmonary artery stenosis suspected, TTE inadequate assessment of cardiovascular morphology and function, next imaging study",3196439,MRA neck without IV contrast,0 mSvO,0 mSv [ped]O,Usually not appropriate
936,Cardiac,"Repaired pulmonary valve stenosis, branch pulmonary artery stenosis suspected, TTE inadequate assessment of cardiovascular morphology and function, next imaging study",3196439,MRI heart function with stress without and with IV contrast,0 mSvO,0 mSv [ped]O,Usually not appropriate
937,Cardiac,"Repaired pulmonary valve stenosis, branch pulmonary artery stenosis suspected, TTE inadequate assessment of cardiovascular morphology and function, next imaging study",3196439,MRI heart function with stress without IV contrast,0 mSvO,0 mSv [ped]O,Usually not appropriate
938,Cardiac,"Repaired pulmonary valve stenosis, branch pulmonary artery stenosis suspected, TTE inadequate assessment of cardiovascular morphology and function, next imaging study",3196439,FDG-PET/CT heart,10-30 mSv☢☢☢☢,3-10 mSv [ped]☢☢☢☢,Usually not appropriate
939,Cardiac,"Repaired pulmonary valve stenosis, branch pulmonary artery stenosis suspected, TTE inadequate assessment of cardiovascular morphology and function, next imaging study",3196439,SPECT or SPECT/CT MPI rest and stress,10-30 mSv☢☢☢☢,10-30 mSv [ped]☢☢☢☢☢,Usually not appropriate
940,Cardiac,"Repaired pulmonary valve stenosis, pulmonary valve dysfunction suspected, TTE inadequate assessment of cardiovascular morphology and function, next imaging study",3196438,Radiography chest,<0.1 mSv☢,<0.03 mSv [ped]☢,Usually appropriate
941,Cardiac,"Repaired pulmonary valve stenosis, pulmonary valve dysfunction suspected, TTE inadequate assessment of cardiovascular morphology and function, next imaging study",3196438,MRA chest without and with IV contrast,0 mSvO,0 mSv [ped]O,Usually appropriate
942,Cardiac,"Repaired pulmonary valve stenosis, pulmonary valve dysfunction suspected, TTE inadequate assessment of cardiovascular morphology and function, next imaging study",3196438,MRI heart function and morphology without and with IV contrast,0 mSvO,0 mSv [ped]O,Usually appropriate
943,Cardiac,"Repaired pulmonary valve stenosis, pulmonary valve dysfunction suspected, TTE inadequate assessment of cardiovascular morphology and function, next imaging study",3196438,MRI heart function and morphology without IV contrast,0 mSvO,0 mSv [ped]O,Usually appropriate
944,Cardiac,"Repaired pulmonary valve stenosis, pulmonary valve dysfunction suspected, TTE inadequate assessment of cardiovascular morphology and function, next imaging study",3196438,CTA chest with IV contrast,1-10 mSv☢☢☢,3-10 mSv [ped]☢☢☢☢,Usually appropriate
945,Cardiac,"Repaired pulmonary valve stenosis, pulmonary valve dysfunction suspected, TTE inadequate assessment of cardiovascular morphology and function, next imaging study",3196438,CT heart function and morphology with IV contrast,10-30 mSv☢☢☢☢,3-10 mSv [ped]☢☢☢☢,Usually appropriate
946,Cardiac,"Repaired pulmonary valve stenosis, pulmonary valve dysfunction suspected, TTE inadequate assessment of cardiovascular morphology and function, next imaging study",3196438,US echocardiography transesophageal,0 mSvO,0 mSv [ped]O,May be appropriate
947,Cardiac,"Repaired pulmonary valve stenosis, pulmonary valve dysfunction suspected, TTE inadequate assessment of cardiovascular morphology and function, next imaging study",3196438,Arteriography coronary with ventriculography,1-10 mSv☢☢☢,3-10 mSv [ped]☢☢☢☢,May be appropriate
948,Cardiac,"Repaired pulmonary valve stenosis, pulmonary valve dysfunction suspected, TTE inadequate assessment of cardiovascular morphology and function, next imaging study",3196438,Arteriography pulmonary,10-30 mSv☢☢☢☢,,May be appropriate
949,Cardiac,"Repaired pulmonary valve stenosis, pulmonary valve dysfunction suspected, TTE inadequate assessment of cardiovascular morphology and function, next imaging study",3196438,MRA chest without IV contrast,0 mSvO,0 mSv [ped]O,May be appropriate
950,Cardiac,"Repaired pulmonary valve stenosis, pulmonary valve dysfunction suspected, TTE inadequate assessment of cardiovascular morphology and function, next imaging study",3196438,CTA coronary arteries with IV contrast,1-10 mSv☢☢☢,3-10 mSv [ped]☢☢☢☢,May be appropriate
951,Cardiac,"Repaired pulmonary valve stenosis, pulmonary valve dysfunction suspected, TTE inadequate assessment of cardiovascular morphology and function, next imaging study",3196438,Perfusion scan lung,1-10 mSv☢☢☢,3-10 mSv [ped]☢☢☢☢,May be appropriate
952,Cardiac,"Repaired pulmonary valve stenosis, pulmonary valve dysfunction suspected, TTE inadequate assessment of cardiovascular morphology and function, next imaging study",3196438,MRA abdomen without and with IV contrast,0 mSvO,0 mSv [ped]O,Usually not appropriate
953,Cardiac,"Repaired pulmonary valve stenosis, pulmonary valve dysfunction suspected, TTE inadequate assessment of cardiovascular morphology and function, next imaging study",3196438,MRA abdomen without IV contrast,0 mSvO,0 mSv [ped]O,Usually not appropriate
954,Cardiac,"Repaired pulmonary valve stenosis, pulmonary valve dysfunction suspected, TTE inadequate assessment of cardiovascular morphology and function, next imaging study",3196438,MRA neck without and with IV contrast,0 mSvO,0 mSv [ped]O,Usually not appropriate
955,Cardiac,"Repaired pulmonary valve stenosis, pulmonary valve dysfunction suspected, TTE inadequate assessment of cardiovascular morphology and function, next imaging study",3196438,MRA neck without IV contrast,0 mSvO,0 mSv [ped]O,Usually not appropriate
956,Cardiac,"Repaired pulmonary valve stenosis, pulmonary valve dysfunction suspected, TTE inadequate assessment of cardiovascular morphology and function, next imaging study",3196438,MRI heart function with stress without and with IV contrast,0 mSvO,0 mSv [ped]O,Usually not appropriate
957,Cardiac,"Repaired pulmonary valve stenosis, pulmonary valve dysfunction suspected, TTE inadequate assessment of cardiovascular morphology and function, next imaging study",3196438,MRI heart function with stress without IV contrast,0 mSvO,0 mSv [ped]O,Usually not appropriate
958,Cardiac,"Repaired pulmonary valve stenosis, pulmonary valve dysfunction suspected, TTE inadequate assessment of cardiovascular morphology and function, next imaging study",3196438,FDG-PET/CT heart,10-30 mSv☢☢☢☢,3-10 mSv [ped]☢☢☢☢,Usually not appropriate
959,Cardiac,"Repaired pulmonary valve stenosis, pulmonary valve dysfunction suspected, TTE inadequate assessment of cardiovascular morphology and function, next imaging study",3196438,SPECT or SPECT/CT MPI rest and stress,10-30 mSv☢☢☢☢,10-30 mSv [ped]☢☢☢☢☢,Usually not appropriate
960,Cardiac,"Repaired tetralogy of Fallot, branch pulmonary artery stenosis suspected, TTE inadequate assessment of cardiovascular morphology and function, next imaging study",3196437,Radiography chest,<0.1 mSv☢,<0.03 mSv [ped]☢,Usually appropriate
961,Cardiac,"Repaired tetralogy of Fallot, branch pulmonary artery stenosis suspected, TTE inadequate assessment of cardiovascular morphology and function, next imaging study",3196437,MRA chest without and with IV contrast,0 mSvO,0 mSv [ped]O,Usually appropriate
962,Cardiac,"Repaired tetralogy of Fallot, branch pulmonary artery stenosis suspected, TTE inadequate assessment of cardiovascular morphology and function, next imaging study",3196437,MRI heart function and morphology without and with IV contrast,0 mSvO,0 mSv [ped]O,Usually appropriate
963,Cardiac,"Repaired tetralogy of Fallot, branch pulmonary artery stenosis suspected, TTE inadequate assessment of cardiovascular morphology and function, next imaging study",3196437,MRI heart function and morphology without IV contrast,0 mSvO,0 mSv [ped]O,Usually appropriate
964,Cardiac,"Repaired tetralogy of Fallot, branch pulmonary artery stenosis suspected, TTE inadequate assessment of cardiovascular morphology and function, next imaging study",3196437,CTA chest with IV contrast,1-10 mSv☢☢☢,3-10 mSv [ped]☢☢☢☢,Usually appropriate
965,Cardiac,"Repaired tetralogy of Fallot, branch pulmonary artery stenosis suspected, TTE inadequate assessment of cardiovascular morphology and function, next imaging study",3196437,CT heart function and morphology with IV contrast,10-30 mSv☢☢☢☢,3-10 mSv [ped]☢☢☢☢,Usually appropriate
966,Cardiac,"Repaired tetralogy of Fallot, branch pulmonary artery stenosis suspected, TTE inadequate assessment of cardiovascular morphology and function, next imaging study",3196437,US echocardiography transesophageal,0 mSvO,0 mSv [ped]O,May be appropriate
967,Cardiac,"Repaired tetralogy of Fallot, branch pulmonary artery stenosis suspected, TTE inadequate assessment of cardiovascular morphology and function, next imaging study",3196437,Arteriography coronary with ventriculography,1-10 mSv☢☢☢,3-10 mSv [ped]☢☢☢☢,May be appropriate
968,Cardiac,"Repaired tetralogy of Fallot, branch pulmonary artery stenosis suspected, TTE inadequate assessment of cardiovascular morphology and function, next imaging study",3196437,Arteriography pulmonary,10-30 mSv☢☢☢☢,,May be appropriate
969,Cardiac,"Repaired tetralogy of Fallot, branch pulmonary artery stenosis suspected, TTE inadequate assessment of cardiovascular morphology and function, next imaging study",3196437,MRA chest without IV contrast,0 mSvO,0 mSv [ped]O,May be appropriate
970,Cardiac,"Repaired tetralogy of Fallot, branch pulmonary artery stenosis suspected, TTE inadequate assessment of cardiovascular morphology and function, next imaging study",3196437,CTA coronary arteries with IV contrast,1-10 mSv☢☢☢,3-10 mSv [ped]☢☢☢☢,May be appropriate
971,Cardiac,"Repaired tetralogy of Fallot, branch pulmonary artery stenosis suspected, TTE inadequate assessment of cardiovascular morphology and function, next imaging study",3196437,Perfusion scan lung,1-10 mSv☢☢☢,3-10 mSv [ped]☢☢☢☢,May be appropriate
972,Cardiac,"Repaired tetralogy of Fallot, branch pulmonary artery stenosis suspected, TTE inadequate assessment of cardiovascular morphology and function, next imaging study",3196437,MRA abdomen without and with IV contrast,0 mSvO,0 mSv [ped]O,Usually not appropriate
973,Cardiac,"Repaired tetralogy of Fallot, branch pulmonary artery stenosis suspected, TTE inadequate assessment of cardiovascular morphology and function, next imaging study",3196437,MRA abdomen without IV contrast,0 mSvO,0 mSv [ped]O,Usually not appropriate
974,Cardiac,"Repaired tetralogy of Fallot, branch pulmonary artery stenosis suspected, TTE inadequate assessment of cardiovascular morphology and function, next imaging study",3196437,MRA neck without and with IV contrast,0 mSvO,0 mSv [ped]O,Usually not appropriate
975,Cardiac,"Repaired tetralogy of Fallot, branch pulmonary artery stenosis suspected, TTE inadequate assessment of cardiovascular morphology and function, next imaging study",3196437,MRA neck without IV contrast,0 mSvO,0 mSv [ped]O,Usually not appropriate
976,Cardiac,"Repaired tetralogy of Fallot, branch pulmonary artery stenosis suspected, TTE inadequate assessment of cardiovascular morphology and function, next imaging study",3196437,MRI heart function with stress without and with IV contrast,0 mSvO,0 mSv [ped]O,Usually not appropriate
977,Cardiac,"Repaired tetralogy of Fallot, branch pulmonary artery stenosis suspected, TTE inadequate assessment of cardiovascular morphology and function, next imaging study",3196437,MRI heart function with stress without IV contrast,0 mSvO,0 mSv [ped]O,Usually not appropriate
978,Cardiac,"Repaired tetralogy of Fallot, branch pulmonary artery stenosis suspected, TTE inadequate assessment of cardiovascular morphology and function, next imaging study",3196437,FDG-PET/CT heart,10-30 mSv☢☢☢☢,3-10 mSv [ped]☢☢☢☢,Usually not appropriate
979,Cardiac,"Repaired tetralogy of Fallot, branch pulmonary artery stenosis suspected, TTE inadequate assessment of cardiovascular morphology and function, next imaging study",3196437,SPECT or SPECT/CT MPI rest and stress,10-30 mSv☢☢☢☢,10-30 mSv [ped]☢☢☢☢☢,Usually not appropriate
980,Cardiac,"Repaired tetralogy of Fallot, pulmonary valve dysfunction suspected, TTE inadequate assessment of cardiovascular morphology and function, next imaging study",3196436,Radiography chest,<0.1 mSv☢,<0.03 mSv [ped]☢,Usually appropriate
981,Cardiac,"Repaired tetralogy of Fallot, pulmonary valve dysfunction suspected, TTE inadequate assessment of cardiovascular morphology and function, next imaging study",3196436,MRA chest without and with IV contrast,0 mSvO,0 mSv [ped]O,Usually appropriate
982,Cardiac,"Repaired tetralogy of Fallot, pulmonary valve dysfunction suspected, TTE inadequate assessment of cardiovascular morphology and function, next imaging study",3196436,MRI heart function and morphology without and with IV contrast,0 mSvO,0 mSv [ped]O,Usually appropriate
983,Cardiac,"Repaired tetralogy of Fallot, pulmonary valve dysfunction suspected, TTE inadequate assessment of cardiovascular morphology and function, next imaging study",3196436,MRI heart function and morphology without IV contrast,0 mSvO,0 mSv [ped]O,Usually appropriate
984,Cardiac,"Repaired tetralogy of Fallot, pulmonary valve dysfunction suspected, TTE inadequate assessment of cardiovascular morphology and function, next imaging study",3196436,CTA chest with IV contrast,1-10 mSv☢☢☢,3-10 mSv [ped]☢☢☢☢,Usually appropriate
985,Cardiac,"Repaired tetralogy of Fallot, pulmonary valve dysfunction suspected, TTE inadequate assessment of cardiovascular morphology and function, next imaging study",3196436,CT heart function and morphology with IV contrast,10-30 mSv☢☢☢☢,3-10 mSv [ped]☢☢☢☢,Usually appropriate
986,Cardiac,"Repaired tetralogy of Fallot, pulmonary valve dysfunction suspected, TTE inadequate assessment of cardiovascular morphology and function, next imaging study",3196436,US echocardiography transesophageal,0 mSvO,0 mSv [ped]O,May be appropriate
987,Cardiac,"Repaired tetralogy of Fallot, pulmonary valve dysfunction suspected, TTE inadequate assessment of cardiovascular morphology and function, next imaging study",3196436,Arteriography coronary with ventriculography,1-10 mSv☢☢☢,3-10 mSv [ped]☢☢☢☢,May be appropriate
988,Cardiac,"Repaired tetralogy of Fallot, pulmonary valve dysfunction suspected, TTE inadequate assessment of cardiovascular morphology and function, next imaging study",3196436,Arteriography pulmonary,10-30 mSv☢☢☢☢,,May be appropriate
989,Cardiac,"Repaired tetralogy of Fallot, pulmonary valve dysfunction suspected, TTE inadequate assessment of cardiovascular morphology and function, next imaging study",3196436,MRA chest without IV contrast,0 mSvO,0 mSv [ped]O,May be appropriate
990,Cardiac,"Repaired tetralogy of Fallot, pulmonary valve dysfunction suspected, TTE inadequate assessment of cardiovascular morphology and function, next imaging study",3196436,CTA coronary arteries with IV contrast,1-10 mSv☢☢☢,3-10 mSv [ped]☢☢☢☢,May be appropriate
991,Cardiac,"Repaired tetralogy of Fallot, pulmonary valve dysfunction suspected, TTE inadequate assessment of cardiovascular morphology and function, next imaging study",3196436,Perfusion scan lung,1-10 mSv☢☢☢,3-10 mSv [ped]☢☢☢☢,May be appropriate
992,Cardiac,"Repaired tetralogy of Fallot, pulmonary valve dysfunction suspected, TTE inadequate assessment of cardiovascular morphology and function, next imaging study",3196436,MRA abdomen without and with IV contrast,0 mSvO,0 mSv [ped]O,Usually not appropriate
993,Cardiac,"Repaired tetralogy of Fallot, pulmonary valve dysfunction suspected, TTE inadequate assessment of cardiovascular morphology and function, next imaging study",3196436,MRA abdomen without IV contrast,0 mSvO,0 mSv [ped]O,Usually not appropriate
994,Cardiac,"Repaired tetralogy of Fallot, pulmonary valve dysfunction suspected, TTE inadequate assessment of cardiovascular morphology and function, next imaging study",3196436,MRA neck without and with IV contrast,0 mSvO,0 mSv [ped]O,Usually not appropriate
995,Cardiac,"Repaired tetralogy of Fallot, pulmonary valve dysfunction suspected, TTE inadequate assessment of cardiovascular morphology and function, next imaging study",3196436,MRA neck without IV contrast,0 mSvO,0 mSv [ped]O,Usually not appropriate
996,Cardiac,"Repaired tetralogy of Fallot, pulmonary valve dysfunction suspected, TTE inadequate assessment of cardiovascular morphology and function, next imaging study",3196436,MRI heart function with stress without and with IV contrast,0 mSvO,0 mSv [ped]O,Usually not appropriate
997,Cardiac,"Repaired tetralogy of Fallot, pulmonary valve dysfunction suspected, TTE inadequate assessment of cardiovascular morphology and function, next imaging study",3196436,MRI heart function with stress without IV contrast,0 mSvO,0 mSv [ped]O,Usually not appropriate
998,Cardiac,"Repaired tetralogy of Fallot, pulmonary valve dysfunction suspected, TTE inadequate assessment of cardiovascular morphology and function, next imaging study",3196436,FDG-PET/CT heart,10-30 mSv☢☢☢☢,3-10 mSv [ped]☢☢☢☢,Usually not appropriate
999,Cardiac,"Repaired tetralogy of Fallot, pulmonary valve dysfunction suspected, TTE inadequate assessment of cardiovascular morphology and function, next imaging study",3196436,SPECT or SPECT/CT MPI rest and stress,10-30 mSv☢☢☢☢,10-30 mSv [ped]☢☢☢☢☢,Usually not appropriate
1000,Cardiac,"Single ventricle physiology, postop eval, stage 3 single ventricle palliation, total cavopulmonary connection, TTE inadequate assessment of cardiovascular morphology and function, next imaging study",3196454,MRA chest without and with IV contrast,0 mSvO,0 mSv [ped]O,Usually appropriate
1001,Cardiac,"Single ventricle physiology, postop eval, stage 3 single ventricle palliation, total cavopulmonary connection, TTE inadequate assessment of cardiovascular morphology and function, next imaging study",3196454,MRA chest without IV contrast,0 mSvO,0 mSv [ped]O,Usually appropriate
1002,Cardiac,"Single ventricle physiology, postop eval, stage 3 single ventricle palliation, total cavopulmonary connection, TTE inadequate assessment of cardiovascular morphology and function, next imaging study",3196454,MRI heart function and morphology without and with IV contrast,0 mSvO,0 mSv [ped]O,Usually appropriate
1003,Cardiac,"Single ventricle physiology, postop eval, stage 3 single ventricle palliation, total cavopulmonary connection, TTE inadequate assessment of cardiovascular morphology and function, next imaging study",3196454,MRI heart function and morphology without IV contrast,0 mSvO,0 mSv [ped]O,Usually appropriate
1004,Cardiac,"Single ventricle physiology, postop eval, stage 3 single ventricle palliation, total cavopulmonary connection, TTE inadequate assessment of cardiovascular morphology and function, next imaging study",3196454,CTA chest with IV contrast,1-10 mSv☢☢☢,3-10 mSv [ped]☢☢☢☢,Usually appropriate
1005,Cardiac,"Single ventricle physiology, postop eval, stage 3 single ventricle palliation, total cavopulmonary connection, TTE inadequate assessment of cardiovascular morphology and function, next imaging study",3196454,CT heart function and morphology with IV contrast,10-30 mSv☢☢☢☢,3-10 mSv [ped]☢☢☢☢,Usually appropriate
1006,Cardiac,"Single ventricle physiology, postop eval, stage 3 single ventricle palliation, total cavopulmonary connection, TTE inadequate assessment of cardiovascular morphology and function, next imaging study",3196454,US echocardiography transesophageal,0 mSvO,0 mSv [ped]O,May be appropriate
1007,Cardiac,"Single ventricle physiology, postop eval, stage 3 single ventricle palliation, total cavopulmonary connection, TTE inadequate assessment of cardiovascular morphology and function, next imaging study",3196454,Radiography chest,<0.1 mSv☢,<0.03 mSv [ped]☢,May be appropriate
1008,Cardiac,"Single ventricle physiology, postop eval, stage 3 single ventricle palliation, total cavopulmonary connection, TTE inadequate assessment of cardiovascular morphology and function, next imaging study",3196454,Arteriography coronary with ventriculography,1-10 mSv☢☢☢,3-10 mSv [ped]☢☢☢☢,May be appropriate
1009,Cardiac,"Single ventricle physiology, postop eval, stage 3 single ventricle palliation, total cavopulmonary connection, TTE inadequate assessment of cardiovascular morphology and function, next imaging study",3196454,Arteriography pulmonary,10-30 mSv☢☢☢☢,,May be appropriate
1010,Cardiac,"Single ventricle physiology, postop eval, stage 3 single ventricle palliation, total cavopulmonary connection, TTE inadequate assessment of cardiovascular morphology and function, next imaging study",3196454,CTA coronary arteries with IV contrast,1-10 mSv☢☢☢,3-10 mSv [ped]☢☢☢☢,May be appropriate
1011,Cardiac,"Single ventricle physiology, postop eval, stage 3 single ventricle palliation, total cavopulmonary connection, TTE inadequate assessment of cardiovascular morphology and function, next imaging study",3196454,MRA abdomen without and with IV contrast,0 mSvO,0 mSv [ped]O,Usually not appropriate
1012,Cardiac,"Single ventricle physiology, postop eval, stage 3 single ventricle palliation, total cavopulmonary connection, TTE inadequate assessment of cardiovascular morphology and function, next imaging study",3196454,MRA abdomen without IV contrast,0 mSvO,0 mSv [ped]O,Usually not appropriate
1013,Cardiac,"Single ventricle physiology, postop eval, stage 3 single ventricle palliation, total cavopulmonary connection, TTE inadequate assessment of cardiovascular morphology and function, next imaging study",3196454,MRA neck without and with IV contrast,0 mSvO,0 mSv [ped]O,Usually not appropriate
1014,Cardiac,"Single ventricle physiology, postop eval, stage 3 single ventricle palliation, total cavopulmonary connection, TTE inadequate assessment of cardiovascular morphology and function, next imaging study",3196454,MRA neck without IV contrast,0 mSvO,0 mSv [ped]O,Usually not appropriate
1015,Cardiac,"Single ventricle physiology, postop eval, stage 3 single ventricle palliation, total cavopulmonary connection, TTE inadequate assessment of cardiovascular morphology and function, next imaging study",3196454,MRI heart function with stress without and with IV contrast,0 mSvO,0 mSv [ped]O,Usually not appropriate
1016,Cardiac,"Single ventricle physiology, postop eval, stage 3 single ventricle palliation, total cavopulmonary connection, TTE inadequate assessment of cardiovascular morphology and function, next imaging study",3196454,MRI heart function with stress without IV contrast,0 mSvO,0 mSv [ped]O,Usually not appropriate
1017,Cardiac,"Single ventricle physiology, postop eval, stage 3 single ventricle palliation, total cavopulmonary connection, TTE inadequate assessment of cardiovascular morphology and function, next imaging study",3196454,FDG-PET/CT heart,10-30 mSv☢☢☢☢,3-10 mSv [ped]☢☢☢☢,Usually not appropriate
1018,Cardiac,"Single ventricle physiology, postop eval, stage 3 single ventricle palliation, total cavopulmonary connection, TTE inadequate assessment of cardiovascular morphology and function, next imaging study",3196454,SPECT or SPECT/CT MPI rest and stress,10-30 mSv☢☢☢☢,10-30 mSv [ped]☢☢☢☢☢,Usually not appropriate
1019,Cardiac,"Single ventricle physiology, preop eval, stage 2 single ventricle palliation, TTE inadequate assessment of cardiovascular morphology and function, next imaging study",3196450,Arteriography coronary with ventriculography,1-10 mSv☢☢☢,3-10 mSv [ped]☢☢☢☢,Usually appropriate
1020,Cardiac,"Single ventricle physiology, preop eval, stage 2 single ventricle palliation, TTE inadequate assessment of cardiovascular morphology and function, next imaging study",3196450,Arteriography pulmonary,10-30 mSv☢☢☢☢,,Usually appropriate
1021,Cardiac,"Single ventricle physiology, preop eval, stage 2 single ventricle palliation, TTE inadequate assessment of cardiovascular morphology and function, next imaging study",3196450,MRA chest without and with IV contrast,0 mSvO,0 mSv [ped]O,Usually appropriate
1022,Cardiac,"Single ventricle physiology, preop eval, stage 2 single ventricle palliation, TTE inadequate assessment of cardiovascular morphology and function, next imaging study",3196450,MRA chest without IV contrast,0 mSvO,0 mSv [ped]O,Usually appropriate
1023,Cardiac,"Single ventricle physiology, preop eval, stage 2 single ventricle palliation, TTE inadequate assessment of cardiovascular morphology and function, next imaging study",3196450,MRI heart function and morphology without and with IV contrast,0 mSvO,0 mSv [ped]O,Usually appropriate
1024,Cardiac,"Single ventricle physiology, preop eval, stage 2 single ventricle palliation, TTE inadequate assessment of cardiovascular morphology and function, next imaging study",3196450,MRI heart function and morphology without IV contrast,0 mSvO,0 mSv [ped]O,Usually appropriate
1025,Cardiac,"Single ventricle physiology, preop eval, stage 2 single ventricle palliation, TTE inadequate assessment of cardiovascular morphology and function, next imaging study",3196450,CTA chest with IV contrast,1-10 mSv☢☢☢,3-10 mSv [ped]☢☢☢☢,Usually appropriate
1026,Cardiac,"Single ventricle physiology, preop eval, stage 2 single ventricle palliation, TTE inadequate assessment of cardiovascular morphology and function, next imaging study",3196450,CT heart function and morphology with IV contrast,10-30 mSv☢☢☢☢,3-10 mSv [ped]☢☢☢☢,Usually appropriate
1027,Cardiac,"Single ventricle physiology, preop eval, stage 2 single ventricle palliation, TTE inadequate assessment of cardiovascular morphology and function, next imaging study",3196450,US echocardiography transesophageal,0 mSvO,0 mSv [ped]O,May be appropriate
1028,Cardiac,"Single ventricle physiology, preop eval, stage 2 single ventricle palliation, TTE inadequate assessment of cardiovascular morphology and function, next imaging study",3196450,Radiography chest,<0.1 mSv☢,<0.03 mSv [ped]☢,Usually not appropriate
1029,Cardiac,"Single ventricle physiology, preop eval, stage 2 single ventricle palliation, TTE inadequate assessment of cardiovascular morphology and function, next imaging study",3196450,MRA abdomen without and with IV contrast,0 mSvO,0 mSv [ped]O,Usually not appropriate
1030,Cardiac,"Single ventricle physiology, preop eval, stage 2 single ventricle palliation, TTE inadequate assessment of cardiovascular morphology and function, next imaging study",3196450,MRA abdomen without IV contrast,0 mSvO,0 mSv [ped]O,Usually not appropriate
1031,Cardiac,"Single ventricle physiology, preop eval, stage 2 single ventricle palliation, TTE inadequate assessment of cardiovascular morphology and function, next imaging study",3196450,MRA neck without and with IV contrast,0 mSvO,0 mSv [ped]O,Usually not appropriate
1032,Cardiac,"Single ventricle physiology, preop eval, stage 2 single ventricle palliation, TTE inadequate assessment of cardiovascular morphology and function, next imaging study",3196450,MRA neck without IV contrast,0 mSvO,0 mSv [ped]O,Usually not appropriate
1033,Cardiac,"Single ventricle physiology, preop eval, stage 2 single ventricle palliation, TTE inadequate assessment of cardiovascular morphology and function, next imaging study",3196450,MRI heart function with stress without and with IV contrast,0 mSvO,0 mSv [ped]O,Usually not appropriate
1034,Cardiac,"Single ventricle physiology, preop eval, stage 2 single ventricle palliation, TTE inadequate assessment of cardiovascular morphology and function, next imaging study",3196450,MRI heart function with stress without IV contrast,0 mSvO,0 mSv [ped]O,Usually not appropriate
1035,Cardiac,"Single ventricle physiology, preop eval, stage 2 single ventricle palliation, TTE inadequate assessment of cardiovascular morphology and function, next imaging study",3196450,CTA coronary arteries with IV contrast,1-10 mSv☢☢☢,3-10 mSv [ped]☢☢☢☢,Usually not appropriate
1036,Cardiac,"Single ventricle physiology, preop eval, stage 2 single ventricle palliation, TTE inadequate assessment of cardiovascular morphology and function, next imaging study",3196450,FDG-PET/CT heart,10-30 mSv☢☢☢☢,3-10 mSv [ped]☢☢☢☢,Usually not appropriate
1037,Cardiac,"Single ventricle physiology, preop eval, stage 2 single ventricle palliation, TTE inadequate assessment of cardiovascular morphology and function, next imaging study",3196450,SPECT or SPECT/CT MPI rest and stress,10-30 mSv☢☢☢☢,10-30 mSv [ped]☢☢☢☢☢,Usually not appropriate
1038,Cardiac,"Single ventricle physiology, preop eval, stage 3 single ventricle palliation, total cavopulmonary connection, TTE inadequate assessment of cardiovascular morphology and function, next imaging study",3196452,Arteriography coronary with ventriculography,1-10 mSv☢☢☢,3-10 mSv [ped]☢☢☢☢,Usually appropriate
1039,Cardiac,"Single ventricle physiology, preop eval, stage 3 single ventricle palliation, total cavopulmonary connection, TTE inadequate assessment of cardiovascular morphology and function, next imaging study",3196452,Arteriography pulmonary,10-30 mSv☢☢☢☢,,Usually appropriate
1040,Cardiac,"Single ventricle physiology, preop eval, stage 3 single ventricle palliation, total cavopulmonary connection, TTE inadequate assessment of cardiovascular morphology and function, next imaging study",3196452,MRA chest without and with IV contrast,0 mSvO,0 mSv [ped]O,Usually appropriate
1041,Cardiac,"Single ventricle physiology, preop eval, stage 3 single ventricle palliation, total cavopulmonary connection, TTE inadequate assessment of cardiovascular morphology and function, next imaging study",3196452,MRI heart function and morphology without and with IV contrast,0 mSvO,0 mSv [ped]O,Usually appropriate
1042,Cardiac,"Single ventricle physiology, preop eval, stage 3 single ventricle palliation, total cavopulmonary connection, TTE inadequate assessment of cardiovascular morphology and function, next imaging study",3196452,MRI heart function and morphology without IV contrast,0 mSvO,0 mSv [ped]O,Usually appropriate
1043,Cardiac,"Single ventricle physiology, preop eval, stage 3 single ventricle palliation, total cavopulmonary connection, TTE inadequate assessment of cardiovascular morphology and function, next imaging study",3196452,CTA chest with IV contrast,1-10 mSv☢☢☢,3-10 mSv [ped]☢☢☢☢,Usually appropriate
1044,Cardiac,"Single ventricle physiology, preop eval, stage 3 single ventricle palliation, total cavopulmonary connection, TTE inadequate assessment of cardiovascular morphology and function, next imaging study",3196452,CT heart function and morphology with IV contrast,10-30 mSv☢☢☢☢,3-10 mSv [ped]☢☢☢☢,Usually appropriate
1045,Cardiac,"Single ventricle physiology, preop eval, stage 3 single ventricle palliation, total cavopulmonary connection, TTE inadequate assessment of cardiovascular morphology and function, next imaging study",3196452,US echocardiography transesophageal,0 mSvO,0 mSv [ped]O,May be appropriate
1046,Cardiac,"Single ventricle physiology, preop eval, stage 3 single ventricle palliation, total cavopulmonary connection, TTE inadequate assessment of cardiovascular morphology and function, next imaging study",3196452,Radiography chest,<0.1 mSv☢,<0.03 mSv [ped]☢,May be appropriate
1047,Cardiac,"Single ventricle physiology, preop eval, stage 3 single ventricle palliation, total cavopulmonary connection, TTE inadequate assessment of cardiovascular morphology and function, next imaging study",3196452,MRA chest without IV contrast,0 mSvO,0 mSv [ped]O,May be appropriate
1048,Cardiac,"Single ventricle physiology, preop eval, stage 3 single ventricle palliation, total cavopulmonary connection, TTE inadequate assessment of cardiovascular morphology and function, next imaging study",3196452,MRA abdomen without and with IV contrast,0 mSvO,0 mSv [ped]O,Usually not appropriate
1049,Cardiac,"Single ventricle physiology, preop eval, stage 3 single ventricle palliation, total cavopulmonary connection, TTE inadequate assessment of cardiovascular morphology and function, next imaging study",3196452,MRA abdomen without IV contrast,0 mSvO,0 mSv [ped]O,Usually not appropriate
1050,Cardiac,"Single ventricle physiology, preop eval, stage 3 single ventricle palliation, total cavopulmonary connection, TTE inadequate assessment of cardiovascular morphology and function, next imaging study",3196452,MRA neck without and with IV contrast,0 mSvO,0 mSv [ped]O,Usually not appropriate
1051,Cardiac,"Single ventricle physiology, preop eval, stage 3 single ventricle palliation, total cavopulmonary connection, TTE inadequate assessment of cardiovascular morphology and function, next imaging study",3196452,MRA neck without IV contrast,0 mSvO,0 mSv [ped]O,Usually not appropriate
1052,Cardiac,"Single ventricle physiology, preop eval, stage 3 single ventricle palliation, total cavopulmonary connection, TTE inadequate assessment of cardiovascular morphology and function, next imaging study",3196452,MRI heart function with stress without and with IV contrast,0 mSvO,0 mSv [ped]O,Usually not appropriate
1053,Cardiac,"Single ventricle physiology, preop eval, stage 3 single ventricle palliation, total cavopulmonary connection, TTE inadequate assessment of cardiovascular morphology and function, next imaging study",3196452,MRI heart function with stress without IV contrast,0 mSvO,0 mSv [ped]O,Usually not appropriate
1054,Cardiac,"Single ventricle physiology, preop eval, stage 3 single ventricle palliation, total cavopulmonary connection, TTE inadequate assessment of cardiovascular morphology and function, next imaging study",3196452,CTA coronary arteries with IV contrast,1-10 mSv☢☢☢,3-10 mSv [ped]☢☢☢☢,Usually not appropriate
1055,Cardiac,"Single ventricle physiology, preop eval, stage 3 single ventricle palliation, total cavopulmonary connection, TTE inadequate assessment of cardiovascular morphology and function, next imaging study",3196452,FDG-PET/CT heart,10-30 mSv☢☢☢☢,3-10 mSv [ped]☢☢☢☢,Usually not appropriate
1056,Cardiac,"Single ventricle physiology, preop eval, stage 3 single ventricle palliation, total cavopulmonary connection, TTE inadequate assessment of cardiovascular morphology and function, next imaging study",3196452,SPECT or SPECT/CT MPI rest and stress,10-30 mSv☢☢☢☢,10-30 mSv [ped]☢☢☢☢☢,Usually not appropriate
1057,Cardiac,"Syncope, cardiovascular etiology suspected, initial imaging",3194041,US echocardiography transthoracic resting,0 mSvO,0 mSv [ped]O,Usually appropriate
1058,Cardiac,"Syncope, cardiovascular etiology suspected, initial imaging",3194041,Radiography chest,<0.1 mSv☢,<0.03 mSv [ped]☢,May be appropriate
1059,Cardiac,"Syncope, cardiovascular etiology suspected, initial imaging",3194041,MRI heart function and morphology without and with IV contrast,0 mSvO,0 mSv [ped]O,May be appropriate
1060,Cardiac,"Syncope, cardiovascular etiology suspected, initial imaging",3194041,MRI heart function and morphology without IV contrast,0 mSvO,0 mSv [ped]O,May be appropriate
1061,Cardiac,"Syncope, cardiovascular etiology suspected, initial imaging",3194041,CTA chest with IV contrast,1-10 mSv☢☢☢,3-10 mSv [ped]☢☢☢☢,May be appropriate
1062,Cardiac,"Syncope, cardiovascular etiology suspected, initial imaging",3194041,CTA coronary arteries with IV contrast,1-10 mSv☢☢☢,3-10 mSv [ped]☢☢☢☢,May be appropriate
1063,Cardiac,"Syncope, cardiovascular etiology suspected, initial imaging",3194041,US duplex Doppler carotid artery,0 mSvO,0 mSv [ped]O,Usually not appropriate
1064,Cardiac,"Syncope, cardiovascular etiology suspected, initial imaging",3194041,US echocardiography transesophageal,0 mSvO,0 mSv [ped]O,Usually not appropriate
1065,Cardiac,"Syncope, cardiovascular etiology suspected, initial imaging",3194041,US echocardiography transthoracic stress,0 mSvO,0 mSv [ped]O,Usually not appropriate
1066,Cardiac,"Syncope, cardiovascular etiology suspected, initial imaging",3194041,MRI head without and with IV contrast,0 mSvO,0 mSv [ped]O,Usually not appropriate
1067,Cardiac,"Syncope, cardiovascular etiology suspected, initial imaging",3194041,MRI head without IV contrast,0 mSvO,0 mSv [ped]O,Usually not appropriate
1068,Cardiac,"Syncope, cardiovascular etiology suspected, initial imaging",3194041,CT head with IV contrast,1-10 mSv☢☢☢,0.3-3 mSv [ped]☢☢☢,Usually not appropriate
1069,Cardiac,"Syncope, cardiovascular etiology suspected, initial imaging",3194041,CT head without and with IV contrast,1-10 mSv☢☢☢,3-10 mSv [ped]☢☢☢☢,Usually not appropriate
1070,Cardiac,"Syncope, cardiovascular etiology suspected, initial imaging",3194041,CT head without IV contrast,1-10 mSv☢☢☢,0.3-3 mSv [ped]☢☢☢,Usually not appropriate
1071,Cardiac,"Syncope, cardiovascular etiology suspected, initial imaging",3194041,SPECT or SPECT/CT MPI rest only,1-10 mSv☢☢☢,,Usually not appropriate
1072,Cardiac,"Syncope, cardiovascular etiology suspected, initial imaging",3194041,SPECT or SPECT/CT MPI stress only,1-10 mSv☢☢☢,,Usually not appropriate
1073,Cardiac,"Syncope, cardiovascular etiology suspected, initial imaging",3194041,CT heart function and morphology with IV contrast,10-30 mSv☢☢☢☢,3-10 mSv [ped]☢☢☢☢,Usually not appropriate
1074,Cardiac,"Syncope, cardiovascular etiology suspected, initial imaging",3194041,SPECT or SPECT/CT MPI rest and stress,10-30 mSv☢☢☢☢,10-30 mSv [ped]☢☢☢☢☢,Usually not appropriate
1075,Cardiac,"Syncope, low probability of cardiovascular etiology, initial imaging",3194043,Radiography chest,<0.1 mSv☢,<0.03 mSv [ped]☢,May be appropriate
1076,Cardiac,"Syncope, low probability of cardiovascular etiology, initial imaging",3194043,US duplex Doppler carotid artery,0 mSvO,0 mSv [ped]O,Usually not appropriate
1077,Cardiac,"Syncope, low probability of cardiovascular etiology, initial imaging",3194043,US echocardiography transesophageal,0 mSvO,0 mSv [ped]O,Usually not appropriate
1078,Cardiac,"Syncope, low probability of cardiovascular etiology, initial imaging",3194043,US echocardiography transthoracic resting,0 mSvO,0 mSv [ped]O,Usually not appropriate
1079,Cardiac,"Syncope, low probability of cardiovascular etiology, initial imaging",3194043,US echocardiography transthoracic stress,0 mSvO,0 mSv [ped]O,Usually not appropriate
1080,Cardiac,"Syncope, low probability of cardiovascular etiology, initial imaging",3194043,MRI head without and with IV contrast,0 mSvO,0 mSv [ped]O,Usually not appropriate
1081,Cardiac,"Syncope, low probability of cardiovascular etiology, initial imaging",3194043,MRI head without IV contrast,0 mSvO,0 mSv [ped]O,Usually not appropriate
1082,Cardiac,"Syncope, low probability of cardiovascular etiology, initial imaging",3194043,MRI heart function and morphology without and with IV contrast,0 mSvO,0 mSv [ped]O,Usually not appropriate
1083,Cardiac,"Syncope, low probability of cardiovascular etiology, initial imaging",3194043,MRI heart function and morphology without IV contrast,0 mSvO,0 mSv [ped]O,Usually not appropriate
1084,Cardiac,"Syncope, low probability of cardiovascular etiology, initial imaging",3194043,CT head with IV contrast,1-10 mSv☢☢☢,0.3-3 mSv [ped]☢☢☢,Usually not appropriate
1085,Cardiac,"Syncope, low probability of cardiovascular etiology, initial imaging",3194043,CT head without and with IV contrast,1-10 mSv☢☢☢,3-10 mSv [ped]☢☢☢☢,Usually not appropriate
1086,Cardiac,"Syncope, low probability of cardiovascular etiology, initial imaging",3194043,CT head without IV contrast,1-10 mSv☢☢☢,0.3-3 mSv [ped]☢☢☢,Usually not appropriate
1087,Cardiac,"Syncope, low probability of cardiovascular etiology, initial imaging",3194043,CTA chest with IV contrast,1-10 mSv☢☢☢,3-10 mSv [ped]☢☢☢☢,Usually not appropriate
1088,Cardiac,"Syncope, low probability of cardiovascular etiology, initial imaging",3194043,CTA coronary arteries with IV contrast,1-10 mSv☢☢☢,3-10 mSv [ped]☢☢☢☢,Usually not appropriate
1089,Cardiac,"Syncope, low probability of cardiovascular etiology, initial imaging",3194043,SPECT or SPECT/CT MPI rest only,1-10 mSv☢☢☢,,Usually not appropriate
1090,Cardiac,"Syncope, low probability of cardiovascular etiology, initial imaging",3194043,SPECT or SPECT/CT MPI stress only,1-10 mSv☢☢☢,,Usually not appropriate
1091,Cardiac,"Syncope, low probability of cardiovascular etiology, initial imaging",3194043,CT heart function and morphology with IV contrast,10-30 mSv☢☢☢☢,3-10 mSv [ped]☢☢☢☢,Usually not appropriate
1092,Cardiac,"Syncope, low probability of cardiovascular etiology, initial imaging",3194043,SPECT or SPECT/CT MPI rest and stress,10-30 mSv☢☢☢☢,10-30 mSv [ped]☢☢☢☢☢,Usually not appropriate
1093,Cardiac,"TAVR, preintervention planning, aortic root assessment, initial imaging",3196585,US echocardiography transesophageal,0 mSvO,0 mSv [ped]O,Usually appropriate
1094,Cardiac,"TAVR, preintervention planning, aortic root assessment, initial imaging",3196585,MRI heart function and morphology without and with IV contrast,0 mSvO,0 mSv [ped]O,Usually appropriate
1095,Cardiac,"TAVR, preintervention planning, aortic root assessment, initial imaging",3196585,MRI heart function and morphology without IV contrast,0 mSvO,0 mSv [ped]O,Usually appropriate
1096,Cardiac,"TAVR, preintervention planning, aortic root assessment, initial imaging",3196585,CT heart function and morphology with IV contrast,10-30 mSv☢☢☢☢,3-10 mSv [ped]☢☢☢☢,Usually appropriate
1097,Cardiac,"TAVR, preintervention planning, aortic root assessment, initial imaging",3196585,MRA chest with IV contrast,0 mSvO,0 mSv [ped]O,May be appropriate
1098,Cardiac,"TAVR, preintervention planning, aortic root assessment, initial imaging",3196585,MRA chest without and with IV contrast,0 mSvO,0 mSv [ped]O,May be appropriate
1099,Cardiac,"TAVR, preintervention planning, aortic root assessment, initial imaging",3196585,CTA chest with IV contrast,1-10 mSv☢☢☢,3-10 mSv [ped]☢☢☢☢,May be appropriate
1100,Cardiac,"TAVR, preintervention planning, aortic root assessment, initial imaging",3196585,CTA coronary arteries with IV contrast,1-10 mSv☢☢☢,3-10 mSv [ped]☢☢☢☢,May be appropriate
1101,Cardiac,"TAVR, preintervention planning, aortic root assessment, initial imaging",3196585,US echocardiography transthoracic resting,0 mSvO,0 mSv [ped]O,Usually not appropriate
1102,Cardiac,"TAVR, preintervention planning, aortic root assessment, initial imaging",3196585,Aortography chest,1-10 mSv☢☢☢,,Usually not appropriate
1103,Cardiac,"TAVR, preintervention planning, aortic root assessment, initial imaging",3196585,MRA coronary arteries without and with IV contrast,0 mSvO,0 mSv [ped]O,Usually not appropriate
1104,Cardiac,"TAVR, preintervention planning, aortic root assessment, initial imaging",3196585,MRA coronary arteries without IV contrast,0 mSvO,0 mSv [ped]O,Usually not appropriate
1105,Cardiac,"TAVR, preintervention planning, aortic root assessment, initial imaging",3196585,CT chest with IV contrast,1-10 mSv☢☢☢,3-10 mSv [ped]☢☢☢☢,Usually not appropriate
1106,Cardiac,"TAVR, preintervention planning, aortic root assessment, initial imaging",3196585,CT chest without and with IV contrast,1-10 mSv☢☢☢,3-10 mSv [ped]☢☢☢☢,Usually not appropriate
1107,Cardiac,"TAVR, preintervention planning, aortic root assessment, initial imaging",3196585,CT chest without IV contrast,1-10 mSv☢☢☢,3-10 mSv [ped]☢☢☢☢,Usually not appropriate
1108,Cardiac,"TAVR, preintervention planning, supravalvular aorta and vascular access assessment, initial imaging",3196586,CTA chest with IV contrast,1-10 mSv☢☢☢,3-10 mSv [ped]☢☢☢☢,Usually appropriate
1109,Cardiac,"TAVR, preintervention planning, supravalvular aorta and vascular access assessment, initial imaging",3196586,CTA abdomen and pelvis with IV contrast,10-30 mSv☢☢☢☢,,Usually appropriate
1110,Cardiac,"TAVR, preintervention planning, supravalvular aorta and vascular access assessment, initial imaging",3196586,CTA chest abdomen pelvis with IV contrast,30-100 mSv☢☢☢☢☢,,Usually appropriate
1111,Cardiac,"TAVR, preintervention planning, supravalvular aorta and vascular access assessment, initial imaging",3196586,US intravascular aorta and iliofemoral system,0 mSvO,0 mSv [ped]O,May be appropriate (Disagreement)
1112,Cardiac,"TAVR, preintervention planning, supravalvular aorta and vascular access assessment, initial imaging",3196586,MRA abdomen and pelvis without and with IV contrast,0 mSvO,0 mSv [ped]O,May be appropriate
1113,Cardiac,"TAVR, preintervention planning, supravalvular aorta and vascular access assessment, initial imaging",3196586,MRA abdomen and pelvis without IV contrast,0 mSvO,0 mSv [ped]O,May be appropriate
1114,Cardiac,"TAVR, preintervention planning, supravalvular aorta and vascular access assessment, initial imaging",3196586,MRA chest abdomen pelvis with IV contrast,0 mSvO,0 mSv [ped]O,May be appropriate
1115,Cardiac,"TAVR, preintervention planning, supravalvular aorta and vascular access assessment, initial imaging",3196586,MRA chest without and with IV contrast,0 mSvO,0 mSv [ped]O,May be appropriate
1116,Cardiac,"TAVR, preintervention planning, supravalvular aorta and vascular access assessment, initial imaging",3196586,US duplex Doppler chest abdomen pelvis,0 mSvO,0 mSv [ped]O,Usually not appropriate
1117,Cardiac,"TAVR, preintervention planning, supravalvular aorta and vascular access assessment, initial imaging",3196586,US echocardiography transesophageal,0 mSvO,0 mSv [ped]O,Usually not appropriate
1118,Cardiac,"TAVR, preintervention planning, supravalvular aorta and vascular access assessment, initial imaging",3196586,US echocardiography transthoracic resting,0 mSvO,0 mSv [ped]O,Usually not appropriate
1119,Cardiac,"TAVR, preintervention planning, supravalvular aorta and vascular access assessment, initial imaging",3196586,Aortography chest abdomen pelvis,10-30 mSv☢☢☢☢,,Usually not appropriate
1120,Cardiac,"TAVR, preintervention planning, supravalvular aorta and vascular access assessment, initial imaging",3196586,CT abdomen and pelvis with IV contrast,1-10 mSv☢☢☢,3-10 mSv [ped]☢☢☢☢,Usually not appropriate
1121,Cardiac,"TAVR, preintervention planning, supravalvular aorta and vascular access assessment, initial imaging",3196586,CT abdomen and pelvis without IV contrast,1-10 mSv☢☢☢,3-10 mSv [ped]☢☢☢☢,Usually not appropriate
1122,Cardiac,"TAVR, preintervention planning, supravalvular aorta and vascular access assessment, initial imaging",3196586,CT chest with IV contrast,1-10 mSv☢☢☢,3-10 mSv [ped]☢☢☢☢,Usually not appropriate
1123,Cardiac,"TAVR, preintervention planning, supravalvular aorta and vascular access assessment, initial imaging",3196586,CT chest without and with IV contrast,1-10 mSv☢☢☢,3-10 mSv [ped]☢☢☢☢,Usually not appropriate
1124,Cardiac,"TAVR, preintervention planning, supravalvular aorta and vascular access assessment, initial imaging",3196586,CT chest without IV contrast,1-10 mSv☢☢☢,3-10 mSv [ped]☢☢☢☢,Usually not appropriate
1125,Cardiac,"TAVR, preintervention planning, supravalvular aorta and vascular access assessment, initial imaging",3196586,CT abdomen and pelvis without and with IV contrast,10-30 mSv☢☢☢☢,10-30 mSv [ped]☢☢☢☢☢,Usually not appropriate
1126,Cardiac,"TAVR, preintervention planning, supravalvular aorta and vascular access assessment, initial imaging",3196586,CT chest abdomen pelvis with IV contrast,10-30 mSv☢☢☢☢,3-10 mSv [ped]☢☢☢☢,Usually not appropriate
1127,Cardiac,"TAVR, preintervention planning, supravalvular aorta and vascular access assessment, initial imaging",3196586,CT chest abdomen pelvis without and with IV contrast,10-30 mSv☢☢☢☢,10-30 mSv [ped]☢☢☢☢☢,Usually not appropriate
1128,Cardiac,"TAVR, preintervention planning, supravalvular aorta and vascular access assessment, initial imaging",3196586,CT chest abdomen pelvis without IV contrast,10-30 mSv☢☢☢☢,3-10 mSv [ped]☢☢☢☢,Usually not appropriate
1129,Cardiac,"TAVR, preintervention planning, supravalvular aorta and vascular access assessment, initial imaging",3196586,CT heart function and morphology with IV contrast,10-30 mSv☢☢☢☢,3-10 mSv [ped]☢☢☢☢,Usually not appropriate
1130,Cardiac,"Transposition of the great arteries, post arterial switch, TTE inadequate assessment of cardiovascular morphology and function, next imaging study",3196443,Radiography chest,<0.1 mSv☢,<0.03 mSv [ped]☢,Usually appropriate
1131,Cardiac,"Transposition of the great arteries, post arterial switch, TTE inadequate assessment of cardiovascular morphology and function, next imaging study",3196443,MRA chest without and with IV contrast,0 mSvO,0 mSv [ped]O,Usually appropriate
1132,Cardiac,"Transposition of the great arteries, post arterial switch, TTE inadequate assessment of cardiovascular morphology and function, next imaging study",3196443,MRA chest without IV contrast,0 mSvO,0 mSv [ped]O,Usually appropriate
1133,Cardiac,"Transposition of the great arteries, post arterial switch, TTE inadequate assessment of cardiovascular morphology and function, next imaging study",3196443,MRI heart function and morphology without and with IV contrast,0 mSvO,0 mSv [ped]O,Usually appropriate
1134,Cardiac,"Transposition of the great arteries, post arterial switch, TTE inadequate assessment of cardiovascular morphology and function, next imaging study",3196443,MRI heart function and morphology without IV contrast,0 mSvO,0 mSv [ped]O,Usually appropriate
1135,Cardiac,"Transposition of the great arteries, post arterial switch, TTE inadequate assessment of cardiovascular morphology and function, next imaging study",3196443,MRI heart function with stress without and with IV contrast,0 mSvO,0 mSv [ped]O,Usually appropriate
1136,Cardiac,"Transposition of the great arteries, post arterial switch, TTE inadequate assessment of cardiovascular morphology and function, next imaging study",3196443,CTA chest with IV contrast,1-10 mSv☢☢☢,3-10 mSv [ped]☢☢☢☢,Usually appropriate
1137,Cardiac,"Transposition of the great arteries, post arterial switch, TTE inadequate assessment of cardiovascular morphology and function, next imaging study",3196443,CT heart function and morphology with IV contrast,10-30 mSv☢☢☢☢,3-10 mSv [ped]☢☢☢☢,Usually appropriate
1138,Cardiac,"Transposition of the great arteries, post arterial switch, TTE inadequate assessment of cardiovascular morphology and function, next imaging study",3196443,MRI heart function with stress without IV contrast,0 mSvO,0 mSv [ped]O,May be appropriate (Disagreement)
1139,Cardiac,"Transposition of the great arteries, post arterial switch, TTE inadequate assessment of cardiovascular morphology and function, next imaging study",3196443,CTA coronary arteries with IV contrast,1-10 mSv☢☢☢,3-10 mSv [ped]☢☢☢☢,May be appropriate
1140,Cardiac,"Transposition of the great arteries, post arterial switch, TTE inadequate assessment of cardiovascular morphology and function, next imaging study",3196443,SPECT or SPECT/CT MPI rest and stress,10-30 mSv☢☢☢☢,10-30 mSv [ped]☢☢☢☢☢,May be appropriate
1141,Cardiac,"Transposition of the great arteries, post arterial switch, TTE inadequate assessment of cardiovascular morphology and function, next imaging study",3196443,US echocardiography transesophageal,0 mSvO,0 mSv [ped]O,Usually not appropriate
1142,Cardiac,"Transposition of the great arteries, post arterial switch, TTE inadequate assessment of cardiovascular morphology and function, next imaging study",3196443,Arteriography coronary with ventriculography,1-10 mSv☢☢☢,3-10 mSv [ped]☢☢☢☢,Usually not appropriate
1143,Cardiac,"Transposition of the great arteries, post arterial switch, TTE inadequate assessment of cardiovascular morphology and function, next imaging study",3196443,Arteriography pulmonary,10-30 mSv☢☢☢☢,,Usually not appropriate
1144,Cardiac,"Transposition of the great arteries, post arterial switch, TTE inadequate assessment of cardiovascular morphology and function, next imaging study",3196443,MRA abdomen without and with IV contrast,0 mSvO,0 mSv [ped]O,Usually not appropriate
1145,Cardiac,"Transposition of the great arteries, post arterial switch, TTE inadequate assessment of cardiovascular morphology and function, next imaging study",3196443,MRA abdomen without IV contrast,0 mSvO,0 mSv [ped]O,Usually not appropriate
1146,Cardiac,"Transposition of the great arteries, post arterial switch, TTE inadequate assessment of cardiovascular morphology and function, next imaging study",3196443,MRA neck without and with IV contrast,0 mSvO,0 mSv [ped]O,Usually not appropriate
1147,Cardiac,"Transposition of the great arteries, post arterial switch, TTE inadequate assessment of cardiovascular morphology and function, next imaging study",3196443,MRA neck without IV contrast,0 mSvO,0 mSv [ped]O,Usually not appropriate
1148,Cardiac,"Transposition of the great arteries, post arterial switch, TTE inadequate assessment of cardiovascular morphology and function, next imaging study",3196443,FDG-PET/CT heart,10-30 mSv☢☢☢☢,3-10 mSv [ped]☢☢☢☢,Usually not appropriate
1149,Cardiac,"Transposition of the great arteries, post atrial switch, TTE inadequate assessment of cardiovascular morphology and function, next imaging study",3196441,MRA chest without and with IV contrast,0 mSvO,0 mSv [ped]O,Usually appropriate
1150,Cardiac,"Transposition of the great arteries, post atrial switch, TTE inadequate assessment of cardiovascular morphology and function, next imaging study",3196441,MRA chest without IV contrast,0 mSvO,0 mSv [ped]O,Usually appropriate
1151,Cardiac,"Transposition of the great arteries, post atrial switch, TTE inadequate assessment of cardiovascular morphology and function, next imaging study",3196441,MRI heart function and morphology without and with IV contrast,0 mSvO,0 mSv [ped]O,Usually appropriate
1152,Cardiac,"Transposition of the great arteries, post atrial switch, TTE inadequate assessment of cardiovascular morphology and function, next imaging study",3196441,MRI heart function and morphology without IV contrast,0 mSvO,0 mSv [ped]O,Usually appropriate
1153,Cardiac,"Transposition of the great arteries, post atrial switch, TTE inadequate assessment of cardiovascular morphology and function, next imaging study",3196441,CTA chest with IV contrast,1-10 mSv☢☢☢,3-10 mSv [ped]☢☢☢☢,Usually appropriate
1154,Cardiac,"Transposition of the great arteries, post atrial switch, TTE inadequate assessment of cardiovascular morphology and function, next imaging study",3196441,CT heart function and morphology with IV contrast,10-30 mSv☢☢☢☢,3-10 mSv [ped]☢☢☢☢,Usually appropriate
1155,Cardiac,"Transposition of the great arteries, post atrial switch, TTE inadequate assessment of cardiovascular morphology and function, next imaging study",3196441,US echocardiography transesophageal,0 mSvO,0 mSv [ped]O,May be appropriate
1156,Cardiac,"Transposition of the great arteries, post atrial switch, TTE inadequate assessment of cardiovascular morphology and function, next imaging study",3196441,Radiography chest,<0.1 mSv☢,<0.03 mSv [ped]☢,May be appropriate
1157,Cardiac,"Transposition of the great arteries, post atrial switch, TTE inadequate assessment of cardiovascular morphology and function, next imaging study",3196441,Arteriography pulmonary,10-30 mSv☢☢☢☢,,May be appropriate
1158,Cardiac,"Transposition of the great arteries, post atrial switch, TTE inadequate assessment of cardiovascular morphology and function, next imaging study",3196441,CTA coronary arteries with IV contrast,1-10 mSv☢☢☢,3-10 mSv [ped]☢☢☢☢,May be appropriate
1159,Cardiac,"Transposition of the great arteries, post atrial switch, TTE inadequate assessment of cardiovascular morphology and function, next imaging study",3196441,Arteriography coronary with ventriculography,1-10 mSv☢☢☢,3-10 mSv [ped]☢☢☢☢,Usually not appropriate
1160,Cardiac,"Transposition of the great arteries, post atrial switch, TTE inadequate assessment of cardiovascular morphology and function, next imaging study",3196441,MRA abdomen without and with IV contrast,0 mSvO,0 mSv [ped]O,Usually not appropriate
1161,Cardiac,"Transposition of the great arteries, post atrial switch, TTE inadequate assessment of cardiovascular morphology and function, next imaging study",3196441,MRA abdomen without IV contrast,0 mSvO,0 mSv [ped]O,Usually not appropriate
1162,Cardiac,"Transposition of the great arteries, post atrial switch, TTE inadequate assessment of cardiovascular morphology and function, next imaging study",3196441,MRA neck without and with IV contrast,0 mSvO,0 mSv [ped]O,Usually not appropriate
1163,Cardiac,"Transposition of the great arteries, post atrial switch, TTE inadequate assessment of cardiovascular morphology and function, next imaging study",3196441,MRA neck without IV contrast,0 mSvO,0 mSv [ped]O,Usually not appropriate
1164,Cardiac,"Transposition of the great arteries, post atrial switch, TTE inadequate assessment of cardiovascular morphology and function, next imaging study",3196441,MRI heart function with stress without and with IV contrast,0 mSvO,0 mSv [ped]O,Usually not appropriate
1165,Cardiac,"Transposition of the great arteries, post atrial switch, TTE inadequate assessment of cardiovascular morphology and function, next imaging study",3196441,MRI heart function with stress without IV contrast,0 mSvO,0 mSv [ped]O,Usually not appropriate
1166,Cardiac,"Transposition of the great arteries, post atrial switch, TTE inadequate assessment of cardiovascular morphology and function, next imaging study",3196441,FDG-PET/CT heart,10-30 mSv☢☢☢☢,3-10 mSv [ped]☢☢☢☢,Usually not appropriate
1167,Cardiac,"Transposition of the great arteries, post atrial switch, TTE inadequate assessment of cardiovascular morphology and function, next imaging study",3196441,SPECT or SPECT/CT MPI rest and stress,10-30 mSv☢☢☢☢,10-30 mSv [ped]☢☢☢☢☢,Usually not appropriate
