,panel,scenario-text,scenario-id,procedure,adult-rrl,peds-rrl,appropriateness
0,Gyn and OB,"Adnexal mass suspected, no acute symptoms, postmenopausal, initial imaging",3197148,US duplex Doppler pelvis,0 mSvO,0 mSv [ped]O,Usually appropriate
1,Gyn and OB,"Adnexal mass suspected, no acute symptoms, postmenopausal, initial imaging",3197148,US pelvis transabdominal,0 mSvO,0 mSv [ped]O,Usually appropriate
2,Gyn and OB,"Adnexal mass suspected, no acute symptoms, postmenopausal, initial imaging",3197148,US pelvis transabdominal and US pelvis transvaginal,0 mSvO,0 mSv [ped]O,Usually appropriate
3,Gyn and OB,"Adnexal mass suspected, no acute symptoms, postmenopausal, initial imaging",3197148,US pelvis transvaginal,0 mSvO,0 mSv [ped]O,Usually appropriate
4,Gyn and OB,"Adnexal mass suspected, no acute symptoms, postmenopausal, initial imaging",3197148,MRI pelvis without and with IV contrast,0 mSvO,0 mSv [ped]O,May be appropriate
5,Gyn and OB,"Adnexal mass suspected, no acute symptoms, postmenopausal, initial imaging",3197148,MRI pelvis without IV contrast,0 mSvO,0 mSv [ped]O,May be appropriate
6,Gyn and OB,"Adnexal mass suspected, no acute symptoms, postmenopausal, initial imaging",3197148,CT pelvis with IV contrast,1-10 mSv☢☢☢,3-10 mSv [ped]☢☢☢☢,Usually not appropriate
7,Gyn and OB,"Adnexal mass suspected, no acute symptoms, postmenopausal, initial imaging",3197148,CT pelvis without IV contrast,1-10 mSv☢☢☢,3-10 mSv [ped]☢☢☢☢,Usually not appropriate
8,Gyn and OB,"Adnexal mass suspected, no acute symptoms, postmenopausal, initial imaging",3197148,CT pelvis without and with IV contrast,10-30 mSv☢☢☢☢,3-10 mSv [ped]☢☢☢☢,Usually not appropriate
9,Gyn and OB,"Adnexal mass suspected, no acute symptoms, postmenopausal, initial imaging",3197148,FDG-PET/CT skull base to mid-thigh,10-30 mSv☢☢☢☢,3-10 mSv [ped]☢☢☢☢,Usually not appropriate
10,Gyn and OB,"Adnexal mass suspected, no acute symptoms, pregnant, initial imaging",3149744,US duplex Doppler pelvis,0 mSvO,0 mSv [ped]O,Usually appropriate
11,Gyn and OB,"Adnexal mass suspected, no acute symptoms, pregnant, initial imaging",3149744,US pelvis transabdominal,0 mSvO,0 mSv [ped]O,Usually appropriate
12,Gyn and OB,"Adnexal mass suspected, no acute symptoms, pregnant, initial imaging",3149744,US pelvis transabdominal and US pelvis transvaginal,0 mSvO,0 mSv [ped]O,Usually appropriate
13,Gyn and OB,"Adnexal mass suspected, no acute symptoms, pregnant, initial imaging",3149744,US pelvis transvaginal,0 mSvO,0 mSv [ped]O,Usually appropriate
14,Gyn and OB,"Adnexal mass suspected, no acute symptoms, pregnant, initial imaging",3149744,MRI pelvis without IV contrast,0 mSvO,0 mSv [ped]O,May be appropriate
15,Gyn and OB,"Adnexal mass suspected, no acute symptoms, pregnant, initial imaging",3149744,MRI pelvis without and with IV contrast,0 mSvO,0 mSv [ped]O,Usually not appropriate
16,Gyn and OB,"Adnexal mass suspected, no acute symptoms, pregnant, initial imaging",3149744,CT pelvis with IV contrast,1-10 mSv☢☢☢,3-10 mSv [ped]☢☢☢☢,Usually not appropriate
17,Gyn and OB,"Adnexal mass suspected, no acute symptoms, pregnant, initial imaging",3149744,CT pelvis without IV contrast,1-10 mSv☢☢☢,3-10 mSv [ped]☢☢☢☢,Usually not appropriate
18,Gyn and OB,"Adnexal mass suspected, no acute symptoms, pregnant, initial imaging",3149744,CT pelvis without and with IV contrast,10-30 mSv☢☢☢☢,3-10 mSv [ped]☢☢☢☢,Usually not appropriate
19,Gyn and OB,"Adnexal mass suspected, no acute symptoms, pregnant, initial imaging",3149744,FDG-PET/CT skull base to mid-thigh,10-30 mSv☢☢☢☢,3-10 mSv [ped]☢☢☢☢,Usually not appropriate
20,Gyn and OB,"Adnexal mass suspected, no acute symptoms, premenopausal, initial imaging",3074166,US duplex Doppler pelvis,0 mSvO,0 mSv [ped]O,Usually appropriate
21,Gyn and OB,"Adnexal mass suspected, no acute symptoms, premenopausal, initial imaging",3074166,US pelvis transabdominal,0 mSvO,0 mSv [ped]O,Usually appropriate
22,Gyn and OB,"Adnexal mass suspected, no acute symptoms, premenopausal, initial imaging",3074166,US pelvis transabdominal and US pelvis transvaginal,0 mSvO,0 mSv [ped]O,Usually appropriate
23,Gyn and OB,"Adnexal mass suspected, no acute symptoms, premenopausal, initial imaging",3074166,US pelvis transvaginal,0 mSvO,0 mSv [ped]O,Usually appropriate
24,Gyn and OB,"Adnexal mass suspected, no acute symptoms, premenopausal, initial imaging",3074166,MRI pelvis without and with IV contrast,0 mSvO,0 mSv [ped]O,May be appropriate
25,Gyn and OB,"Adnexal mass suspected, no acute symptoms, premenopausal, initial imaging",3074166,MRI pelvis without IV contrast,0 mSvO,0 mSv [ped]O,May be appropriate
26,Gyn and OB,"Adnexal mass suspected, no acute symptoms, premenopausal, initial imaging",3074166,CT pelvis with IV contrast,1-10 mSv☢☢☢,3-10 mSv [ped]☢☢☢☢,Usually not appropriate
27,Gyn and OB,"Adnexal mass suspected, no acute symptoms, premenopausal, initial imaging",3074166,CT pelvis without IV contrast,1-10 mSv☢☢☢,3-10 mSv [ped]☢☢☢☢,Usually not appropriate
28,Gyn and OB,"Adnexal mass suspected, no acute symptoms, premenopausal, initial imaging",3074166,CT pelvis without and with IV contrast,10-30 mSv☢☢☢☢,3-10 mSv [ped]☢☢☢☢,Usually not appropriate
29,Gyn and OB,"Adnexal mass suspected, no acute symptoms, premenopausal, initial imaging",3074166,FDG-PET/CT skull base to mid-thigh,10-30 mSv☢☢☢☢,3-10 mSv [ped]☢☢☢☢,Usually not appropriate
30,Gyn and OB,"Adnexal mass, likely benign, no acute symptoms, postmenopausal, follow-up imaging",3082200,US duplex Doppler pelvis,0 mSvO,0 mSv [ped]O,Usually appropriate
31,Gyn and OB,"Adnexal mass, likely benign, no acute symptoms, postmenopausal, follow-up imaging",3082200,US pelvis transabdominal,0 mSvO,0 mSv [ped]O,Usually appropriate
32,Gyn and OB,"Adnexal mass, likely benign, no acute symptoms, postmenopausal, follow-up imaging",3082200,US pelvis transabdominal and US pelvis transvaginal,0 mSvO,0 mSv [ped]O,Usually appropriate
33,Gyn and OB,"Adnexal mass, likely benign, no acute symptoms, postmenopausal, follow-up imaging",3082200,US pelvis transvaginal,0 mSvO,0 mSv [ped]O,Usually appropriate
34,Gyn and OB,"Adnexal mass, likely benign, no acute symptoms, postmenopausal, follow-up imaging",3082200,MRI pelvis without and with IV contrast,0 mSvO,0 mSv [ped]O,May be appropriate
35,Gyn and OB,"Adnexal mass, likely benign, no acute symptoms, postmenopausal, follow-up imaging",3082200,MRI pelvis without IV contrast,0 mSvO,0 mSv [ped]O,May be appropriate
36,Gyn and OB,"Adnexal mass, likely benign, no acute symptoms, postmenopausal, follow-up imaging",3082200,CT pelvis with IV contrast,1-10 mSv☢☢☢,3-10 mSv [ped]☢☢☢☢,Usually not appropriate
37,Gyn and OB,"Adnexal mass, likely benign, no acute symptoms, postmenopausal, follow-up imaging",3082200,CT pelvis without IV contrast,1-10 mSv☢☢☢,3-10 mSv [ped]☢☢☢☢,Usually not appropriate
38,Gyn and OB,"Adnexal mass, likely benign, no acute symptoms, postmenopausal, follow-up imaging",3082200,CT pelvis without and with IV contrast,10-30 mSv☢☢☢☢,3-10 mSv [ped]☢☢☢☢,Usually not appropriate
39,Gyn and OB,"Adnexal mass, likely benign, no acute symptoms, postmenopausal, follow-up imaging",3082200,FDG-PET/CT skull base to mid-thigh,10-30 mSv☢☢☢☢,3-10 mSv [ped]☢☢☢☢,Usually not appropriate
40,Gyn and OB,"Adnexal mass, likely benign, no acute symptoms, premenopausal, follow-up imaging",3074171,US duplex Doppler pelvis,0 mSvO,0 mSv [ped]O,Usually appropriate
41,Gyn and OB,"Adnexal mass, likely benign, no acute symptoms, premenopausal, follow-up imaging",3074171,US pelvis transabdominal,0 mSvO,0 mSv [ped]O,Usually appropriate
42,Gyn and OB,"Adnexal mass, likely benign, no acute symptoms, premenopausal, follow-up imaging",3074171,US pelvis transabdominal and US pelvis transvaginal,0 mSvO,0 mSv [ped]O,Usually appropriate
43,Gyn and OB,"Adnexal mass, likely benign, no acute symptoms, premenopausal, follow-up imaging",3074171,US pelvis transvaginal,0 mSvO,0 mSv [ped]O,Usually appropriate
44,Gyn and OB,"Adnexal mass, likely benign, no acute symptoms, premenopausal, follow-up imaging",3074171,MRI pelvis without and with IV contrast,0 mSvO,0 mSv [ped]O,May be appropriate
45,Gyn and OB,"Adnexal mass, likely benign, no acute symptoms, premenopausal, follow-up imaging",3074171,MRI pelvis without IV contrast,0 mSvO,0 mSv [ped]O,May be appropriate
46,Gyn and OB,"Adnexal mass, likely benign, no acute symptoms, premenopausal, follow-up imaging",3074171,CT pelvis with IV contrast,1-10 mSv☢☢☢,3-10 mSv [ped]☢☢☢☢,Usually not appropriate
47,Gyn and OB,"Adnexal mass, likely benign, no acute symptoms, premenopausal, follow-up imaging",3074171,CT pelvis without IV contrast,1-10 mSv☢☢☢,3-10 mSv [ped]☢☢☢☢,Usually not appropriate
48,Gyn and OB,"Adnexal mass, likely benign, no acute symptoms, premenopausal, follow-up imaging",3074171,CT pelvis without and with IV contrast,10-30 mSv☢☢☢☢,3-10 mSv [ped]☢☢☢☢,Usually not appropriate
49,Gyn and OB,"Adnexal mass, likely benign, no acute symptoms, premenopausal, follow-up imaging",3074171,FDG-PET/CT skull base to mid-thigh,10-30 mSv☢☢☢☢,3-10 mSv [ped]☢☢☢☢,Usually not appropriate
50,Gyn and OB,"Adnexal mass, no acute symptoms, postmenopausal, initial pelvic US indeterminate, follow-up imaging",3149341,US duplex Doppler pelvis,0 mSvO,0 mSv [ped]O,Usually appropriate
51,Gyn and OB,"Adnexal mass, no acute symptoms, postmenopausal, initial pelvic US indeterminate, follow-up imaging",3149341,US pelvis transabdominal,0 mSvO,0 mSv [ped]O,Usually appropriate
52,Gyn and OB,"Adnexal mass, no acute symptoms, postmenopausal, initial pelvic US indeterminate, follow-up imaging",3149341,US pelvis transabdominal and US pelvis transvaginal,0 mSvO,0 mSv [ped]O,Usually appropriate
53,Gyn and OB,"Adnexal mass, no acute symptoms, postmenopausal, initial pelvic US indeterminate, follow-up imaging",3149341,US pelvis transvaginal,0 mSvO,0 mSv [ped]O,Usually appropriate
54,Gyn and OB,"Adnexal mass, no acute symptoms, postmenopausal, initial pelvic US indeterminate, follow-up imaging",3149341,MRI pelvis without and with IV contrast,0 mSvO,0 mSv [ped]O,Usually appropriate
55,Gyn and OB,"Adnexal mass, no acute symptoms, postmenopausal, initial pelvic US indeterminate, follow-up imaging",3149341,MRI pelvis without IV contrast,0 mSvO,0 mSv [ped]O,May be appropriate
56,Gyn and OB,"Adnexal mass, no acute symptoms, postmenopausal, initial pelvic US indeterminate, follow-up imaging",3149341,CT pelvis with IV contrast,1-10 mSv☢☢☢,3-10 mSv [ped]☢☢☢☢,Usually not appropriate
57,Gyn and OB,"Adnexal mass, no acute symptoms, postmenopausal, initial pelvic US indeterminate, follow-up imaging",3149341,CT pelvis without IV contrast,1-10 mSv☢☢☢,3-10 mSv [ped]☢☢☢☢,Usually not appropriate
58,Gyn and OB,"Adnexal mass, no acute symptoms, postmenopausal, initial pelvic US indeterminate, follow-up imaging",3149341,CT pelvis without and with IV contrast,10-30 mSv☢☢☢☢,3-10 mSv [ped]☢☢☢☢,Usually not appropriate
59,Gyn and OB,"Adnexal mass, no acute symptoms, postmenopausal, initial pelvic US indeterminate, follow-up imaging",3149341,FDG-PET/CT skull base to mid-thigh,10-30 mSv☢☢☢☢,3-10 mSv [ped]☢☢☢☢,Usually not appropriate
60,Gyn and OB,"Adnexal mass, no acute symptoms, postmenopausal, initial pelvic US indeterminate, next imaging study for characterization",3197151,MRI pelvis without and with IV contrast,0 mSvO,0 mSv [ped]O,Usually appropriate
61,Gyn and OB,"Adnexal mass, no acute symptoms, postmenopausal, initial pelvic US indeterminate, next imaging study for characterization",3197151,MRI pelvis without IV contrast,0 mSvO,0 mSv [ped]O,May be appropriate
62,Gyn and OB,"Adnexal mass, no acute symptoms, postmenopausal, initial pelvic US indeterminate, next imaging study for characterization",3197151,CT pelvis with IV contrast,1-10 mSv☢☢☢,3-10 mSv [ped]☢☢☢☢,Usually not appropriate
63,Gyn and OB,"Adnexal mass, no acute symptoms, postmenopausal, initial pelvic US indeterminate, next imaging study for characterization",3197151,CT pelvis without IV contrast,1-10 mSv☢☢☢,3-10 mSv [ped]☢☢☢☢,Usually not appropriate
64,Gyn and OB,"Adnexal mass, no acute symptoms, postmenopausal, initial pelvic US indeterminate, next imaging study for characterization",3197151,CT pelvis without and with IV contrast,10-30 mSv☢☢☢☢,3-10 mSv [ped]☢☢☢☢,Usually not appropriate
65,Gyn and OB,"Adnexal mass, no acute symptoms, postmenopausal, initial pelvic US indeterminate, next imaging study for characterization",3197151,FDG-PET/CT skull base to mid-thigh,10-30 mSv☢☢☢☢,3-10 mSv [ped]☢☢☢☢,Usually not appropriate
66,Gyn and OB,"Adnexal mass, no acute symptoms, postmenopausal, pelvic US suspicious for malignancy, next imaging study for characterization",3197155,MRI pelvis without and with IV contrast,0 mSvO,0 mSv [ped]O,Usually appropriate
67,Gyn and OB,"Adnexal mass, no acute symptoms, postmenopausal, pelvic US suspicious for malignancy, next imaging study for characterization",3197155,MRI pelvis without IV contrast,0 mSvO,0 mSv [ped]O,May be appropriate
68,Gyn and OB,"Adnexal mass, no acute symptoms, postmenopausal, pelvic US suspicious for malignancy, next imaging study for characterization",3197155,CT pelvis without and with IV contrast,10-30 mSv☢☢☢☢,3-10 mSv [ped]☢☢☢☢,May be appropriate (Disagreement)
69,Gyn and OB,"Adnexal mass, no acute symptoms, postmenopausal, pelvic US suspicious for malignancy, next imaging study for characterization",3197155,CT pelvis with IV contrast,1-10 mSv☢☢☢,3-10 mSv [ped]☢☢☢☢,Usually not appropriate
70,Gyn and OB,"Adnexal mass, no acute symptoms, postmenopausal, pelvic US suspicious for malignancy, next imaging study for characterization",3197155,CT pelvis without IV contrast,1-10 mSv☢☢☢,3-10 mSv [ped]☢☢☢☢,Usually not appropriate
71,Gyn and OB,"Adnexal mass, no acute symptoms, postmenopausal, pelvic US suspicious for malignancy, next imaging study for characterization",3197155,FDG-PET/CT skull base to mid-thigh,10-30 mSv☢☢☢☢,3-10 mSv [ped]☢☢☢☢,Usually not appropriate
72,Gyn and OB,"Adnexal mass, no acute symptoms, pregnant, initial pelvic US indeterminate, next imaging study for characterization",3197158,MRI pelvis without IV contrast,0 mSvO,0 mSv [ped]O,Usually appropriate
73,Gyn and OB,"Adnexal mass, no acute symptoms, pregnant, initial pelvic US indeterminate, next imaging study for characterization",3197158,MRI pelvis without and with IV contrast,0 mSvO,0 mSv [ped]O,Usually not appropriate
74,Gyn and OB,"Adnexal mass, no acute symptoms, pregnant, initial pelvic US indeterminate, next imaging study for characterization",3197158,CT pelvis with IV contrast,1-10 mSv☢☢☢,3-10 mSv [ped]☢☢☢☢,Usually not appropriate
75,Gyn and OB,"Adnexal mass, no acute symptoms, pregnant, initial pelvic US indeterminate, next imaging study for characterization",3197158,CT pelvis without IV contrast,1-10 mSv☢☢☢,3-10 mSv [ped]☢☢☢☢,Usually not appropriate
76,Gyn and OB,"Adnexal mass, no acute symptoms, pregnant, initial pelvic US indeterminate, next imaging study for characterization",3197158,CT pelvis without and with IV contrast,10-30 mSv☢☢☢☢,3-10 mSv [ped]☢☢☢☢,Usually not appropriate
77,Gyn and OB,"Adnexal mass, no acute symptoms, pregnant, initial pelvic US indeterminate, next imaging study for characterization",3197158,FDG-PET/CT skull base to mid-thigh,10-30 mSv☢☢☢☢,3-10 mSv [ped]☢☢☢☢,Usually not appropriate
78,Gyn and OB,"Adnexal mass, no acute symptoms, premenopausal, initial pelvic US indeterminate, follow-up imaging",3082202,US duplex Doppler pelvis,0 mSvO,0 mSv [ped]O,Usually appropriate
79,Gyn and OB,"Adnexal mass, no acute symptoms, premenopausal, initial pelvic US indeterminate, follow-up imaging",3082202,US pelvis transabdominal and US pelvis transvaginal,0 mSvO,0 mSv [ped]O,Usually appropriate
80,Gyn and OB,"Adnexal mass, no acute symptoms, premenopausal, initial pelvic US indeterminate, follow-up imaging",3082202,US pelvis transvaginal,0 mSvO,0 mSv [ped]O,Usually appropriate
81,Gyn and OB,"Adnexal mass, no acute symptoms, premenopausal, initial pelvic US indeterminate, follow-up imaging",3082202,MRI pelvis without and with IV contrast,0 mSvO,0 mSv [ped]O,Usually appropriate
82,Gyn and OB,"Adnexal mass, no acute symptoms, premenopausal, initial pelvic US indeterminate, follow-up imaging",3082202,US pelvis transabdominal,0 mSvO,0 mSv [ped]O,May be appropriate
83,Gyn and OB,"Adnexal mass, no acute symptoms, premenopausal, initial pelvic US indeterminate, follow-up imaging",3082202,MRI pelvis without IV contrast,0 mSvO,0 mSv [ped]O,May be appropriate
84,Gyn and OB,"Adnexal mass, no acute symptoms, premenopausal, initial pelvic US indeterminate, follow-up imaging",3082202,CT pelvis with IV contrast,1-10 mSv☢☢☢,3-10 mSv [ped]☢☢☢☢,Usually not appropriate
85,Gyn and OB,"Adnexal mass, no acute symptoms, premenopausal, initial pelvic US indeterminate, follow-up imaging",3082202,CT pelvis without IV contrast,1-10 mSv☢☢☢,3-10 mSv [ped]☢☢☢☢,Usually not appropriate
86,Gyn and OB,"Adnexal mass, no acute symptoms, premenopausal, initial pelvic US indeterminate, follow-up imaging",3082202,CT pelvis without and with IV contrast,10-30 mSv☢☢☢☢,3-10 mSv [ped]☢☢☢☢,Usually not appropriate
87,Gyn and OB,"Adnexal mass, no acute symptoms, premenopausal, initial pelvic US indeterminate, follow-up imaging",3082202,FDG-PET/CT skull base to mid-thigh,10-30 mSv☢☢☢☢,3-10 mSv [ped]☢☢☢☢,Usually not appropriate
88,Gyn and OB,"Adnexal mass, no acute symptoms, premenopausal, initial pelvic US indeterminate, next imaging study for characterization",3197150,MRI pelvis without and with IV contrast,0 mSvO,0 mSv [ped]O,Usually appropriate
89,Gyn and OB,"Adnexal mass, no acute symptoms, premenopausal, initial pelvic US indeterminate, next imaging study for characterization",3197150,MRI pelvis without IV contrast,0 mSvO,0 mSv [ped]O,May be appropriate
90,Gyn and OB,"Adnexal mass, no acute symptoms, premenopausal, initial pelvic US indeterminate, next imaging study for characterization",3197150,CT pelvis with IV contrast,1-10 mSv☢☢☢,3-10 mSv [ped]☢☢☢☢,Usually not appropriate
91,Gyn and OB,"Adnexal mass, no acute symptoms, premenopausal, initial pelvic US indeterminate, next imaging study for characterization",3197150,CT pelvis without IV contrast,1-10 mSv☢☢☢,3-10 mSv [ped]☢☢☢☢,Usually not appropriate
92,Gyn and OB,"Adnexal mass, no acute symptoms, premenopausal, initial pelvic US indeterminate, next imaging study for characterization",3197150,CT pelvis without and with IV contrast,10-30 mSv☢☢☢☢,3-10 mSv [ped]☢☢☢☢,Usually not appropriate
93,Gyn and OB,"Adnexal mass, no acute symptoms, premenopausal, initial pelvic US indeterminate, next imaging study for characterization",3197150,FDG-PET/CT skull base to mid-thigh,10-30 mSv☢☢☢☢,3-10 mSv [ped]☢☢☢☢,Usually not appropriate
94,Gyn and OB,"Adnexal mass, no acute symptoms, premenopausal, pelvic US suspicious for malignancy, next imaging study for characterization",3149342,MRI pelvis without and with IV contrast,0 mSvO,0 mSv [ped]O,Usually appropriate
95,Gyn and OB,"Adnexal mass, no acute symptoms, premenopausal, pelvic US suspicious for malignancy, next imaging study for characterization",3149342,MRI pelvis without IV contrast,0 mSvO,0 mSv [ped]O,May be appropriate
96,Gyn and OB,"Adnexal mass, no acute symptoms, premenopausal, pelvic US suspicious for malignancy, next imaging study for characterization",3149342,CT pelvis without and with IV contrast,10-30 mSv☢☢☢☢,3-10 mSv [ped]☢☢☢☢,May be appropriate (Disagreement)
97,Gyn and OB,"Adnexal mass, no acute symptoms, premenopausal, pelvic US suspicious for malignancy, next imaging study for characterization",3149342,CT pelvis with IV contrast,1-10 mSv☢☢☢,3-10 mSv [ped]☢☢☢☢,Usually not appropriate
98,Gyn and OB,"Adnexal mass, no acute symptoms, premenopausal, pelvic US suspicious for malignancy, next imaging study for characterization",3149342,CT pelvis without IV contrast,1-10 mSv☢☢☢,3-10 mSv [ped]☢☢☢☢,Usually not appropriate
99,Gyn and OB,"Adnexal mass, no acute symptoms, premenopausal, pelvic US suspicious for malignancy, next imaging study for characterization",3149342,FDG-PET/CT skull base to mid-thigh,10-30 mSv☢☢☢☢,3-10 mSv [ped]☢☢☢☢,Usually not appropriate
100,Gyn and OB,"Cervical cancer, chemoradiation, posttreatment evaluation",3196732,MRI pelvis without and with IV contrast,0 mSvO,0 mSv [ped]O,Usually appropriate
101,Gyn and OB,"Cervical cancer, chemoradiation, posttreatment evaluation",3196732,MRI pelvis without IV contrast,0 mSvO,0 mSv [ped]O,Usually appropriate
102,Gyn and OB,"Cervical cancer, chemoradiation, posttreatment evaluation",3196732,FDG-PET/MRI skull base to mid-thigh,1-10 mSv☢☢☢,,Usually appropriate
103,Gyn and OB,"Cervical cancer, chemoradiation, posttreatment evaluation",3196732,FDG-PET/CT skull base to mid-thigh,10-30 mSv☢☢☢☢,3-10 mSv [ped]☢☢☢☢,Usually appropriate
104,Gyn and OB,"Cervical cancer, chemoradiation, posttreatment evaluation",3196732,MRI abdomen without and with IV contrast,0 mSvO,0 mSv [ped]O,May be appropriate
105,Gyn and OB,"Cervical cancer, chemoradiation, posttreatment evaluation",3196732,MRI abdomen without IV contrast,0 mSvO,0 mSv [ped]O,May be appropriate
106,Gyn and OB,"Cervical cancer, chemoradiation, posttreatment evaluation",3196732,CT abdomen and pelvis with IV contrast,1-10 mSv☢☢☢,3-10 mSv [ped]☢☢☢☢,May be appropriate
107,Gyn and OB,"Cervical cancer, chemoradiation, posttreatment evaluation",3196732,CT chest with IV contrast,1-10 mSv☢☢☢,3-10 mSv [ped]☢☢☢☢,May be appropriate (Disagreement)
108,Gyn and OB,"Cervical cancer, chemoradiation, posttreatment evaluation",3196732,US abdomen,0 mSvO,0 mSv [ped]O,Usually not appropriate
109,Gyn and OB,"Cervical cancer, chemoradiation, posttreatment evaluation",3196732,US pelvis transabdominal,0 mSvO,0 mSv [ped]O,Usually not appropriate
110,Gyn and OB,"Cervical cancer, chemoradiation, posttreatment evaluation",3196732,US pelvis transvaginal,0 mSvO,0 mSv [ped]O,Usually not appropriate
111,Gyn and OB,"Cervical cancer, chemoradiation, posttreatment evaluation",3196732,Radiography chest,<0.1 mSv☢,<0.03 mSv [ped]☢,Usually not appropriate
112,Gyn and OB,"Cervical cancer, chemoradiation, posttreatment evaluation",3196732,CT abdomen and pelvis without IV contrast,1-10 mSv☢☢☢,3-10 mSv [ped]☢☢☢☢,Usually not appropriate
113,Gyn and OB,"Cervical cancer, chemoradiation, posttreatment evaluation",3196732,CT chest without and with IV contrast,1-10 mSv☢☢☢,3-10 mSv [ped]☢☢☢☢,Usually not appropriate
114,Gyn and OB,"Cervical cancer, chemoradiation, posttreatment evaluation",3196732,CT chest without IV contrast,1-10 mSv☢☢☢,3-10 mSv [ped]☢☢☢☢,Usually not appropriate
115,Gyn and OB,"Cervical cancer, chemoradiation, posttreatment evaluation",3196732,CT abdomen and pelvis without and with IV contrast,10-30 mSv☢☢☢☢,10-30 mSv [ped]☢☢☢☢☢,Usually not appropriate
116,Gyn and OB,"Cervical cancer, local recurrence suspected, follow-up imaging",3196735,MRI abdomen without and with IV contrast,0 mSvO,0 mSv [ped]O,Usually appropriate
117,Gyn and OB,"Cervical cancer, local recurrence suspected, follow-up imaging",3196735,MRI pelvis without and with IV contrast,0 mSvO,0 mSv [ped]O,Usually appropriate
118,Gyn and OB,"Cervical cancer, local recurrence suspected, follow-up imaging",3196735,CT abdomen and pelvis with IV contrast,1-10 mSv☢☢☢,3-10 mSv [ped]☢☢☢☢,Usually appropriate
119,Gyn and OB,"Cervical cancer, local recurrence suspected, follow-up imaging",3196735,CT chest with IV contrast,1-10 mSv☢☢☢,3-10 mSv [ped]☢☢☢☢,Usually appropriate
120,Gyn and OB,"Cervical cancer, local recurrence suspected, follow-up imaging",3196735,FDG-PET/MRI skull base to mid-thigh,1-10 mSv☢☢☢,,Usually appropriate
121,Gyn and OB,"Cervical cancer, local recurrence suspected, follow-up imaging",3196735,FDG-PET/CT skull base to mid-thigh,10-30 mSv☢☢☢☢,3-10 mSv [ped]☢☢☢☢,Usually appropriate
122,Gyn and OB,"Cervical cancer, local recurrence suspected, follow-up imaging",3196735,MRI abdomen without IV contrast,0 mSvO,0 mSv [ped]O,May be appropriate
123,Gyn and OB,"Cervical cancer, local recurrence suspected, follow-up imaging",3196735,MRI pelvis without IV contrast,0 mSvO,0 mSv [ped]O,May be appropriate
124,Gyn and OB,"Cervical cancer, local recurrence suspected, follow-up imaging",3196735,CT abdomen and pelvis without IV contrast,1-10 mSv☢☢☢,3-10 mSv [ped]☢☢☢☢,May be appropriate (Disagreement)
125,Gyn and OB,"Cervical cancer, local recurrence suspected, follow-up imaging",3196735,CT chest without IV contrast,1-10 mSv☢☢☢,3-10 mSv [ped]☢☢☢☢,May be appropriate
126,Gyn and OB,"Cervical cancer, local recurrence suspected, follow-up imaging",3196735,CT abdomen and pelvis without and with IV contrast,10-30 mSv☢☢☢☢,10-30 mSv [ped]☢☢☢☢☢,May be appropriate (Disagreement)
127,Gyn and OB,"Cervical cancer, local recurrence suspected, follow-up imaging",3196735,US abdomen,0 mSvO,0 mSv [ped]O,Usually not appropriate
128,Gyn and OB,"Cervical cancer, local recurrence suspected, follow-up imaging",3196735,US pelvis transabdominal,0 mSvO,0 mSv [ped]O,Usually not appropriate
129,Gyn and OB,"Cervical cancer, local recurrence suspected, follow-up imaging",3196735,US pelvis transvaginal,0 mSvO,0 mSv [ped]O,Usually not appropriate
130,Gyn and OB,"Cervical cancer, local recurrence suspected, follow-up imaging",3196735,Radiography chest,<0.1 mSv☢,<0.03 mSv [ped]☢,Usually not appropriate
131,Gyn and OB,"Cervical cancer, local recurrence suspected, follow-up imaging",3196735,CT chest without and with IV contrast,1-10 mSv☢☢☢,3-10 mSv [ped]☢☢☢☢,Usually not appropriate
132,Gyn and OB,"Cervical cancer, local recurrence, follow-up imaging",3196736,MRI abdomen without and with IV contrast,0 mSvO,0 mSv [ped]O,Usually appropriate
133,Gyn and OB,"Cervical cancer, local recurrence, follow-up imaging",3196736,MRI pelvis without and with IV contrast,0 mSvO,0 mSv [ped]O,Usually appropriate
134,Gyn and OB,"Cervical cancer, local recurrence, follow-up imaging",3196736,CT abdomen and pelvis with IV contrast,1-10 mSv☢☢☢,3-10 mSv [ped]☢☢☢☢,Usually appropriate
135,Gyn and OB,"Cervical cancer, local recurrence, follow-up imaging",3196736,CT chest with IV contrast,1-10 mSv☢☢☢,3-10 mSv [ped]☢☢☢☢,Usually appropriate
136,Gyn and OB,"Cervical cancer, local recurrence, follow-up imaging",3196736,FDG-PET/MRI skull base to mid-thigh,1-10 mSv☢☢☢,,Usually appropriate
137,Gyn and OB,"Cervical cancer, local recurrence, follow-up imaging",3196736,FDG-PET/CT skull base to mid-thigh,10-30 mSv☢☢☢☢,3-10 mSv [ped]☢☢☢☢,Usually appropriate
138,Gyn and OB,"Cervical cancer, local recurrence, follow-up imaging",3196736,MRI abdomen without IV contrast,0 mSvO,0 mSv [ped]O,May be appropriate
139,Gyn and OB,"Cervical cancer, local recurrence, follow-up imaging",3196736,MRI pelvis without IV contrast,0 mSvO,0 mSv [ped]O,May be appropriate
140,Gyn and OB,"Cervical cancer, local recurrence, follow-up imaging",3196736,CT abdomen and pelvis without IV contrast,1-10 mSv☢☢☢,3-10 mSv [ped]☢☢☢☢,May be appropriate (Disagreement)
141,Gyn and OB,"Cervical cancer, local recurrence, follow-up imaging",3196736,CT chest without IV contrast,1-10 mSv☢☢☢,3-10 mSv [ped]☢☢☢☢,May be appropriate
142,Gyn and OB,"Cervical cancer, local recurrence, follow-up imaging",3196736,CT abdomen and pelvis without and with IV contrast,10-30 mSv☢☢☢☢,10-30 mSv [ped]☢☢☢☢☢,May be appropriate (Disagreement)
143,Gyn and OB,"Cervical cancer, local recurrence, follow-up imaging",3196736,US abdomen,0 mSvO,0 mSv [ped]O,Usually not appropriate
144,Gyn and OB,"Cervical cancer, local recurrence, follow-up imaging",3196736,US pelvis transabdominal,0 mSvO,0 mSv [ped]O,Usually not appropriate
145,Gyn and OB,"Cervical cancer, local recurrence, follow-up imaging",3196736,US pelvis transvaginal,0 mSvO,0 mSv [ped]O,Usually not appropriate
146,Gyn and OB,"Cervical cancer, local recurrence, follow-up imaging",3196736,Radiography chest,<0.1 mSv☢,<0.03 mSv [ped]☢,Usually not appropriate
147,Gyn and OB,"Cervical cancer, local recurrence, follow-up imaging",3196736,CT chest without and with IV contrast,1-10 mSv☢☢☢,3-10 mSv [ped]☢☢☢☢,Usually not appropriate
148,Gyn and OB,"Cervical cancer, mets recurrence suspected, follow-up imaging",3196737,MRI abdomen without and with IV contrast,0 mSvO,0 mSv [ped]O,Usually appropriate
149,Gyn and OB,"Cervical cancer, mets recurrence suspected, follow-up imaging",3196737,MRI pelvis without and with IV contrast,0 mSvO,0 mSv [ped]O,Usually appropriate
150,Gyn and OB,"Cervical cancer, mets recurrence suspected, follow-up imaging",3196737,CT abdomen and pelvis with IV contrast,1-10 mSv☢☢☢,3-10 mSv [ped]☢☢☢☢,Usually appropriate
151,Gyn and OB,"Cervical cancer, mets recurrence suspected, follow-up imaging",3196737,CT chest with IV contrast,1-10 mSv☢☢☢,3-10 mSv [ped]☢☢☢☢,Usually appropriate
152,Gyn and OB,"Cervical cancer, mets recurrence suspected, follow-up imaging",3196737,FDG-PET/MRI skull base to mid-thigh,1-10 mSv☢☢☢,,Usually appropriate
153,Gyn and OB,"Cervical cancer, mets recurrence suspected, follow-up imaging",3196737,FDG-PET/CT skull base to mid-thigh,10-30 mSv☢☢☢☢,3-10 mSv [ped]☢☢☢☢,Usually appropriate
154,Gyn and OB,"Cervical cancer, mets recurrence suspected, follow-up imaging",3196737,MRI abdomen without IV contrast,0 mSvO,0 mSv [ped]O,May be appropriate
155,Gyn and OB,"Cervical cancer, mets recurrence suspected, follow-up imaging",3196737,MRI pelvis without IV contrast,0 mSvO,0 mSv [ped]O,May be appropriate
156,Gyn and OB,"Cervical cancer, mets recurrence suspected, follow-up imaging",3196737,CT abdomen and pelvis without IV contrast,1-10 mSv☢☢☢,3-10 mSv [ped]☢☢☢☢,May be appropriate (Disagreement)
157,Gyn and OB,"Cervical cancer, mets recurrence suspected, follow-up imaging",3196737,CT chest without IV contrast,1-10 mSv☢☢☢,3-10 mSv [ped]☢☢☢☢,May be appropriate
158,Gyn and OB,"Cervical cancer, mets recurrence suspected, follow-up imaging",3196737,CT abdomen and pelvis without and with IV contrast,10-30 mSv☢☢☢☢,10-30 mSv [ped]☢☢☢☢☢,May be appropriate (Disagreement)
159,Gyn and OB,"Cervical cancer, mets recurrence suspected, follow-up imaging",3196737,US abdomen,0 mSvO,0 mSv [ped]O,Usually not appropriate
160,Gyn and OB,"Cervical cancer, mets recurrence suspected, follow-up imaging",3196737,US pelvis transabdominal,0 mSvO,0 mSv [ped]O,Usually not appropriate
161,Gyn and OB,"Cervical cancer, mets recurrence suspected, follow-up imaging",3196737,US pelvis transvaginal,0 mSvO,0 mSv [ped]O,Usually not appropriate
162,Gyn and OB,"Cervical cancer, mets recurrence suspected, follow-up imaging",3196737,Radiography chest,<0.1 mSv☢,<0.03 mSv [ped]☢,Usually not appropriate
163,Gyn and OB,"Cervical cancer, mets recurrence suspected, follow-up imaging",3196737,CT chest without and with IV contrast,1-10 mSv☢☢☢,3-10 mSv [ped]☢☢☢☢,Usually not appropriate
164,Gyn and OB,"Cervical cancer, mets recurrence, follow-up imaging",3196738,MRI abdomen without and with IV contrast,0 mSvO,0 mSv [ped]O,Usually appropriate
165,Gyn and OB,"Cervical cancer, mets recurrence, follow-up imaging",3196738,MRI pelvis without and with IV contrast,0 mSvO,0 mSv [ped]O,Usually appropriate
166,Gyn and OB,"Cervical cancer, mets recurrence, follow-up imaging",3196738,CT abdomen and pelvis with IV contrast,1-10 mSv☢☢☢,3-10 mSv [ped]☢☢☢☢,Usually appropriate
167,Gyn and OB,"Cervical cancer, mets recurrence, follow-up imaging",3196738,CT chest with IV contrast,1-10 mSv☢☢☢,3-10 mSv [ped]☢☢☢☢,Usually appropriate
168,Gyn and OB,"Cervical cancer, mets recurrence, follow-up imaging",3196738,FDG-PET/MRI skull base to mid-thigh,1-10 mSv☢☢☢,,Usually appropriate
169,Gyn and OB,"Cervical cancer, mets recurrence, follow-up imaging",3196738,FDG-PET/CT skull base to mid-thigh,10-30 mSv☢☢☢☢,3-10 mSv [ped]☢☢☢☢,Usually appropriate
170,Gyn and OB,"Cervical cancer, mets recurrence, follow-up imaging",3196738,MRI abdomen without IV contrast,0 mSvO,0 mSv [ped]O,May be appropriate
171,Gyn and OB,"Cervical cancer, mets recurrence, follow-up imaging",3196738,MRI pelvis without IV contrast,0 mSvO,0 mSv [ped]O,May be appropriate
172,Gyn and OB,"Cervical cancer, mets recurrence, follow-up imaging",3196738,CT abdomen and pelvis without IV contrast,1-10 mSv☢☢☢,3-10 mSv [ped]☢☢☢☢,May be appropriate (Disagreement)
173,Gyn and OB,"Cervical cancer, mets recurrence, follow-up imaging",3196738,CT chest without IV contrast,1-10 mSv☢☢☢,3-10 mSv [ped]☢☢☢☢,May be appropriate
174,Gyn and OB,"Cervical cancer, mets recurrence, follow-up imaging",3196738,CT abdomen and pelvis without and with IV contrast,10-30 mSv☢☢☢☢,10-30 mSv [ped]☢☢☢☢☢,May be appropriate (Disagreement)
175,Gyn and OB,"Cervical cancer, mets recurrence, follow-up imaging",3196738,US abdomen,0 mSvO,0 mSv [ped]O,Usually not appropriate
176,Gyn and OB,"Cervical cancer, mets recurrence, follow-up imaging",3196738,US pelvis transabdominal,0 mSvO,0 mSv [ped]O,Usually not appropriate
177,Gyn and OB,"Cervical cancer, mets recurrence, follow-up imaging",3196738,US pelvis transvaginal,0 mSvO,0 mSv [ped]O,Usually not appropriate
178,Gyn and OB,"Cervical cancer, mets recurrence, follow-up imaging",3196738,Radiography chest,<0.1 mSv☢,<0.03 mSv [ped]☢,Usually not appropriate
179,Gyn and OB,"Cervical cancer, mets recurrence, follow-up imaging",3196738,CT chest without and with IV contrast,1-10 mSv☢☢☢,3-10 mSv [ped]☢☢☢☢,Usually not appropriate
180,Gyn and OB,"Cervical cancer, pretreatment, clinically visible lesion, local tumor staging",3074148,MRI pelvis without and with IV contrast,0 mSvO,0 mSv [ped]O,Usually appropriate
181,Gyn and OB,"Cervical cancer, pretreatment, clinically visible lesion, local tumor staging",3074148,FDG-PET/MRI skull base to mid-thigh,1-10 mSv☢☢☢,,Usually appropriate
182,Gyn and OB,"Cervical cancer, pretreatment, clinically visible lesion, local tumor staging",3074148,US pelvis transvaginal,0 mSvO,0 mSv [ped]O,May be appropriate
183,Gyn and OB,"Cervical cancer, pretreatment, clinically visible lesion, local tumor staging",3074148,MRI pelvis without IV contrast,0 mSvO,0 mSv [ped]O,May be appropriate
184,Gyn and OB,"Cervical cancer, pretreatment, clinically visible lesion, local tumor staging",3074148,CT pelvis with IV contrast,1-10 mSv☢☢☢,3-10 mSv [ped]☢☢☢☢,May be appropriate
185,Gyn and OB,"Cervical cancer, pretreatment, clinically visible lesion, local tumor staging",3074148,FDG-PET/CT skull base to mid-thigh,10-30 mSv☢☢☢☢,3-10 mSv [ped]☢☢☢☢,May be appropriate
186,Gyn and OB,"Cervical cancer, pretreatment, clinically visible lesion, local tumor staging",3074148,US pelvis transabdominal,0 mSvO,0 mSv [ped]O,Usually not appropriate
187,Gyn and OB,"Cervical cancer, pretreatment, clinically visible lesion, local tumor staging",3074148,CT pelvis without IV contrast,1-10 mSv☢☢☢,3-10 mSv [ped]☢☢☢☢,Usually not appropriate
188,Gyn and OB,"Cervical cancer, pretreatment, clinically visible lesion, local tumor staging",3074148,CT pelvis without and with IV contrast,10-30 mSv☢☢☢☢,3-10 mSv [ped]☢☢☢☢,Usually not appropriate
189,Gyn and OB,"Cervical cancer, pretreatment, systemic staging",3074149,MRI pelvis without and with IV contrast,0 mSvO,0 mSv [ped]O,Usually appropriate
190,Gyn and OB,"Cervical cancer, pretreatment, systemic staging",3074149,CT abdomen and pelvis with IV contrast,1-10 mSv☢☢☢,3-10 mSv [ped]☢☢☢☢,Usually appropriate
191,Gyn and OB,"Cervical cancer, pretreatment, systemic staging",3074149,CT chest with IV contrast,1-10 mSv☢☢☢,3-10 mSv [ped]☢☢☢☢,Usually appropriate
192,Gyn and OB,"Cervical cancer, pretreatment, systemic staging",3074149,FDG-PET/MRI skull base to mid-thigh,1-10 mSv☢☢☢,,Usually appropriate
193,Gyn and OB,"Cervical cancer, pretreatment, systemic staging",3074149,FDG-PET/CT skull base to mid-thigh,10-30 mSv☢☢☢☢,3-10 mSv [ped]☢☢☢☢,Usually appropriate
194,Gyn and OB,"Cervical cancer, pretreatment, systemic staging",3074149,MRI abdomen without and with IV contrast,0 mSvO,0 mSv [ped]O,May be appropriate
195,Gyn and OB,"Cervical cancer, pretreatment, systemic staging",3074149,MRI abdomen without IV contrast,0 mSvO,0 mSv [ped]O,May be appropriate
196,Gyn and OB,"Cervical cancer, pretreatment, systemic staging",3074149,MRI pelvis without IV contrast,0 mSvO,0 mSv [ped]O,May be appropriate
197,Gyn and OB,"Cervical cancer, pretreatment, systemic staging",3074149,CT chest without IV contrast,1-10 mSv☢☢☢,3-10 mSv [ped]☢☢☢☢,May be appropriate
198,Gyn and OB,"Cervical cancer, pretreatment, systemic staging",3074149,US abdomen,0 mSvO,0 mSv [ped]O,Usually not appropriate
199,Gyn and OB,"Cervical cancer, pretreatment, systemic staging",3074149,US pelvis transabdominal,0 mSvO,0 mSv [ped]O,Usually not appropriate
200,Gyn and OB,"Cervical cancer, pretreatment, systemic staging",3074149,US pelvis transvaginal,0 mSvO,0 mSv [ped]O,Usually not appropriate
201,Gyn and OB,"Cervical cancer, pretreatment, systemic staging",3074149,Radiography chest,<0.1 mSv☢,<0.03 mSv [ped]☢,Usually not appropriate
202,Gyn and OB,"Cervical cancer, pretreatment, systemic staging",3074149,CT abdomen and pelvis without IV contrast,1-10 mSv☢☢☢,3-10 mSv [ped]☢☢☢☢,Usually not appropriate
203,Gyn and OB,"Cervical cancer, pretreatment, systemic staging",3074149,CT chest without and with IV contrast,1-10 mSv☢☢☢,3-10 mSv [ped]☢☢☢☢,Usually not appropriate
204,Gyn and OB,"Cervical cancer, pretreatment, systemic staging",3074149,CT abdomen and pelvis without and with IV contrast,10-30 mSv☢☢☢☢,10-30 mSv [ped]☢☢☢☢☢,Usually not appropriate
205,Gyn and OB,"Cervical cancer, treated, asymptomatic, surveillance",3074150,MRI pelvis without and with IV contrast,0 mSvO,0 mSv [ped]O,Usually appropriate
206,Gyn and OB,"Cervical cancer, treated, asymptomatic, surveillance",3074150,CT abdomen and pelvis with IV contrast,1-10 mSv☢☢☢,3-10 mSv [ped]☢☢☢☢,Usually appropriate
207,Gyn and OB,"Cervical cancer, treated, asymptomatic, surveillance",3074150,CT chest with IV contrast,1-10 mSv☢☢☢,3-10 mSv [ped]☢☢☢☢,Usually appropriate
208,Gyn and OB,"Cervical cancer, treated, asymptomatic, surveillance",3074150,FDG-PET/MRI skull base to mid-thigh,1-10 mSv☢☢☢,,Usually appropriate
209,Gyn and OB,"Cervical cancer, treated, asymptomatic, surveillance",3074150,FDG-PET/CT skull base to mid-thigh,10-30 mSv☢☢☢☢,3-10 mSv [ped]☢☢☢☢,Usually appropriate
210,Gyn and OB,"Cervical cancer, treated, asymptomatic, surveillance",3074150,MRI abdomen without and with IV contrast,0 mSvO,0 mSv [ped]O,May be appropriate (Disagreement)
211,Gyn and OB,"Cervical cancer, treated, asymptomatic, surveillance",3074150,MRI abdomen without IV contrast,0 mSvO,0 mSv [ped]O,May be appropriate (Disagreement)
212,Gyn and OB,"Cervical cancer, treated, asymptomatic, surveillance",3074150,MRI pelvis without IV contrast,0 mSvO,0 mSv [ped]O,May be appropriate
213,Gyn and OB,"Cervical cancer, treated, asymptomatic, surveillance",3074150,CT abdomen and pelvis without IV contrast,1-10 mSv☢☢☢,3-10 mSv [ped]☢☢☢☢,May be appropriate (Disagreement)
214,Gyn and OB,"Cervical cancer, treated, asymptomatic, surveillance",3074150,CT chest without IV contrast,1-10 mSv☢☢☢,3-10 mSv [ped]☢☢☢☢,May be appropriate
215,Gyn and OB,"Cervical cancer, treated, asymptomatic, surveillance",3074150,US abdomen,0 mSvO,0 mSv [ped]O,Usually not appropriate
216,Gyn and OB,"Cervical cancer, treated, asymptomatic, surveillance",3074150,US pelvis transabdominal,0 mSvO,0 mSv [ped]O,Usually not appropriate
217,Gyn and OB,"Cervical cancer, treated, asymptomatic, surveillance",3074150,US pelvis transvaginal,0 mSvO,0 mSv [ped]O,Usually not appropriate
218,Gyn and OB,"Cervical cancer, treated, asymptomatic, surveillance",3074150,Radiography chest,<0.1 mSv☢,<0.03 mSv [ped]☢,Usually not appropriate
219,Gyn and OB,"Cervical cancer, treated, asymptomatic, surveillance",3074150,CT chest without and with IV contrast,1-10 mSv☢☢☢,3-10 mSv [ped]☢☢☢☢,Usually not appropriate
220,Gyn and OB,"Cervical cancer, treated, asymptomatic, surveillance",3074150,CT abdomen and pelvis without and with IV contrast,10-30 mSv☢☢☢☢,10-30 mSv [ped]☢☢☢☢☢,Usually not appropriate
221,Gyn and OB,"Defecatory dysfunction, difficulty initiating defecation, initial imaging",3194854,US pelvis transrectal,0 mSvO,0 mSv [ped]O,Usually appropriate
222,Gyn and OB,"Defecatory dysfunction, difficulty initiating defecation, initial imaging",3194854,Fluoroscopy cystocolpoproctography,1-10 mSv☢☢☢,,Usually appropriate
223,Gyn and OB,"Defecatory dysfunction, difficulty initiating defecation, initial imaging",3194854,MR defecography,0 mSvO,0 mSv [ped]O,Usually appropriate
224,Gyn and OB,"Defecatory dysfunction, difficulty initiating defecation, initial imaging",3194854,US pelvis transperineal,0 mSvO,0 mSv [ped]O,May be appropriate
225,Gyn and OB,"Defecatory dysfunction, difficulty initiating defecation, initial imaging",3194854,MRI pelvis dynamic maneuvers without defecation,0 mSvO,0 mSv [ped]O,May be appropriate (Disagreement)
226,Gyn and OB,"Defecatory dysfunction, difficulty initiating defecation, initial imaging",3194854,MRI pelvis without and with IV contrast,0 mSvO,0 mSv [ped]O,May be appropriate
227,Gyn and OB,"Defecatory dysfunction, difficulty initiating defecation, initial imaging",3194854,US pelvis transabdominal,0 mSvO,0 mSv [ped]O,Usually not appropriate
228,Gyn and OB,"Defecatory dysfunction, difficulty initiating defecation, initial imaging",3194854,US pelvis transvaginal,0 mSvO,0 mSv [ped]O,Usually not appropriate
229,Gyn and OB,"Defecatory dysfunction, difficulty initiating defecation, initial imaging",3194854,Fluoroscopy voiding cystourethrography,0.1-1mSv☢☢,0.03-0.3 mSv [ped]☢☢,Usually not appropriate
230,Gyn and OB,"Defecatory dysfunction, difficulty initiating defecation, initial imaging",3194854,MRI pelvis without IV contrast,0 mSvO,0 mSv [ped]O,Usually not appropriate
231,Gyn and OB,"Defecatory dysfunction, difficulty initiating defecation, initial imaging",3194854,CT pelvis with IV contrast,1-10 mSv☢☢☢,3-10 mSv [ped]☢☢☢☢,Usually not appropriate
232,Gyn and OB,"Defecatory dysfunction, difficulty initiating defecation, initial imaging",3194854,CT pelvis without IV contrast,1-10 mSv☢☢☢,3-10 mSv [ped]☢☢☢☢,Usually not appropriate
233,Gyn and OB,"Defecatory dysfunction, difficulty initiating defecation, initial imaging",3194854,CT pelvis without and with IV contrast,10-30 mSv☢☢☢☢,3-10 mSv [ped]☢☢☢☢,Usually not appropriate
234,Gyn and OB,"Defecatory dysfunction, digital maneuvers to defecate, initial imaging",3194857,US pelvis transrectal,0 mSvO,0 mSv [ped]O,Usually appropriate
235,Gyn and OB,"Defecatory dysfunction, digital maneuvers to defecate, initial imaging",3194857,Fluoroscopy cystocolpoproctography,1-10 mSv☢☢☢,,Usually appropriate
236,Gyn and OB,"Defecatory dysfunction, digital maneuvers to defecate, initial imaging",3194857,MR defecography,0 mSvO,0 mSv [ped]O,Usually appropriate
237,Gyn and OB,"Defecatory dysfunction, digital maneuvers to defecate, initial imaging",3194857,US pelvis transperineal,0 mSvO,0 mSv [ped]O,May be appropriate
238,Gyn and OB,"Defecatory dysfunction, digital maneuvers to defecate, initial imaging",3194857,MRI pelvis dynamic maneuvers without defecation,0 mSvO,0 mSv [ped]O,May be appropriate (Disagreement)
239,Gyn and OB,"Defecatory dysfunction, digital maneuvers to defecate, initial imaging",3194857,MRI pelvis without and with IV contrast,0 mSvO,0 mSv [ped]O,May be appropriate
240,Gyn and OB,"Defecatory dysfunction, digital maneuvers to defecate, initial imaging",3194857,US pelvis transabdominal,0 mSvO,0 mSv [ped]O,Usually not appropriate
241,Gyn and OB,"Defecatory dysfunction, digital maneuvers to defecate, initial imaging",3194857,US pelvis transvaginal,0 mSvO,0 mSv [ped]O,Usually not appropriate
242,Gyn and OB,"Defecatory dysfunction, digital maneuvers to defecate, initial imaging",3194857,Fluoroscopy voiding cystourethrography,0.1-1mSv☢☢,0.03-0.3 mSv [ped]☢☢,Usually not appropriate
243,Gyn and OB,"Defecatory dysfunction, digital maneuvers to defecate, initial imaging",3194857,MRI pelvis without IV contrast,0 mSvO,0 mSv [ped]O,Usually not appropriate
244,Gyn and OB,"Defecatory dysfunction, digital maneuvers to defecate, initial imaging",3194857,CT pelvis with IV contrast,1-10 mSv☢☢☢,3-10 mSv [ped]☢☢☢☢,Usually not appropriate
245,Gyn and OB,"Defecatory dysfunction, digital maneuvers to defecate, initial imaging",3194857,CT pelvis without IV contrast,1-10 mSv☢☢☢,3-10 mSv [ped]☢☢☢☢,Usually not appropriate
246,Gyn and OB,"Defecatory dysfunction, digital maneuvers to defecate, initial imaging",3194857,CT pelvis without and with IV contrast,10-30 mSv☢☢☢☢,3-10 mSv [ped]☢☢☢☢,Usually not appropriate
247,Gyn and OB,"Defecatory dysfunction, incomplete evacuation, initial imaging",3194855,US pelvis transrectal,0 mSvO,0 mSv [ped]O,Usually appropriate
248,Gyn and OB,"Defecatory dysfunction, incomplete evacuation, initial imaging",3194855,Fluoroscopy cystocolpoproctography,1-10 mSv☢☢☢,,Usually appropriate
249,Gyn and OB,"Defecatory dysfunction, incomplete evacuation, initial imaging",3194855,MR defecography,0 mSvO,0 mSv [ped]O,Usually appropriate
250,Gyn and OB,"Defecatory dysfunction, incomplete evacuation, initial imaging",3194855,US pelvis transperineal,0 mSvO,0 mSv [ped]O,May be appropriate
251,Gyn and OB,"Defecatory dysfunction, incomplete evacuation, initial imaging",3194855,MRI pelvis dynamic maneuvers without defecation,0 mSvO,0 mSv [ped]O,May be appropriate (Disagreement)
252,Gyn and OB,"Defecatory dysfunction, incomplete evacuation, initial imaging",3194855,MRI pelvis without and with IV contrast,0 mSvO,0 mSv [ped]O,May be appropriate
253,Gyn and OB,"Defecatory dysfunction, incomplete evacuation, initial imaging",3194855,US pelvis transabdominal,0 mSvO,0 mSv [ped]O,Usually not appropriate
254,Gyn and OB,"Defecatory dysfunction, incomplete evacuation, initial imaging",3194855,US pelvis transvaginal,0 mSvO,0 mSv [ped]O,Usually not appropriate
255,Gyn and OB,"Defecatory dysfunction, incomplete evacuation, initial imaging",3194855,Fluoroscopy voiding cystourethrography,0.1-1mSv☢☢,0.03-0.3 mSv [ped]☢☢,Usually not appropriate
256,Gyn and OB,"Defecatory dysfunction, incomplete evacuation, initial imaging",3194855,MRI pelvis without IV contrast,0 mSvO,0 mSv [ped]O,Usually not appropriate
257,Gyn and OB,"Defecatory dysfunction, incomplete evacuation, initial imaging",3194855,CT pelvis with IV contrast,1-10 mSv☢☢☢,3-10 mSv [ped]☢☢☢☢,Usually not appropriate
258,Gyn and OB,"Defecatory dysfunction, incomplete evacuation, initial imaging",3194855,CT pelvis without IV contrast,1-10 mSv☢☢☢,3-10 mSv [ped]☢☢☢☢,Usually not appropriate
259,Gyn and OB,"Defecatory dysfunction, incomplete evacuation, initial imaging",3194855,CT pelvis without and with IV contrast,10-30 mSv☢☢☢☢,3-10 mSv [ped]☢☢☢☢,Usually not appropriate
260,Gyn and OB,"Defecatory dysfunction, incontinence of gas, initial imaging",3194852,US pelvis transrectal,0 mSvO,0 mSv [ped]O,Usually appropriate
261,Gyn and OB,"Defecatory dysfunction, incontinence of gas, initial imaging",3194852,Fluoroscopy cystocolpoproctography,1-10 mSv☢☢☢,,Usually appropriate
262,Gyn and OB,"Defecatory dysfunction, incontinence of gas, initial imaging",3194852,MR defecography,0 mSvO,0 mSv [ped]O,Usually appropriate
263,Gyn and OB,"Defecatory dysfunction, incontinence of gas, initial imaging",3194852,US pelvis transperineal,0 mSvO,0 mSv [ped]O,May be appropriate
264,Gyn and OB,"Defecatory dysfunction, incontinence of gas, initial imaging",3194852,MRI pelvis dynamic maneuvers without defecation,0 mSvO,0 mSv [ped]O,May be appropriate (Disagreement)
265,Gyn and OB,"Defecatory dysfunction, incontinence of gas, initial imaging",3194852,MRI pelvis without and with IV contrast,0 mSvO,0 mSv [ped]O,May be appropriate
266,Gyn and OB,"Defecatory dysfunction, incontinence of gas, initial imaging",3194852,US pelvis transabdominal,0 mSvO,0 mSv [ped]O,Usually not appropriate
267,Gyn and OB,"Defecatory dysfunction, incontinence of gas, initial imaging",3194852,US pelvis transvaginal,0 mSvO,0 mSv [ped]O,Usually not appropriate
268,Gyn and OB,"Defecatory dysfunction, incontinence of gas, initial imaging",3194852,Fluoroscopy voiding cystourethrography,0.1-1mSv☢☢,0.03-0.3 mSv [ped]☢☢,Usually not appropriate
269,Gyn and OB,"Defecatory dysfunction, incontinence of gas, initial imaging",3194852,MRI pelvis without IV contrast,0 mSvO,0 mSv [ped]O,Usually not appropriate
270,Gyn and OB,"Defecatory dysfunction, incontinence of gas, initial imaging",3194852,CT pelvis with IV contrast,1-10 mSv☢☢☢,3-10 mSv [ped]☢☢☢☢,Usually not appropriate
271,Gyn and OB,"Defecatory dysfunction, incontinence of gas, initial imaging",3194852,CT pelvis without IV contrast,1-10 mSv☢☢☢,3-10 mSv [ped]☢☢☢☢,Usually not appropriate
272,Gyn and OB,"Defecatory dysfunction, incontinence of gas, initial imaging",3194852,CT pelvis without and with IV contrast,10-30 mSv☢☢☢☢,3-10 mSv [ped]☢☢☢☢,Usually not appropriate
273,Gyn and OB,"Defecatory dysfunction, incontinence of liquid, initial imaging",3194851,US pelvis transrectal,0 mSvO,0 mSv [ped]O,Usually appropriate
274,Gyn and OB,"Defecatory dysfunction, incontinence of liquid, initial imaging",3194851,Fluoroscopy cystocolpoproctography,1-10 mSv☢☢☢,,Usually appropriate
275,Gyn and OB,"Defecatory dysfunction, incontinence of liquid, initial imaging",3194851,MR defecography,0 mSvO,0 mSv [ped]O,Usually appropriate
276,Gyn and OB,"Defecatory dysfunction, incontinence of liquid, initial imaging",3194851,US pelvis transperineal,0 mSvO,0 mSv [ped]O,May be appropriate
277,Gyn and OB,"Defecatory dysfunction, incontinence of liquid, initial imaging",3194851,MRI pelvis dynamic maneuvers without defecation,0 mSvO,0 mSv [ped]O,May be appropriate (Disagreement)
278,Gyn and OB,"Defecatory dysfunction, incontinence of liquid, initial imaging",3194851,MRI pelvis without and with IV contrast,0 mSvO,0 mSv [ped]O,May be appropriate
279,Gyn and OB,"Defecatory dysfunction, incontinence of liquid, initial imaging",3194851,US pelvis transabdominal,0 mSvO,0 mSv [ped]O,Usually not appropriate
280,Gyn and OB,"Defecatory dysfunction, incontinence of liquid, initial imaging",3194851,US pelvis transvaginal,0 mSvO,0 mSv [ped]O,Usually not appropriate
281,Gyn and OB,"Defecatory dysfunction, incontinence of liquid, initial imaging",3194851,Fluoroscopy voiding cystourethrography,0.1-1mSv☢☢,0.03-0.3 mSv [ped]☢☢,Usually not appropriate
282,Gyn and OB,"Defecatory dysfunction, incontinence of liquid, initial imaging",3194851,MRI pelvis without IV contrast,0 mSvO,0 mSv [ped]O,Usually not appropriate
283,Gyn and OB,"Defecatory dysfunction, incontinence of liquid, initial imaging",3194851,CT pelvis with IV contrast,1-10 mSv☢☢☢,3-10 mSv [ped]☢☢☢☢,Usually not appropriate
284,Gyn and OB,"Defecatory dysfunction, incontinence of liquid, initial imaging",3194851,CT pelvis without IV contrast,1-10 mSv☢☢☢,3-10 mSv [ped]☢☢☢☢,Usually not appropriate
285,Gyn and OB,"Defecatory dysfunction, incontinence of liquid, initial imaging",3194851,CT pelvis without and with IV contrast,10-30 mSv☢☢☢☢,3-10 mSv [ped]☢☢☢☢,Usually not appropriate
286,Gyn and OB,"Defecatory dysfunction, incontinence of stool, initial imaging",3194850,US pelvis transrectal,0 mSvO,0 mSv [ped]O,Usually appropriate
287,Gyn and OB,"Defecatory dysfunction, incontinence of stool, initial imaging",3194850,Fluoroscopy cystocolpoproctography,1-10 mSv☢☢☢,,Usually appropriate
288,Gyn and OB,"Defecatory dysfunction, incontinence of stool, initial imaging",3194850,MR defecography,0 mSvO,0 mSv [ped]O,Usually appropriate
289,Gyn and OB,"Defecatory dysfunction, incontinence of stool, initial imaging",3194850,US pelvis transperineal,0 mSvO,0 mSv [ped]O,May be appropriate
290,Gyn and OB,"Defecatory dysfunction, incontinence of stool, initial imaging",3194850,MRI pelvis dynamic maneuvers without defecation,0 mSvO,0 mSv [ped]O,May be appropriate (Disagreement)
291,Gyn and OB,"Defecatory dysfunction, incontinence of stool, initial imaging",3194850,MRI pelvis without and with IV contrast,0 mSvO,0 mSv [ped]O,May be appropriate
292,Gyn and OB,"Defecatory dysfunction, incontinence of stool, initial imaging",3194850,US pelvis transabdominal,0 mSvO,0 mSv [ped]O,Usually not appropriate
293,Gyn and OB,"Defecatory dysfunction, incontinence of stool, initial imaging",3194850,US pelvis transvaginal,0 mSvO,0 mSv [ped]O,Usually not appropriate
294,Gyn and OB,"Defecatory dysfunction, incontinence of stool, initial imaging",3194850,Fluoroscopy voiding cystourethrography,0.1-1mSv☢☢,0.03-0.3 mSv [ped]☢☢,Usually not appropriate
295,Gyn and OB,"Defecatory dysfunction, incontinence of stool, initial imaging",3194850,MRI pelvis without IV contrast,0 mSvO,0 mSv [ped]O,Usually not appropriate
296,Gyn and OB,"Defecatory dysfunction, incontinence of stool, initial imaging",3194850,CT pelvis with IV contrast,1-10 mSv☢☢☢,3-10 mSv [ped]☢☢☢☢,Usually not appropriate
297,Gyn and OB,"Defecatory dysfunction, incontinence of stool, initial imaging",3194850,CT pelvis without IV contrast,1-10 mSv☢☢☢,3-10 mSv [ped]☢☢☢☢,Usually not appropriate
298,Gyn and OB,"Defecatory dysfunction, incontinence of stool, initial imaging",3194850,CT pelvis without and with IV contrast,10-30 mSv☢☢☢☢,3-10 mSv [ped]☢☢☢☢,Usually not appropriate
299,Gyn and OB,"Defecatory dysfunction, splinting, initial imaging",3194856,US pelvis transrectal,0 mSvO,0 mSv [ped]O,Usually appropriate
300,Gyn and OB,"Defecatory dysfunction, splinting, initial imaging",3194856,Fluoroscopy cystocolpoproctography,1-10 mSv☢☢☢,,Usually appropriate
301,Gyn and OB,"Defecatory dysfunction, splinting, initial imaging",3194856,MR defecography,0 mSvO,0 mSv [ped]O,Usually appropriate
302,Gyn and OB,"Defecatory dysfunction, splinting, initial imaging",3194856,US pelvis transperineal,0 mSvO,0 mSv [ped]O,May be appropriate
303,Gyn and OB,"Defecatory dysfunction, splinting, initial imaging",3194856,MRI pelvis dynamic maneuvers without defecation,0 mSvO,0 mSv [ped]O,May be appropriate (Disagreement)
304,Gyn and OB,"Defecatory dysfunction, splinting, initial imaging",3194856,MRI pelvis without and with IV contrast,0 mSvO,0 mSv [ped]O,May be appropriate
305,Gyn and OB,"Defecatory dysfunction, splinting, initial imaging",3194856,US pelvis transabdominal,0 mSvO,0 mSv [ped]O,Usually not appropriate
306,Gyn and OB,"Defecatory dysfunction, splinting, initial imaging",3194856,US pelvis transvaginal,0 mSvO,0 mSv [ped]O,Usually not appropriate
307,Gyn and OB,"Defecatory dysfunction, splinting, initial imaging",3194856,Fluoroscopy voiding cystourethrography,0.1-1mSv☢☢,0.03-0.3 mSv [ped]☢☢,Usually not appropriate
308,Gyn and OB,"Defecatory dysfunction, splinting, initial imaging",3194856,MRI pelvis without IV contrast,0 mSvO,0 mSv [ped]O,Usually not appropriate
309,Gyn and OB,"Defecatory dysfunction, splinting, initial imaging",3194856,CT pelvis with IV contrast,1-10 mSv☢☢☢,3-10 mSv [ped]☢☢☢☢,Usually not appropriate
310,Gyn and OB,"Defecatory dysfunction, splinting, initial imaging",3194856,CT pelvis without IV contrast,1-10 mSv☢☢☢,3-10 mSv [ped]☢☢☢☢,Usually not appropriate
311,Gyn and OB,"Defecatory dysfunction, splinting, initial imaging",3194856,CT pelvis without and with IV contrast,10-30 mSv☢☢☢☢,3-10 mSv [ped]☢☢☢☢,Usually not appropriate
312,Gyn and OB,"Defecatory dysfunction, straining during defecation, initial imaging",3194853,US pelvis transrectal,0 mSvO,0 mSv [ped]O,Usually appropriate
313,Gyn and OB,"Defecatory dysfunction, straining during defecation, initial imaging",3194853,Fluoroscopy cystocolpoproctography,1-10 mSv☢☢☢,,Usually appropriate
314,Gyn and OB,"Defecatory dysfunction, straining during defecation, initial imaging",3194853,MR defecography,0 mSvO,0 mSv [ped]O,Usually appropriate
315,Gyn and OB,"Defecatory dysfunction, straining during defecation, initial imaging",3194853,US pelvis transperineal,0 mSvO,0 mSv [ped]O,May be appropriate
316,Gyn and OB,"Defecatory dysfunction, straining during defecation, initial imaging",3194853,MRI pelvis dynamic maneuvers without defecation,0 mSvO,0 mSv [ped]O,May be appropriate (Disagreement)
317,Gyn and OB,"Defecatory dysfunction, straining during defecation, initial imaging",3194853,MRI pelvis without and with IV contrast,0 mSvO,0 mSv [ped]O,May be appropriate
318,Gyn and OB,"Defecatory dysfunction, straining during defecation, initial imaging",3194853,US pelvis transabdominal,0 mSvO,0 mSv [ped]O,Usually not appropriate
319,Gyn and OB,"Defecatory dysfunction, straining during defecation, initial imaging",3194853,US pelvis transvaginal,0 mSvO,0 mSv [ped]O,Usually not appropriate
320,Gyn and OB,"Defecatory dysfunction, straining during defecation, initial imaging",3194853,Fluoroscopy voiding cystourethrography,0.1-1mSv☢☢,0.03-0.3 mSv [ped]☢☢,Usually not appropriate
321,Gyn and OB,"Defecatory dysfunction, straining during defecation, initial imaging",3194853,MRI pelvis without IV contrast,0 mSvO,0 mSv [ped]O,Usually not appropriate
322,Gyn and OB,"Defecatory dysfunction, straining during defecation, initial imaging",3194853,CT pelvis with IV contrast,1-10 mSv☢☢☢,3-10 mSv [ped]☢☢☢☢,Usually not appropriate
323,Gyn and OB,"Defecatory dysfunction, straining during defecation, initial imaging",3194853,CT pelvis without IV contrast,1-10 mSv☢☢☢,3-10 mSv [ped]☢☢☢☢,Usually not appropriate
324,Gyn and OB,"Defecatory dysfunction, straining during defecation, initial imaging",3194853,CT pelvis without and with IV contrast,10-30 mSv☢☢☢☢,3-10 mSv [ped]☢☢☢☢,Usually not appropriate
325,Gyn and OB,"Endometrial cancer, pretreatment evaluation, low grade, assess lymph node and mets",3185436,US pelvis transabdominal,0 mSvO,0 mSv [ped]O,May be appropriate
326,Gyn and OB,"Endometrial cancer, pretreatment evaluation, low grade, assess lymph node and mets",3185436,MRI abdomen without and with IV contrast,0 mSvO,0 mSv [ped]O,May be appropriate
327,Gyn and OB,"Endometrial cancer, pretreatment evaluation, low grade, assess lymph node and mets",3185436,MRI pelvis without and with IV contrast,0 mSvO,0 mSv [ped]O,May be appropriate
328,Gyn and OB,"Endometrial cancer, pretreatment evaluation, low grade, assess lymph node and mets",3185436,MRI pelvis without IV contrast,0 mSvO,0 mSv [ped]O,May be appropriate
329,Gyn and OB,"Endometrial cancer, pretreatment evaluation, low grade, assess lymph node and mets",3185436,CT chest abdomen pelvis with IV contrast,10-30 mSv☢☢☢☢,3-10 mSv [ped]☢☢☢☢,May be appropriate
330,Gyn and OB,"Endometrial cancer, pretreatment evaluation, low grade, assess lymph node and mets",3185436,FDG-PET/CT skull base to mid-thigh,10-30 mSv☢☢☢☢,3-10 mSv [ped]☢☢☢☢,May be appropriate
331,Gyn and OB,"Endometrial cancer, pretreatment evaluation, low grade, assess lymph node and mets",3185436,US abdomen,0 mSvO,0 mSv [ped]O,Usually not appropriate
332,Gyn and OB,"Endometrial cancer, pretreatment evaluation, low grade, assess lymph node and mets",3185436,Lymphangiography pelvis,1-10 mSv☢☢☢,,Usually not appropriate
333,Gyn and OB,"Endometrial cancer, pretreatment evaluation, low grade, assess lymph node and mets",3185436,MRI abdomen without IV contrast,0 mSvO,0 mSv [ped]O,Usually not appropriate
334,Gyn and OB,"Endometrial cancer, pretreatment evaluation, low grade, assess lymph node and mets",3185436,CT chest abdomen pelvis without and with IV contrast,10-30 mSv☢☢☢☢,10-30 mSv [ped]☢☢☢☢☢,Usually not appropriate
335,Gyn and OB,"Endometrial cancer, pretreatment evaluation, low grade, assess lymph node and mets",3185436,CT chest abdomen pelvis without IV contrast,10-30 mSv☢☢☢☢,3-10 mSv [ped]☢☢☢☢,Usually not appropriate
336,Gyn and OB,"Endometrial cancer, pretreatment staging, all grades, assess local tumor extension",3185435,MRI pelvis without and with IV contrast,0 mSvO,0 mSv [ped]O,Usually appropriate
337,Gyn and OB,"Endometrial cancer, pretreatment staging, all grades, assess local tumor extension",3185435,US pelvis transvaginal,0 mSvO,0 mSv [ped]O,May be appropriate
338,Gyn and OB,"Endometrial cancer, pretreatment staging, all grades, assess local tumor extension",3185435,MRI pelvis without IV contrast,0 mSvO,0 mSv [ped]O,May be appropriate
339,Gyn and OB,"Endometrial cancer, pretreatment staging, all grades, assess local tumor extension",3185435,CT pelvis with IV contrast,1-10 mSv☢☢☢,3-10 mSv [ped]☢☢☢☢,May be appropriate
340,Gyn and OB,"Endometrial cancer, pretreatment staging, all grades, assess local tumor extension",3185435,CT pelvis without IV contrast,1-10 mSv☢☢☢,3-10 mSv [ped]☢☢☢☢,Usually not appropriate
341,Gyn and OB,"Endometrial cancer, pretreatment staging, all grades, assess local tumor extension",3185435,CT pelvis without and with IV contrast,10-30 mSv☢☢☢☢,3-10 mSv [ped]☢☢☢☢,Usually not appropriate
342,Gyn and OB,"Endometrial cancer, pretreatment staging, high grade, assess lymph node and mets",3185437,MRI pelvis without and with IV contrast,0 mSvO,0 mSv [ped]O,Usually appropriate
343,Gyn and OB,"Endometrial cancer, pretreatment staging, high grade, assess lymph node and mets",3185437,CT chest abdomen pelvis with IV contrast,10-30 mSv☢☢☢☢,3-10 mSv [ped]☢☢☢☢,Usually appropriate
344,Gyn and OB,"Endometrial cancer, pretreatment staging, high grade, assess lymph node and mets",3185437,FDG-PET/CT skull base to mid-thigh,10-30 mSv☢☢☢☢,3-10 mSv [ped]☢☢☢☢,Usually appropriate
345,Gyn and OB,"Endometrial cancer, pretreatment staging, high grade, assess lymph node and mets",3185437,US abdomen,0 mSvO,0 mSv [ped]O,May be appropriate
346,Gyn and OB,"Endometrial cancer, pretreatment staging, high grade, assess lymph node and mets",3185437,US pelvis transabdominal,0 mSvO,0 mSv [ped]O,May be appropriate
347,Gyn and OB,"Endometrial cancer, pretreatment staging, high grade, assess lymph node and mets",3185437,MRI abdomen without and with IV contrast,0 mSvO,0 mSv [ped]O,May be appropriate
348,Gyn and OB,"Endometrial cancer, pretreatment staging, high grade, assess lymph node and mets",3185437,MRI abdomen without IV contrast,0 mSvO,0 mSv [ped]O,May be appropriate
349,Gyn and OB,"Endometrial cancer, pretreatment staging, high grade, assess lymph node and mets",3185437,MRI pelvis without IV contrast,0 mSvO,0 mSv [ped]O,May be appropriate
350,Gyn and OB,"Endometrial cancer, pretreatment staging, high grade, assess lymph node and mets",3185437,CT chest abdomen pelvis without IV contrast,10-30 mSv☢☢☢☢,3-10 mSv [ped]☢☢☢☢,May be appropriate
351,Gyn and OB,"Endometrial cancer, pretreatment staging, high grade, assess lymph node and mets",3185437,Lymphangiography pelvis,1-10 mSv☢☢☢,,Usually not appropriate
352,Gyn and OB,"Endometrial cancer, pretreatment staging, high grade, assess lymph node and mets",3185437,CT chest abdomen pelvis without and with IV contrast,10-30 mSv☢☢☢☢,10-30 mSv [ped]☢☢☢☢☢,Usually not appropriate
353,Gyn and OB,"Endometrial cancer, treated, high risk, no sxs, surveillance",3185439,Radiography chest,<0.1 mSv☢,<0.03 mSv [ped]☢,May be appropriate
354,Gyn and OB,"Endometrial cancer, treated, high risk, no sxs, surveillance",3185439,CT chest abdomen pelvis with IV contrast,10-30 mSv☢☢☢☢,3-10 mSv [ped]☢☢☢☢,May be appropriate
355,Gyn and OB,"Endometrial cancer, treated, high risk, no sxs, surveillance",3185439,CT chest abdomen pelvis without IV contrast,10-30 mSv☢☢☢☢,3-10 mSv [ped]☢☢☢☢,May be appropriate
356,Gyn and OB,"Endometrial cancer, treated, high risk, no sxs, surveillance",3185439,US abdomen,0 mSvO,0 mSv [ped]O,Usually not appropriate
357,Gyn and OB,"Endometrial cancer, treated, high risk, no sxs, surveillance",3185439,US pelvis transabdominal,0 mSvO,0 mSv [ped]O,Usually not appropriate
358,Gyn and OB,"Endometrial cancer, treated, high risk, no sxs, surveillance",3185439,US pelvis transvaginal,0 mSvO,0 mSv [ped]O,Usually not appropriate
359,Gyn and OB,"Endometrial cancer, treated, high risk, no sxs, surveillance",3185439,MRI abdomen without and with IV contrast,0 mSvO,0 mSv [ped]O,Usually not appropriate
360,Gyn and OB,"Endometrial cancer, treated, high risk, no sxs, surveillance",3185439,MRI abdomen without IV contrast,0 mSvO,0 mSv [ped]O,Usually not appropriate
361,Gyn and OB,"Endometrial cancer, treated, high risk, no sxs, surveillance",3185439,MRI pelvis without and with IV contrast,0 mSvO,0 mSv [ped]O,Usually not appropriate
362,Gyn and OB,"Endometrial cancer, treated, high risk, no sxs, surveillance",3185439,MRI pelvis without IV contrast,0 mSvO,0 mSv [ped]O,Usually not appropriate
363,Gyn and OB,"Endometrial cancer, treated, high risk, no sxs, surveillance",3185439,CT chest abdomen pelvis without and with IV contrast,10-30 mSv☢☢☢☢,10-30 mSv [ped]☢☢☢☢☢,Usually not appropriate
364,Gyn and OB,"Endometrial cancer, treated, low to intermediate risk, no sxs, surveillance",3185438,US abdomen,0 mSvO,0 mSv [ped]O,Usually not appropriate
365,Gyn and OB,"Endometrial cancer, treated, low to intermediate risk, no sxs, surveillance",3185438,US pelvis transabdominal,0 mSvO,0 mSv [ped]O,Usually not appropriate
366,Gyn and OB,"Endometrial cancer, treated, low to intermediate risk, no sxs, surveillance",3185438,US pelvis transvaginal,0 mSvO,0 mSv [ped]O,Usually not appropriate
367,Gyn and OB,"Endometrial cancer, treated, low to intermediate risk, no sxs, surveillance",3185438,Radiography chest,<0.1 mSv☢,<0.03 mSv [ped]☢,Usually not appropriate
368,Gyn and OB,"Endometrial cancer, treated, low to intermediate risk, no sxs, surveillance",3185438,MRI abdomen without and with IV contrast,0 mSvO,0 mSv [ped]O,Usually not appropriate
369,Gyn and OB,"Endometrial cancer, treated, low to intermediate risk, no sxs, surveillance",3185438,MRI abdomen without IV contrast,0 mSvO,0 mSv [ped]O,Usually not appropriate
370,Gyn and OB,"Endometrial cancer, treated, low to intermediate risk, no sxs, surveillance",3185438,MRI pelvis without and with IV contrast,0 mSvO,0 mSv [ped]O,Usually not appropriate
371,Gyn and OB,"Endometrial cancer, treated, low to intermediate risk, no sxs, surveillance",3185438,MRI pelvis without IV contrast,0 mSvO,0 mSv [ped]O,Usually not appropriate
372,Gyn and OB,"Endometrial cancer, treated, low to intermediate risk, no sxs, surveillance",3185438,CT chest abdomen pelvis with IV contrast,10-30 mSv☢☢☢☢,3-10 mSv [ped]☢☢☢☢,Usually not appropriate
373,Gyn and OB,"Endometrial cancer, treated, low to intermediate risk, no sxs, surveillance",3185438,CT chest abdomen pelvis without and with IV contrast,10-30 mSv☢☢☢☢,10-30 mSv [ped]☢☢☢☢☢,Usually not appropriate
374,Gyn and OB,"Endometrial cancer, treated, low to intermediate risk, no sxs, surveillance",3185438,CT chest abdomen pelvis without IV contrast,10-30 mSv☢☢☢☢,3-10 mSv [ped]☢☢☢☢,Usually not appropriate
375,Gyn and OB,"Endometrial cancer, treated, recurrence suspected",3079768,MRI abdomen without and with IV contrast,0 mSvO,0 mSv [ped]O,Usually appropriate
376,Gyn and OB,"Endometrial cancer, treated, recurrence suspected",3079768,MRI pelvis without and with IV contrast,0 mSvO,0 mSv [ped]O,Usually appropriate
377,Gyn and OB,"Endometrial cancer, treated, recurrence suspected",3079768,CT chest abdomen pelvis with IV contrast,10-30 mSv☢☢☢☢,3-10 mSv [ped]☢☢☢☢,Usually appropriate
378,Gyn and OB,"Endometrial cancer, treated, recurrence suspected",3079768,FDG-PET/CT skull base to mid-thigh,10-30 mSv☢☢☢☢,3-10 mSv [ped]☢☢☢☢,Usually appropriate
379,Gyn and OB,"Endometrial cancer, treated, recurrence suspected",3079768,US abdomen,0 mSvO,0 mSv [ped]O,May be appropriate
380,Gyn and OB,"Endometrial cancer, treated, recurrence suspected",3079768,Radiography chest,<0.1 mSv☢,<0.03 mSv [ped]☢,May be appropriate
381,Gyn and OB,"Endometrial cancer, treated, recurrence suspected",3079768,MRI abdomen without IV contrast,0 mSvO,0 mSv [ped]O,May be appropriate
382,Gyn and OB,"Endometrial cancer, treated, recurrence suspected",3079768,MRI pelvis without IV contrast,0 mSvO,0 mSv [ped]O,May be appropriate
383,Gyn and OB,"Endometrial cancer, treated, recurrence suspected",3079768,CT chest abdomen pelvis without IV contrast,10-30 mSv☢☢☢☢,3-10 mSv [ped]☢☢☢☢,May be appropriate
384,Gyn and OB,"Endometrial cancer, treated, recurrence suspected",3079768,US pelvis transabdominal,0 mSvO,0 mSv [ped]O,Usually not appropriate
385,Gyn and OB,"Endometrial cancer, treated, recurrence suspected",3079768,US pelvis transvaginal,0 mSvO,0 mSv [ped]O,Usually not appropriate
386,Gyn and OB,"Endometrial cancer, treated, recurrence suspected",3079768,CT chest abdomen pelvis without and with IV contrast,10-30 mSv☢☢☢☢,10-30 mSv [ped]☢☢☢☢☢,Usually not appropriate
387,Gyn and OB,"Endometriosis suspected, initial imaging",3197524,US pelvis transabdominal and US pelvis transvaginal,0 mSvO,0 mSv [ped]O,Usually appropriate
388,Gyn and OB,"Endometriosis suspected, initial imaging",3197524,US pelvis transvaginal,0 mSvO,0 mSv [ped]O,Usually appropriate
389,Gyn and OB,"Endometriosis suspected, initial imaging",3197524,MRI pelvis without and with IV contrast,0 mSvO,0 mSv [ped]O,Usually appropriate
390,Gyn and OB,"Endometriosis suspected, initial imaging",3197524,MRI pelvis without IV contrast,0 mSvO,0 mSv [ped]O,Usually appropriate
391,Gyn and OB,"Endometriosis suspected, initial imaging",3197524,US pelvis transabdominal,0 mSvO,0 mSv [ped]O,Usually not appropriate
392,Gyn and OB,"Endometriosis suspected, initial imaging",3197524,CT pelvis with IV contrast,1-10 mSv☢☢☢,3-10 mSv [ped]☢☢☢☢,Usually not appropriate
393,Gyn and OB,"Endometriosis suspected, initial imaging",3197524,CT pelvis without IV contrast,1-10 mSv☢☢☢,3-10 mSv [ped]☢☢☢☢,Usually not appropriate
394,Gyn and OB,"Endometriosis suspected, initial imaging",3197524,CT pelvis without and with IV contrast,10-30 mSv☢☢☢☢,3-10 mSv [ped]☢☢☢☢,Usually not appropriate
395,Gyn and OB,"Endometriosis suspected, rectosigmoid, initial imaging",3197531,US pelvis transabdominal and US pelvis transvaginal,0 mSvO,0 mSv [ped]O,Usually appropriate
396,Gyn and OB,"Endometriosis suspected, rectosigmoid, initial imaging",3197531,US pelvis transrectal,0 mSvO,0 mSv [ped]O,Usually appropriate
397,Gyn and OB,"Endometriosis suspected, rectosigmoid, initial imaging",3197531,US pelvis transvaginal,0 mSvO,0 mSv [ped]O,Usually appropriate
398,Gyn and OB,"Endometriosis suspected, rectosigmoid, initial imaging",3197531,MRI pelvis without and with IV contrast,0 mSvO,0 mSv [ped]O,Usually appropriate
399,Gyn and OB,"Endometriosis suspected, rectosigmoid, initial imaging",3197531,MRI pelvis without IV contrast,0 mSvO,0 mSv [ped]O,Usually appropriate
400,Gyn and OB,"Endometriosis suspected, rectosigmoid, initial imaging",3197531,Fluoroscopy contrast enema,1-10 mSv☢☢☢,3-10 mSv [ped]☢☢☢☢,May be appropriate (Disagreement)
401,Gyn and OB,"Endometriosis suspected, rectosigmoid, initial imaging",3197531,US pelvis transabdominal,0 mSvO,0 mSv [ped]O,Usually not appropriate
402,Gyn and OB,"Endometriosis suspected, rectosigmoid, initial imaging",3197531,CT pelvis with IV contrast,1-10 mSv☢☢☢,3-10 mSv [ped]☢☢☢☢,Usually not appropriate
403,Gyn and OB,"Endometriosis suspected, rectosigmoid, initial imaging",3197531,CT pelvis without IV contrast,1-10 mSv☢☢☢,3-10 mSv [ped]☢☢☢☢,Usually not appropriate
404,Gyn and OB,"Endometriosis suspected, rectosigmoid, initial imaging",3197531,CT pelvis without and with IV contrast,10-30 mSv☢☢☢☢,3-10 mSv [ped]☢☢☢☢,Usually not appropriate
405,Gyn and OB,"Endometriosis suspected, US indeterminate, next imaging study, characterization",3197526,MRI pelvis without and with IV contrast,0 mSvO,0 mSv [ped]O,Usually appropriate
406,Gyn and OB,"Endometriosis suspected, US indeterminate, next imaging study, characterization",3197526,MRI pelvis without IV contrast,0 mSvO,0 mSv [ped]O,Usually appropriate
407,Gyn and OB,"Endometriosis suspected, US indeterminate, next imaging study, characterization",3197526,CT pelvis with IV contrast,1-10 mSv☢☢☢,3-10 mSv [ped]☢☢☢☢,Usually not appropriate
408,Gyn and OB,"Endometriosis suspected, US indeterminate, next imaging study, characterization",3197526,CT pelvis without IV contrast,1-10 mSv☢☢☢,3-10 mSv [ped]☢☢☢☢,Usually not appropriate
409,Gyn and OB,"Endometriosis suspected, US indeterminate, next imaging study, characterization",3197526,CT pelvis without and with IV contrast,10-30 mSv☢☢☢☢,3-10 mSv [ped]☢☢☢☢,Usually not appropriate
410,Gyn and OB,"Endometriosis suspected, US indeterminate, next imaging study, treatment planning",3197527,MRI pelvis without and with IV contrast,0 mSvO,0 mSv [ped]O,Usually appropriate
411,Gyn and OB,"Endometriosis suspected, US indeterminate, next imaging study, treatment planning",3197527,MRI pelvis without IV contrast,0 mSvO,0 mSv [ped]O,Usually appropriate
412,Gyn and OB,"Endometriosis suspected, US indeterminate, next imaging study, treatment planning",3197527,CT pelvis with IV contrast,1-10 mSv☢☢☢,3-10 mSv [ped]☢☢☢☢,Usually not appropriate
413,Gyn and OB,"Endometriosis suspected, US indeterminate, next imaging study, treatment planning",3197527,CT pelvis without IV contrast,1-10 mSv☢☢☢,3-10 mSv [ped]☢☢☢☢,Usually not appropriate
414,Gyn and OB,"Endometriosis suspected, US indeterminate, next imaging study, treatment planning",3197527,CT pelvis without and with IV contrast,10-30 mSv☢☢☢☢,3-10 mSv [ped]☢☢☢☢,Usually not appropriate
415,Gyn and OB,"Endometriosis suspected, US negative, next imaging study, characterization",3197528,MRI pelvis without and with IV contrast,0 mSvO,0 mSv [ped]O,Usually appropriate
416,Gyn and OB,"Endometriosis suspected, US negative, next imaging study, characterization",3197528,MRI pelvis without IV contrast,0 mSvO,0 mSv [ped]O,Usually appropriate
417,Gyn and OB,"Endometriosis suspected, US negative, next imaging study, characterization",3197528,CT pelvis with IV contrast,1-10 mSv☢☢☢,3-10 mSv [ped]☢☢☢☢,Usually not appropriate
418,Gyn and OB,"Endometriosis suspected, US negative, next imaging study, characterization",3197528,CT pelvis without IV contrast,1-10 mSv☢☢☢,3-10 mSv [ped]☢☢☢☢,Usually not appropriate
419,Gyn and OB,"Endometriosis suspected, US negative, next imaging study, characterization",3197528,CT pelvis without and with IV contrast,10-30 mSv☢☢☢☢,3-10 mSv [ped]☢☢☢☢,Usually not appropriate
420,Gyn and OB,"Endometriosis suspected, US negative, next imaging study, treatment planning",3197529,MRI pelvis without and with IV contrast,0 mSvO,0 mSv [ped]O,Usually appropriate
421,Gyn and OB,"Endometriosis suspected, US negative, next imaging study, treatment planning",3197529,MRI pelvis without IV contrast,0 mSvO,0 mSv [ped]O,Usually appropriate
422,Gyn and OB,"Endometriosis suspected, US negative, next imaging study, treatment planning",3197529,CT pelvis with IV contrast,1-10 mSv☢☢☢,3-10 mSv [ped]☢☢☢☢,Usually not appropriate
423,Gyn and OB,"Endometriosis suspected, US negative, next imaging study, treatment planning",3197529,CT pelvis without IV contrast,1-10 mSv☢☢☢,3-10 mSv [ped]☢☢☢☢,Usually not appropriate
424,Gyn and OB,"Endometriosis suspected, US negative, next imaging study, treatment planning",3197529,CT pelvis without and with IV contrast,10-30 mSv☢☢☢☢,3-10 mSv [ped]☢☢☢☢,Usually not appropriate
425,Gyn and OB,"Endometriosis, postoperative diagnosis, new symptoms, follow-up imaging",3197534,MRI pelvis without and with IV contrast,0 mSvO,0 mSv [ped]O,Usually appropriate
426,Gyn and OB,"Endometriosis, postoperative diagnosis, new symptoms, follow-up imaging",3197534,US pelvis transabdominal,0 mSvO,0 mSv [ped]O,May be appropriate
427,Gyn and OB,"Endometriosis, postoperative diagnosis, new symptoms, follow-up imaging",3197534,US pelvis transabdominal and US pelvis transvaginal,0 mSvO,0 mSv [ped]O,May be appropriate
428,Gyn and OB,"Endometriosis, postoperative diagnosis, new symptoms, follow-up imaging",3197534,US pelvis transvaginal,0 mSvO,0 mSv [ped]O,May be appropriate
429,Gyn and OB,"Endometriosis, postoperative diagnosis, new symptoms, follow-up imaging",3197534,MRI pelvis without IV contrast,0 mSvO,0 mSv [ped]O,May be appropriate (Disagreement)
430,Gyn and OB,"Endometriosis, postoperative diagnosis, new symptoms, follow-up imaging",3197534,CT pelvis with IV contrast,1-10 mSv☢☢☢,3-10 mSv [ped]☢☢☢☢,Usually not appropriate
431,Gyn and OB,"Endometriosis, postoperative diagnosis, new symptoms, follow-up imaging",3197534,CT pelvis without IV contrast,1-10 mSv☢☢☢,3-10 mSv [ped]☢☢☢☢,Usually not appropriate
432,Gyn and OB,"Endometriosis, postoperative diagnosis, new symptoms, follow-up imaging",3197534,CT pelvis without and with IV contrast,10-30 mSv☢☢☢☢,3-10 mSv [ped]☢☢☢☢,Usually not appropriate
433,Gyn and OB,"Endometriosis, postoperative diagnosis, ongoing symptoms, follow-up imaging",3197533,MRI pelvis without and with IV contrast,0 mSvO,0 mSv [ped]O,Usually appropriate
434,Gyn and OB,"Endometriosis, postoperative diagnosis, ongoing symptoms, follow-up imaging",3197533,US pelvis transabdominal,0 mSvO,0 mSv [ped]O,May be appropriate
435,Gyn and OB,"Endometriosis, postoperative diagnosis, ongoing symptoms, follow-up imaging",3197533,US pelvis transabdominal and US pelvis transvaginal,0 mSvO,0 mSv [ped]O,May be appropriate
436,Gyn and OB,"Endometriosis, postoperative diagnosis, ongoing symptoms, follow-up imaging",3197533,US pelvis transvaginal,0 mSvO,0 mSv [ped]O,May be appropriate
437,Gyn and OB,"Endometriosis, postoperative diagnosis, ongoing symptoms, follow-up imaging",3197533,MRI pelvis without IV contrast,0 mSvO,0 mSv [ped]O,May be appropriate (Disagreement)
438,Gyn and OB,"Endometriosis, postoperative diagnosis, ongoing symptoms, follow-up imaging",3197533,CT pelvis with IV contrast,1-10 mSv☢☢☢,3-10 mSv [ped]☢☢☢☢,Usually not appropriate
439,Gyn and OB,"Endometriosis, postoperative diagnosis, ongoing symptoms, follow-up imaging",3197533,CT pelvis without IV contrast,1-10 mSv☢☢☢,3-10 mSv [ped]☢☢☢☢,Usually not appropriate
440,Gyn and OB,"Endometriosis, postoperative diagnosis, ongoing symptoms, follow-up imaging",3197533,CT pelvis without and with IV contrast,10-30 mSv☢☢☢☢,3-10 mSv [ped]☢☢☢☢,Usually not appropriate
441,Gyn and OB,"Fetal anomaly screening, gestation >= 14 weeks, high risk pregnancy, initial imaging",3194006,US pregnant uterus transabdominal detailed scan,0 mSvO,0 mSv [ped]O,Usually appropriate
442,Gyn and OB,"Fetal anomaly screening, gestation >= 14 weeks, high risk pregnancy, initial imaging",3194006,US echocardiography fetal,0 mSvO,0 mSv [ped]O,May be appropriate
443,Gyn and OB,"Fetal anomaly screening, gestation >= 14 weeks, high risk pregnancy, initial imaging",3194006,US pregnant uterus transabdominal anatomy scan,0 mSvO,0 mSv [ped]O,May be appropriate (Disagreement)
444,Gyn and OB,"Fetal anomaly screening, gestation >= 14 weeks, high risk pregnancy, initial imaging",3194006,MRI fetal without IV contrast,0 mSvO,0 mSv [ped]O,May be appropriate (Disagreement)
445,Gyn and OB,"Fetal anomaly screening, gestation >= 14 weeks, high risk pregnancy, initial imaging",3194006,MRI fetal without and with IV contrast,0 mSvO,0 mSv [ped]O,Usually not appropriate
446,Gyn and OB,"Fetal anomaly screening, gestation >= 14 weeks, low risk pregnancy, initial imaging",3194005,US pregnant uterus transabdominal anatomy scan,0 mSvO,0 mSv [ped]O,Usually appropriate
447,Gyn and OB,"Fetal anomaly screening, gestation >= 14 weeks, low risk pregnancy, initial imaging",3194005,US echocardiography fetal,0 mSvO,0 mSv [ped]O,Usually not appropriate
448,Gyn and OB,"Fetal anomaly screening, gestation >= 14 weeks, low risk pregnancy, initial imaging",3194005,US pregnant uterus transabdominal detailed scan,0 mSvO,0 mSv [ped]O,Usually not appropriate
449,Gyn and OB,"Fetal anomaly screening, gestation >= 14 weeks, low risk pregnancy, initial imaging",3194005,MRI fetal without and with IV contrast,0 mSvO,0 mSv [ped]O,Usually not appropriate
450,Gyn and OB,"Fetal anomaly screening, gestation >= 14 weeks, low risk pregnancy, initial imaging",3194005,MRI fetal without IV contrast,0 mSvO,0 mSv [ped]O,Usually not appropriate
451,Gyn and OB,"Fetal anomaly screening, gestation >= 14 weeks, major anomalies on US, next imaging study",3194008,US echocardiography fetal,0 mSvO,0 mSv [ped]O,Usually appropriate
452,Gyn and OB,"Fetal anomaly screening, gestation >= 14 weeks, major anomalies on US, next imaging study",3194008,US pregnant uterus transabdominal detailed scan,0 mSvO,0 mSv [ped]O,Usually appropriate
453,Gyn and OB,"Fetal anomaly screening, gestation >= 14 weeks, major anomalies on US, next imaging study",3194008,US pregnant uterus transabdominal follow-up,0 mSvO,0 mSv [ped]O,Usually appropriate
454,Gyn and OB,"Fetal anomaly screening, gestation >= 14 weeks, major anomalies on US, next imaging study",3194008,MRI fetal without IV contrast,0 mSvO,0 mSv [ped]O,Usually appropriate
455,Gyn and OB,"Fetal anomaly screening, gestation >= 14 weeks, major anomalies on US, next imaging study",3194008,MRI fetal without and with IV contrast,0 mSvO,0 mSv [ped]O,Usually not appropriate
456,Gyn and OB,"Fetal anomaly screening, gestation >= 14 weeks, soft marker findings on US, next imaging study",3194007,US pregnant uterus transabdominal detailed scan,0 mSvO,0 mSv [ped]O,Usually appropriate
457,Gyn and OB,"Fetal anomaly screening, gestation >= 14 weeks, soft marker findings on US, next imaging study",3194007,US pregnant uterus transabdominal follow-up,0 mSvO,0 mSv [ped]O,Usually appropriate
458,Gyn and OB,"Fetal anomaly screening, gestation >= 14 weeks, soft marker findings on US, next imaging study",3194007,US echocardiography fetal,0 mSvO,0 mSv [ped]O,May be appropriate
459,Gyn and OB,"Fetal anomaly screening, gestation >= 14 weeks, soft marker findings on US, next imaging study",3194007,MRI fetal without and with IV contrast,0 mSvO,0 mSv [ped]O,Usually not appropriate
460,Gyn and OB,"Fetal anomaly screening, gestation >= 14 weeks, soft marker findings on US, next imaging study",3194007,MRI fetal without IV contrast,0 mSvO,0 mSv [ped]O,Usually not appropriate
461,Gyn and OB,"Fetal growth disturbance, high risk for fetal growth restriction",3149273,US duplex Doppler fetal umbilical artery,0 mSvO,0 mSv [ped]O,Usually appropriate
462,Gyn and OB,"Fetal growth disturbance, high risk for fetal growth restriction",3149273,US pregnant uterus biophysical profile,0 mSvO,0 mSv [ped]O,Usually appropriate
463,Gyn and OB,"Fetal growth disturbance, high risk for fetal growth restriction",3149273,US pregnant uterus transabdominal,0 mSvO,0 mSv [ped]O,Usually appropriate
464,Gyn and OB,"Fetal growth disturbance, high risk for fetal growth restriction",3149273,US duplex Doppler ductus venosus,0 mSvO,0 mSv [ped]O,May be appropriate
465,Gyn and OB,"Fetal growth disturbance, high risk for fetal growth restriction",3149273,US duplex Doppler maternal uterine artery,0 mSvO,0 mSv [ped]O,May be appropriate
466,Gyn and OB,"Fetal growth disturbance, high risk for fetal growth restriction",3149273,US duplex Doppler fetal middle cerebral artery,0 mSvO,0 mSv [ped]O,Usually not appropriate
467,Gyn and OB,"Fetal growth disturbance, low risk for fetal growth restriction",3149272,US pregnant uterus transabdominal,0 mSvO,0 mSv [ped]O,Usually appropriate
468,Gyn and OB,"Fetal growth disturbance, low risk for fetal growth restriction",3149272,US duplex Doppler ductus venosus,0 mSvO,0 mSv [ped]O,Usually not appropriate
469,Gyn and OB,"Fetal growth disturbance, low risk for fetal growth restriction",3149272,US duplex Doppler fetal middle cerebral artery,0 mSvO,0 mSv [ped]O,Usually not appropriate
470,Gyn and OB,"Fetal growth disturbance, low risk for fetal growth restriction",3149272,US duplex Doppler fetal umbilical artery,0 mSvO,0 mSv [ped]O,Usually not appropriate
471,Gyn and OB,"Fetal growth disturbance, low risk for fetal growth restriction",3149272,US duplex Doppler maternal uterine artery,0 mSvO,0 mSv [ped]O,Usually not appropriate
472,Gyn and OB,"Fetal growth disturbance, low risk for fetal growth restriction",3149272,US pregnant uterus biophysical profile,0 mSvO,0 mSv [ped]O,Usually not appropriate
473,Gyn and OB,"Fetal growth restriction, follow up",3149274,US duplex Doppler ductus venosus,0 mSvO,0 mSv [ped]O,Usually appropriate
474,Gyn and OB,"Fetal growth restriction, follow up",3149274,US duplex Doppler fetal middle cerebral artery,0 mSvO,0 mSv [ped]O,Usually appropriate
475,Gyn and OB,"Fetal growth restriction, follow up",3149274,US duplex Doppler fetal umbilical artery,0 mSvO,0 mSv [ped]O,Usually appropriate
476,Gyn and OB,"Fetal growth restriction, follow up",3149274,US pregnant uterus biophysical profile,0 mSvO,0 mSv [ped]O,Usually appropriate
477,Gyn and OB,"Fetal growth restriction, follow up",3149274,US pregnant uterus transabdominal,0 mSvO,0 mSv [ped]O,Usually appropriate
478,Gyn and OB,"Fetal growth restriction, follow up",3149274,US duplex Doppler maternal uterine artery,0 mSvO,0 mSv [ped]O,May be appropriate
479,Gyn and OB,"Fibroids suspected, initial imaging",3195269,US duplex Doppler pelvis,0 mSvO,0 mSv [ped]O,Usually appropriate
480,Gyn and OB,"Fibroids suspected, initial imaging",3195269,US pelvis transabdominal,0 mSvO,0 mSv [ped]O,Usually appropriate
481,Gyn and OB,"Fibroids suspected, initial imaging",3195269,US pelvis transvaginal,0 mSvO,0 mSv [ped]O,Usually appropriate
482,Gyn and OB,"Fibroids suspected, initial imaging",3195269,MRI pelvis without and with IV contrast,0 mSvO,0 mSv [ped]O,May be appropriate
483,Gyn and OB,"Fibroids suspected, initial imaging",3195269,MRI pelvis without IV contrast,0 mSvO,0 mSv [ped]O,May be appropriate
484,Gyn and OB,"Fibroids suspected, initial imaging",3195269,CT pelvis with IV contrast,1-10 mSv☢☢☢,3-10 mSv [ped]☢☢☢☢,Usually not appropriate
485,Gyn and OB,"Fibroids suspected, initial imaging",3195269,CT pelvis without IV contrast,1-10 mSv☢☢☢,3-10 mSv [ped]☢☢☢☢,Usually not appropriate
486,Gyn and OB,"Fibroids suspected, initial imaging",3195269,CT pelvis without and with IV contrast,10-30 mSv☢☢☢☢,3-10 mSv [ped]☢☢☢☢,Usually not appropriate
487,Gyn and OB,"Fibroids, posttreatment imaging",3195274,US duplex Doppler pelvis,0 mSvO,0 mSv [ped]O,Usually appropriate
488,Gyn and OB,"Fibroids, posttreatment imaging",3195274,US pelvis transabdominal,0 mSvO,0 mSv [ped]O,Usually appropriate
489,Gyn and OB,"Fibroids, posttreatment imaging",3195274,US pelvis transvaginal,0 mSvO,0 mSv [ped]O,Usually appropriate
490,Gyn and OB,"Fibroids, posttreatment imaging",3195274,MRI pelvis without and with IV contrast,0 mSvO,0 mSv [ped]O,Usually appropriate
491,Gyn and OB,"Fibroids, posttreatment imaging",3195274,MRI pelvis without IV contrast,0 mSvO,0 mSv [ped]O,May be appropriate
492,Gyn and OB,"Fibroids, posttreatment imaging",3195274,CT pelvis with IV contrast,1-10 mSv☢☢☢,3-10 mSv [ped]☢☢☢☢,May be appropriate
493,Gyn and OB,"Fibroids, posttreatment imaging",3195274,CT pelvis without IV contrast,1-10 mSv☢☢☢,3-10 mSv [ped]☢☢☢☢,Usually not appropriate
494,Gyn and OB,"Fibroids, posttreatment imaging",3195274,CT pelvis without and with IV contrast,10-30 mSv☢☢☢☢,3-10 mSv [ped]☢☢☢☢,Usually not appropriate
495,Gyn and OB,"Fibroids, surveillance",3195273,US duplex Doppler pelvis,0 mSvO,0 mSv [ped]O,Usually appropriate
496,Gyn and OB,"Fibroids, surveillance",3195273,US pelvis transabdominal,0 mSvO,0 mSv [ped]O,Usually appropriate
497,Gyn and OB,"Fibroids, surveillance",3195273,US pelvis transvaginal,0 mSvO,0 mSv [ped]O,Usually appropriate
498,Gyn and OB,"Fibroids, surveillance",3195273,MRI pelvis without and with IV contrast,0 mSvO,0 mSv [ped]O,Usually appropriate
499,Gyn and OB,"Fibroids, surveillance",3195273,MRI pelvis without IV contrast,0 mSvO,0 mSv [ped]O,May be appropriate
500,Gyn and OB,"Fibroids, surveillance",3195273,CT pelvis with IV contrast,1-10 mSv☢☢☢,3-10 mSv [ped]☢☢☢☢,May be appropriate
501,Gyn and OB,"Fibroids, surveillance",3195273,CT pelvis without IV contrast,1-10 mSv☢☢☢,3-10 mSv [ped]☢☢☢☢,Usually not appropriate
502,Gyn and OB,"Fibroids, surveillance",3195273,CT pelvis without and with IV contrast,10-30 mSv☢☢☢☢,3-10 mSv [ped]☢☢☢☢,Usually not appropriate
503,Gyn and OB,"Fibroids, treatment planning, initial imaging",3195271,US duplex Doppler pelvis,0 mSvO,0 mSv [ped]O,Usually appropriate
504,Gyn and OB,"Fibroids, treatment planning, initial imaging",3195271,US pelvis transabdominal,0 mSvO,0 mSv [ped]O,Usually appropriate
505,Gyn and OB,"Fibroids, treatment planning, initial imaging",3195271,US pelvis transvaginal,0 mSvO,0 mSv [ped]O,Usually appropriate
506,Gyn and OB,"Fibroids, treatment planning, initial imaging",3195271,MRI pelvis without and with IV contrast,0 mSvO,0 mSv [ped]O,Usually appropriate
507,Gyn and OB,"Fibroids, treatment planning, initial imaging",3195271,MRI pelvis without IV contrast,0 mSvO,0 mSv [ped]O,May be appropriate
508,Gyn and OB,"Fibroids, treatment planning, initial imaging",3195271,CT pelvis with IV contrast,1-10 mSv☢☢☢,3-10 mSv [ped]☢☢☢☢,Usually not appropriate
509,Gyn and OB,"Fibroids, treatment planning, initial imaging",3195271,CT pelvis without IV contrast,1-10 mSv☢☢☢,3-10 mSv [ped]☢☢☢☢,Usually not appropriate
510,Gyn and OB,"Fibroids, treatment planning, initial imaging",3195271,CT pelvis without and with IV contrast,10-30 mSv☢☢☢☢,3-10 mSv [ped]☢☢☢☢,Usually not appropriate
511,Gyn and OB,Gestational trophoblastic disease (GTD) suspected,3155923,US duplex Doppler pelvis,0 mSvO,0 mSv [ped]O,Usually appropriate
512,Gyn and OB,Gestational trophoblastic disease (GTD) suspected,3155923,US pelvis transabdominal,0 mSvO,0 mSv [ped]O,Usually appropriate
513,Gyn and OB,Gestational trophoblastic disease (GTD) suspected,3155923,US pelvis transvaginal,0 mSvO,0 mSv [ped]O,Usually appropriate
514,Gyn and OB,Gestational trophoblastic disease (GTD) suspected,3155923,Radiography chest,<0.1 mSv☢,<0.03 mSv [ped]☢,May be appropriate
515,Gyn and OB,Gestational trophoblastic disease (GTD) suspected,3155923,MRI head without and with IV contrast,0 mSvO,0 mSv [ped]O,Usually not appropriate
516,Gyn and OB,Gestational trophoblastic disease (GTD) suspected,3155923,MRI head without IV contrast,0 mSvO,0 mSv [ped]O,Usually not appropriate
517,Gyn and OB,Gestational trophoblastic disease (GTD) suspected,3155923,MRI pelvis without and with IV contrast,0 mSvO,0 mSv [ped]O,Usually not appropriate
518,Gyn and OB,Gestational trophoblastic disease (GTD) suspected,3155923,MRI pelvis without IV contrast,0 mSvO,0 mSv [ped]O,Usually not appropriate
519,Gyn and OB,Gestational trophoblastic disease (GTD) suspected,3155923,CT abdomen and pelvis with IV contrast,1-10 mSv☢☢☢,3-10 mSv [ped]☢☢☢☢,Usually not appropriate
520,Gyn and OB,Gestational trophoblastic disease (GTD) suspected,3155923,CT abdomen and pelvis without IV contrast,1-10 mSv☢☢☢,3-10 mSv [ped]☢☢☢☢,Usually not appropriate
521,Gyn and OB,Gestational trophoblastic disease (GTD) suspected,3155923,CT chest with IV contrast,1-10 mSv☢☢☢,3-10 mSv [ped]☢☢☢☢,Usually not appropriate
522,Gyn and OB,Gestational trophoblastic disease (GTD) suspected,3155923,CT chest without and with IV contrast,1-10 mSv☢☢☢,3-10 mSv [ped]☢☢☢☢,Usually not appropriate
523,Gyn and OB,Gestational trophoblastic disease (GTD) suspected,3155923,CT chest without IV contrast,1-10 mSv☢☢☢,3-10 mSv [ped]☢☢☢☢,Usually not appropriate
524,Gyn and OB,Gestational trophoblastic disease (GTD) suspected,3155923,CT head with IV contrast,1-10 mSv☢☢☢,0.3-3 mSv [ped]☢☢☢,Usually not appropriate
525,Gyn and OB,Gestational trophoblastic disease (GTD) suspected,3155923,CT head without and with IV contrast,1-10 mSv☢☢☢,3-10 mSv [ped]☢☢☢☢,Usually not appropriate
526,Gyn and OB,Gestational trophoblastic disease (GTD) suspected,3155923,CT head without IV contrast,1-10 mSv☢☢☢,0.3-3 mSv [ped]☢☢☢,Usually not appropriate
527,Gyn and OB,Gestational trophoblastic disease (GTD) suspected,3155923,CT abdomen and pelvis without and with IV contrast,10-30 mSv☢☢☢☢,10-30 mSv [ped]☢☢☢☢☢,Usually not appropriate
528,Gyn and OB,Gestational trophoblastic disease (GTD) suspected,3155923,FDG-PET/CT skull base to mid-thigh,10-30 mSv☢☢☢☢,3-10 mSv [ped]☢☢☢☢,Usually not appropriate
529,Gyn and OB,"Gestational trophoblastic disease (GTD), assess for complications",3163053,US pelvis transvaginal,0 mSvO,0 mSv [ped]O,Usually appropriate
530,Gyn and OB,"Gestational trophoblastic disease (GTD), assess for complications",3163053,CT abdomen and pelvis with IV contrast,1-10 mSv☢☢☢,3-10 mSv [ped]☢☢☢☢,Usually appropriate
531,Gyn and OB,"Gestational trophoblastic disease (GTD), assess for complications",3163053,CT chest with IV contrast,1-10 mSv☢☢☢,3-10 mSv [ped]☢☢☢☢,Usually appropriate
532,Gyn and OB,"Gestational trophoblastic disease (GTD), assess for complications",3163053,US duplex Doppler pelvis,0 mSvO,0 mSv [ped]O,May be appropriate
533,Gyn and OB,"Gestational trophoblastic disease (GTD), assess for complications",3163053,US pelvis transabdominal,0 mSvO,0 mSv [ped]O,May be appropriate
534,Gyn and OB,"Gestational trophoblastic disease (GTD), assess for complications",3163053,Radiography chest,<0.1 mSv☢,<0.03 mSv [ped]☢,May be appropriate
535,Gyn and OB,"Gestational trophoblastic disease (GTD), assess for complications",3163053,MRI head without and with IV contrast,0 mSvO,0 mSv [ped]O,May be appropriate
536,Gyn and OB,"Gestational trophoblastic disease (GTD), assess for complications",3163053,MRI head without IV contrast,0 mSvO,0 mSv [ped]O,May be appropriate
537,Gyn and OB,"Gestational trophoblastic disease (GTD), assess for complications",3163053,MRI pelvis without and with IV contrast,0 mSvO,0 mSv [ped]O,May be appropriate
538,Gyn and OB,"Gestational trophoblastic disease (GTD), assess for complications",3163053,MRI pelvis without IV contrast,0 mSvO,0 mSv [ped]O,May be appropriate
539,Gyn and OB,"Gestational trophoblastic disease (GTD), assess for complications",3163053,CT abdomen and pelvis without IV contrast,1-10 mSv☢☢☢,3-10 mSv [ped]☢☢☢☢,May be appropriate
540,Gyn and OB,"Gestational trophoblastic disease (GTD), assess for complications",3163053,CT chest without and with IV contrast,1-10 mSv☢☢☢,3-10 mSv [ped]☢☢☢☢,May be appropriate (Disagreement)
541,Gyn and OB,"Gestational trophoblastic disease (GTD), assess for complications",3163053,CT chest without IV contrast,1-10 mSv☢☢☢,3-10 mSv [ped]☢☢☢☢,May be appropriate
542,Gyn and OB,"Gestational trophoblastic disease (GTD), assess for complications",3163053,CT head with IV contrast,1-10 mSv☢☢☢,0.3-3 mSv [ped]☢☢☢,May be appropriate
543,Gyn and OB,"Gestational trophoblastic disease (GTD), assess for complications",3163053,CT head without and with IV contrast,1-10 mSv☢☢☢,3-10 mSv [ped]☢☢☢☢,May be appropriate
544,Gyn and OB,"Gestational trophoblastic disease (GTD), assess for complications",3163053,CT head without IV contrast,1-10 mSv☢☢☢,0.3-3 mSv [ped]☢☢☢,May be appropriate
545,Gyn and OB,"Gestational trophoblastic disease (GTD), assess for complications",3163053,CT abdomen and pelvis without and with IV contrast,10-30 mSv☢☢☢☢,10-30 mSv [ped]☢☢☢☢☢,May be appropriate (Disagreement)
546,Gyn and OB,"Gestational trophoblastic disease (GTD), assess for complications",3163053,FDG-PET/CT skull base to mid-thigh,10-30 mSv☢☢☢☢,3-10 mSv [ped]☢☢☢☢,Usually not appropriate
547,Gyn and OB,Gestational trophoblastic neoplasia (GTN) suspected,3163051,US duplex Doppler pelvis,0 mSvO,0 mSv [ped]O,Usually appropriate
548,Gyn and OB,Gestational trophoblastic neoplasia (GTN) suspected,3163051,US pelvis transabdominal,0 mSvO,0 mSv [ped]O,Usually appropriate
549,Gyn and OB,Gestational trophoblastic neoplasia (GTN) suspected,3163051,US pelvis transvaginal,0 mSvO,0 mSv [ped]O,Usually appropriate
550,Gyn and OB,Gestational trophoblastic neoplasia (GTN) suspected,3163051,Radiography chest,<0.1 mSv☢,<0.03 mSv [ped]☢,Usually appropriate
551,Gyn and OB,Gestational trophoblastic neoplasia (GTN) suspected,3163051,MRI pelvis without and with IV contrast,0 mSvO,0 mSv [ped]O,Usually appropriate
552,Gyn and OB,Gestational trophoblastic neoplasia (GTN) suspected,3163051,CT abdomen and pelvis with IV contrast,1-10 mSv☢☢☢,3-10 mSv [ped]☢☢☢☢,Usually appropriate
553,Gyn and OB,Gestational trophoblastic neoplasia (GTN) suspected,3163051,CT chest with IV contrast,1-10 mSv☢☢☢,3-10 mSv [ped]☢☢☢☢,Usually appropriate
554,Gyn and OB,Gestational trophoblastic neoplasia (GTN) suspected,3163051,MRI head without and with IV contrast,0 mSvO,0 mSv [ped]O,May be appropriate
555,Gyn and OB,Gestational trophoblastic neoplasia (GTN) suspected,3163051,MRI pelvis without IV contrast,0 mSvO,0 mSv [ped]O,May be appropriate (Disagreement)
556,Gyn and OB,Gestational trophoblastic neoplasia (GTN) suspected,3163051,CT chest without IV contrast,1-10 mSv☢☢☢,3-10 mSv [ped]☢☢☢☢,May be appropriate
557,Gyn and OB,Gestational trophoblastic neoplasia (GTN) suspected,3163051,CT head with IV contrast,1-10 mSv☢☢☢,0.3-3 mSv [ped]☢☢☢,May be appropriate
558,Gyn and OB,Gestational trophoblastic neoplasia (GTN) suspected,3163051,FDG-PET/CT skull base to mid-thigh,10-30 mSv☢☢☢☢,3-10 mSv [ped]☢☢☢☢,May be appropriate
559,Gyn and OB,Gestational trophoblastic neoplasia (GTN) suspected,3163051,MRI head without IV contrast,0 mSvO,0 mSv [ped]O,Usually not appropriate
560,Gyn and OB,Gestational trophoblastic neoplasia (GTN) suspected,3163051,CT abdomen and pelvis without IV contrast,1-10 mSv☢☢☢,3-10 mSv [ped]☢☢☢☢,Usually not appropriate
561,Gyn and OB,Gestational trophoblastic neoplasia (GTN) suspected,3163051,CT chest without and with IV contrast,1-10 mSv☢☢☢,3-10 mSv [ped]☢☢☢☢,Usually not appropriate
562,Gyn and OB,Gestational trophoblastic neoplasia (GTN) suspected,3163051,CT head without and with IV contrast,1-10 mSv☢☢☢,3-10 mSv [ped]☢☢☢☢,Usually not appropriate
563,Gyn and OB,Gestational trophoblastic neoplasia (GTN) suspected,3163051,CT head without IV contrast,1-10 mSv☢☢☢,0.3-3 mSv [ped]☢☢☢,Usually not appropriate
564,Gyn and OB,Gestational trophoblastic neoplasia (GTN) suspected,3163051,CT abdomen and pelvis without and with IV contrast,10-30 mSv☢☢☢☢,10-30 mSv [ped]☢☢☢☢☢,Usually not appropriate
565,Gyn and OB,"Gestational trophoblastic neoplasia (GTN), assess for complications",3163054,US pelvis transvaginal,0 mSvO,0 mSv [ped]O,Usually appropriate
566,Gyn and OB,"Gestational trophoblastic neoplasia (GTN), assess for complications",3163054,CT abdomen and pelvis with IV contrast,1-10 mSv☢☢☢,3-10 mSv [ped]☢☢☢☢,Usually appropriate
567,Gyn and OB,"Gestational trophoblastic neoplasia (GTN), assess for complications",3163054,CT chest with IV contrast,1-10 mSv☢☢☢,3-10 mSv [ped]☢☢☢☢,Usually appropriate
568,Gyn and OB,"Gestational trophoblastic neoplasia (GTN), assess for complications",3163054,US duplex Doppler pelvis,0 mSvO,0 mSv [ped]O,May be appropriate
569,Gyn and OB,"Gestational trophoblastic neoplasia (GTN), assess for complications",3163054,US pelvis transabdominal,0 mSvO,0 mSv [ped]O,May be appropriate
570,Gyn and OB,"Gestational trophoblastic neoplasia (GTN), assess for complications",3163054,Radiography chest,<0.1 mSv☢,<0.03 mSv [ped]☢,May be appropriate
571,Gyn and OB,"Gestational trophoblastic neoplasia (GTN), assess for complications",3163054,MRI head without and with IV contrast,0 mSvO,0 mSv [ped]O,May be appropriate
572,Gyn and OB,"Gestational trophoblastic neoplasia (GTN), assess for complications",3163054,MRI head without IV contrast,0 mSvO,0 mSv [ped]O,May be appropriate
573,Gyn and OB,"Gestational trophoblastic neoplasia (GTN), assess for complications",3163054,MRI pelvis without and with IV contrast,0 mSvO,0 mSv [ped]O,May be appropriate
574,Gyn and OB,"Gestational trophoblastic neoplasia (GTN), assess for complications",3163054,MRI pelvis without IV contrast,0 mSvO,0 mSv [ped]O,May be appropriate
575,Gyn and OB,"Gestational trophoblastic neoplasia (GTN), assess for complications",3163054,CT abdomen and pelvis without IV contrast,1-10 mSv☢☢☢,3-10 mSv [ped]☢☢☢☢,May be appropriate
576,Gyn and OB,"Gestational trophoblastic neoplasia (GTN), assess for complications",3163054,CT chest without and with IV contrast,1-10 mSv☢☢☢,3-10 mSv [ped]☢☢☢☢,May be appropriate (Disagreement)
577,Gyn and OB,"Gestational trophoblastic neoplasia (GTN), assess for complications",3163054,CT chest without IV contrast,1-10 mSv☢☢☢,3-10 mSv [ped]☢☢☢☢,May be appropriate
578,Gyn and OB,"Gestational trophoblastic neoplasia (GTN), assess for complications",3163054,CT head with IV contrast,1-10 mSv☢☢☢,0.3-3 mSv [ped]☢☢☢,May be appropriate
579,Gyn and OB,"Gestational trophoblastic neoplasia (GTN), assess for complications",3163054,CT head without and with IV contrast,1-10 mSv☢☢☢,3-10 mSv [ped]☢☢☢☢,May be appropriate
580,Gyn and OB,"Gestational trophoblastic neoplasia (GTN), assess for complications",3163054,CT head without IV contrast,1-10 mSv☢☢☢,0.3-3 mSv [ped]☢☢☢,May be appropriate
581,Gyn and OB,"Gestational trophoblastic neoplasia (GTN), assess for complications",3163054,CT abdomen and pelvis without and with IV contrast,10-30 mSv☢☢☢☢,10-30 mSv [ped]☢☢☢☢☢,May be appropriate (Disagreement)
582,Gyn and OB,"Gestational trophoblastic neoplasia (GTN), assess for complications",3163054,FDG-PET/CT skull base to mid-thigh,10-30 mSv☢☢☢☢,3-10 mSv [ped]☢☢☢☢,Usually not appropriate
583,Gyn and OB,"Gestational trophoblastic neoplasia (GTN), staging",3163052,US duplex Doppler pelvis,0 mSvO,0 mSv [ped]O,Usually appropriate
584,Gyn and OB,"Gestational trophoblastic neoplasia (GTN), staging",3163052,US pelvis transabdominal,0 mSvO,0 mSv [ped]O,Usually appropriate
585,Gyn and OB,"Gestational trophoblastic neoplasia (GTN), staging",3163052,US pelvis transvaginal,0 mSvO,0 mSv [ped]O,Usually appropriate
586,Gyn and OB,"Gestational trophoblastic neoplasia (GTN), staging",3163052,Radiography chest,<0.1 mSv☢,<0.03 mSv [ped]☢,Usually appropriate
587,Gyn and OB,"Gestational trophoblastic neoplasia (GTN), staging",3163052,MRI pelvis without and with IV contrast,0 mSvO,0 mSv [ped]O,Usually appropriate
588,Gyn and OB,"Gestational trophoblastic neoplasia (GTN), staging",3163052,CT abdomen and pelvis with IV contrast,1-10 mSv☢☢☢,3-10 mSv [ped]☢☢☢☢,Usually appropriate
589,Gyn and OB,"Gestational trophoblastic neoplasia (GTN), staging",3163052,CT chest with IV contrast,1-10 mSv☢☢☢,3-10 mSv [ped]☢☢☢☢,Usually appropriate
590,Gyn and OB,"Gestational trophoblastic neoplasia (GTN), staging",3163052,MRI head without and with IV contrast,0 mSvO,0 mSv [ped]O,May be appropriate
591,Gyn and OB,"Gestational trophoblastic neoplasia (GTN), staging",3163052,MRI pelvis without IV contrast,0 mSvO,0 mSv [ped]O,May be appropriate (Disagreement)
592,Gyn and OB,"Gestational trophoblastic neoplasia (GTN), staging",3163052,CT chest without IV contrast,1-10 mSv☢☢☢,3-10 mSv [ped]☢☢☢☢,May be appropriate
593,Gyn and OB,"Gestational trophoblastic neoplasia (GTN), staging",3163052,CT head with IV contrast,1-10 mSv☢☢☢,0.3-3 mSv [ped]☢☢☢,May be appropriate
594,Gyn and OB,"Gestational trophoblastic neoplasia (GTN), staging",3163052,FDG-PET/CT skull base to mid-thigh,10-30 mSv☢☢☢☢,3-10 mSv [ped]☢☢☢☢,May be appropriate
595,Gyn and OB,"Gestational trophoblastic neoplasia (GTN), staging",3163052,MRI head without IV contrast,0 mSvO,0 mSv [ped]O,Usually not appropriate
596,Gyn and OB,"Gestational trophoblastic neoplasia (GTN), staging",3163052,CT abdomen and pelvis without IV contrast,1-10 mSv☢☢☢,3-10 mSv [ped]☢☢☢☢,Usually not appropriate
597,Gyn and OB,"Gestational trophoblastic neoplasia (GTN), staging",3163052,CT chest without and with IV contrast,1-10 mSv☢☢☢,3-10 mSv [ped]☢☢☢☢,Usually not appropriate
598,Gyn and OB,"Gestational trophoblastic neoplasia (GTN), staging",3163052,CT head without and with IV contrast,1-10 mSv☢☢☢,3-10 mSv [ped]☢☢☢☢,Usually not appropriate
599,Gyn and OB,"Gestational trophoblastic neoplasia (GTN), staging",3163052,CT head without IV contrast,1-10 mSv☢☢☢,0.3-3 mSv [ped]☢☢☢,Usually not appropriate
600,Gyn and OB,"Gestational trophoblastic neoplasia (GTN), staging",3163052,CT abdomen and pelvis without and with IV contrast,10-30 mSv☢☢☢☢,10-30 mSv [ped]☢☢☢☢☢,Usually not appropriate
601,Gyn and OB,"Gestational trophoblastic neoplasia (GTN), surveillance",3155925,US duplex Doppler pelvis,0 mSvO,0 mSv [ped]O,Usually appropriate
602,Gyn and OB,"Gestational trophoblastic neoplasia (GTN), surveillance",3155925,US pelvis transabdominal,0 mSvO,0 mSv [ped]O,Usually appropriate
603,Gyn and OB,"Gestational trophoblastic neoplasia (GTN), surveillance",3155925,US pelvis transvaginal,0 mSvO,0 mSv [ped]O,Usually appropriate
604,Gyn and OB,"Gestational trophoblastic neoplasia (GTN), surveillance",3155925,MRI head without and with IV contrast,0 mSvO,0 mSv [ped]O,Usually appropriate
605,Gyn and OB,"Gestational trophoblastic neoplasia (GTN), surveillance",3155925,CT abdomen and pelvis with IV contrast,1-10 mSv☢☢☢,3-10 mSv [ped]☢☢☢☢,Usually appropriate
606,Gyn and OB,"Gestational trophoblastic neoplasia (GTN), surveillance",3155925,CT chest with IV contrast,1-10 mSv☢☢☢,3-10 mSv [ped]☢☢☢☢,Usually appropriate
607,Gyn and OB,"Gestational trophoblastic neoplasia (GTN), surveillance",3155925,MRI head without IV contrast,0 mSvO,0 mSv [ped]O,May be appropriate (Disagreement)
608,Gyn and OB,"Gestational trophoblastic neoplasia (GTN), surveillance",3155925,MRI pelvis without and with IV contrast,0 mSvO,0 mSv [ped]O,May be appropriate
609,Gyn and OB,"Gestational trophoblastic neoplasia (GTN), surveillance",3155925,MRI pelvis without IV contrast,0 mSvO,0 mSv [ped]O,May be appropriate (Disagreement)
610,Gyn and OB,"Gestational trophoblastic neoplasia (GTN), surveillance",3155925,CT chest without IV contrast,1-10 mSv☢☢☢,3-10 mSv [ped]☢☢☢☢,May be appropriate
611,Gyn and OB,"Gestational trophoblastic neoplasia (GTN), surveillance",3155925,CT head with IV contrast,1-10 mSv☢☢☢,0.3-3 mSv [ped]☢☢☢,May be appropriate
612,Gyn and OB,"Gestational trophoblastic neoplasia (GTN), surveillance",3155925,CT head without and with IV contrast,1-10 mSv☢☢☢,3-10 mSv [ped]☢☢☢☢,May be appropriate
613,Gyn and OB,"Gestational trophoblastic neoplasia (GTN), surveillance",3155925,CT abdomen and pelvis without and with IV contrast,10-30 mSv☢☢☢☢,10-30 mSv [ped]☢☢☢☢☢,May be appropriate (Disagreement)
614,Gyn and OB,"Gestational trophoblastic neoplasia (GTN), surveillance",3155925,FDG-PET/CT skull base to mid-thigh,10-30 mSv☢☢☢☢,3-10 mSv [ped]☢☢☢☢,May be appropriate
615,Gyn and OB,"Gestational trophoblastic neoplasia (GTN), surveillance",3155925,Radiography chest,<0.1 mSv☢,<0.03 mSv [ped]☢,Usually not appropriate
616,Gyn and OB,"Gestational trophoblastic neoplasia (GTN), surveillance",3155925,CT abdomen and pelvis without IV contrast,1-10 mSv☢☢☢,3-10 mSv [ped]☢☢☢☢,Usually not appropriate
617,Gyn and OB,"Gestational trophoblastic neoplasia (GTN), surveillance",3155925,CT chest without and with IV contrast,1-10 mSv☢☢☢,3-10 mSv [ped]☢☢☢☢,Usually not appropriate
618,Gyn and OB,"Gestational trophoblastic neoplasia (GTN), surveillance",3155925,CT head without IV contrast,1-10 mSv☢☢☢,0.3-3 mSv [ped]☢☢☢,Usually not appropriate
619,Gyn and OB,"Gravid cervix assessment, active term labor, initial imaging",3183774,US cervix transperineal,0 mSvO,0 mSv [ped]O,May be appropriate (Disagreement)
620,Gyn and OB,"Gravid cervix assessment, active term labor, initial imaging",3183774,US cervix transabdominal,0 mSvO,0 mSv [ped]O,Usually not appropriate
621,Gyn and OB,"Gravid cervix assessment, active term labor, initial imaging",3183774,US cervix transvaginal,0 mSvO,0 mSv [ped]O,Usually not appropriate
622,Gyn and OB,"Gravid cervix assessment, hx of preterm birth, initial imaging",3181230,US cervix transvaginal,0 mSvO,0 mSv [ped]O,Usually appropriate
623,Gyn and OB,"Gravid cervix assessment, hx of preterm birth, initial imaging",3181230,US cervix transperineal,0 mSvO,0 mSv [ped]O,May be appropriate
624,Gyn and OB,"Gravid cervix assessment, hx of preterm birth, initial imaging",3181230,US cervix transabdominal,0 mSvO,0 mSv [ped]O,Usually not appropriate
625,Gyn and OB,"Gravid cervix assessment, labor induction, initial imaging",3183773,US cervix transperineal,0 mSvO,0 mSv [ped]O,May be appropriate (Disagreement)
626,Gyn and OB,"Gravid cervix assessment, labor induction, initial imaging",3183773,US cervix transabdominal,0 mSvO,0 mSv [ped]O,Usually not appropriate
627,Gyn and OB,"Gravid cervix assessment, labor induction, initial imaging",3183773,US cervix transvaginal,0 mSvO,0 mSv [ped]O,Usually not appropriate
628,Gyn and OB,"Gravid cervix assessment, no hx of preterm birth, initial imaging",3183772,US cervix transabdominal,0 mSvO,0 mSv [ped]O,Usually appropriate
629,Gyn and OB,"Gravid cervix assessment, no hx of preterm birth, initial imaging",3183772,US cervix transperineal,0 mSvO,0 mSv [ped]O,May be appropriate
630,Gyn and OB,"Gravid cervix assessment, no hx of preterm birth, initial imaging",3183772,US cervix transvaginal,0 mSvO,0 mSv [ped]O,May be appropriate
631,Gyn and OB,"Gravid cervix assessment, nulliparous, initial imaging",3183771,US cervix transabdominal,0 mSvO,0 mSv [ped]O,Usually appropriate
632,Gyn and OB,"Gravid cervix assessment, nulliparous, initial imaging",3183771,US cervix transperineal,0 mSvO,0 mSv [ped]O,May be appropriate
633,Gyn and OB,"Gravid cervix assessment, nulliparous, initial imaging",3183771,US cervix transvaginal,0 mSvO,0 mSv [ped]O,May be appropriate
634,Gyn and OB,"Gravid cervix assessment, preterm labor suspected, initial imaging",3181231,US cervix transvaginal,0 mSvO,0 mSv [ped]O,Usually appropriate
635,Gyn and OB,"Gravid cervix assessment, preterm labor suspected, initial imaging",3181231,US cervix transabdominal,0 mSvO,0 mSv [ped]O,May be appropriate
636,Gyn and OB,"Gravid cervix assessment, preterm labor suspected, initial imaging",3181231,US cervix transperineal,0 mSvO,0 mSv [ped]O,May be appropriate
637,Gyn and OB,"Infertility, endometriosis suspected, initial imaging",3180663,US pelvis transabdominal,0 mSvO,0 mSv [ped]O,Usually appropriate
638,Gyn and OB,"Infertility, endometriosis suspected, initial imaging",3180663,US pelvis transrectal,0 mSvO,0 mSv [ped]O,Usually appropriate
639,Gyn and OB,"Infertility, endometriosis suspected, initial imaging",3180663,US pelvis transvaginal,0 mSvO,0 mSv [ped]O,Usually appropriate
640,Gyn and OB,"Infertility, endometriosis suspected, initial imaging",3180663,MRI pelvis without IV contrast,0 mSvO,0 mSv [ped]O,Usually appropriate
641,Gyn and OB,"Infertility, endometriosis suspected, initial imaging",3180663,US color Doppler pelvis,0 mSvO,0 mSv [ped]O,May be appropriate
642,Gyn and OB,"Infertility, endometriosis suspected, initial imaging",3180663,US sonohysterography with tubal contrast agent,0 mSvO,0 mSv [ped]O,May be appropriate (Disagreement)
643,Gyn and OB,"Infertility, endometriosis suspected, initial imaging",3180663,Fluoroscopy hysterosalpingography,0.1-1mSv☢☢,,May be appropriate
644,Gyn and OB,"Infertility, endometriosis suspected, initial imaging",3180663,MRI pelvis without and with IV contrast,0 mSvO,0 mSv [ped]O,May be appropriate (Disagreement)
645,Gyn and OB,"Infertility, endometriosis suspected, initial imaging",3180663,US sonohysterography,0 mSvO,0 mSv [ped]O,Usually not appropriate
646,Gyn and OB,"Infertility, endometriosis, initial imaging",3180664,US pelvis transabdominal,0 mSvO,0 mSv [ped]O,Usually appropriate
647,Gyn and OB,"Infertility, endometriosis, initial imaging",3180664,US pelvis transrectal,0 mSvO,0 mSv [ped]O,Usually appropriate
648,Gyn and OB,"Infertility, endometriosis, initial imaging",3180664,US pelvis transvaginal,0 mSvO,0 mSv [ped]O,Usually appropriate
649,Gyn and OB,"Infertility, endometriosis, initial imaging",3180664,MRI pelvis without IV contrast,0 mSvO,0 mSv [ped]O,Usually appropriate
650,Gyn and OB,"Infertility, endometriosis, initial imaging",3180664,US color Doppler pelvis,0 mSvO,0 mSv [ped]O,May be appropriate
651,Gyn and OB,"Infertility, endometriosis, initial imaging",3180664,US sonohysterography with tubal contrast agent,0 mSvO,0 mSv [ped]O,May be appropriate (Disagreement)
652,Gyn and OB,"Infertility, endometriosis, initial imaging",3180664,Fluoroscopy hysterosalpingography,0.1-1mSv☢☢,,May be appropriate
653,Gyn and OB,"Infertility, endometriosis, initial imaging",3180664,MRI pelvis without and with IV contrast,0 mSvO,0 mSv [ped]O,May be appropriate (Disagreement)
654,Gyn and OB,"Infertility, endometriosis, initial imaging",3180664,US sonohysterography,0 mSvO,0 mSv [ped]O,Usually not appropriate
655,Gyn and OB,"Infertility, evaluate ovulatory function and reserve, initial imaging",3164925,US pelvis transabdominal,0 mSvO,0 mSv [ped]O,Usually appropriate
656,Gyn and OB,"Infertility, evaluate ovulatory function and reserve, initial imaging",3164925,US pelvis transvaginal,0 mSvO,0 mSv [ped]O,Usually appropriate
657,Gyn and OB,"Infertility, evaluate ovulatory function and reserve, initial imaging",3164925,MRI pelvis without IV contrast,0 mSvO,0 mSv [ped]O,May be appropriate
658,Gyn and OB,"Infertility, evaluate ovulatory function and reserve, initial imaging",3164925,MRI pelvis without and with IV contrast,0 mSvO,0 mSv [ped]O,Usually not appropriate
659,Gyn and OB,"Infertility, polycystic ovary syndrome suspected, initial imaging",3180661,US pelvis transvaginal,0 mSvO,0 mSv [ped]O,Usually appropriate
660,Gyn and OB,"Infertility, polycystic ovary syndrome suspected, initial imaging",3180661,US color Doppler pelvis,0 mSvO,0 mSv [ped]O,May be appropriate
661,Gyn and OB,"Infertility, polycystic ovary syndrome suspected, initial imaging",3180661,US pelvis transabdominal,0 mSvO,0 mSv [ped]O,May be appropriate
662,Gyn and OB,"Infertility, polycystic ovary syndrome suspected, initial imaging",3180661,MRI pelvis without IV contrast,0 mSvO,0 mSv [ped]O,May be appropriate
663,Gyn and OB,"Infertility, polycystic ovary syndrome suspected, initial imaging",3180661,MRI pelvis without and with IV contrast,0 mSvO,0 mSv [ped]O,Usually not appropriate
664,Gyn and OB,"Infertility, polycystic ovary syndrome, initial imaging",3180662,US pelvis transvaginal,0 mSvO,0 mSv [ped]O,Usually appropriate
665,Gyn and OB,"Infertility, polycystic ovary syndrome, initial imaging",3180662,US color Doppler pelvis,0 mSvO,0 mSv [ped]O,May be appropriate
666,Gyn and OB,"Infertility, polycystic ovary syndrome, initial imaging",3180662,US pelvis transabdominal,0 mSvO,0 mSv [ped]O,May be appropriate
667,Gyn and OB,"Infertility, polycystic ovary syndrome, initial imaging",3180662,MRI pelvis without IV contrast,0 mSvO,0 mSv [ped]O,May be appropriate
668,Gyn and OB,"Infertility, polycystic ovary syndrome, initial imaging",3180662,MRI pelvis without and with IV contrast,0 mSvO,0 mSv [ped]O,Usually not appropriate
669,Gyn and OB,"Infertility, recurring pregnancy loss, initial imaging",3097329,US pelvis transabdominal,0 mSvO,0 mSv [ped]O,Usually appropriate
670,Gyn and OB,"Infertility, recurring pregnancy loss, initial imaging",3097329,US pelvis transvaginal,0 mSvO,0 mSv [ped]O,Usually appropriate
671,Gyn and OB,"Infertility, recurring pregnancy loss, initial imaging",3097329,US sonohysterography,0 mSvO,0 mSv [ped]O,Usually appropriate
672,Gyn and OB,"Infertility, recurring pregnancy loss, initial imaging",3097329,MRI pelvis without and with IV contrast,0 mSvO,0 mSv [ped]O,Usually appropriate
673,Gyn and OB,"Infertility, recurring pregnancy loss, initial imaging",3097329,MRI pelvis without IV contrast,0 mSvO,0 mSv [ped]O,Usually appropriate
674,Gyn and OB,"Infertility, recurring pregnancy loss, initial imaging",3097329,US color Doppler pelvis,0 mSvO,0 mSv [ped]O,May be appropriate (Disagreement)
675,Gyn and OB,"Infertility, recurring pregnancy loss, initial imaging",3097329,US sonohysterography with tubal contrast agent,0 mSvO,0 mSv [ped]O,May be appropriate (Disagreement)
676,Gyn and OB,"Infertility, recurring pregnancy loss, initial imaging",3097329,Fluoroscopy hysterosalpingography,0.1-1mSv☢☢,,May be appropriate (Disagreement)
677,Gyn and OB,"Infertility, tubal occlusion suspected, initial imaging",3164926,US pelvis transvaginal,0 mSvO,0 mSv [ped]O,Usually appropriate
678,Gyn and OB,"Infertility, tubal occlusion suspected, initial imaging",3164926,US sonohysterography with tubal contrast agent,0 mSvO,0 mSv [ped]O,Usually appropriate
679,Gyn and OB,"Infertility, tubal occlusion suspected, initial imaging",3164926,Fluoroscopy hysterosalpingography,0.1-1mSv☢☢,,Usually appropriate
680,Gyn and OB,"Infertility, tubal occlusion suspected, initial imaging",3164926,US pelvis transabdominal,0 mSvO,0 mSv [ped]O,May be appropriate
681,Gyn and OB,"Infertility, tubal occlusion suspected, initial imaging",3164926,MRI pelvis without and with IV contrast,0 mSvO,0 mSv [ped]O,May be appropriate
682,Gyn and OB,"Infertility, tubal occlusion suspected, initial imaging",3164926,MRI pelvis without IV contrast,0 mSvO,0 mSv [ped]O,May be appropriate
683,Gyn and OB,"Infertility, tubal occlusion suspected, initial imaging",3164926,US sonohysterography,0 mSvO,0 mSv [ped]O,Usually not appropriate
684,Gyn and OB,"Multiple gestations suspected, dichorionic, first trimester, initial imaging",3197485,US pregnant uterus transabdominal,0 mSvO,0 mSv [ped]O,Usually appropriate
685,Gyn and OB,"Multiple gestations suspected, dichorionic, first trimester, initial imaging",3197485,US pregnant uterus transvaginal,0 mSvO,0 mSv [ped]O,Usually appropriate
686,Gyn and OB,"Multiple gestations suspected, dichorionic, first trimester, initial imaging",3197485,US assessment for TTTS,0 mSvO,0 mSv [ped]O,Usually not appropriate
687,Gyn and OB,"Multiple gestations suspected, dichorionic, first trimester, initial imaging",3197485,US cervix transvaginal,0 mSvO,0 mSv [ped]O,Usually not appropriate
688,Gyn and OB,"Multiple gestations suspected, dichorionic, first trimester, initial imaging",3197485,US duplex Doppler fetal middle cerebral artery,0 mSvO,0 mSv [ped]O,Usually not appropriate
689,Gyn and OB,"Multiple gestations suspected, dichorionic, first trimester, initial imaging",3197485,US duplex Doppler fetal umbilical artery,0 mSvO,0 mSv [ped]O,Usually not appropriate
690,Gyn and OB,"Multiple gestations suspected, dichorionic, first trimester, initial imaging",3197485,US echocardiography fetal,0 mSvO,0 mSv [ped]O,Usually not appropriate
691,Gyn and OB,"Multiple gestations suspected, dichorionic, first trimester, initial imaging",3197485,US pregnant uterus biophysical profile,0 mSvO,0 mSv [ped]O,Usually not appropriate
692,Gyn and OB,"Multiple gestations suspected, dichorionic, first trimester, initial imaging",3197485,MRI fetal without and with IV contrast,0 mSvO,0 mSv [ped]O,Usually not appropriate
693,Gyn and OB,"Multiple gestations suspected, dichorionic, first trimester, initial imaging",3197485,MRI fetal without IV contrast,0 mSvO,0 mSv [ped]O,Usually not appropriate
694,Gyn and OB,"Multiple gestations suspected, monochorionic, first trimester, initial imaging",3197486,US pregnant uterus transabdominal,0 mSvO,0 mSv [ped]O,Usually appropriate
695,Gyn and OB,"Multiple gestations suspected, monochorionic, first trimester, initial imaging",3197486,US pregnant uterus transvaginal,0 mSvO,0 mSv [ped]O,Usually appropriate
696,Gyn and OB,"Multiple gestations suspected, monochorionic, first trimester, initial imaging",3197486,US assessment for TTTS,0 mSvO,0 mSv [ped]O,Usually not appropriate
697,Gyn and OB,"Multiple gestations suspected, monochorionic, first trimester, initial imaging",3197486,US cervix transvaginal,0 mSvO,0 mSv [ped]O,Usually not appropriate
698,Gyn and OB,"Multiple gestations suspected, monochorionic, first trimester, initial imaging",3197486,US duplex Doppler fetal middle cerebral artery,0 mSvO,0 mSv [ped]O,Usually not appropriate
699,Gyn and OB,"Multiple gestations suspected, monochorionic, first trimester, initial imaging",3197486,US duplex Doppler fetal umbilical artery,0 mSvO,0 mSv [ped]O,Usually not appropriate
700,Gyn and OB,"Multiple gestations suspected, monochorionic, first trimester, initial imaging",3197486,US echocardiography fetal,0 mSvO,0 mSv [ped]O,Usually not appropriate
701,Gyn and OB,"Multiple gestations suspected, monochorionic, first trimester, initial imaging",3197486,US pregnant uterus biophysical profile,0 mSvO,0 mSv [ped]O,Usually not appropriate
702,Gyn and OB,"Multiple gestations suspected, monochorionic, first trimester, initial imaging",3197486,MRI fetal without and with IV contrast,0 mSvO,0 mSv [ped]O,Usually not appropriate
703,Gyn and OB,"Multiple gestations suspected, monochorionic, first trimester, initial imaging",3197486,MRI fetal without IV contrast,0 mSvO,0 mSv [ped]O,Usually not appropriate
704,Gyn and OB,"Multiple gestations, dichorionic twins, growth and antepartum surveillance",3197499,US pregnant uterus transabdominal,0 mSvO,0 mSv [ped]O,Usually appropriate
705,Gyn and OB,"Multiple gestations, dichorionic twins, growth and antepartum surveillance",3197499,US cervix transvaginal,0 mSvO,0 mSv [ped]O,May be appropriate
706,Gyn and OB,"Multiple gestations, dichorionic twins, growth and antepartum surveillance",3197499,US duplex Doppler fetal middle cerebral artery,0 mSvO,0 mSv [ped]O,May be appropriate
707,Gyn and OB,"Multiple gestations, dichorionic twins, growth and antepartum surveillance",3197499,US duplex Doppler fetal umbilical artery,0 mSvO,0 mSv [ped]O,May be appropriate
708,Gyn and OB,"Multiple gestations, dichorionic twins, growth and antepartum surveillance",3197499,US echocardiography fetal,0 mSvO,0 mSv [ped]O,May be appropriate
709,Gyn and OB,"Multiple gestations, dichorionic twins, growth and antepartum surveillance",3197499,US pregnant uterus biophysical profile,0 mSvO,0 mSv [ped]O,May be appropriate
710,Gyn and OB,"Multiple gestations, dichorionic twins, growth and antepartum surveillance",3197499,US pregnant uterus transvaginal,0 mSvO,0 mSv [ped]O,May be appropriate
711,Gyn and OB,"Multiple gestations, dichorionic twins, growth and antepartum surveillance",3197499,US assessment for TTTS,0 mSvO,0 mSv [ped]O,Usually not appropriate
712,Gyn and OB,"Multiple gestations, dichorionic twins, growth and antepartum surveillance",3197499,MRI fetal without and with IV contrast,0 mSvO,0 mSv [ped]O,Usually not appropriate
713,Gyn and OB,"Multiple gestations, dichorionic twins, growth and antepartum surveillance",3197499,MRI fetal without IV contrast,0 mSvO,0 mSv [ped]O,Usually not appropriate
714,Gyn and OB,"Multiple gestations, dichorionic twins, second trimester anatomy exam, follow-up imaging",3197494,US cervix transvaginal,0 mSvO,0 mSv [ped]O,Usually appropriate
715,Gyn and OB,"Multiple gestations, dichorionic twins, second trimester anatomy exam, follow-up imaging",3197494,US echocardiography fetal,0 mSvO,0 mSv [ped]O,Usually appropriate
716,Gyn and OB,"Multiple gestations, dichorionic twins, second trimester anatomy exam, follow-up imaging",3197494,US pregnant uterus transabdominal,0 mSvO,0 mSv [ped]O,Usually appropriate
717,Gyn and OB,"Multiple gestations, dichorionic twins, second trimester anatomy exam, follow-up imaging",3197494,US duplex Doppler fetal umbilical artery,0 mSvO,0 mSv [ped]O,May be appropriate
718,Gyn and OB,"Multiple gestations, dichorionic twins, second trimester anatomy exam, follow-up imaging",3197494,US pregnant uterus transvaginal,0 mSvO,0 mSv [ped]O,May be appropriate
719,Gyn and OB,"Multiple gestations, dichorionic twins, second trimester anatomy exam, follow-up imaging",3197494,US assessment for TTTS,0 mSvO,0 mSv [ped]O,Usually not appropriate
720,Gyn and OB,"Multiple gestations, dichorionic twins, second trimester anatomy exam, follow-up imaging",3197494,US duplex Doppler fetal middle cerebral artery,0 mSvO,0 mSv [ped]O,Usually not appropriate
721,Gyn and OB,"Multiple gestations, dichorionic twins, second trimester anatomy exam, follow-up imaging",3197494,US pregnant uterus biophysical profile,0 mSvO,0 mSv [ped]O,Usually not appropriate
722,Gyn and OB,"Multiple gestations, dichorionic twins, second trimester anatomy exam, follow-up imaging",3197494,MRI fetal without and with IV contrast,0 mSvO,0 mSv [ped]O,Usually not appropriate
723,Gyn and OB,"Multiple gestations, dichorionic twins, second trimester anatomy exam, follow-up imaging",3197494,MRI fetal without IV contrast,0 mSvO,0 mSv [ped]O,Usually not appropriate
724,Gyn and OB,"Multiple gestations, dichorionic, abnormality, growth and antepartum surveillance",3197507,US duplex Doppler fetal middle cerebral artery,0 mSvO,0 mSv [ped]O,Usually appropriate
725,Gyn and OB,"Multiple gestations, dichorionic, abnormality, growth and antepartum surveillance",3197507,US duplex Doppler fetal umbilical artery,0 mSvO,0 mSv [ped]O,Usually appropriate
726,Gyn and OB,"Multiple gestations, dichorionic, abnormality, growth and antepartum surveillance",3197507,US pregnant uterus biophysical profile,0 mSvO,0 mSv [ped]O,Usually appropriate
727,Gyn and OB,"Multiple gestations, dichorionic, abnormality, growth and antepartum surveillance",3197507,US pregnant uterus transabdominal,0 mSvO,0 mSv [ped]O,Usually appropriate
728,Gyn and OB,"Multiple gestations, dichorionic, abnormality, growth and antepartum surveillance",3197507,US assessment for TTTS,0 mSvO,0 mSv [ped]O,May be appropriate
729,Gyn and OB,"Multiple gestations, dichorionic, abnormality, growth and antepartum surveillance",3197507,US cervix transvaginal,0 mSvO,0 mSv [ped]O,May be appropriate
730,Gyn and OB,"Multiple gestations, dichorionic, abnormality, growth and antepartum surveillance",3197507,US echocardiography fetal,0 mSvO,0 mSv [ped]O,May be appropriate
731,Gyn and OB,"Multiple gestations, dichorionic, abnormality, growth and antepartum surveillance",3197507,US pregnant uterus transvaginal,0 mSvO,0 mSv [ped]O,May be appropriate
732,Gyn and OB,"Multiple gestations, dichorionic, abnormality, growth and antepartum surveillance",3197507,MRI fetal without IV contrast,0 mSvO,0 mSv [ped]O,May be appropriate
733,Gyn and OB,"Multiple gestations, dichorionic, abnormality, growth and antepartum surveillance",3197507,MRI fetal without and with IV contrast,0 mSvO,0 mSv [ped]O,Usually not appropriate
734,Gyn and OB,"Multiple gestations, dichorionic, discordance between fetuses, growth and antepartum surveillance",3197506,US duplex Doppler fetal middle cerebral artery,0 mSvO,0 mSv [ped]O,Usually appropriate
735,Gyn and OB,"Multiple gestations, dichorionic, discordance between fetuses, growth and antepartum surveillance",3197506,US duplex Doppler fetal umbilical artery,0 mSvO,0 mSv [ped]O,Usually appropriate
736,Gyn and OB,"Multiple gestations, dichorionic, discordance between fetuses, growth and antepartum surveillance",3197506,US pregnant uterus biophysical profile,0 mSvO,0 mSv [ped]O,Usually appropriate
737,Gyn and OB,"Multiple gestations, dichorionic, discordance between fetuses, growth and antepartum surveillance",3197506,US pregnant uterus transabdominal,0 mSvO,0 mSv [ped]O,Usually appropriate
738,Gyn and OB,"Multiple gestations, dichorionic, discordance between fetuses, growth and antepartum surveillance",3197506,US assessment for TTTS,0 mSvO,0 mSv [ped]O,May be appropriate
739,Gyn and OB,"Multiple gestations, dichorionic, discordance between fetuses, growth and antepartum surveillance",3197506,US cervix transvaginal,0 mSvO,0 mSv [ped]O,May be appropriate
740,Gyn and OB,"Multiple gestations, dichorionic, discordance between fetuses, growth and antepartum surveillance",3197506,US echocardiography fetal,0 mSvO,0 mSv [ped]O,May be appropriate
741,Gyn and OB,"Multiple gestations, dichorionic, discordance between fetuses, growth and antepartum surveillance",3197506,US pregnant uterus transvaginal,0 mSvO,0 mSv [ped]O,May be appropriate
742,Gyn and OB,"Multiple gestations, dichorionic, discordance between fetuses, growth and antepartum surveillance",3197506,MRI fetal without IV contrast,0 mSvO,0 mSv [ped]O,May be appropriate
743,Gyn and OB,"Multiple gestations, dichorionic, discordance between fetuses, growth and antepartum surveillance",3197506,MRI fetal without and with IV contrast,0 mSvO,0 mSv [ped]O,Usually not appropriate
744,Gyn and OB,"Multiple gestations, dichorionic, first trimester US performed, next imaging study",3197490,US pregnant uterus transabdominal,0 mSvO,0 mSv [ped]O,Usually appropriate
745,Gyn and OB,"Multiple gestations, dichorionic, first trimester US performed, next imaging study",3197490,US pregnant uterus transvaginal,0 mSvO,0 mSv [ped]O,Usually appropriate
746,Gyn and OB,"Multiple gestations, dichorionic, first trimester US performed, next imaging study",3197490,US cervix transvaginal,0 mSvO,0 mSv [ped]O,May be appropriate
747,Gyn and OB,"Multiple gestations, dichorionic, first trimester US performed, next imaging study",3197490,US echocardiography fetal,0 mSvO,0 mSv [ped]O,May be appropriate
748,Gyn and OB,"Multiple gestations, dichorionic, first trimester US performed, next imaging study",3197490,US assessment for TTTS,0 mSvO,0 mSv [ped]O,Usually not appropriate
749,Gyn and OB,"Multiple gestations, dichorionic, first trimester US performed, next imaging study",3197490,US duplex Doppler fetal middle cerebral artery,0 mSvO,0 mSv [ped]O,Usually not appropriate
750,Gyn and OB,"Multiple gestations, dichorionic, first trimester US performed, next imaging study",3197490,US duplex Doppler fetal umbilical artery,0 mSvO,0 mSv [ped]O,Usually not appropriate
751,Gyn and OB,"Multiple gestations, dichorionic, first trimester US performed, next imaging study",3197490,US pregnant uterus biophysical profile,0 mSvO,0 mSv [ped]O,Usually not appropriate
752,Gyn and OB,"Multiple gestations, dichorionic, first trimester US performed, next imaging study",3197490,MRI fetal without and with IV contrast,0 mSvO,0 mSv [ped]O,Usually not appropriate
753,Gyn and OB,"Multiple gestations, dichorionic, first trimester US performed, next imaging study",3197490,MRI fetal without IV contrast,0 mSvO,0 mSv [ped]O,Usually not appropriate
754,Gyn and OB,"Multiple gestations, dichorionic, first trimester, initial imaging",3197487,US pregnant uterus transabdominal,0 mSvO,0 mSv [ped]O,Usually appropriate
755,Gyn and OB,"Multiple gestations, dichorionic, first trimester, initial imaging",3197487,US pregnant uterus transvaginal,0 mSvO,0 mSv [ped]O,Usually appropriate
756,Gyn and OB,"Multiple gestations, dichorionic, first trimester, initial imaging",3197487,US assessment for TTTS,0 mSvO,0 mSv [ped]O,Usually not appropriate
757,Gyn and OB,"Multiple gestations, dichorionic, first trimester, initial imaging",3197487,US cervix transvaginal,0 mSvO,0 mSv [ped]O,Usually not appropriate
758,Gyn and OB,"Multiple gestations, dichorionic, first trimester, initial imaging",3197487,US duplex Doppler fetal middle cerebral artery,0 mSvO,0 mSv [ped]O,Usually not appropriate
759,Gyn and OB,"Multiple gestations, dichorionic, first trimester, initial imaging",3197487,US duplex Doppler fetal umbilical artery,0 mSvO,0 mSv [ped]O,Usually not appropriate
760,Gyn and OB,"Multiple gestations, dichorionic, first trimester, initial imaging",3197487,US echocardiography fetal,0 mSvO,0 mSv [ped]O,Usually not appropriate
761,Gyn and OB,"Multiple gestations, dichorionic, first trimester, initial imaging",3197487,US pregnant uterus biophysical profile,0 mSvO,0 mSv [ped]O,Usually not appropriate
762,Gyn and OB,"Multiple gestations, dichorionic, first trimester, initial imaging",3197487,MRI fetal without and with IV contrast,0 mSvO,0 mSv [ped]O,Usually not appropriate
763,Gyn and OB,"Multiple gestations, dichorionic, first trimester, initial imaging",3197487,MRI fetal without IV contrast,0 mSvO,0 mSv [ped]O,Usually not appropriate
764,Gyn and OB,"Multiple gestations, monochorionic twins, growth and antepartum surveillance",3197500,US assessment for TTTS,0 mSvO,0 mSv [ped]O,Usually appropriate
765,Gyn and OB,"Multiple gestations, monochorionic twins, growth and antepartum surveillance",3197500,US duplex Doppler fetal middle cerebral artery,0 mSvO,0 mSv [ped]O,Usually appropriate
766,Gyn and OB,"Multiple gestations, monochorionic twins, growth and antepartum surveillance",3197500,US duplex Doppler fetal umbilical artery,0 mSvO,0 mSv [ped]O,Usually appropriate
767,Gyn and OB,"Multiple gestations, monochorionic twins, growth and antepartum surveillance",3197500,US pregnant uterus transabdominal,0 mSvO,0 mSv [ped]O,Usually appropriate
768,Gyn and OB,"Multiple gestations, monochorionic twins, growth and antepartum surveillance",3197500,US cervix transvaginal,0 mSvO,0 mSv [ped]O,May be appropriate
769,Gyn and OB,"Multiple gestations, monochorionic twins, growth and antepartum surveillance",3197500,US echocardiography fetal,0 mSvO,0 mSv [ped]O,May be appropriate
770,Gyn and OB,"Multiple gestations, monochorionic twins, growth and antepartum surveillance",3197500,US pregnant uterus biophysical profile,0 mSvO,0 mSv [ped]O,May be appropriate
771,Gyn and OB,"Multiple gestations, monochorionic twins, growth and antepartum surveillance",3197500,US pregnant uterus transvaginal,0 mSvO,0 mSv [ped]O,May be appropriate
772,Gyn and OB,"Multiple gestations, monochorionic twins, growth and antepartum surveillance",3197500,MRI fetal without IV contrast,0 mSvO,0 mSv [ped]O,May be appropriate
773,Gyn and OB,"Multiple gestations, monochorionic twins, growth and antepartum surveillance",3197500,MRI fetal without and with IV contrast,0 mSvO,0 mSv [ped]O,Usually not appropriate
774,Gyn and OB,"Multiple gestations, monochorionic twins, second trimester anatomy exam, follow-up imaging",3197496,US assessment for TTTS,0 mSvO,0 mSv [ped]O,Usually appropriate
775,Gyn and OB,"Multiple gestations, monochorionic twins, second trimester anatomy exam, follow-up imaging",3197496,US cervix transvaginal,0 mSvO,0 mSv [ped]O,Usually appropriate
776,Gyn and OB,"Multiple gestations, monochorionic twins, second trimester anatomy exam, follow-up imaging",3197496,US duplex Doppler fetal umbilical artery,0 mSvO,0 mSv [ped]O,Usually appropriate
777,Gyn and OB,"Multiple gestations, monochorionic twins, second trimester anatomy exam, follow-up imaging",3197496,US echocardiography fetal,0 mSvO,0 mSv [ped]O,Usually appropriate
778,Gyn and OB,"Multiple gestations, monochorionic twins, second trimester anatomy exam, follow-up imaging",3197496,US pregnant uterus transabdominal,0 mSvO,0 mSv [ped]O,Usually appropriate
779,Gyn and OB,"Multiple gestations, monochorionic twins, second trimester anatomy exam, follow-up imaging",3197496,US duplex Doppler fetal middle cerebral artery,0 mSvO,0 mSv [ped]O,May be appropriate
780,Gyn and OB,"Multiple gestations, monochorionic twins, second trimester anatomy exam, follow-up imaging",3197496,US pregnant uterus transvaginal,0 mSvO,0 mSv [ped]O,May be appropriate
781,Gyn and OB,"Multiple gestations, monochorionic twins, second trimester anatomy exam, follow-up imaging",3197496,MRI fetal without IV contrast,0 mSvO,0 mSv [ped]O,May be appropriate
782,Gyn and OB,"Multiple gestations, monochorionic twins, second trimester anatomy exam, follow-up imaging",3197496,US pregnant uterus biophysical profile,0 mSvO,0 mSv [ped]O,Usually not appropriate
783,Gyn and OB,"Multiple gestations, monochorionic twins, second trimester anatomy exam, follow-up imaging",3197496,MRI fetal without and with IV contrast,0 mSvO,0 mSv [ped]O,Usually not appropriate
784,Gyn and OB,"Multiple gestations, monochorionic, abnormality, growth and antepartum surveillance",3197505,US duplex Doppler fetal middle cerebral artery,0 mSvO,0 mSv [ped]O,Usually appropriate
785,Gyn and OB,"Multiple gestations, monochorionic, abnormality, growth and antepartum surveillance",3197505,US duplex Doppler fetal umbilical artery,0 mSvO,0 mSv [ped]O,Usually appropriate
786,Gyn and OB,"Multiple gestations, monochorionic, abnormality, growth and antepartum surveillance",3197505,US pregnant uterus biophysical profile,0 mSvO,0 mSv [ped]O,Usually appropriate
787,Gyn and OB,"Multiple gestations, monochorionic, abnormality, growth and antepartum surveillance",3197505,US pregnant uterus transabdominal,0 mSvO,0 mSv [ped]O,Usually appropriate
788,Gyn and OB,"Multiple gestations, monochorionic, abnormality, growth and antepartum surveillance",3197505,US assessment for TTTS,0 mSvO,0 mSv [ped]O,May be appropriate
789,Gyn and OB,"Multiple gestations, monochorionic, abnormality, growth and antepartum surveillance",3197505,US cervix transvaginal,0 mSvO,0 mSv [ped]O,May be appropriate
790,Gyn and OB,"Multiple gestations, monochorionic, abnormality, growth and antepartum surveillance",3197505,US echocardiography fetal,0 mSvO,0 mSv [ped]O,May be appropriate
791,Gyn and OB,"Multiple gestations, monochorionic, abnormality, growth and antepartum surveillance",3197505,US pregnant uterus transvaginal,0 mSvO,0 mSv [ped]O,May be appropriate
792,Gyn and OB,"Multiple gestations, monochorionic, abnormality, growth and antepartum surveillance",3197505,MRI fetal without IV contrast,0 mSvO,0 mSv [ped]O,May be appropriate
793,Gyn and OB,"Multiple gestations, monochorionic, abnormality, growth and antepartum surveillance",3197505,MRI fetal without and with IV contrast,0 mSvO,0 mSv [ped]O,Usually not appropriate
794,Gyn and OB,"Multiple gestations, monochorionic, discordance between fetuses, growth and antepartum surveillance",3197504,US duplex Doppler fetal middle cerebral artery,0 mSvO,0 mSv [ped]O,Usually appropriate
795,Gyn and OB,"Multiple gestations, monochorionic, discordance between fetuses, growth and antepartum surveillance",3197504,US duplex Doppler fetal umbilical artery,0 mSvO,0 mSv [ped]O,Usually appropriate
796,Gyn and OB,"Multiple gestations, monochorionic, discordance between fetuses, growth and antepartum surveillance",3197504,US pregnant uterus biophysical profile,0 mSvO,0 mSv [ped]O,Usually appropriate
797,Gyn and OB,"Multiple gestations, monochorionic, discordance between fetuses, growth and antepartum surveillance",3197504,US pregnant uterus transabdominal,0 mSvO,0 mSv [ped]O,Usually appropriate
798,Gyn and OB,"Multiple gestations, monochorionic, discordance between fetuses, growth and antepartum surveillance",3197504,US assessment for TTTS,0 mSvO,0 mSv [ped]O,May be appropriate
799,Gyn and OB,"Multiple gestations, monochorionic, discordance between fetuses, growth and antepartum surveillance",3197504,US cervix transvaginal,0 mSvO,0 mSv [ped]O,May be appropriate
800,Gyn and OB,"Multiple gestations, monochorionic, discordance between fetuses, growth and antepartum surveillance",3197504,US echocardiography fetal,0 mSvO,0 mSv [ped]O,May be appropriate
801,Gyn and OB,"Multiple gestations, monochorionic, discordance between fetuses, growth and antepartum surveillance",3197504,US pregnant uterus transvaginal,0 mSvO,0 mSv [ped]O,May be appropriate
802,Gyn and OB,"Multiple gestations, monochorionic, discordance between fetuses, growth and antepartum surveillance",3197504,MRI fetal without IV contrast,0 mSvO,0 mSv [ped]O,May be appropriate
803,Gyn and OB,"Multiple gestations, monochorionic, discordance between fetuses, growth and antepartum surveillance",3197504,MRI fetal without and with IV contrast,0 mSvO,0 mSv [ped]O,Usually not appropriate
804,Gyn and OB,"Multiple gestations, monochorionic, first trimester US performed, next imaging study",3197491,US pregnant uterus transabdominal,0 mSvO,0 mSv [ped]O,Usually appropriate
805,Gyn and OB,"Multiple gestations, monochorionic, first trimester US performed, next imaging study",3197491,US pregnant uterus transvaginal,0 mSvO,0 mSv [ped]O,Usually appropriate
806,Gyn and OB,"Multiple gestations, monochorionic, first trimester US performed, next imaging study",3197491,US cervix transvaginal,0 mSvO,0 mSv [ped]O,May be appropriate
807,Gyn and OB,"Multiple gestations, monochorionic, first trimester US performed, next imaging study",3197491,US echocardiography fetal,0 mSvO,0 mSv [ped]O,May be appropriate
808,Gyn and OB,"Multiple gestations, monochorionic, first trimester US performed, next imaging study",3197491,US assessment for TTTS,0 mSvO,0 mSv [ped]O,Usually not appropriate
809,Gyn and OB,"Multiple gestations, monochorionic, first trimester US performed, next imaging study",3197491,US duplex Doppler fetal middle cerebral artery,0 mSvO,0 mSv [ped]O,Usually not appropriate
810,Gyn and OB,"Multiple gestations, monochorionic, first trimester US performed, next imaging study",3197491,US duplex Doppler fetal umbilical artery,0 mSvO,0 mSv [ped]O,Usually not appropriate
811,Gyn and OB,"Multiple gestations, monochorionic, first trimester US performed, next imaging study",3197491,US pregnant uterus biophysical profile,0 mSvO,0 mSv [ped]O,Usually not appropriate
812,Gyn and OB,"Multiple gestations, monochorionic, first trimester US performed, next imaging study",3197491,MRI fetal without and with IV contrast,0 mSvO,0 mSv [ped]O,Usually not appropriate
813,Gyn and OB,"Multiple gestations, monochorionic, first trimester US performed, next imaging study",3197491,MRI fetal without IV contrast,0 mSvO,0 mSv [ped]O,Usually not appropriate
814,Gyn and OB,"Multiple gestations, monochorionic, first trimester, initial imaging",3197488,US pregnant uterus transabdominal,0 mSvO,0 mSv [ped]O,Usually appropriate
815,Gyn and OB,"Multiple gestations, monochorionic, first trimester, initial imaging",3197488,US pregnant uterus transvaginal,0 mSvO,0 mSv [ped]O,Usually appropriate
816,Gyn and OB,"Multiple gestations, monochorionic, first trimester, initial imaging",3197488,US assessment for TTTS,0 mSvO,0 mSv [ped]O,Usually not appropriate
817,Gyn and OB,"Multiple gestations, monochorionic, first trimester, initial imaging",3197488,US cervix transvaginal,0 mSvO,0 mSv [ped]O,Usually not appropriate
818,Gyn and OB,"Multiple gestations, monochorionic, first trimester, initial imaging",3197488,US duplex Doppler fetal middle cerebral artery,0 mSvO,0 mSv [ped]O,Usually not appropriate
819,Gyn and OB,"Multiple gestations, monochorionic, first trimester, initial imaging",3197488,US duplex Doppler fetal umbilical artery,0 mSvO,0 mSv [ped]O,Usually not appropriate
820,Gyn and OB,"Multiple gestations, monochorionic, first trimester, initial imaging",3197488,US echocardiography fetal,0 mSvO,0 mSv [ped]O,Usually not appropriate
821,Gyn and OB,"Multiple gestations, monochorionic, first trimester, initial imaging",3197488,US pregnant uterus biophysical profile,0 mSvO,0 mSv [ped]O,Usually not appropriate
822,Gyn and OB,"Multiple gestations, monochorionic, first trimester, initial imaging",3197488,MRI fetal without and with IV contrast,0 mSvO,0 mSv [ped]O,Usually not appropriate
823,Gyn and OB,"Multiple gestations, monochorionic, first trimester, initial imaging",3197488,MRI fetal without IV contrast,0 mSvO,0 mSv [ped]O,Usually not appropriate
824,Gyn and OB,"Multiple gestations, multichorionic higher order multiples, abnormality, growth and antepartum surveillance",3197503,US duplex Doppler fetal middle cerebral artery,0 mSvO,0 mSv [ped]O,Usually appropriate
825,Gyn and OB,"Multiple gestations, multichorionic higher order multiples, abnormality, growth and antepartum surveillance",3197503,US duplex Doppler fetal umbilical artery,0 mSvO,0 mSv [ped]O,Usually appropriate
826,Gyn and OB,"Multiple gestations, multichorionic higher order multiples, abnormality, growth and antepartum surveillance",3197503,US pregnant uterus biophysical profile,0 mSvO,0 mSv [ped]O,Usually appropriate
827,Gyn and OB,"Multiple gestations, multichorionic higher order multiples, abnormality, growth and antepartum surveillance",3197503,US pregnant uterus transabdominal,0 mSvO,0 mSv [ped]O,Usually appropriate
828,Gyn and OB,"Multiple gestations, multichorionic higher order multiples, abnormality, growth and antepartum surveillance",3197503,US assessment for TTTS,0 mSvO,0 mSv [ped]O,May be appropriate
829,Gyn and OB,"Multiple gestations, multichorionic higher order multiples, abnormality, growth and antepartum surveillance",3197503,US cervix transvaginal,0 mSvO,0 mSv [ped]O,May be appropriate
830,Gyn and OB,"Multiple gestations, multichorionic higher order multiples, abnormality, growth and antepartum surveillance",3197503,US echocardiography fetal,0 mSvO,0 mSv [ped]O,May be appropriate
831,Gyn and OB,"Multiple gestations, multichorionic higher order multiples, abnormality, growth and antepartum surveillance",3197503,US pregnant uterus transvaginal,0 mSvO,0 mSv [ped]O,May be appropriate
832,Gyn and OB,"Multiple gestations, multichorionic higher order multiples, abnormality, growth and antepartum surveillance",3197503,MRI fetal without IV contrast,0 mSvO,0 mSv [ped]O,May be appropriate
833,Gyn and OB,"Multiple gestations, multichorionic higher order multiples, abnormality, growth and antepartum surveillance",3197503,MRI fetal without and with IV contrast,0 mSvO,0 mSv [ped]O,Usually not appropriate
834,Gyn and OB,"Multiple gestations, multichorionic higher order multiples, discordance between fetuses, growth and antepartum surveillance",3197502,US duplex Doppler fetal middle cerebral artery,0 mSvO,0 mSv [ped]O,Usually appropriate
835,Gyn and OB,"Multiple gestations, multichorionic higher order multiples, discordance between fetuses, growth and antepartum surveillance",3197502,US duplex Doppler fetal umbilical artery,0 mSvO,0 mSv [ped]O,Usually appropriate
836,Gyn and OB,"Multiple gestations, multichorionic higher order multiples, discordance between fetuses, growth and antepartum surveillance",3197502,US pregnant uterus biophysical profile,0 mSvO,0 mSv [ped]O,Usually appropriate
837,Gyn and OB,"Multiple gestations, multichorionic higher order multiples, discordance between fetuses, growth and antepartum surveillance",3197502,US pregnant uterus transabdominal,0 mSvO,0 mSv [ped]O,Usually appropriate
838,Gyn and OB,"Multiple gestations, multichorionic higher order multiples, discordance between fetuses, growth and antepartum surveillance",3197502,US assessment for TTTS,0 mSvO,0 mSv [ped]O,May be appropriate
839,Gyn and OB,"Multiple gestations, multichorionic higher order multiples, discordance between fetuses, growth and antepartum surveillance",3197502,US cervix transvaginal,0 mSvO,0 mSv [ped]O,May be appropriate
840,Gyn and OB,"Multiple gestations, multichorionic higher order multiples, discordance between fetuses, growth and antepartum surveillance",3197502,US echocardiography fetal,0 mSvO,0 mSv [ped]O,May be appropriate
841,Gyn and OB,"Multiple gestations, multichorionic higher order multiples, discordance between fetuses, growth and antepartum surveillance",3197502,US pregnant uterus transvaginal,0 mSvO,0 mSv [ped]O,May be appropriate
842,Gyn and OB,"Multiple gestations, multichorionic higher order multiples, discordance between fetuses, growth and antepartum surveillance",3197502,MRI fetal without IV contrast,0 mSvO,0 mSv [ped]O,May be appropriate
843,Gyn and OB,"Multiple gestations, multichorionic higher order multiples, discordance between fetuses, growth and antepartum surveillance",3197502,MRI fetal without and with IV contrast,0 mSvO,0 mSv [ped]O,Usually not appropriate
844,Gyn and OB,"Multiple gestations, multichorionic higher order multiples, growth and antepartum surveillance",3197498,US pregnant uterus transabdominal,0 mSvO,0 mSv [ped]O,Usually appropriate
845,Gyn and OB,"Multiple gestations, multichorionic higher order multiples, growth and antepartum surveillance",3197498,US cervix transvaginal,0 mSvO,0 mSv [ped]O,May be appropriate
846,Gyn and OB,"Multiple gestations, multichorionic higher order multiples, growth and antepartum surveillance",3197498,US duplex Doppler fetal middle cerebral artery,0 mSvO,0 mSv [ped]O,May be appropriate
847,Gyn and OB,"Multiple gestations, multichorionic higher order multiples, growth and antepartum surveillance",3197498,US duplex Doppler fetal umbilical artery,0 mSvO,0 mSv [ped]O,May be appropriate
848,Gyn and OB,"Multiple gestations, multichorionic higher order multiples, growth and antepartum surveillance",3197498,US echocardiography fetal,0 mSvO,0 mSv [ped]O,May be appropriate
849,Gyn and OB,"Multiple gestations, multichorionic higher order multiples, growth and antepartum surveillance",3197498,US pregnant uterus biophysical profile,0 mSvO,0 mSv [ped]O,May be appropriate
850,Gyn and OB,"Multiple gestations, multichorionic higher order multiples, growth and antepartum surveillance",3197498,US pregnant uterus transvaginal,0 mSvO,0 mSv [ped]O,May be appropriate
851,Gyn and OB,"Multiple gestations, multichorionic higher order multiples, growth and antepartum surveillance",3197498,US assessment for TTTS,0 mSvO,0 mSv [ped]O,Usually not appropriate
852,Gyn and OB,"Multiple gestations, multichorionic higher order multiples, growth and antepartum surveillance",3197498,MRI fetal without and with IV contrast,0 mSvO,0 mSv [ped]O,Usually not appropriate
853,Gyn and OB,"Multiple gestations, multichorionic higher order multiples, growth and antepartum surveillance",3197498,MRI fetal without IV contrast,0 mSvO,0 mSv [ped]O,Usually not appropriate
854,Gyn and OB,"Multiple gestations, multichorionic higher order multiples, second trimester anatomy exam, follow-up imaging",3197493,US cervix transvaginal,0 mSvO,0 mSv [ped]O,Usually appropriate
855,Gyn and OB,"Multiple gestations, multichorionic higher order multiples, second trimester anatomy exam, follow-up imaging",3197493,US echocardiography fetal,0 mSvO,0 mSv [ped]O,Usually appropriate
856,Gyn and OB,"Multiple gestations, multichorionic higher order multiples, second trimester anatomy exam, follow-up imaging",3197493,US pregnant uterus transabdominal,0 mSvO,0 mSv [ped]O,Usually appropriate
857,Gyn and OB,"Multiple gestations, multichorionic higher order multiples, second trimester anatomy exam, follow-up imaging",3197493,US duplex Doppler fetal umbilical artery,0 mSvO,0 mSv [ped]O,May be appropriate
858,Gyn and OB,"Multiple gestations, multichorionic higher order multiples, second trimester anatomy exam, follow-up imaging",3197493,US pregnant uterus transvaginal,0 mSvO,0 mSv [ped]O,May be appropriate
859,Gyn and OB,"Multiple gestations, multichorionic higher order multiples, second trimester anatomy exam, follow-up imaging",3197493,US assessment for TTTS,0 mSvO,0 mSv [ped]O,Usually not appropriate
860,Gyn and OB,"Multiple gestations, multichorionic higher order multiples, second trimester anatomy exam, follow-up imaging",3197493,US duplex Doppler fetal middle cerebral artery,0 mSvO,0 mSv [ped]O,Usually not appropriate
861,Gyn and OB,"Multiple gestations, multichorionic higher order multiples, second trimester anatomy exam, follow-up imaging",3197493,US pregnant uterus biophysical profile,0 mSvO,0 mSv [ped]O,Usually not appropriate
862,Gyn and OB,"Multiple gestations, multichorionic higher order multiples, second trimester anatomy exam, follow-up imaging",3197493,MRI fetal without and with IV contrast,0 mSvO,0 mSv [ped]O,Usually not appropriate
863,Gyn and OB,"Multiple gestations, multichorionic higher order multiples, second trimester anatomy exam, follow-up imaging",3197493,MRI fetal without IV contrast,0 mSvO,0 mSv [ped]O,Usually not appropriate
864,Gyn and OB,"Nuchal translucency measurement, increased, 11-14 weeks gestation, dichorionic twins",3185425,US echocardiography fetal,0 mSvO,0 mSv [ped]O,Usually appropriate
865,Gyn and OB,"Nuchal translucency measurement, increased, 11-14 weeks gestation, dichorionic twins",3185425,US pregnant uterus transabdominal,0 mSvO,0 mSv [ped]O,Usually appropriate
866,Gyn and OB,"Nuchal translucency measurement, increased, 11-14 weeks gestation, dichorionic twins",3185425,US duplex Doppler pregnant uterus,0 mSvO,0 mSv [ped]O,May be appropriate
867,Gyn and OB,"Nuchal translucency measurement, increased, 11-14 weeks gestation, dichorionic twins",3185425,US pregnant uterus transvaginal,0 mSvO,0 mSv [ped]O,May be appropriate
868,Gyn and OB,"Nuchal translucency measurement, increased, 11-14 weeks gestation, monochorionic twins,",3185426,US echocardiography fetal,0 mSvO,0 mSv [ped]O,Usually appropriate
869,Gyn and OB,"Nuchal translucency measurement, increased, 11-14 weeks gestation, monochorionic twins,",3185426,US pregnant uterus transabdominal,0 mSvO,0 mSv [ped]O,Usually appropriate
870,Gyn and OB,"Nuchal translucency measurement, increased, 11-14 weeks gestation, monochorionic twins,",3185426,US duplex Doppler pregnant uterus,0 mSvO,0 mSv [ped]O,May be appropriate
871,Gyn and OB,"Nuchal translucency measurement, increased, 11-14 weeks gestation, monochorionic twins,",3185426,US pregnant uterus transvaginal,0 mSvO,0 mSv [ped]O,May be appropriate
872,Gyn and OB,"Nuchal translucency measurement, increased, 11-14 weeks gestation, single gestation",3185424,US echocardiography fetal,0 mSvO,0 mSv [ped]O,Usually appropriate
873,Gyn and OB,"Nuchal translucency measurement, increased, 11-14 weeks gestation, single gestation",3185424,US pregnant uterus transabdominal,0 mSvO,0 mSv [ped]O,Usually appropriate
874,Gyn and OB,"Nuchal translucency measurement, increased, 11-14 weeks gestation, single gestation",3185424,US duplex Doppler pregnant uterus,0 mSvO,0 mSv [ped]O,May be appropriate
875,Gyn and OB,"Nuchal translucency measurement, increased, 11-14 weeks gestation, single gestation",3185424,US pregnant uterus transvaginal,0 mSvO,0 mSv [ped]O,May be appropriate
876,Gyn and OB,"Nuchal translucency measurement, routine, 11-14 weeks gestation, single or twins, initial imaging",3185423,US pregnant uterus transabdominal,0 mSvO,0 mSv [ped]O,Usually appropriate
877,Gyn and OB,"Nuchal translucency measurement, routine, 11-14 weeks gestation, single or twins, initial imaging",3185423,US pregnant uterus transvaginal,0 mSvO,0 mSv [ped]O,May be appropriate
878,Gyn and OB,"Nuchal translucency measurement, routine, 11-14 weeks gestation, single or twins, initial imaging",3185423,US duplex Doppler pregnant uterus,0 mSvO,0 mSv [ped]O,Usually not appropriate
879,Gyn and OB,"Nuchal translucency measurement, routine, 11-14 weeks gestation, single or twins, initial imaging",3185423,US echocardiography fetal,0 mSvO,0 mSv [ped]O,Usually not appropriate
880,Gyn and OB,"Ovarian cancer screen, postmenopausal, average risk",3106348,US color Doppler ovaries,0 mSvO,0 mSv [ped]O,Usually not appropriate
881,Gyn and OB,"Ovarian cancer screen, postmenopausal, average risk",3106348,US pelvis transabdominal,0 mSvO,0 mSv [ped]O,Usually not appropriate
882,Gyn and OB,"Ovarian cancer screen, postmenopausal, average risk",3106348,US pelvis transvaginal,0 mSvO,0 mSv [ped]O,Usually not appropriate
883,Gyn and OB,"Ovarian cancer screen, postmenopausal, average risk",3106348,MRI pelvis without and with IV contrast,0 mSvO,0 mSv [ped]O,Usually not appropriate
884,Gyn and OB,"Ovarian cancer screen, postmenopausal, average risk",3106348,MRI pelvis without IV contrast,0 mSvO,0 mSv [ped]O,Usually not appropriate
885,Gyn and OB,"Ovarian cancer screen, postmenopausal, average risk",3106348,CT abdomen and pelvis with IV contrast,1-10 mSv☢☢☢,3-10 mSv [ped]☢☢☢☢,Usually not appropriate
886,Gyn and OB,"Ovarian cancer screen, postmenopausal, average risk",3106348,CT abdomen and pelvis without IV contrast,1-10 mSv☢☢☢,3-10 mSv [ped]☢☢☢☢,Usually not appropriate
887,Gyn and OB,"Ovarian cancer screen, postmenopausal, average risk",3106348,CT abdomen and pelvis without and with IV contrast,10-30 mSv☢☢☢☢,10-30 mSv [ped]☢☢☢☢☢,Usually not appropriate
888,Gyn and OB,"Ovarian cancer screen, postmenopausal, average risk",3106348,FDG-PET/CT whole body,10-30 mSv☢☢☢☢,3-10 mSv [ped]☢☢☢☢,Usually not appropriate
889,Gyn and OB,"Ovarian cancer screen, postmenopausal, high risk (pers/fam hx or genetic predisp or elev CA-125)",3106350,US color Doppler ovaries,0 mSvO,0 mSv [ped]O,May be appropriate
890,Gyn and OB,"Ovarian cancer screen, postmenopausal, high risk (pers/fam hx or genetic predisp or elev CA-125)",3106350,US pelvis transabdominal,0 mSvO,0 mSv [ped]O,May be appropriate
891,Gyn and OB,"Ovarian cancer screen, postmenopausal, high risk (pers/fam hx or genetic predisp or elev CA-125)",3106350,US pelvis transvaginal,0 mSvO,0 mSv [ped]O,May be appropriate
892,Gyn and OB,"Ovarian cancer screen, postmenopausal, high risk (pers/fam hx or genetic predisp or elev CA-125)",3106350,MRI pelvis without and with IV contrast,0 mSvO,0 mSv [ped]O,Usually not appropriate
893,Gyn and OB,"Ovarian cancer screen, postmenopausal, high risk (pers/fam hx or genetic predisp or elev CA-125)",3106350,MRI pelvis without IV contrast,0 mSvO,0 mSv [ped]O,Usually not appropriate
894,Gyn and OB,"Ovarian cancer screen, postmenopausal, high risk (pers/fam hx or genetic predisp or elev CA-125)",3106350,CT abdomen and pelvis with IV contrast,1-10 mSv☢☢☢,3-10 mSv [ped]☢☢☢☢,Usually not appropriate
895,Gyn and OB,"Ovarian cancer screen, postmenopausal, high risk (pers/fam hx or genetic predisp or elev CA-125)",3106350,CT abdomen and pelvis without IV contrast,1-10 mSv☢☢☢,3-10 mSv [ped]☢☢☢☢,Usually not appropriate
896,Gyn and OB,"Ovarian cancer screen, postmenopausal, high risk (pers/fam hx or genetic predisp or elev CA-125)",3106350,CT abdomen and pelvis without and with IV contrast,10-30 mSv☢☢☢☢,10-30 mSv [ped]☢☢☢☢☢,Usually not appropriate
897,Gyn and OB,"Ovarian cancer screen, postmenopausal, high risk (pers/fam hx or genetic predisp or elev CA-125)",3106350,FDG-PET/CT whole body,10-30 mSv☢☢☢☢,3-10 mSv [ped]☢☢☢☢,Usually not appropriate
898,Gyn and OB,"Ovarian cancer screen, premenopausal, average risk",3106347,US color Doppler ovaries,0 mSvO,0 mSv [ped]O,Usually not appropriate
899,Gyn and OB,"Ovarian cancer screen, premenopausal, average risk",3106347,US pelvis transabdominal,0 mSvO,0 mSv [ped]O,Usually not appropriate
900,Gyn and OB,"Ovarian cancer screen, premenopausal, average risk",3106347,US pelvis transvaginal,0 mSvO,0 mSv [ped]O,Usually not appropriate
901,Gyn and OB,"Ovarian cancer screen, premenopausal, average risk",3106347,MRI pelvis without and with IV contrast,0 mSvO,0 mSv [ped]O,Usually not appropriate
902,Gyn and OB,"Ovarian cancer screen, premenopausal, average risk",3106347,MRI pelvis without IV contrast,0 mSvO,0 mSv [ped]O,Usually not appropriate
903,Gyn and OB,"Ovarian cancer screen, premenopausal, average risk",3106347,CT abdomen and pelvis with IV contrast,1-10 mSv☢☢☢,3-10 mSv [ped]☢☢☢☢,Usually not appropriate
904,Gyn and OB,"Ovarian cancer screen, premenopausal, average risk",3106347,CT abdomen and pelvis without IV contrast,1-10 mSv☢☢☢,3-10 mSv [ped]☢☢☢☢,Usually not appropriate
905,Gyn and OB,"Ovarian cancer screen, premenopausal, average risk",3106347,CT abdomen and pelvis without and with IV contrast,10-30 mSv☢☢☢☢,10-30 mSv [ped]☢☢☢☢☢,Usually not appropriate
906,Gyn and OB,"Ovarian cancer screen, premenopausal, average risk",3106347,FDG-PET/CT whole body,10-30 mSv☢☢☢☢,3-10 mSv [ped]☢☢☢☢,Usually not appropriate
907,Gyn and OB,"Ovarian cancer screen, premenopausal, high risk (pers/fam hx or genetic predisp or elev CA-125)",3106349,US color Doppler ovaries,0 mSvO,0 mSv [ped]O,May be appropriate
908,Gyn and OB,"Ovarian cancer screen, premenopausal, high risk (pers/fam hx or genetic predisp or elev CA-125)",3106349,US pelvis transabdominal,0 mSvO,0 mSv [ped]O,May be appropriate
909,Gyn and OB,"Ovarian cancer screen, premenopausal, high risk (pers/fam hx or genetic predisp or elev CA-125)",3106349,US pelvis transvaginal,0 mSvO,0 mSv [ped]O,May be appropriate
910,Gyn and OB,"Ovarian cancer screen, premenopausal, high risk (pers/fam hx or genetic predisp or elev CA-125)",3106349,MRI pelvis without and with IV contrast,0 mSvO,0 mSv [ped]O,Usually not appropriate
911,Gyn and OB,"Ovarian cancer screen, premenopausal, high risk (pers/fam hx or genetic predisp or elev CA-125)",3106349,MRI pelvis without IV contrast,0 mSvO,0 mSv [ped]O,Usually not appropriate
912,Gyn and OB,"Ovarian cancer screen, premenopausal, high risk (pers/fam hx or genetic predisp or elev CA-125)",3106349,CT abdomen and pelvis with IV contrast,1-10 mSv☢☢☢,3-10 mSv [ped]☢☢☢☢,Usually not appropriate
913,Gyn and OB,"Ovarian cancer screen, premenopausal, high risk (pers/fam hx or genetic predisp or elev CA-125)",3106349,CT abdomen and pelvis without IV contrast,1-10 mSv☢☢☢,3-10 mSv [ped]☢☢☢☢,Usually not appropriate
914,Gyn and OB,"Ovarian cancer screen, premenopausal, high risk (pers/fam hx or genetic predisp or elev CA-125)",3106349,CT abdomen and pelvis without and with IV contrast,10-30 mSv☢☢☢☢,10-30 mSv [ped]☢☢☢☢☢,Usually not appropriate
915,Gyn and OB,"Ovarian cancer screen, premenopausal, high risk (pers/fam hx or genetic predisp or elev CA-125)",3106349,FDG-PET/CT whole body,10-30 mSv☢☢☢☢,3-10 mSv [ped]☢☢☢☢,Usually not appropriate
916,Gyn and OB,"Ovarian cancer, initial staging",3073731,CT abdomen and pelvis with IV contrast,1-10 mSv☢☢☢,3-10 mSv [ped]☢☢☢☢,Usually appropriate
917,Gyn and OB,"Ovarian cancer, initial staging",3073731,CT chest abdomen pelvis with IV contrast,10-30 mSv☢☢☢☢,3-10 mSv [ped]☢☢☢☢,Usually appropriate
918,Gyn and OB,"Ovarian cancer, initial staging",3073731,MRI abdomen and pelvis without and with IV contrast,0 mSvO,0 mSv [ped]O,May be appropriate
919,Gyn and OB,"Ovarian cancer, initial staging",3073731,MRI abdomen and pelvis without IV contrast,0 mSvO,0 mSv [ped]O,May be appropriate
920,Gyn and OB,"Ovarian cancer, initial staging",3073731,CT abdomen and pelvis without IV contrast,1-10 mSv☢☢☢,3-10 mSv [ped]☢☢☢☢,May be appropriate
921,Gyn and OB,"Ovarian cancer, initial staging",3073731,CT chest abdomen pelvis without IV contrast,10-30 mSv☢☢☢☢,3-10 mSv [ped]☢☢☢☢,May be appropriate
922,Gyn and OB,"Ovarian cancer, initial staging",3073731,FDG-PET/CT skull base to mid-thigh,10-30 mSv☢☢☢☢,3-10 mSv [ped]☢☢☢☢,May be appropriate
923,Gyn and OB,"Ovarian cancer, initial staging",3073731,US abdomen and pelvis transabdominal,0 mSvO,0 mSv [ped]O,Usually not appropriate
924,Gyn and OB,"Ovarian cancer, initial staging",3073731,US pelvis transvaginal,0 mSvO,0 mSv [ped]O,Usually not appropriate
925,Gyn and OB,"Ovarian cancer, initial staging",3073731,Fluoroscopy contrast enema,1-10 mSv☢☢☢,3-10 mSv [ped]☢☢☢☢,Usually not appropriate
926,Gyn and OB,"Ovarian cancer, initial staging",3073731,Radiography intravenous urography,1-10 mSv☢☢☢,0.3-3 mSv [ped]☢☢☢,Usually not appropriate
927,Gyn and OB,"Ovarian cancer, initial staging",3073731,CT abdomen and pelvis without and with IV contrast,10-30 mSv☢☢☢☢,10-30 mSv [ped]☢☢☢☢☢,Usually not appropriate
928,Gyn and OB,"Ovarian cancer, initial staging",3073731,CT chest abdomen pelvis without and with IV contrast,10-30 mSv☢☢☢☢,10-30 mSv [ped]☢☢☢☢☢,Usually not appropriate
929,Gyn and OB,"Ovarian cancer, recurrence known",3141652,CT abdomen and pelvis with IV contrast,1-10 mSv☢☢☢,3-10 mSv [ped]☢☢☢☢,Usually appropriate
930,Gyn and OB,"Ovarian cancer, recurrence known",3141652,CT chest abdomen pelvis with IV contrast,10-30 mSv☢☢☢☢,3-10 mSv [ped]☢☢☢☢,Usually appropriate
931,Gyn and OB,"Ovarian cancer, recurrence known",3141652,FDG-PET/CT skull base to mid-thigh,10-30 mSv☢☢☢☢,3-10 mSv [ped]☢☢☢☢,Usually appropriate
932,Gyn and OB,"Ovarian cancer, recurrence known",3141652,MRI abdomen and pelvis without and with IV contrast,0 mSvO,0 mSv [ped]O,May be appropriate
933,Gyn and OB,"Ovarian cancer, recurrence known",3141652,MRI abdomen and pelvis without IV contrast,0 mSvO,0 mSv [ped]O,May be appropriate
934,Gyn and OB,"Ovarian cancer, recurrence known",3141652,CT abdomen and pelvis without IV contrast,1-10 mSv☢☢☢,3-10 mSv [ped]☢☢☢☢,May be appropriate
935,Gyn and OB,"Ovarian cancer, recurrence known",3141652,CT chest abdomen pelvis without IV contrast,10-30 mSv☢☢☢☢,3-10 mSv [ped]☢☢☢☢,May be appropriate
936,Gyn and OB,"Ovarian cancer, recurrence known",3141652,US abdomen and pelvis transabdominal,0 mSvO,0 mSv [ped]O,Usually not appropriate
937,Gyn and OB,"Ovarian cancer, recurrence known",3141652,US pelvis transvaginal,0 mSvO,0 mSv [ped]O,Usually not appropriate
938,Gyn and OB,"Ovarian cancer, recurrence known",3141652,Fluoroscopy contrast enema,1-10 mSv☢☢☢,3-10 mSv [ped]☢☢☢☢,Usually not appropriate
939,Gyn and OB,"Ovarian cancer, recurrence known",3141652,Radiography intravenous urography,1-10 mSv☢☢☢,0.3-3 mSv [ped]☢☢☢,Usually not appropriate
940,Gyn and OB,"Ovarian cancer, recurrence known",3141652,CT abdomen and pelvis without and with IV contrast,10-30 mSv☢☢☢☢,10-30 mSv [ped]☢☢☢☢☢,Usually not appropriate
941,Gyn and OB,"Ovarian cancer, recurrence known",3141652,CT chest abdomen pelvis without and with IV contrast,10-30 mSv☢☢☢☢,10-30 mSv [ped]☢☢☢☢☢,Usually not appropriate
942,Gyn and OB,"Ovarian cancer, recurrence suspected",3141651,CT abdomen and pelvis with IV contrast,1-10 mSv☢☢☢,3-10 mSv [ped]☢☢☢☢,Usually appropriate
943,Gyn and OB,"Ovarian cancer, recurrence suspected",3141651,CT chest abdomen pelvis with IV contrast,10-30 mSv☢☢☢☢,3-10 mSv [ped]☢☢☢☢,Usually appropriate
944,Gyn and OB,"Ovarian cancer, recurrence suspected",3141651,FDG-PET/CT skull base to mid-thigh,10-30 mSv☢☢☢☢,3-10 mSv [ped]☢☢☢☢,Usually appropriate
945,Gyn and OB,"Ovarian cancer, recurrence suspected",3141651,MRI abdomen and pelvis without and with IV contrast,0 mSvO,0 mSv [ped]O,May be appropriate
946,Gyn and OB,"Ovarian cancer, recurrence suspected",3141651,MRI abdomen and pelvis without IV contrast,0 mSvO,0 mSv [ped]O,May be appropriate
947,Gyn and OB,"Ovarian cancer, recurrence suspected",3141651,CT abdomen and pelvis without IV contrast,1-10 mSv☢☢☢,3-10 mSv [ped]☢☢☢☢,May be appropriate
948,Gyn and OB,"Ovarian cancer, recurrence suspected",3141651,CT chest abdomen pelvis without IV contrast,10-30 mSv☢☢☢☢,3-10 mSv [ped]☢☢☢☢,May be appropriate
949,Gyn and OB,"Ovarian cancer, recurrence suspected",3141651,US abdomen and pelvis transabdominal,0 mSvO,0 mSv [ped]O,Usually not appropriate
950,Gyn and OB,"Ovarian cancer, recurrence suspected",3141651,US pelvis transvaginal,0 mSvO,0 mSv [ped]O,Usually not appropriate
951,Gyn and OB,"Ovarian cancer, recurrence suspected",3141651,Fluoroscopy contrast enema,1-10 mSv☢☢☢,3-10 mSv [ped]☢☢☢☢,Usually not appropriate
952,Gyn and OB,"Ovarian cancer, recurrence suspected",3141651,Radiography intravenous urography,1-10 mSv☢☢☢,0.3-3 mSv [ped]☢☢☢,Usually not appropriate
953,Gyn and OB,"Ovarian cancer, recurrence suspected",3141651,CT abdomen and pelvis without and with IV contrast,10-30 mSv☢☢☢☢,10-30 mSv [ped]☢☢☢☢☢,Usually not appropriate
954,Gyn and OB,"Ovarian cancer, recurrence suspected",3141651,CT chest abdomen pelvis without and with IV contrast,10-30 mSv☢☢☢☢,10-30 mSv [ped]☢☢☢☢☢,Usually not appropriate
955,Gyn and OB,"Pelvic floor surgery, postoperative, chronic complications, not recurrent pelvic floor dysfunction, initial imaging",3194860,MR defecography,0 mSvO,0 mSv [ped]O,Usually appropriate
956,Gyn and OB,"Pelvic floor surgery, postoperative, chronic complications, not recurrent pelvic floor dysfunction, initial imaging",3194860,MRI pelvis dynamic maneuvers without defecation,0 mSvO,0 mSv [ped]O,Usually appropriate
957,Gyn and OB,"Pelvic floor surgery, postoperative, chronic complications, not recurrent pelvic floor dysfunction, initial imaging",3194860,MRI pelvis without and with IV contrast,0 mSvO,0 mSv [ped]O,Usually appropriate
958,Gyn and OB,"Pelvic floor surgery, postoperative, chronic complications, not recurrent pelvic floor dysfunction, initial imaging",3194860,US pelvis transperineal,0 mSvO,0 mSv [ped]O,May be appropriate
959,Gyn and OB,"Pelvic floor surgery, postoperative, chronic complications, not recurrent pelvic floor dysfunction, initial imaging",3194860,US pelvis transvaginal,0 mSvO,0 mSv [ped]O,May be appropriate
960,Gyn and OB,"Pelvic floor surgery, postoperative, chronic complications, not recurrent pelvic floor dysfunction, initial imaging",3194860,Fluoroscopy voiding cystourethrography,0.1-1mSv☢☢,0.03-0.3 mSv [ped]☢☢,May be appropriate
961,Gyn and OB,"Pelvic floor surgery, postoperative, chronic complications, not recurrent pelvic floor dysfunction, initial imaging",3194860,MRI pelvis without IV contrast,0 mSvO,0 mSv [ped]O,May be appropriate
962,Gyn and OB,"Pelvic floor surgery, postoperative, chronic complications, not recurrent pelvic floor dysfunction, initial imaging",3194860,US pelvis transabdominal,0 mSvO,0 mSv [ped]O,Usually not appropriate
963,Gyn and OB,"Pelvic floor surgery, postoperative, chronic complications, not recurrent pelvic floor dysfunction, initial imaging",3194860,US pelvis transrectal,0 mSvO,0 mSv [ped]O,Usually not appropriate
964,Gyn and OB,"Pelvic floor surgery, postoperative, chronic complications, not recurrent pelvic floor dysfunction, initial imaging",3194860,Fluoroscopy cystocolpoproctography,1-10 mSv☢☢☢,,Usually not appropriate
965,Gyn and OB,"Pelvic floor surgery, postoperative, chronic complications, not recurrent pelvic floor dysfunction, initial imaging",3194860,CT pelvis with IV contrast,1-10 mSv☢☢☢,3-10 mSv [ped]☢☢☢☢,Usually not appropriate
966,Gyn and OB,"Pelvic floor surgery, postoperative, chronic complications, not recurrent pelvic floor dysfunction, initial imaging",3194860,CT pelvis without IV contrast,1-10 mSv☢☢☢,3-10 mSv [ped]☢☢☢☢,Usually not appropriate
967,Gyn and OB,"Pelvic floor surgery, postoperative, chronic complications, not recurrent pelvic floor dysfunction, initial imaging",3194860,CT pelvis without and with IV contrast,10-30 mSv☢☢☢☢,3-10 mSv [ped]☢☢☢☢,Usually not appropriate
968,Gyn and OB,"Pelvic floor surgery, postoperative, subacute complications, not recurrent pelvic floor dysfunction, initial imaging",3194859,MR defecography,0 mSvO,0 mSv [ped]O,Usually appropriate
969,Gyn and OB,"Pelvic floor surgery, postoperative, subacute complications, not recurrent pelvic floor dysfunction, initial imaging",3194859,MRI pelvis dynamic maneuvers without defecation,0 mSvO,0 mSv [ped]O,Usually appropriate
970,Gyn and OB,"Pelvic floor surgery, postoperative, subacute complications, not recurrent pelvic floor dysfunction, initial imaging",3194859,MRI pelvis without and with IV contrast,0 mSvO,0 mSv [ped]O,Usually appropriate
971,Gyn and OB,"Pelvic floor surgery, postoperative, subacute complications, not recurrent pelvic floor dysfunction, initial imaging",3194859,US pelvis transperineal,0 mSvO,0 mSv [ped]O,May be appropriate
972,Gyn and OB,"Pelvic floor surgery, postoperative, subacute complications, not recurrent pelvic floor dysfunction, initial imaging",3194859,US pelvis transvaginal,0 mSvO,0 mSv [ped]O,May be appropriate
973,Gyn and OB,"Pelvic floor surgery, postoperative, subacute complications, not recurrent pelvic floor dysfunction, initial imaging",3194859,Fluoroscopy voiding cystourethrography,0.1-1mSv☢☢,0.03-0.3 mSv [ped]☢☢,May be appropriate
974,Gyn and OB,"Pelvic floor surgery, postoperative, subacute complications, not recurrent pelvic floor dysfunction, initial imaging",3194859,MRI pelvis without IV contrast,0 mSvO,0 mSv [ped]O,May be appropriate
975,Gyn and OB,"Pelvic floor surgery, postoperative, subacute complications, not recurrent pelvic floor dysfunction, initial imaging",3194859,US pelvis transabdominal,0 mSvO,0 mSv [ped]O,Usually not appropriate
976,Gyn and OB,"Pelvic floor surgery, postoperative, subacute complications, not recurrent pelvic floor dysfunction, initial imaging",3194859,US pelvis transrectal,0 mSvO,0 mSv [ped]O,Usually not appropriate
977,Gyn and OB,"Pelvic floor surgery, postoperative, subacute complications, not recurrent pelvic floor dysfunction, initial imaging",3194859,Fluoroscopy cystocolpoproctography,1-10 mSv☢☢☢,,Usually not appropriate
978,Gyn and OB,"Pelvic floor surgery, postoperative, subacute complications, not recurrent pelvic floor dysfunction, initial imaging",3194859,CT pelvis with IV contrast,1-10 mSv☢☢☢,3-10 mSv [ped]☢☢☢☢,Usually not appropriate
979,Gyn and OB,"Pelvic floor surgery, postoperative, subacute complications, not recurrent pelvic floor dysfunction, initial imaging",3194859,CT pelvis without IV contrast,1-10 mSv☢☢☢,3-10 mSv [ped]☢☢☢☢,Usually not appropriate
980,Gyn and OB,"Pelvic floor surgery, postoperative, subacute complications, not recurrent pelvic floor dysfunction, initial imaging",3194859,CT pelvis without and with IV contrast,10-30 mSv☢☢☢☢,3-10 mSv [ped]☢☢☢☢,Usually not appropriate
981,Gyn and OB,"Pelvic organ prolapse suspected, initial imaging",3194841,Fluoroscopy cystocolpoproctography,1-10 mSv☢☢☢,,Usually appropriate
982,Gyn and OB,"Pelvic organ prolapse suspected, initial imaging",3194841,MR defecography,0 mSvO,0 mSv [ped]O,Usually appropriate
983,Gyn and OB,"Pelvic organ prolapse suspected, initial imaging",3194841,US pelvis transperineal,0 mSvO,0 mSv [ped]O,May be appropriate
984,Gyn and OB,"Pelvic organ prolapse suspected, initial imaging",3194841,MRI pelvis dynamic maneuvers without defecation,0 mSvO,0 mSv [ped]O,May be appropriate
985,Gyn and OB,"Pelvic organ prolapse suspected, initial imaging",3194841,US pelvis transabdominal,0 mSvO,0 mSv [ped]O,Usually not appropriate
986,Gyn and OB,"Pelvic organ prolapse suspected, initial imaging",3194841,US pelvis transrectal,0 mSvO,0 mSv [ped]O,Usually not appropriate
987,Gyn and OB,"Pelvic organ prolapse suspected, initial imaging",3194841,US pelvis transvaginal,0 mSvO,0 mSv [ped]O,Usually not appropriate
988,Gyn and OB,"Pelvic organ prolapse suspected, initial imaging",3194841,Fluoroscopy voiding cystourethrography,0.1-1mSv☢☢,0.03-0.3 mSv [ped]☢☢,Usually not appropriate
989,Gyn and OB,"Pelvic organ prolapse suspected, initial imaging",3194841,MRI pelvis without and with IV contrast,0 mSvO,0 mSv [ped]O,Usually not appropriate
990,Gyn and OB,"Pelvic organ prolapse suspected, initial imaging",3194841,MRI pelvis without IV contrast,0 mSvO,0 mSv [ped]O,Usually not appropriate
991,Gyn and OB,"Pelvic organ prolapse suspected, initial imaging",3194841,CT pelvis with IV contrast,1-10 mSv☢☢☢,3-10 mSv [ped]☢☢☢☢,Usually not appropriate
992,Gyn and OB,"Pelvic organ prolapse suspected, initial imaging",3194841,CT pelvis without IV contrast,1-10 mSv☢☢☢,3-10 mSv [ped]☢☢☢☢,Usually not appropriate
993,Gyn and OB,"Pelvic organ prolapse suspected, initial imaging",3194841,CT pelvis without and with IV contrast,10-30 mSv☢☢☢☢,3-10 mSv [ped]☢☢☢☢,Usually not appropriate
994,Gyn and OB,"Pelvic pain, acute, negative beta-hCG, gynecological etiology suspected, initial imaging",3074377,US duplex Doppler pelvis,0 mSvO,0 mSv [ped]O,Usually appropriate
995,Gyn and OB,"Pelvic pain, acute, negative beta-hCG, gynecological etiology suspected, initial imaging",3074377,US pelvis transabdominal,0 mSvO,0 mSv [ped]O,Usually appropriate
996,Gyn and OB,"Pelvic pain, acute, negative beta-hCG, gynecological etiology suspected, initial imaging",3074377,US pelvis transvaginal,0 mSvO,0 mSv [ped]O,Usually appropriate
997,Gyn and OB,"Pelvic pain, acute, negative beta-hCG, gynecological etiology suspected, initial imaging",3074377,MRI pelvis without and with IV contrast,0 mSvO,0 mSv [ped]O,May be appropriate
998,Gyn and OB,"Pelvic pain, acute, negative beta-hCG, gynecological etiology suspected, initial imaging",3074377,MRI pelvis without IV contrast,0 mSvO,0 mSv [ped]O,May be appropriate
999,Gyn and OB,"Pelvic pain, acute, negative beta-hCG, gynecological etiology suspected, initial imaging",3074377,CT abdomen and pelvis with IV contrast,1-10 mSv☢☢☢,3-10 mSv [ped]☢☢☢☢,May be appropriate
1000,Gyn and OB,"Pelvic pain, acute, negative beta-hCG, gynecological etiology suspected, initial imaging",3074377,MRI abdomen and pelvis without and with IV contrast,0 mSvO,0 mSv [ped]O,Usually not appropriate
1001,Gyn and OB,"Pelvic pain, acute, negative beta-hCG, gynecological etiology suspected, initial imaging",3074377,MRI abdomen and pelvis without IV contrast,0 mSvO,0 mSv [ped]O,Usually not appropriate
1002,Gyn and OB,"Pelvic pain, acute, negative beta-hCG, gynecological etiology suspected, initial imaging",3074377,CT abdomen and pelvis without IV contrast,1-10 mSv☢☢☢,3-10 mSv [ped]☢☢☢☢,Usually not appropriate
1003,Gyn and OB,"Pelvic pain, acute, negative beta-hCG, gynecological etiology suspected, initial imaging",3074377,CT pelvis with IV contrast,1-10 mSv☢☢☢,3-10 mSv [ped]☢☢☢☢,Usually not appropriate
1004,Gyn and OB,"Pelvic pain, acute, negative beta-hCG, gynecological etiology suspected, initial imaging",3074377,CT pelvis without IV contrast,1-10 mSv☢☢☢,3-10 mSv [ped]☢☢☢☢,Usually not appropriate
1005,Gyn and OB,"Pelvic pain, acute, negative beta-hCG, gynecological etiology suspected, initial imaging",3074377,CT abdomen and pelvis without and with IV contrast,10-30 mSv☢☢☢☢,10-30 mSv [ped]☢☢☢☢☢,Usually not appropriate
1006,Gyn and OB,"Pelvic pain, acute, negative beta-hCG, gynecological etiology suspected, initial imaging",3074377,CT pelvis without and with IV contrast,10-30 mSv☢☢☢☢,3-10 mSv [ped]☢☢☢☢,Usually not appropriate
1007,Gyn and OB,"Pelvic pain, acute, negative beta-hCG, non-gynecological etiology suspected, initial imaging",3074379,US abdomen and pelvis transabdominal,0 mSvO,0 mSv [ped]O,Usually appropriate
1008,Gyn and OB,"Pelvic pain, acute, negative beta-hCG, non-gynecological etiology suspected, initial imaging",3074379,US duplex Doppler pelvis,0 mSvO,0 mSv [ped]O,Usually appropriate
1009,Gyn and OB,"Pelvic pain, acute, negative beta-hCG, non-gynecological etiology suspected, initial imaging",3074379,US pelvis transvaginal,0 mSvO,0 mSv [ped]O,Usually appropriate
1010,Gyn and OB,"Pelvic pain, acute, negative beta-hCG, non-gynecological etiology suspected, initial imaging",3074379,CT abdomen and pelvis with IV contrast,1-10 mSv☢☢☢,3-10 mSv [ped]☢☢☢☢,Usually appropriate
1011,Gyn and OB,"Pelvic pain, acute, negative beta-hCG, non-gynecological etiology suspected, initial imaging",3074379,CT abdomen and pelvis without IV contrast,1-10 mSv☢☢☢,3-10 mSv [ped]☢☢☢☢,Usually appropriate
1012,Gyn and OB,"Pelvic pain, acute, negative beta-hCG, non-gynecological etiology suspected, initial imaging",3074379,MRI abdomen and pelvis without and with IV contrast,0 mSvO,0 mSv [ped]O,May be appropriate (Disagreement)
1013,Gyn and OB,"Pelvic pain, acute, negative beta-hCG, non-gynecological etiology suspected, initial imaging",3074379,MRI abdomen and pelvis without IV contrast,0 mSvO,0 mSv [ped]O,May be appropriate
1014,Gyn and OB,"Pelvic pain, acute, negative beta-hCG, non-gynecological etiology suspected, initial imaging",3074379,CT pelvis with IV contrast,1-10 mSv☢☢☢,3-10 mSv [ped]☢☢☢☢,Usually not appropriate
1015,Gyn and OB,"Pelvic pain, acute, negative beta-hCG, non-gynecological etiology suspected, initial imaging",3074379,CT pelvis without IV contrast,1-10 mSv☢☢☢,3-10 mSv [ped]☢☢☢☢,Usually not appropriate
1016,Gyn and OB,"Pelvic pain, acute, negative beta-hCG, non-gynecological etiology suspected, initial imaging",3074379,CT abdomen and pelvis without and with IV contrast,10-30 mSv☢☢☢☢,10-30 mSv [ped]☢☢☢☢☢,Usually not appropriate
1017,Gyn and OB,"Pelvic pain, acute, negative beta-hCG, non-gynecological etiology suspected, initial imaging",3074379,CT pelvis without and with IV contrast,10-30 mSv☢☢☢☢,3-10 mSv [ped]☢☢☢☢,Usually not appropriate
1018,Gyn and OB,"Pelvic pain, acute, positive beta-hCG, gynecological etiology suspected, initial imaging",3074376,US duplex Doppler adnexa,0 mSvO,0 mSv [ped]O,Usually appropriate
1019,Gyn and OB,"Pelvic pain, acute, positive beta-hCG, gynecological etiology suspected, initial imaging",3074376,US pelvis transabdominal,0 mSvO,0 mSv [ped]O,Usually appropriate
1020,Gyn and OB,"Pelvic pain, acute, positive beta-hCG, gynecological etiology suspected, initial imaging",3074376,US pelvis transvaginal,0 mSvO,0 mSv [ped]O,Usually appropriate
1021,Gyn and OB,"Pelvic pain, acute, positive beta-hCG, gynecological etiology suspected, initial imaging",3074376,MRI abdomen and pelvis without and with IV contrast,0 mSvO,0 mSv [ped]O,Usually not appropriate
1022,Gyn and OB,"Pelvic pain, acute, positive beta-hCG, gynecological etiology suspected, initial imaging",3074376,MRI abdomen and pelvis without IV contrast,0 mSvO,0 mSv [ped]O,Usually not appropriate
1023,Gyn and OB,"Pelvic pain, acute, positive beta-hCG, gynecological etiology suspected, initial imaging",3074376,MRI pelvis without and with IV contrast,0 mSvO,0 mSv [ped]O,Usually not appropriate
1024,Gyn and OB,"Pelvic pain, acute, positive beta-hCG, gynecological etiology suspected, initial imaging",3074376,MRI pelvis without IV contrast,0 mSvO,0 mSv [ped]O,Usually not appropriate
1025,Gyn and OB,"Pelvic pain, acute, positive beta-hCG, gynecological etiology suspected, initial imaging",3074376,CT abdomen and pelvis with IV contrast,1-10 mSv☢☢☢,3-10 mSv [ped]☢☢☢☢,Usually not appropriate
1026,Gyn and OB,"Pelvic pain, acute, positive beta-hCG, gynecological etiology suspected, initial imaging",3074376,CT abdomen and pelvis without IV contrast,1-10 mSv☢☢☢,3-10 mSv [ped]☢☢☢☢,Usually not appropriate
1027,Gyn and OB,"Pelvic pain, acute, positive beta-hCG, gynecological etiology suspected, initial imaging",3074376,CT pelvis with IV contrast,1-10 mSv☢☢☢,3-10 mSv [ped]☢☢☢☢,Usually not appropriate
1028,Gyn and OB,"Pelvic pain, acute, positive beta-hCG, gynecological etiology suspected, initial imaging",3074376,CT pelvis without IV contrast,1-10 mSv☢☢☢,3-10 mSv [ped]☢☢☢☢,Usually not appropriate
1029,Gyn and OB,"Pelvic pain, acute, positive beta-hCG, gynecological etiology suspected, initial imaging",3074376,CT abdomen and pelvis without and with IV contrast,10-30 mSv☢☢☢☢,10-30 mSv [ped]☢☢☢☢☢,Usually not appropriate
1030,Gyn and OB,"Pelvic pain, acute, positive beta-hCG, gynecological etiology suspected, initial imaging",3074376,CT pelvis without and with IV contrast,10-30 mSv☢☢☢☢,3-10 mSv [ped]☢☢☢☢,Usually not appropriate
1031,Gyn and OB,"Pelvic pain, acute, positive beta-hCG, non-gynecological etiology suspected, initial imaging",3074378,US abdomen and pelvis transabdominal,0 mSvO,0 mSv [ped]O,Usually appropriate
1032,Gyn and OB,"Pelvic pain, acute, positive beta-hCG, non-gynecological etiology suspected, initial imaging",3074378,US duplex Doppler adnexa,0 mSvO,0 mSv [ped]O,Usually appropriate
1033,Gyn and OB,"Pelvic pain, acute, positive beta-hCG, non-gynecological etiology suspected, initial imaging",3074378,US pelvis transvaginal,0 mSvO,0 mSv [ped]O,Usually appropriate
1034,Gyn and OB,"Pelvic pain, acute, positive beta-hCG, non-gynecological etiology suspected, initial imaging",3074378,MRI abdomen and pelvis without IV contrast,0 mSvO,0 mSv [ped]O,May be appropriate (Disagreement)
1035,Gyn and OB,"Pelvic pain, acute, positive beta-hCG, non-gynecological etiology suspected, initial imaging",3074378,CT abdomen and pelvis with IV contrast,1-10 mSv☢☢☢,3-10 mSv [ped]☢☢☢☢,May be appropriate
1036,Gyn and OB,"Pelvic pain, acute, positive beta-hCG, non-gynecological etiology suspected, initial imaging",3074378,MRI abdomen and pelvis without and with IV contrast,0 mSvO,0 mSv [ped]O,Usually not appropriate
1037,Gyn and OB,"Pelvic pain, acute, positive beta-hCG, non-gynecological etiology suspected, initial imaging",3074378,CT abdomen and pelvis without IV contrast,1-10 mSv☢☢☢,3-10 mSv [ped]☢☢☢☢,Usually not appropriate
1038,Gyn and OB,"Pelvic pain, acute, positive beta-hCG, non-gynecological etiology suspected, initial imaging",3074378,CT pelvis with IV contrast,1-10 mSv☢☢☢,3-10 mSv [ped]☢☢☢☢,Usually not appropriate
1039,Gyn and OB,"Pelvic pain, acute, positive beta-hCG, non-gynecological etiology suspected, initial imaging",3074378,CT pelvis without IV contrast,1-10 mSv☢☢☢,3-10 mSv [ped]☢☢☢☢,Usually not appropriate
1040,Gyn and OB,"Pelvic pain, acute, positive beta-hCG, non-gynecological etiology suspected, initial imaging",3074378,CT abdomen and pelvis without and with IV contrast,10-30 mSv☢☢☢☢,10-30 mSv [ped]☢☢☢☢☢,Usually not appropriate
1041,Gyn and OB,"Pelvic pain, acute, positive beta-hCG, non-gynecological etiology suspected, initial imaging",3074378,CT pelvis without and with IV contrast,10-30 mSv☢☢☢☢,3-10 mSv [ped]☢☢☢☢,Usually not appropriate
1042,Gyn and OB,"Pelvic pain, acute, postmenopausal, initial imaging",3193989,US pelvis transabdominal,0 mSvO,0 mSv [ped]O,Usually appropriate
1043,Gyn and OB,"Pelvic pain, acute, postmenopausal, initial imaging",3193989,US pelvis transvaginal,0 mSvO,0 mSv [ped]O,Usually appropriate
1044,Gyn and OB,"Pelvic pain, acute, postmenopausal, initial imaging",3193989,CT abdomen and pelvis with IV contrast,1-10 mSv☢☢☢,3-10 mSv [ped]☢☢☢☢,Usually appropriate
1045,Gyn and OB,"Pelvic pain, acute, postmenopausal, initial imaging",3193989,MRI pelvis without and with IV contrast,0 mSvO,0 mSv [ped]O,May be appropriate
1046,Gyn and OB,"Pelvic pain, acute, postmenopausal, initial imaging",3193989,MRI pelvis without IV contrast,0 mSvO,0 mSv [ped]O,May be appropriate
1047,Gyn and OB,"Pelvic pain, acute, postmenopausal, initial imaging",3193989,CT abdomen and pelvis without IV contrast,1-10 mSv☢☢☢,3-10 mSv [ped]☢☢☢☢,May be appropriate
1048,Gyn and OB,"Pelvic pain, acute, postmenopausal, initial imaging",3193989,CT abdomen and pelvis without and with IV contrast,10-30 mSv☢☢☢☢,10-30 mSv [ped]☢☢☢☢☢,Usually not appropriate
1049,Gyn and OB,"Pelvic pain, chronic, post-menopausal",3148178,US duplex Doppler pelvis,0 mSvO,0 mSv [ped]O,Usually appropriate
1050,Gyn and OB,"Pelvic pain, chronic, post-menopausal",3148178,US pelvis transabdominal,0 mSvO,0 mSv [ped]O,Usually appropriate
1051,Gyn and OB,"Pelvic pain, chronic, post-menopausal",3148178,US pelvis transvaginal,0 mSvO,0 mSv [ped]O,Usually appropriate
1052,Gyn and OB,"Pelvic pain, chronic, post-menopausal",3148178,MRI pelvis without and with IV contrast,0 mSvO,0 mSv [ped]O,May be appropriate
1053,Gyn and OB,"Pelvic pain, chronic, post-menopausal",3148178,MRI pelvis without IV contrast,0 mSvO,0 mSv [ped]O,May be appropriate (Disagreement)
1054,Gyn and OB,"Pelvic pain, chronic, post-menopausal",3148178,CT abdomen and pelvis with IV contrast,1-10 mSv☢☢☢,3-10 mSv [ped]☢☢☢☢,May be appropriate
1055,Gyn and OB,"Pelvic pain, chronic, post-menopausal",3148178,CT pelvis with IV contrast,1-10 mSv☢☢☢,3-10 mSv [ped]☢☢☢☢,May be appropriate
1056,Gyn and OB,"Pelvic pain, chronic, post-menopausal",3148178,Radiography abdomen and pelvis,1-10 mSv☢☢☢,0.3-3 mSv [ped]☢☢☢,Usually not appropriate
1057,Gyn and OB,"Pelvic pain, chronic, post-menopausal",3148178,CT abdomen and pelvis without IV contrast,1-10 mSv☢☢☢,3-10 mSv [ped]☢☢☢☢,Usually not appropriate
1058,Gyn and OB,"Pelvic pain, chronic, post-menopausal",3148178,CT pelvis without IV contrast,1-10 mSv☢☢☢,3-10 mSv [ped]☢☢☢☢,Usually not appropriate
1059,Gyn and OB,"Pelvic pain, chronic, post-menopausal",3148178,CT abdomen and pelvis without and with IV contrast,10-30 mSv☢☢☢☢,10-30 mSv [ped]☢☢☢☢☢,Usually not appropriate
1060,Gyn and OB,"Pelvic pain, chronic, post-menopausal",3148178,CT pelvis without and with IV contrast,10-30 mSv☢☢☢☢,3-10 mSv [ped]☢☢☢☢,Usually not appropriate
1061,Gyn and OB,"Perineal pain, chronic, post-menopausal",3148585,US duplex Doppler pelvis,0 mSvO,0 mSv [ped]O,Usually appropriate
1062,Gyn and OB,"Perineal pain, chronic, post-menopausal",3148585,US pelvis transabdominal,0 mSvO,0 mSv [ped]O,Usually appropriate
1063,Gyn and OB,"Perineal pain, chronic, post-menopausal",3148585,US pelvis transvaginal,0 mSvO,0 mSv [ped]O,Usually appropriate
1064,Gyn and OB,"Perineal pain, chronic, post-menopausal",3148585,MRI pelvis without and with IV contrast,0 mSvO,0 mSv [ped]O,May be appropriate
1065,Gyn and OB,"Perineal pain, chronic, post-menopausal",3148585,MRI pelvis without IV contrast,0 mSvO,0 mSv [ped]O,May be appropriate (Disagreement)
1066,Gyn and OB,"Perineal pain, chronic, post-menopausal",3148585,Radiography abdomen and pelvis,1-10 mSv☢☢☢,0.3-3 mSv [ped]☢☢☢,Usually not appropriate
1067,Gyn and OB,"Perineal pain, chronic, post-menopausal",3148585,CT abdomen and pelvis with IV contrast,1-10 mSv☢☢☢,3-10 mSv [ped]☢☢☢☢,Usually not appropriate
1068,Gyn and OB,"Perineal pain, chronic, post-menopausal",3148585,CT abdomen and pelvis without IV contrast,1-10 mSv☢☢☢,3-10 mSv [ped]☢☢☢☢,Usually not appropriate
1069,Gyn and OB,"Perineal pain, chronic, post-menopausal",3148585,CT pelvis with IV contrast,1-10 mSv☢☢☢,3-10 mSv [ped]☢☢☢☢,Usually not appropriate
1070,Gyn and OB,"Perineal pain, chronic, post-menopausal",3148585,CT pelvis without IV contrast,1-10 mSv☢☢☢,3-10 mSv [ped]☢☢☢☢,Usually not appropriate
1071,Gyn and OB,"Perineal pain, chronic, post-menopausal",3148585,CT abdomen and pelvis without and with IV contrast,10-30 mSv☢☢☢☢,10-30 mSv [ped]☢☢☢☢☢,Usually not appropriate
1072,Gyn and OB,"Perineal pain, chronic, post-menopausal",3148585,CT pelvis without and with IV contrast,10-30 mSv☢☢☢☢,3-10 mSv [ped]☢☢☢☢,Usually not appropriate
1073,Gyn and OB,"Placenta accreta spectrum disorder screening, initial imaging",3164898,US pregnant uterus transabdominal,0 mSvO,0 mSv [ped]O,Usually appropriate
1074,Gyn and OB,"Placenta accreta spectrum disorder screening, initial imaging",3164898,US duplex Doppler pregnant uterus,0 mSvO,0 mSv [ped]O,May be appropriate
1075,Gyn and OB,"Placenta accreta spectrum disorder screening, initial imaging",3164898,US pregnant uterus transvaginal,0 mSvO,0 mSv [ped]O,May be appropriate
1076,Gyn and OB,"Placenta accreta spectrum disorder screening, initial imaging",3164898,MRI abdomen and pelvis without and with IV contrast,0 mSvO,0 mSv [ped]O,Usually not appropriate
1077,Gyn and OB,"Placenta accreta spectrum disorder screening, initial imaging",3164898,MRI abdomen and pelvis without IV contrast,0 mSvO,0 mSv [ped]O,Usually not appropriate
1078,Gyn and OB,"Placenta accreta spectrum disorder suspected, high risk, initial imaging",3164899,US duplex Doppler pregnant uterus,0 mSvO,0 mSv [ped]O,Usually appropriate
1079,Gyn and OB,"Placenta accreta spectrum disorder suspected, high risk, initial imaging",3164899,US pregnant uterus transabdominal,0 mSvO,0 mSv [ped]O,Usually appropriate
1080,Gyn and OB,"Placenta accreta spectrum disorder suspected, high risk, initial imaging",3164899,US pregnant uterus transvaginal,0 mSvO,0 mSv [ped]O,Usually appropriate
1081,Gyn and OB,"Placenta accreta spectrum disorder suspected, high risk, initial imaging",3164899,MRI abdomen and pelvis without IV contrast,0 mSvO,0 mSv [ped]O,May be appropriate
1082,Gyn and OB,"Placenta accreta spectrum disorder suspected, high risk, initial imaging",3164899,MRI abdomen and pelvis without and with IV contrast,0 mSvO,0 mSv [ped]O,Usually not appropriate
1083,Gyn and OB,"Placenta accreta spectrum disorder, follow up imaging",3164900,US duplex Doppler pregnant uterus,0 mSvO,0 mSv [ped]O,Usually appropriate
1084,Gyn and OB,"Placenta accreta spectrum disorder, follow up imaging",3164900,US pregnant uterus transabdominal,0 mSvO,0 mSv [ped]O,Usually appropriate
1085,Gyn and OB,"Placenta accreta spectrum disorder, follow up imaging",3164900,US pregnant uterus transvaginal,0 mSvO,0 mSv [ped]O,Usually appropriate
1086,Gyn and OB,"Placenta accreta spectrum disorder, follow up imaging",3164900,MRI abdomen and pelvis without IV contrast,0 mSvO,0 mSv [ped]O,May be appropriate
1087,Gyn and OB,"Placenta accreta spectrum disorder, follow up imaging",3164900,MRI abdomen and pelvis without and with IV contrast,0 mSvO,0 mSv [ped]O,Usually not appropriate
1088,Gyn and OB,"Postpartum hemorrhage, <= 24 hrs after cesarean delivery, initial Imaging",3185407,US duplex Doppler pelvis,0 mSvO,0 mSv [ped]O,Usually appropriate
1089,Gyn and OB,"Postpartum hemorrhage, <= 24 hrs after cesarean delivery, initial Imaging",3185407,US pelvis transabdominal,0 mSvO,0 mSv [ped]O,Usually appropriate
1090,Gyn and OB,"Postpartum hemorrhage, <= 24 hrs after cesarean delivery, initial Imaging",3185407,US pelvis transvaginal,0 mSvO,0 mSv [ped]O,Usually appropriate
1091,Gyn and OB,"Postpartum hemorrhage, <= 24 hrs after cesarean delivery, initial Imaging",3185407,CT abdomen and pelvis with IV contrast,1-10 mSv☢☢☢,3-10 mSv [ped]☢☢☢☢,May be appropriate
1092,Gyn and OB,"Postpartum hemorrhage, <= 24 hrs after cesarean delivery, initial Imaging",3185407,CT abdomen and pelvis without and with IV contrast,10-30 mSv☢☢☢☢,10-30 mSv [ped]☢☢☢☢☢,May be appropriate (Disagreement)
1093,Gyn and OB,"Postpartum hemorrhage, <= 24 hrs after cesarean delivery, initial Imaging",3185407,CTA abdomen and pelvis with IV contrast,10-30 mSv☢☢☢☢,,May be appropriate
1094,Gyn and OB,"Postpartum hemorrhage, <= 24 hrs after cesarean delivery, initial Imaging",3185407,MRI pelvis without and with IV contrast,0 mSvO,0 mSv [ped]O,Usually not appropriate
1095,Gyn and OB,"Postpartum hemorrhage, <= 24 hrs after cesarean delivery, initial Imaging",3185407,MRI pelvis without IV contrast,0 mSvO,0 mSv [ped]O,Usually not appropriate
1096,Gyn and OB,"Postpartum hemorrhage, <= 24 hrs after cesarean delivery, initial Imaging",3185407,CT abdomen and pelvis without IV contrast,1-10 mSv☢☢☢,3-10 mSv [ped]☢☢☢☢,Usually not appropriate
1097,Gyn and OB,"Postpartum hemorrhage, <= 24 hrs after vaginal delivery, initial Imaging",3185408,US duplex Doppler pelvis,0 mSvO,0 mSv [ped]O,Usually appropriate
1098,Gyn and OB,"Postpartum hemorrhage, <= 24 hrs after vaginal delivery, initial Imaging",3185408,US pelvis transabdominal,0 mSvO,0 mSv [ped]O,Usually appropriate
1099,Gyn and OB,"Postpartum hemorrhage, <= 24 hrs after vaginal delivery, initial Imaging",3185408,US pelvis transvaginal,0 mSvO,0 mSv [ped]O,Usually appropriate
1100,Gyn and OB,"Postpartum hemorrhage, <= 24 hrs after vaginal delivery, initial Imaging",3185408,CT abdomen and pelvis with IV contrast,1-10 mSv☢☢☢,3-10 mSv [ped]☢☢☢☢,May be appropriate
1101,Gyn and OB,"Postpartum hemorrhage, <= 24 hrs after vaginal delivery, initial Imaging",3185408,CT abdomen and pelvis without IV contrast,1-10 mSv☢☢☢,3-10 mSv [ped]☢☢☢☢,May be appropriate
1102,Gyn and OB,"Postpartum hemorrhage, <= 24 hrs after vaginal delivery, initial Imaging",3185408,CT abdomen and pelvis without and with IV contrast,10-30 mSv☢☢☢☢,10-30 mSv [ped]☢☢☢☢☢,May be appropriate (Disagreement)
1103,Gyn and OB,"Postpartum hemorrhage, <= 24 hrs after vaginal delivery, initial Imaging",3185408,CTA abdomen and pelvis with IV contrast,10-30 mSv☢☢☢☢,,May be appropriate
1104,Gyn and OB,"Postpartum hemorrhage, <= 24 hrs after vaginal delivery, initial Imaging",3185408,MRI pelvis without and with IV contrast,0 mSvO,0 mSv [ped]O,Usually not appropriate
1105,Gyn and OB,"Postpartum hemorrhage, <= 24 hrs after vaginal delivery, initial Imaging",3185408,MRI pelvis without IV contrast,0 mSvO,0 mSv [ped]O,Usually not appropriate
1106,Gyn and OB,"Postpartum hemorrhage, >24hrs to <= 6wks hrs after cesarean delivery, initial Imaging",3185409,US duplex Doppler pelvis,0 mSvO,0 mSv [ped]O,Usually appropriate
1107,Gyn and OB,"Postpartum hemorrhage, >24hrs to <= 6wks hrs after cesarean delivery, initial Imaging",3185409,US pelvis transabdominal,0 mSvO,0 mSv [ped]O,Usually appropriate
1108,Gyn and OB,"Postpartum hemorrhage, >24hrs to <= 6wks hrs after cesarean delivery, initial Imaging",3185409,US pelvis transvaginal,0 mSvO,0 mSv [ped]O,Usually appropriate
1109,Gyn and OB,"Postpartum hemorrhage, >24hrs to <= 6wks hrs after cesarean delivery, initial Imaging",3185409,MRI pelvis without and with IV contrast,0 mSvO,0 mSv [ped]O,May be appropriate
1110,Gyn and OB,"Postpartum hemorrhage, >24hrs to <= 6wks hrs after cesarean delivery, initial Imaging",3185409,MRI pelvis without IV contrast,0 mSvO,0 mSv [ped]O,May be appropriate (Disagreement)
1111,Gyn and OB,"Postpartum hemorrhage, >24hrs to <= 6wks hrs after cesarean delivery, initial Imaging",3185409,CT abdomen and pelvis with IV contrast,1-10 mSv☢☢☢,3-10 mSv [ped]☢☢☢☢,May be appropriate
1112,Gyn and OB,"Postpartum hemorrhage, >24hrs to <= 6wks hrs after cesarean delivery, initial Imaging",3185409,CT abdomen and pelvis without IV contrast,1-10 mSv☢☢☢,3-10 mSv [ped]☢☢☢☢,May be appropriate
1113,Gyn and OB,"Postpartum hemorrhage, >24hrs to <= 6wks hrs after cesarean delivery, initial Imaging",3185409,CT abdomen and pelvis without and with IV contrast,10-30 mSv☢☢☢☢,10-30 mSv [ped]☢☢☢☢☢,May be appropriate
1114,Gyn and OB,"Postpartum hemorrhage, >24hrs to <= 6wks hrs after cesarean delivery, initial Imaging",3185409,CTA abdomen and pelvis with IV contrast,10-30 mSv☢☢☢☢,,May be appropriate
1115,Gyn and OB,"Postpartum hemorrhage, >24hrs to <= 6wks hrs after vaginal delivery, initial Imaging",3185410,US duplex Doppler pelvis,0 mSvO,0 mSv [ped]O,Usually appropriate
1116,Gyn and OB,"Postpartum hemorrhage, >24hrs to <= 6wks hrs after vaginal delivery, initial Imaging",3185410,US pelvis transabdominal,0 mSvO,0 mSv [ped]O,Usually appropriate
1117,Gyn and OB,"Postpartum hemorrhage, >24hrs to <= 6wks hrs after vaginal delivery, initial Imaging",3185410,US pelvis transvaginal,0 mSvO,0 mSv [ped]O,Usually appropriate
1118,Gyn and OB,"Postpartum hemorrhage, >24hrs to <= 6wks hrs after vaginal delivery, initial Imaging",3185410,MRI pelvis without and with IV contrast,0 mSvO,0 mSv [ped]O,May be appropriate (Disagreement)
1119,Gyn and OB,"Postpartum hemorrhage, >24hrs to <= 6wks hrs after vaginal delivery, initial Imaging",3185410,MRI pelvis without IV contrast,0 mSvO,0 mSv [ped]O,May be appropriate (Disagreement)
1120,Gyn and OB,"Postpartum hemorrhage, >24hrs to <= 6wks hrs after vaginal delivery, initial Imaging",3185410,CT abdomen and pelvis with IV contrast,1-10 mSv☢☢☢,3-10 mSv [ped]☢☢☢☢,May be appropriate
1121,Gyn and OB,"Postpartum hemorrhage, >24hrs to <= 6wks hrs after vaginal delivery, initial Imaging",3185410,CT abdomen and pelvis without IV contrast,1-10 mSv☢☢☢,3-10 mSv [ped]☢☢☢☢,May be appropriate
1122,Gyn and OB,"Postpartum hemorrhage, >24hrs to <= 6wks hrs after vaginal delivery, initial Imaging",3185410,CT abdomen and pelvis without and with IV contrast,10-30 mSv☢☢☢☢,10-30 mSv [ped]☢☢☢☢☢,May be appropriate
1123,Gyn and OB,"Postpartum hemorrhage, >24hrs to <= 6wks hrs after vaginal delivery, initial Imaging",3185410,CTA abdomen and pelvis with IV contrast,10-30 mSv☢☢☢☢,,May be appropriate
1124,Gyn and OB,"Urinary dysfunction, digital maneuvers to void, initial imaging",3194848,Fluoroscopy voiding cystourethrography,0.1-1mSv☢☢,0.03-0.3 mSv [ped]☢☢,Usually appropriate
1125,Gyn and OB,"Urinary dysfunction, digital maneuvers to void, initial imaging",3194848,US pelvis transperineal,0 mSvO,0 mSv [ped]O,May be appropriate
1126,Gyn and OB,"Urinary dysfunction, digital maneuvers to void, initial imaging",3194848,US pelvis transvaginal,0 mSvO,0 mSv [ped]O,May be appropriate
1127,Gyn and OB,"Urinary dysfunction, digital maneuvers to void, initial imaging",3194848,Fluoroscopy cystocolpoproctography,1-10 mSv☢☢☢,,May be appropriate
1128,Gyn and OB,"Urinary dysfunction, digital maneuvers to void, initial imaging",3194848,MR defecography,0 mSvO,0 mSv [ped]O,May be appropriate
1129,Gyn and OB,"Urinary dysfunction, digital maneuvers to void, initial imaging",3194848,MRI pelvis dynamic maneuvers without defecation,0 mSvO,0 mSv [ped]O,May be appropriate
1130,Gyn and OB,"Urinary dysfunction, digital maneuvers to void, initial imaging",3194848,US pelvis transabdominal,0 mSvO,0 mSv [ped]O,Usually not appropriate
1131,Gyn and OB,"Urinary dysfunction, digital maneuvers to void, initial imaging",3194848,US pelvis transrectal,0 mSvO,0 mSv [ped]O,Usually not appropriate
1132,Gyn and OB,"Urinary dysfunction, digital maneuvers to void, initial imaging",3194848,MRI pelvis without and with IV contrast,0 mSvO,0 mSv [ped]O,Usually not appropriate
1133,Gyn and OB,"Urinary dysfunction, digital maneuvers to void, initial imaging",3194848,MRI pelvis without IV contrast,0 mSvO,0 mSv [ped]O,Usually not appropriate
1134,Gyn and OB,"Urinary dysfunction, digital maneuvers to void, initial imaging",3194848,CT pelvis with IV contrast,1-10 mSv☢☢☢,3-10 mSv [ped]☢☢☢☢,Usually not appropriate
1135,Gyn and OB,"Urinary dysfunction, digital maneuvers to void, initial imaging",3194848,CT pelvis without IV contrast,1-10 mSv☢☢☢,3-10 mSv [ped]☢☢☢☢,Usually not appropriate
1136,Gyn and OB,"Urinary dysfunction, digital maneuvers to void, initial imaging",3194848,CT pelvis without and with IV contrast,10-30 mSv☢☢☢☢,3-10 mSv [ped]☢☢☢☢,Usually not appropriate
1137,Gyn and OB,"Urinary dysfunction, frequent urination, initial imaging",3194843,Fluoroscopy voiding cystourethrography,0.1-1mSv☢☢,0.03-0.3 mSv [ped]☢☢,Usually appropriate
1138,Gyn and OB,"Urinary dysfunction, frequent urination, initial imaging",3194843,US pelvis transperineal,0 mSvO,0 mSv [ped]O,May be appropriate
1139,Gyn and OB,"Urinary dysfunction, frequent urination, initial imaging",3194843,US pelvis transvaginal,0 mSvO,0 mSv [ped]O,May be appropriate
1140,Gyn and OB,"Urinary dysfunction, frequent urination, initial imaging",3194843,Fluoroscopy cystocolpoproctography,1-10 mSv☢☢☢,,May be appropriate
1141,Gyn and OB,"Urinary dysfunction, frequent urination, initial imaging",3194843,MR defecography,0 mSvO,0 mSv [ped]O,May be appropriate
1142,Gyn and OB,"Urinary dysfunction, frequent urination, initial imaging",3194843,MRI pelvis dynamic maneuvers without defecation,0 mSvO,0 mSv [ped]O,May be appropriate
1143,Gyn and OB,"Urinary dysfunction, frequent urination, initial imaging",3194843,US pelvis transabdominal,0 mSvO,0 mSv [ped]O,Usually not appropriate
1144,Gyn and OB,"Urinary dysfunction, frequent urination, initial imaging",3194843,US pelvis transrectal,0 mSvO,0 mSv [ped]O,Usually not appropriate
1145,Gyn and OB,"Urinary dysfunction, frequent urination, initial imaging",3194843,MRI pelvis without and with IV contrast,0 mSvO,0 mSv [ped]O,Usually not appropriate
1146,Gyn and OB,"Urinary dysfunction, frequent urination, initial imaging",3194843,MRI pelvis without IV contrast,0 mSvO,0 mSv [ped]O,Usually not appropriate
1147,Gyn and OB,"Urinary dysfunction, frequent urination, initial imaging",3194843,CT pelvis with IV contrast,1-10 mSv☢☢☢,3-10 mSv [ped]☢☢☢☢,Usually not appropriate
1148,Gyn and OB,"Urinary dysfunction, frequent urination, initial imaging",3194843,CT pelvis without IV contrast,1-10 mSv☢☢☢,3-10 mSv [ped]☢☢☢☢,Usually not appropriate
1149,Gyn and OB,"Urinary dysfunction, frequent urination, initial imaging",3194843,CT pelvis without and with IV contrast,10-30 mSv☢☢☢☢,3-10 mSv [ped]☢☢☢☢,Usually not appropriate
1150,Gyn and OB,"Urinary dysfunction, incomplete voiding, initial imaging",3194846,Fluoroscopy voiding cystourethrography,0.1-1mSv☢☢,0.03-0.3 mSv [ped]☢☢,Usually appropriate
1151,Gyn and OB,"Urinary dysfunction, incomplete voiding, initial imaging",3194846,US pelvis transperineal,0 mSvO,0 mSv [ped]O,May be appropriate
1152,Gyn and OB,"Urinary dysfunction, incomplete voiding, initial imaging",3194846,US pelvis transvaginal,0 mSvO,0 mSv [ped]O,May be appropriate
1153,Gyn and OB,"Urinary dysfunction, incomplete voiding, initial imaging",3194846,Fluoroscopy cystocolpoproctography,1-10 mSv☢☢☢,,May be appropriate
1154,Gyn and OB,"Urinary dysfunction, incomplete voiding, initial imaging",3194846,MR defecography,0 mSvO,0 mSv [ped]O,May be appropriate
1155,Gyn and OB,"Urinary dysfunction, incomplete voiding, initial imaging",3194846,MRI pelvis dynamic maneuvers without defecation,0 mSvO,0 mSv [ped]O,May be appropriate
1156,Gyn and OB,"Urinary dysfunction, incomplete voiding, initial imaging",3194846,US pelvis transabdominal,0 mSvO,0 mSv [ped]O,Usually not appropriate
1157,Gyn and OB,"Urinary dysfunction, incomplete voiding, initial imaging",3194846,US pelvis transrectal,0 mSvO,0 mSv [ped]O,Usually not appropriate
1158,Gyn and OB,"Urinary dysfunction, incomplete voiding, initial imaging",3194846,MRI pelvis without and with IV contrast,0 mSvO,0 mSv [ped]O,Usually not appropriate
1159,Gyn and OB,"Urinary dysfunction, incomplete voiding, initial imaging",3194846,MRI pelvis without IV contrast,0 mSvO,0 mSv [ped]O,Usually not appropriate
1160,Gyn and OB,"Urinary dysfunction, incomplete voiding, initial imaging",3194846,CT pelvis with IV contrast,1-10 mSv☢☢☢,3-10 mSv [ped]☢☢☢☢,Usually not appropriate
1161,Gyn and OB,"Urinary dysfunction, incomplete voiding, initial imaging",3194846,CT pelvis without IV contrast,1-10 mSv☢☢☢,3-10 mSv [ped]☢☢☢☢,Usually not appropriate
1162,Gyn and OB,"Urinary dysfunction, incomplete voiding, initial imaging",3194846,CT pelvis without and with IV contrast,10-30 mSv☢☢☢☢,3-10 mSv [ped]☢☢☢☢,Usually not appropriate
1163,Gyn and OB,"Urinary dysfunction, involuntary leakage of urine, initial imaging",3194842,Fluoroscopy voiding cystourethrography,0.1-1mSv☢☢,0.03-0.3 mSv [ped]☢☢,Usually appropriate
1164,Gyn and OB,"Urinary dysfunction, involuntary leakage of urine, initial imaging",3194842,US pelvis transperineal,0 mSvO,0 mSv [ped]O,May be appropriate
1165,Gyn and OB,"Urinary dysfunction, involuntary leakage of urine, initial imaging",3194842,US pelvis transvaginal,0 mSvO,0 mSv [ped]O,May be appropriate
1166,Gyn and OB,"Urinary dysfunction, involuntary leakage of urine, initial imaging",3194842,Fluoroscopy cystocolpoproctography,1-10 mSv☢☢☢,,May be appropriate
1167,Gyn and OB,"Urinary dysfunction, involuntary leakage of urine, initial imaging",3194842,MR defecography,0 mSvO,0 mSv [ped]O,May be appropriate
1168,Gyn and OB,"Urinary dysfunction, involuntary leakage of urine, initial imaging",3194842,MRI pelvis dynamic maneuvers without defecation,0 mSvO,0 mSv [ped]O,May be appropriate
1169,Gyn and OB,"Urinary dysfunction, involuntary leakage of urine, initial imaging",3194842,US pelvis transabdominal,0 mSvO,0 mSv [ped]O,Usually not appropriate
1170,Gyn and OB,"Urinary dysfunction, involuntary leakage of urine, initial imaging",3194842,US pelvis transrectal,0 mSvO,0 mSv [ped]O,Usually not appropriate
1171,Gyn and OB,"Urinary dysfunction, involuntary leakage of urine, initial imaging",3194842,MRI pelvis without and with IV contrast,0 mSvO,0 mSv [ped]O,Usually not appropriate
1172,Gyn and OB,"Urinary dysfunction, involuntary leakage of urine, initial imaging",3194842,MRI pelvis without IV contrast,0 mSvO,0 mSv [ped]O,Usually not appropriate
1173,Gyn and OB,"Urinary dysfunction, involuntary leakage of urine, initial imaging",3194842,CT pelvis with IV contrast,1-10 mSv☢☢☢,3-10 mSv [ped]☢☢☢☢,Usually not appropriate
1174,Gyn and OB,"Urinary dysfunction, involuntary leakage of urine, initial imaging",3194842,CT pelvis without IV contrast,1-10 mSv☢☢☢,3-10 mSv [ped]☢☢☢☢,Usually not appropriate
1175,Gyn and OB,"Urinary dysfunction, involuntary leakage of urine, initial imaging",3194842,CT pelvis without and with IV contrast,10-30 mSv☢☢☢☢,3-10 mSv [ped]☢☢☢☢,Usually not appropriate
1176,Gyn and OB,"Urinary dysfunction, splinting, initial imaging",3194847,Fluoroscopy voiding cystourethrography,0.1-1mSv☢☢,0.03-0.3 mSv [ped]☢☢,Usually appropriate
1177,Gyn and OB,"Urinary dysfunction, splinting, initial imaging",3194847,US pelvis transperineal,0 mSvO,0 mSv [ped]O,May be appropriate
1178,Gyn and OB,"Urinary dysfunction, splinting, initial imaging",3194847,US pelvis transvaginal,0 mSvO,0 mSv [ped]O,May be appropriate
1179,Gyn and OB,"Urinary dysfunction, splinting, initial imaging",3194847,Fluoroscopy cystocolpoproctography,1-10 mSv☢☢☢,,May be appropriate
1180,Gyn and OB,"Urinary dysfunction, splinting, initial imaging",3194847,MR defecography,0 mSvO,0 mSv [ped]O,May be appropriate
1181,Gyn and OB,"Urinary dysfunction, splinting, initial imaging",3194847,MRI pelvis dynamic maneuvers without defecation,0 mSvO,0 mSv [ped]O,May be appropriate
1182,Gyn and OB,"Urinary dysfunction, splinting, initial imaging",3194847,US pelvis transabdominal,0 mSvO,0 mSv [ped]O,Usually not appropriate
1183,Gyn and OB,"Urinary dysfunction, splinting, initial imaging",3194847,US pelvis transrectal,0 mSvO,0 mSv [ped]O,Usually not appropriate
1184,Gyn and OB,"Urinary dysfunction, splinting, initial imaging",3194847,MRI pelvis without and with IV contrast,0 mSvO,0 mSv [ped]O,Usually not appropriate
1185,Gyn and OB,"Urinary dysfunction, splinting, initial imaging",3194847,MRI pelvis without IV contrast,0 mSvO,0 mSv [ped]O,Usually not appropriate
1186,Gyn and OB,"Urinary dysfunction, splinting, initial imaging",3194847,CT pelvis with IV contrast,1-10 mSv☢☢☢,3-10 mSv [ped]☢☢☢☢,Usually not appropriate
1187,Gyn and OB,"Urinary dysfunction, splinting, initial imaging",3194847,CT pelvis without IV contrast,1-10 mSv☢☢☢,3-10 mSv [ped]☢☢☢☢,Usually not appropriate
1188,Gyn and OB,"Urinary dysfunction, splinting, initial imaging",3194847,CT pelvis without and with IV contrast,10-30 mSv☢☢☢☢,3-10 mSv [ped]☢☢☢☢,Usually not appropriate
1189,Gyn and OB,"Urinary dysfunction, straining to void, initial imaging",3194845,Fluoroscopy voiding cystourethrography,0.1-1mSv☢☢,0.03-0.3 mSv [ped]☢☢,Usually appropriate
1190,Gyn and OB,"Urinary dysfunction, straining to void, initial imaging",3194845,US pelvis transperineal,0 mSvO,0 mSv [ped]O,May be appropriate
1191,Gyn and OB,"Urinary dysfunction, straining to void, initial imaging",3194845,US pelvis transvaginal,0 mSvO,0 mSv [ped]O,May be appropriate
1192,Gyn and OB,"Urinary dysfunction, straining to void, initial imaging",3194845,Fluoroscopy cystocolpoproctography,1-10 mSv☢☢☢,,May be appropriate
1193,Gyn and OB,"Urinary dysfunction, straining to void, initial imaging",3194845,MR defecography,0 mSvO,0 mSv [ped]O,May be appropriate
1194,Gyn and OB,"Urinary dysfunction, straining to void, initial imaging",3194845,MRI pelvis dynamic maneuvers without defecation,0 mSvO,0 mSv [ped]O,May be appropriate
1195,Gyn and OB,"Urinary dysfunction, straining to void, initial imaging",3194845,US pelvis transabdominal,0 mSvO,0 mSv [ped]O,Usually not appropriate
1196,Gyn and OB,"Urinary dysfunction, straining to void, initial imaging",3194845,US pelvis transrectal,0 mSvO,0 mSv [ped]O,Usually not appropriate
1197,Gyn and OB,"Urinary dysfunction, straining to void, initial imaging",3194845,MRI pelvis without and with IV contrast,0 mSvO,0 mSv [ped]O,Usually not appropriate
1198,Gyn and OB,"Urinary dysfunction, straining to void, initial imaging",3194845,MRI pelvis without IV contrast,0 mSvO,0 mSv [ped]O,Usually not appropriate
1199,Gyn and OB,"Urinary dysfunction, straining to void, initial imaging",3194845,CT pelvis with IV contrast,1-10 mSv☢☢☢,3-10 mSv [ped]☢☢☢☢,Usually not appropriate
1200,Gyn and OB,"Urinary dysfunction, straining to void, initial imaging",3194845,CT pelvis without IV contrast,1-10 mSv☢☢☢,3-10 mSv [ped]☢☢☢☢,Usually not appropriate
1201,Gyn and OB,"Urinary dysfunction, straining to void, initial imaging",3194845,CT pelvis without and with IV contrast,10-30 mSv☢☢☢☢,3-10 mSv [ped]☢☢☢☢,Usually not appropriate
1202,Gyn and OB,"Urinary dysfunction, urgency, initial imaging",3194844,Fluoroscopy voiding cystourethrography,0.1-1mSv☢☢,0.03-0.3 mSv [ped]☢☢,Usually appropriate
1203,Gyn and OB,"Urinary dysfunction, urgency, initial imaging",3194844,US pelvis transperineal,0 mSvO,0 mSv [ped]O,May be appropriate
1204,Gyn and OB,"Urinary dysfunction, urgency, initial imaging",3194844,US pelvis transvaginal,0 mSvO,0 mSv [ped]O,May be appropriate
1205,Gyn and OB,"Urinary dysfunction, urgency, initial imaging",3194844,Fluoroscopy cystocolpoproctography,1-10 mSv☢☢☢,,May be appropriate
1206,Gyn and OB,"Urinary dysfunction, urgency, initial imaging",3194844,MR defecography,0 mSvO,0 mSv [ped]O,May be appropriate
1207,Gyn and OB,"Urinary dysfunction, urgency, initial imaging",3194844,MRI pelvis dynamic maneuvers without defecation,0 mSvO,0 mSv [ped]O,May be appropriate
1208,Gyn and OB,"Urinary dysfunction, urgency, initial imaging",3194844,US pelvis transabdominal,0 mSvO,0 mSv [ped]O,Usually not appropriate
1209,Gyn and OB,"Urinary dysfunction, urgency, initial imaging",3194844,US pelvis transrectal,0 mSvO,0 mSv [ped]O,Usually not appropriate
1210,Gyn and OB,"Urinary dysfunction, urgency, initial imaging",3194844,MRI pelvis without and with IV contrast,0 mSvO,0 mSv [ped]O,Usually not appropriate
1211,Gyn and OB,"Urinary dysfunction, urgency, initial imaging",3194844,MRI pelvis without IV contrast,0 mSvO,0 mSv [ped]O,Usually not appropriate
1212,Gyn and OB,"Urinary dysfunction, urgency, initial imaging",3194844,CT pelvis with IV contrast,1-10 mSv☢☢☢,3-10 mSv [ped]☢☢☢☢,Usually not appropriate
1213,Gyn and OB,"Urinary dysfunction, urgency, initial imaging",3194844,CT pelvis without IV contrast,1-10 mSv☢☢☢,3-10 mSv [ped]☢☢☢☢,Usually not appropriate
1214,Gyn and OB,"Urinary dysfunction, urgency, initial imaging",3194844,CT pelvis without and with IV contrast,10-30 mSv☢☢☢☢,3-10 mSv [ped]☢☢☢☢,Usually not appropriate
1215,Gyn and OB,"Uterine bleeding, abnormal, initial imaging",3185427,US duplex Doppler pelvis,0 mSvO,0 mSv [ped]O,Usually appropriate
1216,Gyn and OB,"Uterine bleeding, abnormal, initial imaging",3185427,US pelvis transabdominal,0 mSvO,0 mSv [ped]O,Usually appropriate
1217,Gyn and OB,"Uterine bleeding, abnormal, initial imaging",3185427,US pelvis transvaginal,0 mSvO,0 mSv [ped]O,Usually appropriate
1218,Gyn and OB,"Uterine bleeding, abnormal, initial imaging",3185427,US sonohysterography,0 mSvO,0 mSv [ped]O,May be appropriate (Disagreement)
1219,Gyn and OB,"Uterine bleeding, abnormal, initial imaging",3185427,MRI pelvis without and with IV contrast,0 mSvO,0 mSv [ped]O,Usually not appropriate
1220,Gyn and OB,"Uterine bleeding, abnormal, initial imaging",3185427,MRI pelvis without IV contrast,0 mSvO,0 mSv [ped]O,Usually not appropriate
1221,Gyn and OB,"Uterine bleeding, abnormal, initial imaging",3185427,CT pelvis with IV contrast,1-10 mSv☢☢☢,3-10 mSv [ped]☢☢☢☢,Usually not appropriate
1222,Gyn and OB,"Uterine bleeding, abnormal, initial imaging",3185427,CT pelvis without IV contrast,1-10 mSv☢☢☢,3-10 mSv [ped]☢☢☢☢,Usually not appropriate
1223,Gyn and OB,"Uterine bleeding, abnormal, initial imaging",3185427,CT pelvis without and with IV contrast,10-30 mSv☢☢☢☢,3-10 mSv [ped]☢☢☢☢,Usually not appropriate
1224,Gyn and OB,"Uterine bleeding, abnormal, US inconclusive, follow-up imaging",3191929,US sonohysterography,0 mSvO,0 mSv [ped]O,Usually appropriate
1225,Gyn and OB,"Uterine bleeding, abnormal, US inconclusive, follow-up imaging",3191929,MRI pelvis without and with IV contrast,0 mSvO,0 mSv [ped]O,Usually appropriate
1226,Gyn and OB,"Uterine bleeding, abnormal, US inconclusive, follow-up imaging",3191929,US duplex Doppler pelvis,0 mSvO,0 mSv [ped]O,May be appropriate (Disagreement)
1227,Gyn and OB,"Uterine bleeding, abnormal, US inconclusive, follow-up imaging",3191929,US pelvis transabdominal,0 mSvO,0 mSv [ped]O,May be appropriate (Disagreement)
1228,Gyn and OB,"Uterine bleeding, abnormal, US inconclusive, follow-up imaging",3191929,US pelvis transvaginal,0 mSvO,0 mSv [ped]O,May be appropriate (Disagreement)
1229,Gyn and OB,"Uterine bleeding, abnormal, US inconclusive, follow-up imaging",3191929,MRI pelvis without IV contrast,0 mSvO,0 mSv [ped]O,May be appropriate (Disagreement)
1230,Gyn and OB,"Uterine bleeding, abnormal, US inconclusive, follow-up imaging",3191929,CT pelvis with IV contrast,1-10 mSv☢☢☢,3-10 mSv [ped]☢☢☢☢,Usually not appropriate
1231,Gyn and OB,"Uterine bleeding, abnormal, US inconclusive, follow-up imaging",3191929,CT pelvis without IV contrast,1-10 mSv☢☢☢,3-10 mSv [ped]☢☢☢☢,Usually not appropriate
1232,Gyn and OB,"Uterine bleeding, abnormal, US inconclusive, follow-up imaging",3191929,CT pelvis without and with IV contrast,10-30 mSv☢☢☢☢,3-10 mSv [ped]☢☢☢☢,Usually not appropriate
1233,Gyn and OB,"Uterine bleeding, abnormal, US performed, follow-up imaging for further characterization",3191930,US sonohysterography,0 mSvO,0 mSv [ped]O,Usually appropriate
1234,Gyn and OB,"Uterine bleeding, abnormal, US performed, follow-up imaging for further characterization",3191930,MRI pelvis without and with IV contrast,0 mSvO,0 mSv [ped]O,Usually appropriate
1235,Gyn and OB,"Uterine bleeding, abnormal, US performed, follow-up imaging for further characterization",3191930,US duplex Doppler pelvis,0 mSvO,0 mSv [ped]O,May be appropriate (Disagreement)
1236,Gyn and OB,"Uterine bleeding, abnormal, US performed, follow-up imaging for further characterization",3191930,US pelvis transabdominal,0 mSvO,0 mSv [ped]O,May be appropriate (Disagreement)
1237,Gyn and OB,"Uterine bleeding, abnormal, US performed, follow-up imaging for further characterization",3191930,US pelvis transvaginal,0 mSvO,0 mSv [ped]O,May be appropriate (Disagreement)
1238,Gyn and OB,"Uterine bleeding, abnormal, US performed, follow-up imaging for further characterization",3191930,MRI pelvis without IV contrast,0 mSvO,0 mSv [ped]O,May be appropriate (Disagreement)
1239,Gyn and OB,"Uterine bleeding, abnormal, US performed, follow-up imaging for further characterization",3191930,CT pelvis with IV contrast,1-10 mSv☢☢☢,3-10 mSv [ped]☢☢☢☢,Usually not appropriate
1240,Gyn and OB,"Uterine bleeding, abnormal, US performed, follow-up imaging for further characterization",3191930,CT pelvis without IV contrast,1-10 mSv☢☢☢,3-10 mSv [ped]☢☢☢☢,Usually not appropriate
1241,Gyn and OB,"Uterine bleeding, abnormal, US performed, follow-up imaging for further characterization",3191930,CT pelvis without and with IV contrast,10-30 mSv☢☢☢☢,3-10 mSv [ped]☢☢☢☢,Usually not appropriate
1242,Gyn and OB,"Uterine bleeding, abnormal, US performed, surveillance",3185429,US duplex Doppler pelvis,0 mSvO,0 mSv [ped]O,Usually appropriate
1243,Gyn and OB,"Uterine bleeding, abnormal, US performed, surveillance",3185429,US pelvis transabdominal,0 mSvO,0 mSv [ped]O,Usually appropriate
1244,Gyn and OB,"Uterine bleeding, abnormal, US performed, surveillance",3185429,US pelvis transvaginal,0 mSvO,0 mSv [ped]O,Usually appropriate
1245,Gyn and OB,"Uterine bleeding, abnormal, US performed, surveillance",3185429,US sonohysterography,0 mSvO,0 mSv [ped]O,Usually appropriate
1246,Gyn and OB,"Uterine bleeding, abnormal, US performed, surveillance",3185429,MRI pelvis without and with IV contrast,0 mSvO,0 mSv [ped]O,Usually appropriate
1247,Gyn and OB,"Uterine bleeding, abnormal, US performed, surveillance",3185429,MRI pelvis without IV contrast,0 mSvO,0 mSv [ped]O,May be appropriate
1248,Gyn and OB,"Uterine bleeding, abnormal, US performed, surveillance",3185429,CT pelvis with IV contrast,1-10 mSv☢☢☢,3-10 mSv [ped]☢☢☢☢,Usually not appropriate
1249,Gyn and OB,"Uterine bleeding, abnormal, US performed, surveillance",3185429,CT pelvis without IV contrast,1-10 mSv☢☢☢,3-10 mSv [ped]☢☢☢☢,Usually not appropriate
1250,Gyn and OB,"Uterine bleeding, abnormal, US performed, surveillance",3185429,CT pelvis without and with IV contrast,10-30 mSv☢☢☢☢,3-10 mSv [ped]☢☢☢☢,Usually not appropriate
1251,Gyn and OB,"Vaginal bleeding, after first trimester, low lying placenta suspected, initial imaging",3191945,US duplex Doppler pelvis,0 mSvO,0 mSv [ped]O,Usually appropriate
1252,Gyn and OB,"Vaginal bleeding, after first trimester, low lying placenta suspected, initial imaging",3191945,US pregnant uterus transabdominal,0 mSvO,0 mSv [ped]O,Usually appropriate
1253,Gyn and OB,"Vaginal bleeding, after first trimester, low lying placenta suspected, initial imaging",3191945,US pregnant uterus transvaginal,0 mSvO,0 mSv [ped]O,Usually appropriate
1254,Gyn and OB,"Vaginal bleeding, after first trimester, low lying placenta suspected, initial imaging",3191945,US cervix transperineal,0 mSvO,0 mSv [ped]O,Usually not appropriate
1255,Gyn and OB,"Vaginal bleeding, after first trimester, low lying placenta, initial imaging",3191946,US duplex Doppler pelvis,0 mSvO,0 mSv [ped]O,Usually appropriate
1256,Gyn and OB,"Vaginal bleeding, after first trimester, low lying placenta, initial imaging",3191946,US pregnant uterus transabdominal,0 mSvO,0 mSv [ped]O,Usually appropriate
1257,Gyn and OB,"Vaginal bleeding, after first trimester, low lying placenta, initial imaging",3191946,US pregnant uterus transvaginal,0 mSvO,0 mSv [ped]O,Usually appropriate
1258,Gyn and OB,"Vaginal bleeding, after first trimester, low lying placenta, initial imaging",3191946,US cervix transperineal,0 mSvO,0 mSv [ped]O,Usually not appropriate
1259,Gyn and OB,"Vaginal bleeding, after first trimester, painful, initial imaging",3185440,US duplex Doppler pelvis,0 mSvO,0 mSv [ped]O,Usually appropriate
1260,Gyn and OB,"Vaginal bleeding, after first trimester, painful, initial imaging",3185440,US pregnant uterus transabdominal,0 mSvO,0 mSv [ped]O,Usually appropriate
1261,Gyn and OB,"Vaginal bleeding, after first trimester, painful, initial imaging",3185440,US pregnant uterus transvaginal,0 mSvO,0 mSv [ped]O,Usually appropriate
1262,Gyn and OB,"Vaginal bleeding, after first trimester, painful, initial imaging",3185440,US cervix transperineal,0 mSvO,0 mSv [ped]O,May be appropriate
1263,Gyn and OB,"Vaginal bleeding, after first trimester, painless, initial imaging",3074160,US duplex Doppler pelvis,0 mSvO,0 mSv [ped]O,Usually appropriate
1264,Gyn and OB,"Vaginal bleeding, after first trimester, painless, initial imaging",3074160,US pregnant uterus transabdominal,0 mSvO,0 mSv [ped]O,Usually appropriate
1265,Gyn and OB,"Vaginal bleeding, after first trimester, painless, initial imaging",3074160,US pregnant uterus transvaginal,0 mSvO,0 mSv [ped]O,Usually appropriate
1266,Gyn and OB,"Vaginal bleeding, after first trimester, painless, initial imaging",3074160,US cervix transperineal,0 mSvO,0 mSv [ped]O,May be appropriate
1267,Gyn and OB,"Vaginal bleeding, after first trimester, placenta previa suspected, initial imaging",3191943,US duplex Doppler pelvis,0 mSvO,0 mSv [ped]O,Usually appropriate
1268,Gyn and OB,"Vaginal bleeding, after first trimester, placenta previa suspected, initial imaging",3191943,US pregnant uterus transabdominal,0 mSvO,0 mSv [ped]O,Usually appropriate
1269,Gyn and OB,"Vaginal bleeding, after first trimester, placenta previa suspected, initial imaging",3191943,US pregnant uterus transvaginal,0 mSvO,0 mSv [ped]O,Usually appropriate
1270,Gyn and OB,"Vaginal bleeding, after first trimester, placenta previa suspected, initial imaging",3191943,US cervix transperineal,0 mSvO,0 mSv [ped]O,Usually not appropriate
1271,Gyn and OB,"Vaginal bleeding, after first trimester, placenta previa, initial imaging",3191944,US duplex Doppler pelvis,0 mSvO,0 mSv [ped]O,Usually appropriate
1272,Gyn and OB,"Vaginal bleeding, after first trimester, placenta previa, initial imaging",3191944,US pregnant uterus transabdominal,0 mSvO,0 mSv [ped]O,Usually appropriate
1273,Gyn and OB,"Vaginal bleeding, after first trimester, placenta previa, initial imaging",3191944,US pregnant uterus transvaginal,0 mSvO,0 mSv [ped]O,Usually appropriate
1274,Gyn and OB,"Vaginal bleeding, after first trimester, placenta previa, initial imaging",3191944,US cervix transperineal,0 mSvO,0 mSv [ped]O,Usually not appropriate
1275,Gyn and OB,"Vaginal bleeding, after first trimester, vasa previa suspected, initial imaging",3191947,US duplex Doppler pelvis,0 mSvO,0 mSv [ped]O,Usually appropriate
1276,Gyn and OB,"Vaginal bleeding, after first trimester, vasa previa suspected, initial imaging",3191947,US pregnant uterus transabdominal,0 mSvO,0 mSv [ped]O,Usually appropriate
1277,Gyn and OB,"Vaginal bleeding, after first trimester, vasa previa suspected, initial imaging",3191947,US pregnant uterus transvaginal,0 mSvO,0 mSv [ped]O,Usually appropriate
1278,Gyn and OB,"Vaginal bleeding, after first trimester, vasa previa suspected, initial imaging",3191947,US cervix transperineal,0 mSvO,0 mSv [ped]O,Usually not appropriate
1279,Gyn and OB,"Vaginal bleeding, after first trimester, vasa previa, initial imaging",3191948,US duplex Doppler pelvis,0 mSvO,0 mSv [ped]O,Usually appropriate
1280,Gyn and OB,"Vaginal bleeding, after first trimester, vasa previa, initial imaging",3191948,US pregnant uterus transabdominal,0 mSvO,0 mSv [ped]O,Usually appropriate
1281,Gyn and OB,"Vaginal bleeding, after first trimester, vasa previa, initial imaging",3191948,US pregnant uterus transvaginal,0 mSvO,0 mSv [ped]O,Usually appropriate
1282,Gyn and OB,"Vaginal bleeding, after first trimester, vasa previa, initial imaging",3191948,US cervix transperineal,0 mSvO,0 mSv [ped]O,Usually not appropriate
1283,Gyn and OB,"Vaginal bleeding, first trimester, positive beta-HCG",3074147,US pelvis transabdominal,0 mSvO,0 mSv [ped]O,Usually appropriate
1284,Gyn and OB,"Vaginal bleeding, first trimester, positive beta-HCG",3074147,US pelvis transvaginal,0 mSvO,0 mSv [ped]O,Usually appropriate
1285,Gyn and OB,"Vaginal bleeding, first trimester, positive beta-HCG",3074147,US duplex Doppler pregnant uterus,0 mSvO,0 mSv [ped]O,May be appropriate
1286,Gyn and OB,"Vaginal bleeding, first trimester, positive beta-HCG",3074147,MRI pelvis without IV contrast,0 mSvO,0 mSv [ped]O,May be appropriate
1287,Gyn and OB,"Vaginal bleeding, first trimester, positive beta-HCG",3074147,MRI pelvis without and with IV contrast,0 mSvO,0 mSv [ped]O,Usually not appropriate
1288,Gyn and OB,"Vaginal bleeding, first trimester, positive beta-HCG",3074147,CT pelvis with IV contrast,1-10 mSv☢☢☢,3-10 mSv [ped]☢☢☢☢,Usually not appropriate
1289,Gyn and OB,"Vaginal bleeding, first trimester, positive beta-HCG",3074147,CT pelvis without IV contrast,1-10 mSv☢☢☢,3-10 mSv [ped]☢☢☢☢,Usually not appropriate
1290,Gyn and OB,"Vaginal bleeding, first trimester, positive beta-HCG",3074147,CT pelvis without and with IV contrast,10-30 mSv☢☢☢☢,3-10 mSv [ped]☢☢☢☢,Usually not appropriate
1291,Gyn and OB,"Vaginal bulge, initial imaging",3194840,Fluoroscopy cystocolpoproctography,1-10 mSv☢☢☢,,Usually appropriate
1292,Gyn and OB,"Vaginal bulge, initial imaging",3194840,MR defecography,0 mSvO,0 mSv [ped]O,Usually appropriate
1293,Gyn and OB,"Vaginal bulge, initial imaging",3194840,US pelvis transperineal,0 mSvO,0 mSv [ped]O,May be appropriate
1294,Gyn and OB,"Vaginal bulge, initial imaging",3194840,MRI pelvis dynamic maneuvers without defecation,0 mSvO,0 mSv [ped]O,May be appropriate
1295,Gyn and OB,"Vaginal bulge, initial imaging",3194840,US pelvis transabdominal,0 mSvO,0 mSv [ped]O,Usually not appropriate
1296,Gyn and OB,"Vaginal bulge, initial imaging",3194840,US pelvis transrectal,0 mSvO,0 mSv [ped]O,Usually not appropriate
1297,Gyn and OB,"Vaginal bulge, initial imaging",3194840,US pelvis transvaginal,0 mSvO,0 mSv [ped]O,Usually not appropriate
1298,Gyn and OB,"Vaginal bulge, initial imaging",3194840,Fluoroscopy voiding cystourethrography,0.1-1mSv☢☢,0.03-0.3 mSv [ped]☢☢,Usually not appropriate
1299,Gyn and OB,"Vaginal bulge, initial imaging",3194840,MRI pelvis without and with IV contrast,0 mSvO,0 mSv [ped]O,Usually not appropriate
1300,Gyn and OB,"Vaginal bulge, initial imaging",3194840,MRI pelvis without IV contrast,0 mSvO,0 mSv [ped]O,Usually not appropriate
1301,Gyn and OB,"Vaginal bulge, initial imaging",3194840,CT pelvis with IV contrast,1-10 mSv☢☢☢,3-10 mSv [ped]☢☢☢☢,Usually not appropriate
1302,Gyn and OB,"Vaginal bulge, initial imaging",3194840,CT pelvis without IV contrast,1-10 mSv☢☢☢,3-10 mSv [ped]☢☢☢☢,Usually not appropriate
1303,Gyn and OB,"Vaginal bulge, initial imaging",3194840,CT pelvis without and with IV contrast,10-30 mSv☢☢☢☢,3-10 mSv [ped]☢☢☢☢,Usually not appropriate
1304,Gyn and OB,"Vaginal cancer, initial pretreatment staging",3194207,MRI pelvis without and with IV contrast,0 mSvO,0 mSv [ped]O,Usually appropriate
1305,Gyn and OB,"Vaginal cancer, initial pretreatment staging",3194207,CT abdomen and pelvis with IV contrast,1-10 mSv☢☢☢,3-10 mSv [ped]☢☢☢☢,Usually appropriate
1306,Gyn and OB,"Vaginal cancer, initial pretreatment staging",3194207,FDG-PET/CT skull base to mid-thigh,10-30 mSv☢☢☢☢,3-10 mSv [ped]☢☢☢☢,Usually appropriate
1307,Gyn and OB,"Vaginal cancer, initial pretreatment staging",3194207,MRI abdomen and pelvis without and with IV contrast,0 mSvO,0 mSv [ped]O,May be appropriate
1308,Gyn and OB,"Vaginal cancer, initial pretreatment staging",3194207,MRI abdomen and pelvis without IV contrast,0 mSvO,0 mSv [ped]O,May be appropriate
1309,Gyn and OB,"Vaginal cancer, initial pretreatment staging",3194207,MRI pelvis without IV contrast,0 mSvO,0 mSv [ped]O,May be appropriate
1310,Gyn and OB,"Vaginal cancer, initial pretreatment staging",3194207,CT chest with IV contrast,1-10 mSv☢☢☢,3-10 mSv [ped]☢☢☢☢,May be appropriate
1311,Gyn and OB,"Vaginal cancer, initial pretreatment staging",3194207,CT chest without IV contrast,1-10 mSv☢☢☢,3-10 mSv [ped]☢☢☢☢,May be appropriate
1312,Gyn and OB,"Vaginal cancer, initial pretreatment staging",3194207,US abdomen and pelvis transabdominal,0 mSvO,0 mSv [ped]O,Usually not appropriate
1313,Gyn and OB,"Vaginal cancer, initial pretreatment staging",3194207,US pelvis transvaginal,0 mSvO,0 mSv [ped]O,Usually not appropriate
1314,Gyn and OB,"Vaginal cancer, initial pretreatment staging",3194207,Fluoroscopy contrast enema,1-10 mSv☢☢☢,3-10 mSv [ped]☢☢☢☢,Usually not appropriate
1315,Gyn and OB,"Vaginal cancer, initial pretreatment staging",3194207,Radiography intravenous urography,1-10 mSv☢☢☢,0.3-3 mSv [ped]☢☢☢,Usually not appropriate
1316,Gyn and OB,"Vaginal cancer, initial pretreatment staging",3194207,CT abdomen and pelvis without IV contrast,1-10 mSv☢☢☢,3-10 mSv [ped]☢☢☢☢,Usually not appropriate
1317,Gyn and OB,"Vaginal cancer, initial pretreatment staging",3194207,CT chest without and with IV contrast,1-10 mSv☢☢☢,3-10 mSv [ped]☢☢☢☢,Usually not appropriate
1318,Gyn and OB,"Vaginal cancer, initial pretreatment staging",3194207,CT abdomen and pelvis without and with IV contrast,10-30 mSv☢☢☢☢,10-30 mSv [ped]☢☢☢☢☢,Usually not appropriate
1319,Gyn and OB,"Vaginal cancer, no recurrence suspected, post treatment evaluation, initial imaging",3194209,MRI pelvis without and with IV contrast,0 mSvO,0 mSv [ped]O,Usually appropriate
1320,Gyn and OB,"Vaginal cancer, no recurrence suspected, post treatment evaluation, initial imaging",3194209,FDG-PET/CT skull base to mid-thigh,10-30 mSv☢☢☢☢,3-10 mSv [ped]☢☢☢☢,Usually appropriate
1321,Gyn and OB,"Vaginal cancer, no recurrence suspected, post treatment evaluation, initial imaging",3194209,MRI abdomen and pelvis without and with IV contrast,0 mSvO,0 mSv [ped]O,May be appropriate
1322,Gyn and OB,"Vaginal cancer, no recurrence suspected, post treatment evaluation, initial imaging",3194209,MRI abdomen and pelvis without IV contrast,0 mSvO,0 mSv [ped]O,May be appropriate
1323,Gyn and OB,"Vaginal cancer, no recurrence suspected, post treatment evaluation, initial imaging",3194209,MRI pelvis without IV contrast,0 mSvO,0 mSv [ped]O,May be appropriate
1324,Gyn and OB,"Vaginal cancer, no recurrence suspected, post treatment evaluation, initial imaging",3194209,CT abdomen and pelvis with IV contrast,1-10 mSv☢☢☢,3-10 mSv [ped]☢☢☢☢,May be appropriate
1325,Gyn and OB,"Vaginal cancer, no recurrence suspected, post treatment evaluation, initial imaging",3194209,CT chest with IV contrast,1-10 mSv☢☢☢,3-10 mSv [ped]☢☢☢☢,May be appropriate
1326,Gyn and OB,"Vaginal cancer, no recurrence suspected, post treatment evaluation, initial imaging",3194209,CT chest without IV contrast,1-10 mSv☢☢☢,3-10 mSv [ped]☢☢☢☢,May be appropriate
1327,Gyn and OB,"Vaginal cancer, no recurrence suspected, post treatment evaluation, initial imaging",3194209,US abdomen and pelvis transabdominal,0 mSvO,0 mSv [ped]O,Usually not appropriate
1328,Gyn and OB,"Vaginal cancer, no recurrence suspected, post treatment evaluation, initial imaging",3194209,US pelvis transvaginal,0 mSvO,0 mSv [ped]O,Usually not appropriate
1329,Gyn and OB,"Vaginal cancer, no recurrence suspected, post treatment evaluation, initial imaging",3194209,Fluoroscopy contrast enema,1-10 mSv☢☢☢,3-10 mSv [ped]☢☢☢☢,Usually not appropriate
1330,Gyn and OB,"Vaginal cancer, no recurrence suspected, post treatment evaluation, initial imaging",3194209,Radiography intravenous urography,1-10 mSv☢☢☢,0.3-3 mSv [ped]☢☢☢,Usually not appropriate
1331,Gyn and OB,"Vaginal cancer, no recurrence suspected, post treatment evaluation, initial imaging",3194209,CT abdomen and pelvis without IV contrast,1-10 mSv☢☢☢,3-10 mSv [ped]☢☢☢☢,Usually not appropriate
1332,Gyn and OB,"Vaginal cancer, no recurrence suspected, post treatment evaluation, initial imaging",3194209,CT chest without and with IV contrast,1-10 mSv☢☢☢,3-10 mSv [ped]☢☢☢☢,Usually not appropriate
1333,Gyn and OB,"Vaginal cancer, no recurrence suspected, post treatment evaluation, initial imaging",3194209,CT abdomen and pelvis without and with IV contrast,10-30 mSv☢☢☢☢,10-30 mSv [ped]☢☢☢☢☢,Usually not appropriate
1334,Gyn and OB,"Vaginal cancer, recurrence known, extent of disease evaluation, initial imaging",3194212,MRI pelvis without and with IV contrast,0 mSvO,0 mSv [ped]O,Usually appropriate
1335,Gyn and OB,"Vaginal cancer, recurrence known, extent of disease evaluation, initial imaging",3194212,CT abdomen and pelvis with IV contrast,1-10 mSv☢☢☢,3-10 mSv [ped]☢☢☢☢,Usually appropriate
1336,Gyn and OB,"Vaginal cancer, recurrence known, extent of disease evaluation, initial imaging",3194212,CT chest with IV contrast,1-10 mSv☢☢☢,3-10 mSv [ped]☢☢☢☢,Usually appropriate
1337,Gyn and OB,"Vaginal cancer, recurrence known, extent of disease evaluation, initial imaging",3194212,FDG-PET/CT skull base to mid-thigh,10-30 mSv☢☢☢☢,3-10 mSv [ped]☢☢☢☢,Usually appropriate
1338,Gyn and OB,"Vaginal cancer, recurrence known, extent of disease evaluation, initial imaging",3194212,MRI abdomen and pelvis without and with IV contrast,0 mSvO,0 mSv [ped]O,May be appropriate
1339,Gyn and OB,"Vaginal cancer, recurrence known, extent of disease evaluation, initial imaging",3194212,MRI abdomen and pelvis without IV contrast,0 mSvO,0 mSv [ped]O,May be appropriate
1340,Gyn and OB,"Vaginal cancer, recurrence known, extent of disease evaluation, initial imaging",3194212,MRI pelvis without IV contrast,0 mSvO,0 mSv [ped]O,May be appropriate
1341,Gyn and OB,"Vaginal cancer, recurrence known, extent of disease evaluation, initial imaging",3194212,CT chest without IV contrast,1-10 mSv☢☢☢,3-10 mSv [ped]☢☢☢☢,May be appropriate
1342,Gyn and OB,"Vaginal cancer, recurrence known, extent of disease evaluation, initial imaging",3194212,US abdomen and pelvis transabdominal,0 mSvO,0 mSv [ped]O,Usually not appropriate
1343,Gyn and OB,"Vaginal cancer, recurrence known, extent of disease evaluation, initial imaging",3194212,US pelvis transvaginal,0 mSvO,0 mSv [ped]O,Usually not appropriate
1344,Gyn and OB,"Vaginal cancer, recurrence known, extent of disease evaluation, initial imaging",3194212,Fluoroscopy contrast enema,1-10 mSv☢☢☢,3-10 mSv [ped]☢☢☢☢,Usually not appropriate
1345,Gyn and OB,"Vaginal cancer, recurrence known, extent of disease evaluation, initial imaging",3194212,Radiography intravenous urography,1-10 mSv☢☢☢,0.3-3 mSv [ped]☢☢☢,Usually not appropriate
1346,Gyn and OB,"Vaginal cancer, recurrence known, extent of disease evaluation, initial imaging",3194212,CT abdomen and pelvis without IV contrast,1-10 mSv☢☢☢,3-10 mSv [ped]☢☢☢☢,Usually not appropriate
1347,Gyn and OB,"Vaginal cancer, recurrence known, extent of disease evaluation, initial imaging",3194212,CT chest without and with IV contrast,1-10 mSv☢☢☢,3-10 mSv [ped]☢☢☢☢,Usually not appropriate
1348,Gyn and OB,"Vaginal cancer, recurrence known, extent of disease evaluation, initial imaging",3194212,CT abdomen and pelvis without and with IV contrast,10-30 mSv☢☢☢☢,10-30 mSv [ped]☢☢☢☢☢,Usually not appropriate
1349,Gyn and OB,"Vaginal cancer, recurrence suspected, extent of disease evaluation, initial imaging",3194211,MRI pelvis without and with IV contrast,0 mSvO,0 mSv [ped]O,Usually appropriate
1350,Gyn and OB,"Vaginal cancer, recurrence suspected, extent of disease evaluation, initial imaging",3194211,CT abdomen and pelvis with IV contrast,1-10 mSv☢☢☢,3-10 mSv [ped]☢☢☢☢,Usually appropriate
1351,Gyn and OB,"Vaginal cancer, recurrence suspected, extent of disease evaluation, initial imaging",3194211,CT chest with IV contrast,1-10 mSv☢☢☢,3-10 mSv [ped]☢☢☢☢,Usually appropriate
1352,Gyn and OB,"Vaginal cancer, recurrence suspected, extent of disease evaluation, initial imaging",3194211,FDG-PET/CT skull base to mid-thigh,10-30 mSv☢☢☢☢,3-10 mSv [ped]☢☢☢☢,Usually appropriate
1353,Gyn and OB,"Vaginal cancer, recurrence suspected, extent of disease evaluation, initial imaging",3194211,MRI abdomen and pelvis without and with IV contrast,0 mSvO,0 mSv [ped]O,May be appropriate
1354,Gyn and OB,"Vaginal cancer, recurrence suspected, extent of disease evaluation, initial imaging",3194211,MRI abdomen and pelvis without IV contrast,0 mSvO,0 mSv [ped]O,May be appropriate
1355,Gyn and OB,"Vaginal cancer, recurrence suspected, extent of disease evaluation, initial imaging",3194211,MRI pelvis without IV contrast,0 mSvO,0 mSv [ped]O,May be appropriate
1356,Gyn and OB,"Vaginal cancer, recurrence suspected, extent of disease evaluation, initial imaging",3194211,CT chest without IV contrast,1-10 mSv☢☢☢,3-10 mSv [ped]☢☢☢☢,May be appropriate
1357,Gyn and OB,"Vaginal cancer, recurrence suspected, extent of disease evaluation, initial imaging",3194211,US abdomen and pelvis transabdominal,0 mSvO,0 mSv [ped]O,Usually not appropriate
1358,Gyn and OB,"Vaginal cancer, recurrence suspected, extent of disease evaluation, initial imaging",3194211,US pelvis transvaginal,0 mSvO,0 mSv [ped]O,Usually not appropriate
1359,Gyn and OB,"Vaginal cancer, recurrence suspected, extent of disease evaluation, initial imaging",3194211,Fluoroscopy contrast enema,1-10 mSv☢☢☢,3-10 mSv [ped]☢☢☢☢,Usually not appropriate
1360,Gyn and OB,"Vaginal cancer, recurrence suspected, extent of disease evaluation, initial imaging",3194211,Radiography intravenous urography,1-10 mSv☢☢☢,0.3-3 mSv [ped]☢☢☢,Usually not appropriate
1361,Gyn and OB,"Vaginal cancer, recurrence suspected, extent of disease evaluation, initial imaging",3194211,CT abdomen and pelvis without IV contrast,1-10 mSv☢☢☢,3-10 mSv [ped]☢☢☢☢,Usually not appropriate
1362,Gyn and OB,"Vaginal cancer, recurrence suspected, extent of disease evaluation, initial imaging",3194211,CT chest without and with IV contrast,1-10 mSv☢☢☢,3-10 mSv [ped]☢☢☢☢,Usually not appropriate
1363,Gyn and OB,"Vaginal cancer, recurrence suspected, extent of disease evaluation, initial imaging",3194211,CT abdomen and pelvis without and with IV contrast,10-30 mSv☢☢☢☢,10-30 mSv [ped]☢☢☢☢☢,Usually not appropriate
1364,Gyn and OB,"Vaginal pain, chronic, post-menopausal",3148587,US duplex Doppler pelvis,0 mSvO,0 mSv [ped]O,Usually appropriate
1365,Gyn and OB,"Vaginal pain, chronic, post-menopausal",3148587,US pelvis transabdominal,0 mSvO,0 mSv [ped]O,Usually appropriate
1366,Gyn and OB,"Vaginal pain, chronic, post-menopausal",3148587,US pelvis transvaginal,0 mSvO,0 mSv [ped]O,Usually appropriate
1367,Gyn and OB,"Vaginal pain, chronic, post-menopausal",3148587,MRI pelvis without and with IV contrast,0 mSvO,0 mSv [ped]O,May be appropriate
1368,Gyn and OB,"Vaginal pain, chronic, post-menopausal",3148587,MRI pelvis without IV contrast,0 mSvO,0 mSv [ped]O,May be appropriate (Disagreement)
1369,Gyn and OB,"Vaginal pain, chronic, post-menopausal",3148587,Radiography abdomen and pelvis,1-10 mSv☢☢☢,0.3-3 mSv [ped]☢☢☢,Usually not appropriate
1370,Gyn and OB,"Vaginal pain, chronic, post-menopausal",3148587,CT abdomen and pelvis with IV contrast,1-10 mSv☢☢☢,3-10 mSv [ped]☢☢☢☢,Usually not appropriate
1371,Gyn and OB,"Vaginal pain, chronic, post-menopausal",3148587,CT abdomen and pelvis without IV contrast,1-10 mSv☢☢☢,3-10 mSv [ped]☢☢☢☢,Usually not appropriate
1372,Gyn and OB,"Vaginal pain, chronic, post-menopausal",3148587,CT pelvis with IV contrast,1-10 mSv☢☢☢,3-10 mSv [ped]☢☢☢☢,Usually not appropriate
1373,Gyn and OB,"Vaginal pain, chronic, post-menopausal",3148587,CT pelvis without IV contrast,1-10 mSv☢☢☢,3-10 mSv [ped]☢☢☢☢,Usually not appropriate
1374,Gyn and OB,"Vaginal pain, chronic, post-menopausal",3148587,CT abdomen and pelvis without and with IV contrast,10-30 mSv☢☢☢☢,10-30 mSv [ped]☢☢☢☢☢,Usually not appropriate
1375,Gyn and OB,"Vaginal pain, chronic, post-menopausal",3148587,CT pelvis without and with IV contrast,10-30 mSv☢☢☢☢,3-10 mSv [ped]☢☢☢☢,Usually not appropriate
1376,Gyn and OB,"Vaginal protrusion, initial imaging",3194839,Fluoroscopy cystocolpoproctography,1-10 mSv☢☢☢,,Usually appropriate
1377,Gyn and OB,"Vaginal protrusion, initial imaging",3194839,MR defecography,0 mSvO,0 mSv [ped]O,Usually appropriate
1378,Gyn and OB,"Vaginal protrusion, initial imaging",3194839,US pelvis transperineal,0 mSvO,0 mSv [ped]O,May be appropriate
1379,Gyn and OB,"Vaginal protrusion, initial imaging",3194839,MRI pelvis dynamic maneuvers without defecation,0 mSvO,0 mSv [ped]O,May be appropriate
1380,Gyn and OB,"Vaginal protrusion, initial imaging",3194839,US pelvis transabdominal,0 mSvO,0 mSv [ped]O,Usually not appropriate
1381,Gyn and OB,"Vaginal protrusion, initial imaging",3194839,US pelvis transrectal,0 mSvO,0 mSv [ped]O,Usually not appropriate
1382,Gyn and OB,"Vaginal protrusion, initial imaging",3194839,US pelvis transvaginal,0 mSvO,0 mSv [ped]O,Usually not appropriate
1383,Gyn and OB,"Vaginal protrusion, initial imaging",3194839,Fluoroscopy voiding cystourethrography,0.1-1mSv☢☢,0.03-0.3 mSv [ped]☢☢,Usually not appropriate
1384,Gyn and OB,"Vaginal protrusion, initial imaging",3194839,MRI pelvis without and with IV contrast,0 mSvO,0 mSv [ped]O,Usually not appropriate
1385,Gyn and OB,"Vaginal protrusion, initial imaging",3194839,MRI pelvis without IV contrast,0 mSvO,0 mSv [ped]O,Usually not appropriate
1386,Gyn and OB,"Vaginal protrusion, initial imaging",3194839,CT pelvis with IV contrast,1-10 mSv☢☢☢,3-10 mSv [ped]☢☢☢☢,Usually not appropriate
1387,Gyn and OB,"Vaginal protrusion, initial imaging",3194839,CT pelvis without IV contrast,1-10 mSv☢☢☢,3-10 mSv [ped]☢☢☢☢,Usually not appropriate
1388,Gyn and OB,"Vaginal protrusion, initial imaging",3194839,CT pelvis without and with IV contrast,10-30 mSv☢☢☢☢,3-10 mSv [ped]☢☢☢☢,Usually not appropriate
1389,Gyn and OB,"Vulvar cancer, primary tumor <=2cm, confined to vulva or perineum, <=1mm stromal invasion, initial pretreatment staging",3193990,US duplex Doppler and US-guided fine-needle aspiration biopsy groin,0 mSvO,0 mSv [ped]O,Usually not appropriate
1390,Gyn and OB,"Vulvar cancer, primary tumor <=2cm, confined to vulva or perineum, <=1mm stromal invasion, initial pretreatment staging",3193990,US duplex Doppler groin,0 mSvO,0 mSv [ped]O,Usually not appropriate
1391,Gyn and OB,"Vulvar cancer, primary tumor <=2cm, confined to vulva or perineum, <=1mm stromal invasion, initial pretreatment staging",3193990,US-guided fine needle aspiration biopsy groin,0 mSvO,0 mSv [ped]O,Usually not appropriate
1392,Gyn and OB,"Vulvar cancer, primary tumor <=2cm, confined to vulva or perineum, <=1mm stromal invasion, initial pretreatment staging",3193990,Radiography chest,<0.1 mSv☢,<0.03 mSv [ped]☢,Usually not appropriate
1393,Gyn and OB,"Vulvar cancer, primary tumor <=2cm, confined to vulva or perineum, <=1mm stromal invasion, initial pretreatment staging",3193990,MRI pelvis without and with IV contrast,0 mSvO,0 mSv [ped]O,Usually not appropriate
1394,Gyn and OB,"Vulvar cancer, primary tumor <=2cm, confined to vulva or perineum, <=1mm stromal invasion, initial pretreatment staging",3193990,MRI pelvis without IV contrast,0 mSvO,0 mSv [ped]O,Usually not appropriate
1395,Gyn and OB,"Vulvar cancer, primary tumor <=2cm, confined to vulva or perineum, <=1mm stromal invasion, initial pretreatment staging",3193990,Lymphoscintigraphy groin,0.1-1mSv☢☢,,Usually not appropriate
1396,Gyn and OB,"Vulvar cancer, primary tumor <=2cm, confined to vulva or perineum, <=1mm stromal invasion, initial pretreatment staging",3193990,CT abdomen and pelvis with IV contrast,1-10 mSv☢☢☢,3-10 mSv [ped]☢☢☢☢,Usually not appropriate
1397,Gyn and OB,"Vulvar cancer, primary tumor <=2cm, confined to vulva or perineum, <=1mm stromal invasion, initial pretreatment staging",3193990,CT abdomen and pelvis without IV contrast,1-10 mSv☢☢☢,3-10 mSv [ped]☢☢☢☢,Usually not appropriate
1398,Gyn and OB,"Vulvar cancer, primary tumor <=2cm, confined to vulva or perineum, <=1mm stromal invasion, initial pretreatment staging",3193990,CT pelvis with IV contrast,1-10 mSv☢☢☢,3-10 mSv [ped]☢☢☢☢,Usually not appropriate
1399,Gyn and OB,"Vulvar cancer, primary tumor <=2cm, confined to vulva or perineum, <=1mm stromal invasion, initial pretreatment staging",3193990,CT pelvis without IV contrast,1-10 mSv☢☢☢,3-10 mSv [ped]☢☢☢☢,Usually not appropriate
1400,Gyn and OB,"Vulvar cancer, primary tumor <=2cm, confined to vulva or perineum, <=1mm stromal invasion, initial pretreatment staging",3193990,CT abdomen and pelvis without and with IV contrast,10-30 mSv☢☢☢☢,10-30 mSv [ped]☢☢☢☢☢,Usually not appropriate
1401,Gyn and OB,"Vulvar cancer, primary tumor <=2cm, confined to vulva or perineum, <=1mm stromal invasion, initial pretreatment staging",3193990,CT chest abdomen pelvis with IV contrast,10-30 mSv☢☢☢☢,3-10 mSv [ped]☢☢☢☢,Usually not appropriate
1402,Gyn and OB,"Vulvar cancer, primary tumor <=2cm, confined to vulva or perineum, <=1mm stromal invasion, initial pretreatment staging",3193990,CT chest abdomen pelvis without and with IV contrast,10-30 mSv☢☢☢☢,10-30 mSv [ped]☢☢☢☢☢,Usually not appropriate
1403,Gyn and OB,"Vulvar cancer, primary tumor <=2cm, confined to vulva or perineum, <=1mm stromal invasion, initial pretreatment staging",3193990,CT chest abdomen pelvis without IV contrast,10-30 mSv☢☢☢☢,3-10 mSv [ped]☢☢☢☢,Usually not appropriate
1404,Gyn and OB,"Vulvar cancer, primary tumor <=2cm, confined to vulva or perineum, <=1mm stromal invasion, initial pretreatment staging",3193990,CT pelvis without and with IV contrast,10-30 mSv☢☢☢☢,3-10 mSv [ped]☢☢☢☢,Usually not appropriate
1405,Gyn and OB,"Vulvar cancer, primary tumor <=2cm, confined to vulva or perineum, <=1mm stromal invasion, initial pretreatment staging",3193990,FDG-PET/CT skull base to mid-thigh,10-30 mSv☢☢☢☢,3-10 mSv [ped]☢☢☢☢,Usually not appropriate
1406,Gyn and OB,"Vulvar cancer, primary tumor <=4cm, >1mm stromal invasion, confined to vulva or perineum, initial pretreatment staging",3194044,MRI pelvis without and with IV contrast,0 mSvO,0 mSv [ped]O,Usually appropriate
1407,Gyn and OB,"Vulvar cancer, primary tumor <=4cm, >1mm stromal invasion, confined to vulva or perineum, initial pretreatment staging",3194044,US duplex Doppler and US-guided fine-needle aspiration biopsy groin,0 mSvO,0 mSv [ped]O,May be appropriate
1408,Gyn and OB,"Vulvar cancer, primary tumor <=4cm, >1mm stromal invasion, confined to vulva or perineum, initial pretreatment staging",3194044,MRI pelvis without IV contrast,0 mSvO,0 mSv [ped]O,May be appropriate (Disagreement)
1409,Gyn and OB,"Vulvar cancer, primary tumor <=4cm, >1mm stromal invasion, confined to vulva or perineum, initial pretreatment staging",3194044,Lymphoscintigraphy groin,0.1-1mSv☢☢,,May be appropriate
1410,Gyn and OB,"Vulvar cancer, primary tumor <=4cm, >1mm stromal invasion, confined to vulva or perineum, initial pretreatment staging",3194044,US duplex Doppler groin,0 mSvO,0 mSv [ped]O,Usually not appropriate
1411,Gyn and OB,"Vulvar cancer, primary tumor <=4cm, >1mm stromal invasion, confined to vulva or perineum, initial pretreatment staging",3194044,US-guided fine needle aspiration biopsy groin,0 mSvO,0 mSv [ped]O,Usually not appropriate
1412,Gyn and OB,"Vulvar cancer, primary tumor <=4cm, >1mm stromal invasion, confined to vulva or perineum, initial pretreatment staging",3194044,Radiography chest,<0.1 mSv☢,<0.03 mSv [ped]☢,Usually not appropriate
1413,Gyn and OB,"Vulvar cancer, primary tumor <=4cm, >1mm stromal invasion, confined to vulva or perineum, initial pretreatment staging",3194044,CT abdomen and pelvis with IV contrast,1-10 mSv☢☢☢,3-10 mSv [ped]☢☢☢☢,Usually not appropriate
1414,Gyn and OB,"Vulvar cancer, primary tumor <=4cm, >1mm stromal invasion, confined to vulva or perineum, initial pretreatment staging",3194044,CT abdomen and pelvis without IV contrast,1-10 mSv☢☢☢,3-10 mSv [ped]☢☢☢☢,Usually not appropriate
1415,Gyn and OB,"Vulvar cancer, primary tumor <=4cm, >1mm stromal invasion, confined to vulva or perineum, initial pretreatment staging",3194044,CT pelvis with IV contrast,1-10 mSv☢☢☢,3-10 mSv [ped]☢☢☢☢,Usually not appropriate
1416,Gyn and OB,"Vulvar cancer, primary tumor <=4cm, >1mm stromal invasion, confined to vulva or perineum, initial pretreatment staging",3194044,CT pelvis without IV contrast,1-10 mSv☢☢☢,3-10 mSv [ped]☢☢☢☢,Usually not appropriate
1417,Gyn and OB,"Vulvar cancer, primary tumor <=4cm, >1mm stromal invasion, confined to vulva or perineum, initial pretreatment staging",3194044,CT abdomen and pelvis without and with IV contrast,10-30 mSv☢☢☢☢,10-30 mSv [ped]☢☢☢☢☢,Usually not appropriate
1418,Gyn and OB,"Vulvar cancer, primary tumor <=4cm, >1mm stromal invasion, confined to vulva or perineum, initial pretreatment staging",3194044,CT chest abdomen pelvis with IV contrast,10-30 mSv☢☢☢☢,3-10 mSv [ped]☢☢☢☢,Usually not appropriate
1419,Gyn and OB,"Vulvar cancer, primary tumor <=4cm, >1mm stromal invasion, confined to vulva or perineum, initial pretreatment staging",3194044,CT chest abdomen pelvis without and with IV contrast,10-30 mSv☢☢☢☢,10-30 mSv [ped]☢☢☢☢☢,Usually not appropriate
1420,Gyn and OB,"Vulvar cancer, primary tumor <=4cm, >1mm stromal invasion, confined to vulva or perineum, initial pretreatment staging",3194044,CT chest abdomen pelvis without IV contrast,10-30 mSv☢☢☢☢,3-10 mSv [ped]☢☢☢☢,Usually not appropriate
1421,Gyn and OB,"Vulvar cancer, primary tumor <=4cm, >1mm stromal invasion, confined to vulva or perineum, initial pretreatment staging",3194044,CT pelvis without and with IV contrast,10-30 mSv☢☢☢☢,3-10 mSv [ped]☢☢☢☢,Usually not appropriate
1422,Gyn and OB,"Vulvar cancer, primary tumor <=4cm, >1mm stromal invasion, confined to vulva or perineum, initial pretreatment staging",3194044,FDG-PET/CT skull base to mid-thigh,10-30 mSv☢☢☢☢,3-10 mSv [ped]☢☢☢☢,Usually not appropriate
1423,Gyn and OB,"Vulvar cancer, primary tumor <=4cm, >1mm stromal invasion, minimal involvement of urethra or vagina or anus, initial pretreatment staging",3194045,MRI pelvis without and with IV contrast,0 mSvO,0 mSv [ped]O,Usually appropriate
1424,Gyn and OB,"Vulvar cancer, primary tumor <=4cm, >1mm stromal invasion, minimal involvement of urethra or vagina or anus, initial pretreatment staging",3194045,US duplex Doppler and US-guided fine-needle aspiration biopsy groin,0 mSvO,0 mSv [ped]O,May be appropriate
1425,Gyn and OB,"Vulvar cancer, primary tumor <=4cm, >1mm stromal invasion, minimal involvement of urethra or vagina or anus, initial pretreatment staging",3194045,MRI pelvis without IV contrast,0 mSvO,0 mSv [ped]O,May be appropriate (Disagreement)
1426,Gyn and OB,"Vulvar cancer, primary tumor <=4cm, >1mm stromal invasion, minimal involvement of urethra or vagina or anus, initial pretreatment staging",3194045,Lymphoscintigraphy groin,0.1-1mSv☢☢,,May be appropriate
1427,Gyn and OB,"Vulvar cancer, primary tumor <=4cm, >1mm stromal invasion, minimal involvement of urethra or vagina or anus, initial pretreatment staging",3194045,US duplex Doppler groin,0 mSvO,0 mSv [ped]O,Usually not appropriate
1428,Gyn and OB,"Vulvar cancer, primary tumor <=4cm, >1mm stromal invasion, minimal involvement of urethra or vagina or anus, initial pretreatment staging",3194045,US-guided fine needle aspiration biopsy groin,0 mSvO,0 mSv [ped]O,Usually not appropriate
1429,Gyn and OB,"Vulvar cancer, primary tumor <=4cm, >1mm stromal invasion, minimal involvement of urethra or vagina or anus, initial pretreatment staging",3194045,Radiography chest,<0.1 mSv☢,<0.03 mSv [ped]☢,Usually not appropriate
1430,Gyn and OB,"Vulvar cancer, primary tumor <=4cm, >1mm stromal invasion, minimal involvement of urethra or vagina or anus, initial pretreatment staging",3194045,CT abdomen and pelvis with IV contrast,1-10 mSv☢☢☢,3-10 mSv [ped]☢☢☢☢,Usually not appropriate
1431,Gyn and OB,"Vulvar cancer, primary tumor <=4cm, >1mm stromal invasion, minimal involvement of urethra or vagina or anus, initial pretreatment staging",3194045,CT abdomen and pelvis without IV contrast,1-10 mSv☢☢☢,3-10 mSv [ped]☢☢☢☢,Usually not appropriate
1432,Gyn and OB,"Vulvar cancer, primary tumor <=4cm, >1mm stromal invasion, minimal involvement of urethra or vagina or anus, initial pretreatment staging",3194045,CT pelvis with IV contrast,1-10 mSv☢☢☢,3-10 mSv [ped]☢☢☢☢,Usually not appropriate
1433,Gyn and OB,"Vulvar cancer, primary tumor <=4cm, >1mm stromal invasion, minimal involvement of urethra or vagina or anus, initial pretreatment staging",3194045,CT pelvis without IV contrast,1-10 mSv☢☢☢,3-10 mSv [ped]☢☢☢☢,Usually not appropriate
1434,Gyn and OB,"Vulvar cancer, primary tumor <=4cm, >1mm stromal invasion, minimal involvement of urethra or vagina or anus, initial pretreatment staging",3194045,CT abdomen and pelvis without and with IV contrast,10-30 mSv☢☢☢☢,10-30 mSv [ped]☢☢☢☢☢,Usually not appropriate
1435,Gyn and OB,"Vulvar cancer, primary tumor <=4cm, >1mm stromal invasion, minimal involvement of urethra or vagina or anus, initial pretreatment staging",3194045,CT chest abdomen pelvis with IV contrast,10-30 mSv☢☢☢☢,3-10 mSv [ped]☢☢☢☢,Usually not appropriate
1436,Gyn and OB,"Vulvar cancer, primary tumor <=4cm, >1mm stromal invasion, minimal involvement of urethra or vagina or anus, initial pretreatment staging",3194045,CT chest abdomen pelvis without and with IV contrast,10-30 mSv☢☢☢☢,10-30 mSv [ped]☢☢☢☢☢,Usually not appropriate
1437,Gyn and OB,"Vulvar cancer, primary tumor <=4cm, >1mm stromal invasion, minimal involvement of urethra or vagina or anus, initial pretreatment staging",3194045,CT chest abdomen pelvis without IV contrast,10-30 mSv☢☢☢☢,3-10 mSv [ped]☢☢☢☢,Usually not appropriate
1438,Gyn and OB,"Vulvar cancer, primary tumor <=4cm, >1mm stromal invasion, minimal involvement of urethra or vagina or anus, initial pretreatment staging",3194045,CT pelvis without and with IV contrast,10-30 mSv☢☢☢☢,3-10 mSv [ped]☢☢☢☢,Usually not appropriate
1439,Gyn and OB,"Vulvar cancer, primary tumor <=4cm, >1mm stromal invasion, minimal involvement of urethra or vagina or anus, initial pretreatment staging",3194045,FDG-PET/CT skull base to mid-thigh,10-30 mSv☢☢☢☢,3-10 mSv [ped]☢☢☢☢,Usually not appropriate
1440,Gyn and OB,"Vulvar cancer, primary tumor >4 cm, initial pretreatment staging",3194046,MRI pelvis without and with IV contrast,0 mSvO,0 mSv [ped]O,Usually appropriate
1441,Gyn and OB,"Vulvar cancer, primary tumor >4 cm, initial pretreatment staging",3194046,CT chest abdomen pelvis with IV contrast,10-30 mSv☢☢☢☢,3-10 mSv [ped]☢☢☢☢,Usually appropriate
1442,Gyn and OB,"Vulvar cancer, primary tumor >4 cm, initial pretreatment staging",3194046,FDG-PET/CT skull base to mid-thigh,10-30 mSv☢☢☢☢,3-10 mSv [ped]☢☢☢☢,Usually appropriate
1443,Gyn and OB,"Vulvar cancer, primary tumor >4 cm, initial pretreatment staging",3194046,US duplex Doppler and US-guided fine-needle aspiration biopsy groin,0 mSvO,0 mSv [ped]O,May be appropriate (Disagreement)
1444,Gyn and OB,"Vulvar cancer, primary tumor >4 cm, initial pretreatment staging",3194046,US-guided fine needle aspiration biopsy groin,0 mSvO,0 mSv [ped]O,May be appropriate (Disagreement)
1445,Gyn and OB,"Vulvar cancer, primary tumor >4 cm, initial pretreatment staging",3194046,MRI pelvis without IV contrast,0 mSvO,0 mSv [ped]O,May be appropriate
1446,Gyn and OB,"Vulvar cancer, primary tumor >4 cm, initial pretreatment staging",3194046,CT abdomen and pelvis with IV contrast,1-10 mSv☢☢☢,3-10 mSv [ped]☢☢☢☢,May be appropriate
1447,Gyn and OB,"Vulvar cancer, primary tumor >4 cm, initial pretreatment staging",3194046,CT abdomen and pelvis without IV contrast,1-10 mSv☢☢☢,3-10 mSv [ped]☢☢☢☢,May be appropriate (Disagreement)
1448,Gyn and OB,"Vulvar cancer, primary tumor >4 cm, initial pretreatment staging",3194046,CT pelvis with IV contrast,1-10 mSv☢☢☢,3-10 mSv [ped]☢☢☢☢,May be appropriate
1449,Gyn and OB,"Vulvar cancer, primary tumor >4 cm, initial pretreatment staging",3194046,CT chest abdomen pelvis without IV contrast,10-30 mSv☢☢☢☢,3-10 mSv [ped]☢☢☢☢,May be appropriate (Disagreement)
1450,Gyn and OB,"Vulvar cancer, primary tumor >4 cm, initial pretreatment staging",3194046,US duplex Doppler groin,0 mSvO,0 mSv [ped]O,Usually not appropriate
1451,Gyn and OB,"Vulvar cancer, primary tumor >4 cm, initial pretreatment staging",3194046,Radiography chest,<0.1 mSv☢,<0.03 mSv [ped]☢,Usually not appropriate
1452,Gyn and OB,"Vulvar cancer, primary tumor >4 cm, initial pretreatment staging",3194046,Lymphoscintigraphy groin,0.1-1mSv☢☢,,Usually not appropriate
1453,Gyn and OB,"Vulvar cancer, primary tumor >4 cm, initial pretreatment staging",3194046,CT pelvis without IV contrast,1-10 mSv☢☢☢,3-10 mSv [ped]☢☢☢☢,Usually not appropriate
1454,Gyn and OB,"Vulvar cancer, primary tumor >4 cm, initial pretreatment staging",3194046,CT abdomen and pelvis without and with IV contrast,10-30 mSv☢☢☢☢,10-30 mSv [ped]☢☢☢☢☢,Usually not appropriate
1455,Gyn and OB,"Vulvar cancer, primary tumor >4 cm, initial pretreatment staging",3194046,CT chest abdomen pelvis without and with IV contrast,10-30 mSv☢☢☢☢,10-30 mSv [ped]☢☢☢☢☢,Usually not appropriate
1456,Gyn and OB,"Vulvar cancer, primary tumor >4 cm, initial pretreatment staging",3194046,CT pelvis without and with IV contrast,10-30 mSv☢☢☢☢,3-10 mSv [ped]☢☢☢☢,Usually not appropriate
1457,Gyn and OB,"Vulvar cancer, primary tumor any size, more than minimal involvement of urethra or vagina or anus, initial pretreatment staging",3194047,MRI pelvis without and with IV contrast,0 mSvO,0 mSv [ped]O,Usually appropriate
1458,Gyn and OB,"Vulvar cancer, primary tumor any size, more than minimal involvement of urethra or vagina or anus, initial pretreatment staging",3194047,CT chest abdomen pelvis with IV contrast,10-30 mSv☢☢☢☢,3-10 mSv [ped]☢☢☢☢,Usually appropriate
1459,Gyn and OB,"Vulvar cancer, primary tumor any size, more than minimal involvement of urethra or vagina or anus, initial pretreatment staging",3194047,FDG-PET/CT skull base to mid-thigh,10-30 mSv☢☢☢☢,3-10 mSv [ped]☢☢☢☢,Usually appropriate
1460,Gyn and OB,"Vulvar cancer, primary tumor any size, more than minimal involvement of urethra or vagina or anus, initial pretreatment staging",3194047,US duplex Doppler and US-guided fine-needle aspiration biopsy groin,0 mSvO,0 mSv [ped]O,May be appropriate (Disagreement)
1461,Gyn and OB,"Vulvar cancer, primary tumor any size, more than minimal involvement of urethra or vagina or anus, initial pretreatment staging",3194047,US-guided fine needle aspiration biopsy groin,0 mSvO,0 mSv [ped]O,May be appropriate (Disagreement)
1462,Gyn and OB,"Vulvar cancer, primary tumor any size, more than minimal involvement of urethra or vagina or anus, initial pretreatment staging",3194047,MRI pelvis without IV contrast,0 mSvO,0 mSv [ped]O,May be appropriate
1463,Gyn and OB,"Vulvar cancer, primary tumor any size, more than minimal involvement of urethra or vagina or anus, initial pretreatment staging",3194047,CT abdomen and pelvis with IV contrast,1-10 mSv☢☢☢,3-10 mSv [ped]☢☢☢☢,May be appropriate
1464,Gyn and OB,"Vulvar cancer, primary tumor any size, more than minimal involvement of urethra or vagina or anus, initial pretreatment staging",3194047,CT abdomen and pelvis without IV contrast,1-10 mSv☢☢☢,3-10 mSv [ped]☢☢☢☢,May be appropriate (Disagreement)
1465,Gyn and OB,"Vulvar cancer, primary tumor any size, more than minimal involvement of urethra or vagina or anus, initial pretreatment staging",3194047,CT pelvis with IV contrast,1-10 mSv☢☢☢,3-10 mSv [ped]☢☢☢☢,May be appropriate
1466,Gyn and OB,"Vulvar cancer, primary tumor any size, more than minimal involvement of urethra or vagina or anus, initial pretreatment staging",3194047,CT chest abdomen pelvis without IV contrast,10-30 mSv☢☢☢☢,3-10 mSv [ped]☢☢☢☢,May be appropriate (Disagreement)
1467,Gyn and OB,"Vulvar cancer, primary tumor any size, more than minimal involvement of urethra or vagina or anus, initial pretreatment staging",3194047,US duplex Doppler groin,0 mSvO,0 mSv [ped]O,Usually not appropriate
1468,Gyn and OB,"Vulvar cancer, primary tumor any size, more than minimal involvement of urethra or vagina or anus, initial pretreatment staging",3194047,Radiography chest,<0.1 mSv☢,<0.03 mSv [ped]☢,Usually not appropriate
1469,Gyn and OB,"Vulvar cancer, primary tumor any size, more than minimal involvement of urethra or vagina or anus, initial pretreatment staging",3194047,Lymphoscintigraphy groin,0.1-1mSv☢☢,,Usually not appropriate
1470,Gyn and OB,"Vulvar cancer, primary tumor any size, more than minimal involvement of urethra or vagina or anus, initial pretreatment staging",3194047,CT pelvis without IV contrast,1-10 mSv☢☢☢,3-10 mSv [ped]☢☢☢☢,Usually not appropriate
1471,Gyn and OB,"Vulvar cancer, primary tumor any size, more than minimal involvement of urethra or vagina or anus, initial pretreatment staging",3194047,CT abdomen and pelvis without and with IV contrast,10-30 mSv☢☢☢☢,10-30 mSv [ped]☢☢☢☢☢,Usually not appropriate
1472,Gyn and OB,"Vulvar cancer, primary tumor any size, more than minimal involvement of urethra or vagina or anus, initial pretreatment staging",3194047,CT chest abdomen pelvis without and with IV contrast,10-30 mSv☢☢☢☢,10-30 mSv [ped]☢☢☢☢☢,Usually not appropriate
1473,Gyn and OB,"Vulvar cancer, primary tumor any size, more than minimal involvement of urethra or vagina or anus, initial pretreatment staging",3194047,CT pelvis without and with IV contrast,10-30 mSv☢☢☢☢,3-10 mSv [ped]☢☢☢☢,Usually not appropriate
1474,Gyn and OB,"Vulvar cancer, treated, recurrence suspected",3193993,MRI pelvis without and with IV contrast,0 mSvO,0 mSv [ped]O,Usually appropriate
1475,Gyn and OB,"Vulvar cancer, treated, recurrence suspected",3193993,CT chest abdomen pelvis with IV contrast,10-30 mSv☢☢☢☢,3-10 mSv [ped]☢☢☢☢,Usually appropriate
1476,Gyn and OB,"Vulvar cancer, treated, recurrence suspected",3193993,FDG-PET/CT skull base to mid-thigh,10-30 mSv☢☢☢☢,3-10 mSv [ped]☢☢☢☢,Usually appropriate
1477,Gyn and OB,"Vulvar cancer, treated, recurrence suspected",3193993,US duplex Doppler and US-guided fine-needle aspiration biopsy groin,0 mSvO,0 mSv [ped]O,May be appropriate (Disagreement)
1478,Gyn and OB,"Vulvar cancer, treated, recurrence suspected",3193993,US-guided fine needle aspiration biopsy groin,0 mSvO,0 mSv [ped]O,May be appropriate (Disagreement)
1479,Gyn and OB,"Vulvar cancer, treated, recurrence suspected",3193993,MRI pelvis without IV contrast,0 mSvO,0 mSv [ped]O,May be appropriate
1480,Gyn and OB,"Vulvar cancer, treated, recurrence suspected",3193993,CT abdomen and pelvis with IV contrast,1-10 mSv☢☢☢,3-10 mSv [ped]☢☢☢☢,May be appropriate
1481,Gyn and OB,"Vulvar cancer, treated, recurrence suspected",3193993,CT abdomen and pelvis without IV contrast,1-10 mSv☢☢☢,3-10 mSv [ped]☢☢☢☢,May be appropriate (Disagreement)
1482,Gyn and OB,"Vulvar cancer, treated, recurrence suspected",3193993,CT pelvis with IV contrast,1-10 mSv☢☢☢,3-10 mSv [ped]☢☢☢☢,May be appropriate (Disagreement)
1483,Gyn and OB,"Vulvar cancer, treated, recurrence suspected",3193993,CT pelvis without IV contrast,1-10 mSv☢☢☢,3-10 mSv [ped]☢☢☢☢,May be appropriate (Disagreement)
1484,Gyn and OB,"Vulvar cancer, treated, recurrence suspected",3193993,CT chest abdomen pelvis without IV contrast,10-30 mSv☢☢☢☢,3-10 mSv [ped]☢☢☢☢,May be appropriate (Disagreement)
1485,Gyn and OB,"Vulvar cancer, treated, recurrence suspected",3193993,US duplex Doppler groin,0 mSvO,0 mSv [ped]O,Usually not appropriate
1486,Gyn and OB,"Vulvar cancer, treated, recurrence suspected",3193993,Radiography chest,<0.1 mSv☢,<0.03 mSv [ped]☢,Usually not appropriate
1487,Gyn and OB,"Vulvar cancer, treated, recurrence suspected",3193993,CT abdomen and pelvis without and with IV contrast,10-30 mSv☢☢☢☢,10-30 mSv [ped]☢☢☢☢☢,Usually not appropriate
1488,Gyn and OB,"Vulvar cancer, treated, recurrence suspected",3193993,CT chest abdomen pelvis without and with IV contrast,10-30 mSv☢☢☢☢,10-30 mSv [ped]☢☢☢☢☢,Usually not appropriate
1489,Gyn and OB,"Vulvar cancer, treated, recurrence suspected",3193993,CT pelvis without and with IV contrast,10-30 mSv☢☢☢☢,3-10 mSv [ped]☢☢☢☢,Usually not appropriate
1490,Gyn and OB,"Vulvar pain, chronic, post-menopausal",3148586,US duplex Doppler pelvis,0 mSvO,0 mSv [ped]O,Usually appropriate
1491,Gyn and OB,"Vulvar pain, chronic, post-menopausal",3148586,US pelvis transabdominal,0 mSvO,0 mSv [ped]O,Usually appropriate
1492,Gyn and OB,"Vulvar pain, chronic, post-menopausal",3148586,US pelvis transvaginal,0 mSvO,0 mSv [ped]O,Usually appropriate
1493,Gyn and OB,"Vulvar pain, chronic, post-menopausal",3148586,MRI pelvis without and with IV contrast,0 mSvO,0 mSv [ped]O,May be appropriate
1494,Gyn and OB,"Vulvar pain, chronic, post-menopausal",3148586,MRI pelvis without IV contrast,0 mSvO,0 mSv [ped]O,May be appropriate (Disagreement)
1495,Gyn and OB,"Vulvar pain, chronic, post-menopausal",3148586,Radiography abdomen and pelvis,1-10 mSv☢☢☢,0.3-3 mSv [ped]☢☢☢,Usually not appropriate
1496,Gyn and OB,"Vulvar pain, chronic, post-menopausal",3148586,CT abdomen and pelvis with IV contrast,1-10 mSv☢☢☢,3-10 mSv [ped]☢☢☢☢,Usually not appropriate
1497,Gyn and OB,"Vulvar pain, chronic, post-menopausal",3148586,CT abdomen and pelvis without IV contrast,1-10 mSv☢☢☢,3-10 mSv [ped]☢☢☢☢,Usually not appropriate
1498,Gyn and OB,"Vulvar pain, chronic, post-menopausal",3148586,CT pelvis with IV contrast,1-10 mSv☢☢☢,3-10 mSv [ped]☢☢☢☢,Usually not appropriate
1499,Gyn and OB,"Vulvar pain, chronic, post-menopausal",3148586,CT pelvis without IV contrast,1-10 mSv☢☢☢,3-10 mSv [ped]☢☢☢☢,Usually not appropriate
1500,Gyn and OB,"Vulvar pain, chronic, post-menopausal",3148586,CT abdomen and pelvis without and with IV contrast,10-30 mSv☢☢☢☢,10-30 mSv [ped]☢☢☢☢☢,Usually not appropriate
1501,Gyn and OB,"Vulvar pain, chronic, post-menopausal",3148586,CT pelvis without and with IV contrast,10-30 mSv☢☢☢☢,3-10 mSv [ped]☢☢☢☢,Usually not appropriate
