,panel,scenario-text,scenario-id,procedure,adult-rrl,peds-rrl,appropriateness
0,Interventional Radiology,"AAA, f/u after repair (open or endovasc)",3079770,MRA abdomen and pelvis without and with IV contrast,0 mSvO,0 mSv [ped]O,Usually appropriate
1,Interventional Radiology,"AAA, f/u after repair (open or endovasc)",3079770,CTA abdomen and pelvis with IV contrast,10-30 mSv☢☢☢☢,,Usually appropriate
2,Interventional Radiology,"AAA, f/u after repair (open or endovasc)",3079770,US duplex Doppler aorta abdomen,0 mSvO,0 mSv [ped]O,May be appropriate
3,Interventional Radiology,"AAA, f/u after repair (open or endovasc)",3079770,Aortography abdomen,1-10 mSv☢☢☢,,May be appropriate
4,Interventional Radiology,"AAA, f/u after repair (open or endovasc)",3079770,Radiography abdomen and pelvis,1-10 mSv☢☢☢,0.3-3 mSv [ped]☢☢☢,May be appropriate
5,Interventional Radiology,"AAA, f/u after repair (open or endovasc)",3079770,MRA abdomen and pelvis without IV contrast,0 mSvO,0 mSv [ped]O,May be appropriate
6,Interventional Radiology,"AAA, f/u after repair (open or endovasc)",3079770,CT abdomen and pelvis with IV contrast,1-10 mSv☢☢☢,3-10 mSv [ped]☢☢☢☢,May be appropriate (Disagreement)
7,Interventional Radiology,"AAA, f/u after repair (open or endovasc)",3079770,CT abdomen and pelvis without IV contrast,1-10 mSv☢☢☢,3-10 mSv [ped]☢☢☢☢,May be appropriate
8,Interventional Radiology,"AAA, f/u after repair (open or endovasc)",3079770,CT abdomen and pelvis without and with IV contrast,10-30 mSv☢☢☢☢,10-30 mSv [ped]☢☢☢☢☢,May be appropriate
9,Interventional Radiology,"AAA, f/u after repair (open or endovasc)",3079770,CT abdomen and pelvis without IV contrast and US aorta abdomen with duplex Doppler,10-30 mSv☢☢☢☢,3-10 mSv [ped]☢☢☢☢,May be appropriate
10,Interventional Radiology,"AAA, pre-op planning (open or endovasc)",3079769,MRA abdomen and pelvis without and with IV contrast,0 mSvO,0 mSv [ped]O,Usually appropriate
11,Interventional Radiology,"AAA, pre-op planning (open or endovasc)",3079769,CTA abdomen and pelvis with IV contrast,10-30 mSv☢☢☢☢,,Usually appropriate
12,Interventional Radiology,"AAA, pre-op planning (open or endovasc)",3079769,Aortography abdomen,1-10 mSv☢☢☢,,May be appropriate
13,Interventional Radiology,"AAA, pre-op planning (open or endovasc)",3079769,MRA abdomen and pelvis without IV contrast,0 mSvO,0 mSv [ped]O,May be appropriate
14,Interventional Radiology,"AAA, pre-op planning (open or endovasc)",3079769,CT abdomen and pelvis with IV contrast,1-10 mSv☢☢☢,3-10 mSv [ped]☢☢☢☢,May be appropriate
15,Interventional Radiology,"AAA, pre-op planning (open or endovasc)",3079769,CT abdomen and pelvis without IV contrast,1-10 mSv☢☢☢,3-10 mSv [ped]☢☢☢☢,May be appropriate
16,Interventional Radiology,"AAA, pre-op planning (open or endovasc)",3079769,CT abdomen and pelvis without and with IV contrast,10-30 mSv☢☢☢☢,10-30 mSv [ped]☢☢☢☢☢,May be appropriate
17,Interventional Radiology,"AAA, pre-op planning (open or endovasc)",3079769,US duplex Doppler aorta abdomen,0 mSvO,0 mSv [ped]O,Usually not appropriate
18,Interventional Radiology,"AAA, pre-op planning (open or endovasc)",3079769,Radiography abdomen and pelvis,1-10 mSv☢☢☢,0.3-3 mSv [ped]☢☢☢,Usually not appropriate
19,Interventional Radiology,"AAA, pre-op planning (open or endovasc)",3079769,CT abdomen and pelvis without IV contrast and US aorta abdomen with duplex Doppler,10-30 mSv☢☢☢☢,3-10 mSv [ped]☢☢☢☢,Usually not appropriate
20,Interventional Radiology,"Abdominal pain after meals and CTA showing widely patent origins of SMA and IMA, with compression of the celiac origin by the median arcuate ligament. Initial therapy.",3195695,Surgery with median arcuate ligament release,,,Usually appropriate
21,Interventional Radiology,"Abdominal pain after meals and CTA showing widely patent origins of SMA and IMA, with compression of the celiac origin by the median arcuate ligament. Initial therapy.",3195695,Mesenteric angiography in lateral projection during both inspiration and expiration,,,Usually appropriate
22,Interventional Radiology,"Abdominal pain after meals and CTA showing widely patent origins of SMA and IMA, with compression of the celiac origin by the median arcuate ligament. Initial therapy.",3195695,Supportive measures only,,,May be appropriate
23,Interventional Radiology,"Abdominal pain after meals and CTA showing widely patent origins of SMA and IMA, with compression of the celiac origin by the median arcuate ligament. Initial therapy.",3195695,Percutaneous transluminal angioplasty with stent placement,,,May be appropriate
24,Interventional Radiology,"Abdominal pain after meals and CTA showing widely patent origins of SMA and IMA, with compression of the celiac origin by the median arcuate ligament. Initial therapy.",3195695,Systemic anticoagulation,,,Usually not appropriate
25,Interventional Radiology,"Abnormal skin changes associated with the upper or lower extremity hemodialysis access cannulation site, including marked thinning, ulceration, eschar formation, spontaneous bleeding, pseudoaneurysm formation, superficial or deep infection. Treatment and procedures.",3196515,Surgical consultation,,,Usually appropriate
26,Interventional Radiology,"Abnormal skin changes associated with the upper or lower extremity hemodialysis access cannulation site, including marked thinning, ulceration, eschar formation, spontaneous bleeding, pseudoaneurysm formation, superficial or deep infection. Treatment and procedures.",3196515,Placement of a new tunneled dialysis catheter,,,Usually appropriate
27,Interventional Radiology,"Abnormal skin changes associated with the upper or lower extremity hemodialysis access cannulation site, including marked thinning, ulceration, eschar formation, spontaneous bleeding, pseudoaneurysm formation, superficial or deep infection. Treatment and procedures.",3196515,Fluoroscopy fistulography hemodialysis access with intervention,,,May be appropriate
28,Interventional Radiology,"Abnormal skin changes associated with the upper or lower extremity hemodialysis access cannulation site, including marked thinning, ulceration, eschar formation, spontaneous bleeding, pseudoaneurysm formation, superficial or deep infection. Treatment and procedures.",3196515,Continued hemodialysis access use with surveillance,,,Usually not appropriate
29,Interventional Radiology,"Asymptomatic, osteoporotic VCF. Initial treatment.",3196005,Medical management only,,,Usually appropriate
30,Interventional Radiology,"Asymptomatic, osteoporotic VCF. Initial treatment.",3196005,Percutaneous ablation spine,,,Usually not appropriate
31,Interventional Radiology,"Asymptomatic, osteoporotic VCF. Initial treatment.",3196005,Percutaneous vertebral augmentation,,,Usually not appropriate
32,Interventional Radiology,"Asymptomatic, osteoporotic VCF. Initial treatment.",3196005,Radiation oncology consultation,,,Usually not appropriate
33,Interventional Radiology,"Asymptomatic, osteoporotic VCF. Initial treatment.",3196005,Surgical consultation,,,Usually not appropriate
34,Interventional Radiology,"AVF, lower extremity, not mature 2 mos after created, initial imaging, guide IR therapy",3196486,US duplex Doppler hemodialysis access lower extremity,0 mSvO,0 mSv [ped]O,Usually appropriate
35,Interventional Radiology,"AVF, lower extremity, not mature 2 mos after created, initial imaging, guide IR therapy",3196486,Fluoroscopy fistulography hemodialysis access lower extremity,1-10 mSv☢☢☢,,Usually appropriate
36,Interventional Radiology,"AVF, lower extremity, not mature 2 mos after created, initial imaging, guide IR therapy",3196486,CTV lower extremity with IV contrast,10-30 mSv☢☢☢☢,,Usually not appropriate
37,Interventional Radiology,"AVF, lower extremity, not mature 2 mos after created, initial imaging, guide IR therapy",3196486,MRA lower extremity without and with IV contrast,0 mSvO,0 mSv [ped]O,Usually not appropriate
38,Interventional Radiology,"AVF, lower extremity, not mature 2 mos after created, initial imaging, guide IR therapy",3196486,MRA lower extremity without IV contrast,0 mSvO,0 mSv [ped]O,Usually not appropriate
39,Interventional Radiology,"AVF, lower extremity, not mature 2 mos after created, initial imaging, guide IR therapy",3196486,MRV lower extremity without and with IV contrast,0 mSvO,0 mSv [ped]O,Usually not appropriate
40,Interventional Radiology,"AVF, lower extremity, not mature 2 mos after created, initial imaging, guide IR therapy",3196486,CTA lower extremity with IV contrast,1-10 mSv☢☢☢,3-10 mSv [ped]☢☢☢☢,Usually not appropriate
41,Interventional Radiology,"AVF, lower extremity, not mature 2 mos after created, initial imaging, guide IR therapy",3196486,MRV lower extremity without IV contrast,0 mSvO,0 mSv [ped]O,Usually not appropriate
42,Interventional Radiology,"AVF, upper extremity, not mature 2 mos after created, initial imaging, guide IR therapy",3196487,Fluoroscopy fistulography hemodialysis access upper extremity,1-10 mSv☢☢☢,,Usually appropriate
43,Interventional Radiology,"AVF, upper extremity, not mature 2 mos after created, initial imaging, guide IR therapy",3196487,US duplex Doppler hemodialysis access upper extremity,0 mSvO,0 mSv [ped]O,Usually appropriate
44,Interventional Radiology,"AVF, upper extremity, not mature 2 mos after created, initial imaging, guide IR therapy",3196487,CTV upper extremity with IV contrast,10-30 mSv☢☢☢☢,,Usually not appropriate
45,Interventional Radiology,"AVF, upper extremity, not mature 2 mos after created, initial imaging, guide IR therapy",3196487,MRA upper extremity without and with IV contrast,0 mSvO,0 mSv [ped]O,Usually not appropriate
46,Interventional Radiology,"AVF, upper extremity, not mature 2 mos after created, initial imaging, guide IR therapy",3196487,MRA upper extremity without IV contrast,0 mSvO,0 mSv [ped]O,Usually not appropriate
47,Interventional Radiology,"AVF, upper extremity, not mature 2 mos after created, initial imaging, guide IR therapy",3196487,MRV upper extremity without and with IV contrast,0 mSvO,0 mSv [ped]O,Usually not appropriate
48,Interventional Radiology,"AVF, upper extremity, not mature 2 mos after created, initial imaging, guide IR therapy",3196487,CTA upper extremity with IV contrast,1-10 mSv☢☢☢,,Usually not appropriate
49,Interventional Radiology,"AVF, upper extremity, not mature 2 mos after created, initial imaging, guide IR therapy",3196487,MRV upper extremity without IV contrast,0 mSvO,0 mSv [ped]O,Usually not appropriate
50,Interventional Radiology,"Benign VCF with worsening pain, or deformity, or pulmonary dysfunction. Initial treatment.",3196011,Percutaneous vertebral augmentation,,,Usually appropriate
51,Interventional Radiology,"Benign VCF with worsening pain, or deformity, or pulmonary dysfunction. Initial treatment.",3196011,Surgical consultation,,,Usually appropriate
52,Interventional Radiology,"Benign VCF with worsening pain, or deformity, or pulmonary dysfunction. Initial treatment.",3196011,Medical management only,,,May be appropriate
53,Interventional Radiology,"Benign VCF with worsening pain, or deformity, or pulmonary dysfunction. Initial treatment.",3196011,Percutaneous ablation spine,,,Usually not appropriate
54,Interventional Radiology,"Benign VCF with worsening pain, or deformity, or pulmonary dysfunction. Initial treatment.",3196011,Radiation oncology consultation,,,Usually not appropriate
55,Interventional Radiology,"Benign VCF with worsening pain, or deformity, or pulmonary dysfunction. Initial treatment.",3196011,Systemic radionuclide therapy,,,Usually not appropriate
56,Interventional Radiology,"Clinical suspicion of central venous stenosis or occlusion suggested by swelling (ie, soft tissue edema) of the extremity ipsilateral to the upper or lower extremity hemodialysis access, with or without the development of venous collaterals. Treatment and procedures.",3196496,Fluoroscopy fistulography hemodialysis access with intervention,,,Usually appropriate
57,Interventional Radiology,"Clinical suspicion of central venous stenosis or occlusion suggested by swelling (ie, soft tissue edema) of the extremity ipsilateral to the upper or lower extremity hemodialysis access, with or without the development of venous collaterals. Treatment and procedures.",3196496,Continued hemodialysis access use with surveillance,,,May be appropriate
58,Interventional Radiology,"Clinical suspicion of central venous stenosis or occlusion suggested by swelling (ie, soft tissue edema) of the extremity ipsilateral to the upper or lower extremity hemodialysis access, with or without the development of venous collaterals. Treatment and procedures.",3196496,US duplex Doppler hemodialysis access area of interest,0 mSvO,0 mSv [ped]O,Usually not appropriate
59,Interventional Radiology,"Clinical suspicion of central venous stenosis or occlusion suggested by swelling (ie, soft tissue edema) of the extremity ipsilateral to the upper or lower extremity hemodialysis access, with or without the development of venous collaterals. Treatment and procedures.",3196496,Placement of a new tunneled dialysis catheter,,,Usually not appropriate
60,Interventional Radiology,"Clinical suspicion of central venous stenosis or occlusion suggested by swelling (ie, soft tissue edema) of the extremity ipsilateral to the upper or lower extremity hemodialysis access, with or without the development of venous collaterals. Treatment and procedures.",3196496,Surgical consultation,,,Usually not appropriate
61,Interventional Radiology,"Device selection: Acutely ill patient requiring infusion of vesicant medication, hemodynamic monitoring, and frequent blood draws for 2 weeks or shorter.",3195968,Nontunneled central venous catheter,,,Usually appropriate
62,Interventional Radiology,"Device selection: Acutely ill patient requiring infusion of vesicant medication, hemodynamic monitoring, and frequent blood draws for 2 weeks or shorter.",3195968,PICC,,,Usually appropriate
63,Interventional Radiology,"Device selection: Acutely ill patient requiring infusion of vesicant medication, hemodynamic monitoring, and frequent blood draws for 2 weeks or shorter.",3195968,Midline catheter,,,May be appropriate
64,Interventional Radiology,"Device selection: Acutely ill patient requiring infusion of vesicant medication, hemodynamic monitoring, and frequent blood draws for 2 weeks or shorter.",3195968,Tunneled central venous catheter,,,May be appropriate
65,Interventional Radiology,"Device selection: Acutely ill patient requiring infusion of vesicant medication, hemodynamic monitoring, and frequent blood draws for 2 weeks or shorter.",3195968,Arm port,,,Usually not appropriate
66,Interventional Radiology,"Device selection: Acutely ill patient requiring infusion of vesicant medication, hemodynamic monitoring, and frequent blood draws for 2 weeks or shorter.",3195968,Chest port,,,Usually not appropriate
67,Interventional Radiology,Device selection: Patient requiring continuous or very frequent intravenous administration of intravenous medications (excluding total parenteral nutrition) for more than 2 weeks.,3195976,PICC,,,Usually appropriate
68,Interventional Radiology,Device selection: Patient requiring continuous or very frequent intravenous administration of intravenous medications (excluding total parenteral nutrition) for more than 2 weeks.,3195976,Tunneled central venous catheter,,,Usually appropriate
69,Interventional Radiology,Device selection: Patient requiring continuous or very frequent intravenous administration of intravenous medications (excluding total parenteral nutrition) for more than 2 weeks.,3195976,Chest port,,,May be appropriate
70,Interventional Radiology,Device selection: Patient requiring continuous or very frequent intravenous administration of intravenous medications (excluding total parenteral nutrition) for more than 2 weeks.,3195976,Arm port,,,May be appropriate
71,Interventional Radiology,Device selection: Patient requiring continuous or very frequent intravenous administration of intravenous medications (excluding total parenteral nutrition) for more than 2 weeks.,3195976,Nontunneled central venous catheter,,,Usually not appropriate
72,Interventional Radiology,Device selection: Patient requiring long term total parenteral nutrition and another indication for central access.,3195978,Tunneled central venous catheter double lumen,,,Usually appropriate
73,Interventional Radiology,Device selection: Patient requiring long term total parenteral nutrition and another indication for central access.,3195978,Double lumen PICC,,,Usually appropriate
74,Interventional Radiology,Device selection: Patient requiring long term total parenteral nutrition and another indication for central access.,3195978,Single lumen PICC,,,May be appropriate
75,Interventional Radiology,Device selection: Patient requiring long term total parenteral nutrition and another indication for central access.,3195978,Tunneled central venous catheter single lumen,,,May be appropriate
76,Interventional Radiology,Device selection: Patient requiring long term total parenteral nutrition and another indication for central access.,3195978,Chest port,,,May be appropriate
77,Interventional Radiology,Device selection: Patient requiring long term total parenteral nutrition and another indication for central access.,3195978,Arm port,,,Usually not appropriate
78,Interventional Radiology,"Device selection: Patient with acute renal failure requiring central venous access for renal replacement therapy, anticipated duration of therapy for 2 weeks or shorter.",3195970,Nontunneled dialysis catheter,,,Usually appropriate
79,Interventional Radiology,"Device selection: Patient with acute renal failure requiring central venous access for renal replacement therapy, anticipated duration of therapy for 2 weeks or shorter.",3195970,Tunneled dialysis catheter,,,Usually appropriate
80,Interventional Radiology,"Device selection: Patient with acute renal failure requiring central venous access for renal replacement therapy, anticipated duration of therapy for 2 weeks or shorter.",3195970,Arm port,,,Usually not appropriate
81,Interventional Radiology,"Device selection: Patient with acute renal failure requiring central venous access for renal replacement therapy, anticipated duration of therapy for 2 weeks or shorter.",3195970,Chest port,,,Usually not appropriate
82,Interventional Radiology,"Device selection: Patient with acute renal failure requiring central venous access for renal replacement therapy, anticipated duration of therapy for 2 weeks or shorter.",3195970,PICC,,,Usually not appropriate
83,Interventional Radiology,Device selection: Patient with cancer diagnosis requiring central venous access for weekly chemotherapy infusion for more than 2 weeks.,3195974,Chest port,,,Usually appropriate
84,Interventional Radiology,Device selection: Patient with cancer diagnosis requiring central venous access for weekly chemotherapy infusion for more than 2 weeks.,3195974,Arm port,,,Usually appropriate
85,Interventional Radiology,Device selection: Patient with cancer diagnosis requiring central venous access for weekly chemotherapy infusion for more than 2 weeks.,3195974,PICC,,,May be appropriate
86,Interventional Radiology,Device selection: Patient with cancer diagnosis requiring central venous access for weekly chemotherapy infusion for more than 2 weeks.,3195974,Tunneled central venous catheter,,,May be appropriate
87,Interventional Radiology,Device selection: Patient with cancer diagnosis requiring central venous access for weekly chemotherapy infusion for more than 2 weeks.,3195974,Nontunneled central venous catheter,,,Usually not appropriate
88,Interventional Radiology,Device selection: Patient with Chronic Kidney Disease requiring central venous catheter IV infusions for more than 2 weeks.,3195980,Tunneled central venous catheter single lumen,,,Usually appropriate
89,Interventional Radiology,Device selection: Patient with Chronic Kidney Disease requiring central venous catheter IV infusions for more than 2 weeks.,3195980,Tunneled central venous catheter double lumen,,,Usually appropriate
90,Interventional Radiology,Device selection: Patient with Chronic Kidney Disease requiring central venous catheter IV infusions for more than 2 weeks.,3195980,Chest port via internal jugular vein,,,May be appropriate
91,Interventional Radiology,Device selection: Patient with Chronic Kidney Disease requiring central venous catheter IV infusions for more than 2 weeks.,3195980,Chest port via subclavian vein,,,Usually not appropriate
92,Interventional Radiology,Device selection: Patient with Chronic Kidney Disease requiring central venous catheter IV infusions for more than 2 weeks.,3195980,Arm port,,,Usually not appropriate
93,Interventional Radiology,Device selection: Patient with Chronic Kidney Disease requiring central venous catheter IV infusions for more than 2 weeks.,3195980,PICC,,,Usually not appropriate
94,Interventional Radiology,"Device selection: Patient with renal failure requiring central venous access for renal replacement therapy, anticipated duration of therapy for more than 2 weeks.",3195972,Tunneled dialysis catheter,,,Usually appropriate
95,Interventional Radiology,"Device selection: Patient with renal failure requiring central venous access for renal replacement therapy, anticipated duration of therapy for more than 2 weeks.",3195972,Nontunneled dialysis catheter,,,May be appropriate
96,Interventional Radiology,"Device selection: Patient with renal failure requiring central venous access for renal replacement therapy, anticipated duration of therapy for more than 2 weeks.",3195972,Arm port,,,Usually not appropriate
97,Interventional Radiology,"Device selection: Patient with renal failure requiring central venous access for renal replacement therapy, anticipated duration of therapy for more than 2 weeks.",3195972,Chest port,,,Usually not appropriate
98,Interventional Radiology,"Device selection: Patient with renal failure requiring central venous access for renal replacement therapy, anticipated duration of therapy for more than 2 weeks.",3195972,PICC,,,Usually not appropriate
99,Interventional Radiology,"Ductal cholangiocarcinoma: Hilar cholangiocarcinoma, greater than 3 cm with poorly defined margins, vascular invasion, and periportal lymphadenopathy.",3195323,Systemic therapies,,,Usually appropriate
100,Interventional Radiology,"Ductal cholangiocarcinoma: Hilar cholangiocarcinoma, greater than 3 cm with poorly defined margins, vascular invasion, and periportal lymphadenopathy.",3195323,Transarterial radioembolization,,,May be appropriate
101,Interventional Radiology,"Ductal cholangiocarcinoma: Hilar cholangiocarcinoma, greater than 3 cm with poorly defined margins, vascular invasion, and periportal lymphadenopathy.",3195323,External beam radiation therapy,,,May be appropriate
102,Interventional Radiology,"Ductal cholangiocarcinoma: Hilar cholangiocarcinoma, greater than 3 cm with poorly defined margins, vascular invasion, and periportal lymphadenopathy.",3195323,Bland transarterial embolization,,,Usually not appropriate
103,Interventional Radiology,"Ductal cholangiocarcinoma: Hilar cholangiocarcinoma, greater than 3 cm with poorly defined margins, vascular invasion, and periportal lymphadenopathy.",3195323,Transarterial chemoembolization,,,Usually not appropriate
104,Interventional Radiology,"Ductal cholangiocarcinoma: Hilar cholangiocarcinoma, greater than 3 cm with poorly defined margins, vascular invasion, and periportal lymphadenopathy.",3195323,Percutaneous ablation liver,,,Usually not appropriate
105,Interventional Radiology,"Ductal cholangiocarcinoma: Hilar cholangiocarcinoma, greater than 3 cm with poorly defined margins, vascular invasion, and periportal lymphadenopathy.",3195323,Surgical liver resection,,,Usually not appropriate
106,Interventional Radiology,"Ductal cholangiocarcinoma: Hilar cholangiocarcinoma, greater than 3 cm with poorly defined margins, vascular invasion, and periportal lymphadenopathy.",3195323,Liver transplantation,,,Usually not appropriate
107,Interventional Radiology,Failure of an upper or lower extremity arteriovenous fistula to mature within 2 months after creation. Treatment and procedures.,3196489,Fluoroscopy fistulography hemodialysis access with intervention,,,Usually appropriate
108,Interventional Radiology,Failure of an upper or lower extremity arteriovenous fistula to mature within 2 months after creation. Treatment and procedures.,3196489,Surgical consultation,,,Usually appropriate
109,Interventional Radiology,Failure of an upper or lower extremity arteriovenous fistula to mature within 2 months after creation. Treatment and procedures.,3196489,US duplex Doppler hemodialysis access area of interest,0 mSvO,0 mSv [ped]O,Usually appropriate
110,Interventional Radiology,Failure of an upper or lower extremity arteriovenous fistula to mature within 2 months after creation. Treatment and procedures.,3196489,Placement of a new tunneled dialysis catheter,,,May be appropriate
111,Interventional Radiology,"Hemodialysis access cannulation site, lower extremity, abnormal skin changes, initial imaging, guide IR therapy",3196498,US duplex Doppler hemodialysis access lower extremity,0 mSvO,0 mSv [ped]O,Usually appropriate
112,Interventional Radiology,"Hemodialysis access cannulation site, lower extremity, abnormal skin changes, initial imaging, guide IR therapy",3196498,Fluoroscopy fistulography hemodialysis access lower extremity,1-10 mSv☢☢☢,,May be appropriate
113,Interventional Radiology,"Hemodialysis access cannulation site, lower extremity, abnormal skin changes, initial imaging, guide IR therapy",3196498,CTV lower extremity with IV contrast,10-30 mSv☢☢☢☢,,Usually not appropriate
114,Interventional Radiology,"Hemodialysis access cannulation site, lower extremity, abnormal skin changes, initial imaging, guide IR therapy",3196498,MRA lower extremity without and with IV contrast,0 mSvO,0 mSv [ped]O,Usually not appropriate
115,Interventional Radiology,"Hemodialysis access cannulation site, lower extremity, abnormal skin changes, initial imaging, guide IR therapy",3196498,CTA lower extremity with IV contrast,1-10 mSv☢☢☢,3-10 mSv [ped]☢☢☢☢,Usually not appropriate
116,Interventional Radiology,"Hemodialysis access cannulation site, lower extremity, abnormal skin changes, initial imaging, guide IR therapy",3196498,MRA lower extremity without IV contrast,0 mSvO,0 mSv [ped]O,Usually not appropriate
117,Interventional Radiology,"Hemodialysis access cannulation site, lower extremity, abnormal skin changes, initial imaging, guide IR therapy",3196498,MRV lower extremity without and with IV contrast,0 mSvO,0 mSv [ped]O,Usually not appropriate
118,Interventional Radiology,"Hemodialysis access cannulation site, lower extremity, abnormal skin changes, initial imaging, guide IR therapy",3196498,MRV lower extremity without IV contrast,0 mSvO,0 mSv [ped]O,Usually not appropriate
119,Interventional Radiology,"Hemodialysis access cannulation site, lower extremity, deep infection, initial imaging, guide IR therapy",3196506,US duplex Doppler hemodialysis access lower extremity,0 mSvO,0 mSv [ped]O,Usually appropriate
120,Interventional Radiology,"Hemodialysis access cannulation site, lower extremity, deep infection, initial imaging, guide IR therapy",3196506,Fluoroscopy fistulography hemodialysis access lower extremity,1-10 mSv☢☢☢,,May be appropriate
121,Interventional Radiology,"Hemodialysis access cannulation site, lower extremity, deep infection, initial imaging, guide IR therapy",3196506,CTV lower extremity with IV contrast,10-30 mSv☢☢☢☢,,Usually not appropriate
122,Interventional Radiology,"Hemodialysis access cannulation site, lower extremity, deep infection, initial imaging, guide IR therapy",3196506,MRA lower extremity without and with IV contrast,0 mSvO,0 mSv [ped]O,Usually not appropriate
123,Interventional Radiology,"Hemodialysis access cannulation site, lower extremity, deep infection, initial imaging, guide IR therapy",3196506,CTA lower extremity with IV contrast,1-10 mSv☢☢☢,3-10 mSv [ped]☢☢☢☢,Usually not appropriate
124,Interventional Radiology,"Hemodialysis access cannulation site, lower extremity, deep infection, initial imaging, guide IR therapy",3196506,MRA lower extremity without IV contrast,0 mSvO,0 mSv [ped]O,Usually not appropriate
125,Interventional Radiology,"Hemodialysis access cannulation site, lower extremity, deep infection, initial imaging, guide IR therapy",3196506,MRV lower extremity without and with IV contrast,0 mSvO,0 mSv [ped]O,Usually not appropriate
126,Interventional Radiology,"Hemodialysis access cannulation site, lower extremity, deep infection, initial imaging, guide IR therapy",3196506,MRV lower extremity without IV contrast,0 mSvO,0 mSv [ped]O,Usually not appropriate
127,Interventional Radiology,"Hemodialysis access cannulation site, lower extremity, eschar, initial imaging, guide IR therapy",3196502,US duplex Doppler hemodialysis access lower extremity,0 mSvO,0 mSv [ped]O,Usually appropriate
128,Interventional Radiology,"Hemodialysis access cannulation site, lower extremity, eschar, initial imaging, guide IR therapy",3196502,Fluoroscopy fistulography hemodialysis access lower extremity,1-10 mSv☢☢☢,,May be appropriate
129,Interventional Radiology,"Hemodialysis access cannulation site, lower extremity, eschar, initial imaging, guide IR therapy",3196502,CTV lower extremity with IV contrast,10-30 mSv☢☢☢☢,,Usually not appropriate
130,Interventional Radiology,"Hemodialysis access cannulation site, lower extremity, eschar, initial imaging, guide IR therapy",3196502,MRA lower extremity without and with IV contrast,0 mSvO,0 mSv [ped]O,Usually not appropriate
131,Interventional Radiology,"Hemodialysis access cannulation site, lower extremity, eschar, initial imaging, guide IR therapy",3196502,CTA lower extremity with IV contrast,1-10 mSv☢☢☢,3-10 mSv [ped]☢☢☢☢,Usually not appropriate
132,Interventional Radiology,"Hemodialysis access cannulation site, lower extremity, eschar, initial imaging, guide IR therapy",3196502,MRA lower extremity without IV contrast,0 mSvO,0 mSv [ped]O,Usually not appropriate
133,Interventional Radiology,"Hemodialysis access cannulation site, lower extremity, eschar, initial imaging, guide IR therapy",3196502,MRV lower extremity without and with IV contrast,0 mSvO,0 mSv [ped]O,Usually not appropriate
134,Interventional Radiology,"Hemodialysis access cannulation site, lower extremity, eschar, initial imaging, guide IR therapy",3196502,MRV lower extremity without IV contrast,0 mSvO,0 mSv [ped]O,Usually not appropriate
135,Interventional Radiology,"Hemodialysis access cannulation site, lower extremity, marked skin thinning, initial imaging, guide IR therapy",3196500,US duplex Doppler hemodialysis access lower extremity,0 mSvO,0 mSv [ped]O,Usually appropriate
136,Interventional Radiology,"Hemodialysis access cannulation site, lower extremity, marked skin thinning, initial imaging, guide IR therapy",3196500,Fluoroscopy fistulography hemodialysis access lower extremity,1-10 mSv☢☢☢,,May be appropriate
137,Interventional Radiology,"Hemodialysis access cannulation site, lower extremity, marked skin thinning, initial imaging, guide IR therapy",3196500,CTV lower extremity with IV contrast,10-30 mSv☢☢☢☢,,Usually not appropriate
138,Interventional Radiology,"Hemodialysis access cannulation site, lower extremity, marked skin thinning, initial imaging, guide IR therapy",3196500,MRA lower extremity without and with IV contrast,0 mSvO,0 mSv [ped]O,Usually not appropriate
139,Interventional Radiology,"Hemodialysis access cannulation site, lower extremity, marked skin thinning, initial imaging, guide IR therapy",3196500,CTA lower extremity with IV contrast,1-10 mSv☢☢☢,3-10 mSv [ped]☢☢☢☢,Usually not appropriate
140,Interventional Radiology,"Hemodialysis access cannulation site, lower extremity, marked skin thinning, initial imaging, guide IR therapy",3196500,MRA lower extremity without IV contrast,0 mSvO,0 mSv [ped]O,Usually not appropriate
141,Interventional Radiology,"Hemodialysis access cannulation site, lower extremity, marked skin thinning, initial imaging, guide IR therapy",3196500,MRV lower extremity without and with IV contrast,0 mSvO,0 mSv [ped]O,Usually not appropriate
142,Interventional Radiology,"Hemodialysis access cannulation site, lower extremity, marked skin thinning, initial imaging, guide IR therapy",3196500,MRV lower extremity without IV contrast,0 mSvO,0 mSv [ped]O,Usually not appropriate
143,Interventional Radiology,"Hemodialysis access cannulation site, lower extremity, pseudoaneurysm, initial imaging, guide IR therapy",3196504,US duplex Doppler hemodialysis access lower extremity,0 mSvO,0 mSv [ped]O,Usually appropriate
144,Interventional Radiology,"Hemodialysis access cannulation site, lower extremity, pseudoaneurysm, initial imaging, guide IR therapy",3196504,Fluoroscopy fistulography hemodialysis access lower extremity,1-10 mSv☢☢☢,,May be appropriate
145,Interventional Radiology,"Hemodialysis access cannulation site, lower extremity, pseudoaneurysm, initial imaging, guide IR therapy",3196504,CTV lower extremity with IV contrast,10-30 mSv☢☢☢☢,,Usually not appropriate
146,Interventional Radiology,"Hemodialysis access cannulation site, lower extremity, pseudoaneurysm, initial imaging, guide IR therapy",3196504,MRA lower extremity without and with IV contrast,0 mSvO,0 mSv [ped]O,Usually not appropriate
147,Interventional Radiology,"Hemodialysis access cannulation site, lower extremity, pseudoaneurysm, initial imaging, guide IR therapy",3196504,CTA lower extremity with IV contrast,1-10 mSv☢☢☢,3-10 mSv [ped]☢☢☢☢,Usually not appropriate
148,Interventional Radiology,"Hemodialysis access cannulation site, lower extremity, pseudoaneurysm, initial imaging, guide IR therapy",3196504,MRA lower extremity without IV contrast,0 mSvO,0 mSv [ped]O,Usually not appropriate
149,Interventional Radiology,"Hemodialysis access cannulation site, lower extremity, pseudoaneurysm, initial imaging, guide IR therapy",3196504,MRV lower extremity without and with IV contrast,0 mSvO,0 mSv [ped]O,Usually not appropriate
150,Interventional Radiology,"Hemodialysis access cannulation site, lower extremity, pseudoaneurysm, initial imaging, guide IR therapy",3196504,MRV lower extremity without IV contrast,0 mSvO,0 mSv [ped]O,Usually not appropriate
151,Interventional Radiology,"Hemodialysis access cannulation site, lower extremity, spontaneous bleeding, initial imaging, guide IR therapy",3196503,US duplex Doppler hemodialysis access lower extremity,0 mSvO,0 mSv [ped]O,Usually appropriate
152,Interventional Radiology,"Hemodialysis access cannulation site, lower extremity, spontaneous bleeding, initial imaging, guide IR therapy",3196503,Fluoroscopy fistulography hemodialysis access lower extremity,1-10 mSv☢☢☢,,May be appropriate
153,Interventional Radiology,"Hemodialysis access cannulation site, lower extremity, spontaneous bleeding, initial imaging, guide IR therapy",3196503,CTV lower extremity with IV contrast,10-30 mSv☢☢☢☢,,Usually not appropriate
154,Interventional Radiology,"Hemodialysis access cannulation site, lower extremity, spontaneous bleeding, initial imaging, guide IR therapy",3196503,MRA lower extremity without and with IV contrast,0 mSvO,0 mSv [ped]O,Usually not appropriate
155,Interventional Radiology,"Hemodialysis access cannulation site, lower extremity, spontaneous bleeding, initial imaging, guide IR therapy",3196503,CTA lower extremity with IV contrast,1-10 mSv☢☢☢,3-10 mSv [ped]☢☢☢☢,Usually not appropriate
156,Interventional Radiology,"Hemodialysis access cannulation site, lower extremity, spontaneous bleeding, initial imaging, guide IR therapy",3196503,MRA lower extremity without IV contrast,0 mSvO,0 mSv [ped]O,Usually not appropriate
157,Interventional Radiology,"Hemodialysis access cannulation site, lower extremity, spontaneous bleeding, initial imaging, guide IR therapy",3196503,MRV lower extremity without and with IV contrast,0 mSvO,0 mSv [ped]O,Usually not appropriate
158,Interventional Radiology,"Hemodialysis access cannulation site, lower extremity, spontaneous bleeding, initial imaging, guide IR therapy",3196503,MRV lower extremity without IV contrast,0 mSvO,0 mSv [ped]O,Usually not appropriate
159,Interventional Radiology,"Hemodialysis access cannulation site, lower extremity, superficial infection, initial imaging, guide IR therapy",3196505,US duplex Doppler hemodialysis access lower extremity,0 mSvO,0 mSv [ped]O,Usually appropriate
160,Interventional Radiology,"Hemodialysis access cannulation site, lower extremity, superficial infection, initial imaging, guide IR therapy",3196505,Fluoroscopy fistulography hemodialysis access lower extremity,1-10 mSv☢☢☢,,May be appropriate
161,Interventional Radiology,"Hemodialysis access cannulation site, lower extremity, superficial infection, initial imaging, guide IR therapy",3196505,CTV lower extremity with IV contrast,10-30 mSv☢☢☢☢,,Usually not appropriate
162,Interventional Radiology,"Hemodialysis access cannulation site, lower extremity, superficial infection, initial imaging, guide IR therapy",3196505,MRA lower extremity without and with IV contrast,0 mSvO,0 mSv [ped]O,Usually not appropriate
163,Interventional Radiology,"Hemodialysis access cannulation site, lower extremity, superficial infection, initial imaging, guide IR therapy",3196505,CTA lower extremity with IV contrast,1-10 mSv☢☢☢,3-10 mSv [ped]☢☢☢☢,Usually not appropriate
164,Interventional Radiology,"Hemodialysis access cannulation site, lower extremity, superficial infection, initial imaging, guide IR therapy",3196505,MRA lower extremity without IV contrast,0 mSvO,0 mSv [ped]O,Usually not appropriate
165,Interventional Radiology,"Hemodialysis access cannulation site, lower extremity, superficial infection, initial imaging, guide IR therapy",3196505,MRV lower extremity without and with IV contrast,0 mSvO,0 mSv [ped]O,Usually not appropriate
166,Interventional Radiology,"Hemodialysis access cannulation site, lower extremity, superficial infection, initial imaging, guide IR therapy",3196505,MRV lower extremity without IV contrast,0 mSvO,0 mSv [ped]O,Usually not appropriate
167,Interventional Radiology,"Hemodialysis access cannulation site, lower extremity, ulceration, initial imaging, guide IR therapy",3196501,US duplex Doppler hemodialysis access lower extremity,0 mSvO,0 mSv [ped]O,Usually appropriate
168,Interventional Radiology,"Hemodialysis access cannulation site, lower extremity, ulceration, initial imaging, guide IR therapy",3196501,Fluoroscopy fistulography hemodialysis access lower extremity,1-10 mSv☢☢☢,,May be appropriate
169,Interventional Radiology,"Hemodialysis access cannulation site, lower extremity, ulceration, initial imaging, guide IR therapy",3196501,CTV lower extremity with IV contrast,10-30 mSv☢☢☢☢,,Usually not appropriate
170,Interventional Radiology,"Hemodialysis access cannulation site, lower extremity, ulceration, initial imaging, guide IR therapy",3196501,MRA lower extremity without and with IV contrast,0 mSvO,0 mSv [ped]O,Usually not appropriate
171,Interventional Radiology,"Hemodialysis access cannulation site, lower extremity, ulceration, initial imaging, guide IR therapy",3196501,CTA lower extremity with IV contrast,1-10 mSv☢☢☢,3-10 mSv [ped]☢☢☢☢,Usually not appropriate
172,Interventional Radiology,"Hemodialysis access cannulation site, lower extremity, ulceration, initial imaging, guide IR therapy",3196501,MRA lower extremity without IV contrast,0 mSvO,0 mSv [ped]O,Usually not appropriate
173,Interventional Radiology,"Hemodialysis access cannulation site, lower extremity, ulceration, initial imaging, guide IR therapy",3196501,MRV lower extremity without and with IV contrast,0 mSvO,0 mSv [ped]O,Usually not appropriate
174,Interventional Radiology,"Hemodialysis access cannulation site, lower extremity, ulceration, initial imaging, guide IR therapy",3196501,MRV lower extremity without IV contrast,0 mSvO,0 mSv [ped]O,Usually not appropriate
175,Interventional Radiology,"Hemodialysis access cannulation site, upper extremity, abnormal skin changes, initial imaging, guide IR therapy",3196499,US duplex Doppler hemodialysis access upper extremity,0 mSvO,0 mSv [ped]O,Usually appropriate
176,Interventional Radiology,"Hemodialysis access cannulation site, upper extremity, abnormal skin changes, initial imaging, guide IR therapy",3196499,Fluoroscopy fistulography hemodialysis access upper extremity,1-10 mSv☢☢☢,,May be appropriate
177,Interventional Radiology,"Hemodialysis access cannulation site, upper extremity, abnormal skin changes, initial imaging, guide IR therapy",3196499,CTV upper extremity with IV contrast,10-30 mSv☢☢☢☢,,Usually not appropriate
178,Interventional Radiology,"Hemodialysis access cannulation site, upper extremity, abnormal skin changes, initial imaging, guide IR therapy",3196499,MRA upper extremity without and with IV contrast,0 mSvO,0 mSv [ped]O,Usually not appropriate
179,Interventional Radiology,"Hemodialysis access cannulation site, upper extremity, abnormal skin changes, initial imaging, guide IR therapy",3196499,CTA upper extremity with IV contrast,1-10 mSv☢☢☢,,Usually not appropriate
180,Interventional Radiology,"Hemodialysis access cannulation site, upper extremity, abnormal skin changes, initial imaging, guide IR therapy",3196499,MRA upper extremity without IV contrast,0 mSvO,0 mSv [ped]O,Usually not appropriate
181,Interventional Radiology,"Hemodialysis access cannulation site, upper extremity, abnormal skin changes, initial imaging, guide IR therapy",3196499,MRV upper extremity without and with IV contrast,0 mSvO,0 mSv [ped]O,Usually not appropriate
182,Interventional Radiology,"Hemodialysis access cannulation site, upper extremity, abnormal skin changes, initial imaging, guide IR therapy",3196499,MRV upper extremity without IV contrast,0 mSvO,0 mSv [ped]O,Usually not appropriate
183,Interventional Radiology,"Hemodialysis access cannulation site, upper extremity, deep infection, initial imaging, guide IR therapy",3196513,US duplex Doppler hemodialysis access upper extremity,0 mSvO,0 mSv [ped]O,Usually appropriate
184,Interventional Radiology,"Hemodialysis access cannulation site, upper extremity, deep infection, initial imaging, guide IR therapy",3196513,Fluoroscopy fistulography hemodialysis access upper extremity,1-10 mSv☢☢☢,,May be appropriate
185,Interventional Radiology,"Hemodialysis access cannulation site, upper extremity, deep infection, initial imaging, guide IR therapy",3196513,CTV upper extremity with IV contrast,10-30 mSv☢☢☢☢,,Usually not appropriate
186,Interventional Radiology,"Hemodialysis access cannulation site, upper extremity, deep infection, initial imaging, guide IR therapy",3196513,MRA upper extremity without and with IV contrast,0 mSvO,0 mSv [ped]O,Usually not appropriate
187,Interventional Radiology,"Hemodialysis access cannulation site, upper extremity, deep infection, initial imaging, guide IR therapy",3196513,CTA upper extremity with IV contrast,1-10 mSv☢☢☢,,Usually not appropriate
188,Interventional Radiology,"Hemodialysis access cannulation site, upper extremity, deep infection, initial imaging, guide IR therapy",3196513,MRA upper extremity without IV contrast,0 mSvO,0 mSv [ped]O,Usually not appropriate
189,Interventional Radiology,"Hemodialysis access cannulation site, upper extremity, deep infection, initial imaging, guide IR therapy",3196513,MRV upper extremity without and with IV contrast,0 mSvO,0 mSv [ped]O,Usually not appropriate
190,Interventional Radiology,"Hemodialysis access cannulation site, upper extremity, deep infection, initial imaging, guide IR therapy",3196513,MRV upper extremity without IV contrast,0 mSvO,0 mSv [ped]O,Usually not appropriate
191,Interventional Radiology,"Hemodialysis access cannulation site, upper extremity, eschar, initial imaging, guide IR therapy",3196509,US duplex Doppler hemodialysis access upper extremity,0 mSvO,0 mSv [ped]O,Usually appropriate
192,Interventional Radiology,"Hemodialysis access cannulation site, upper extremity, eschar, initial imaging, guide IR therapy",3196509,Fluoroscopy fistulography hemodialysis access upper extremity,1-10 mSv☢☢☢,,May be appropriate
193,Interventional Radiology,"Hemodialysis access cannulation site, upper extremity, eschar, initial imaging, guide IR therapy",3196509,CTV upper extremity with IV contrast,10-30 mSv☢☢☢☢,,Usually not appropriate
194,Interventional Radiology,"Hemodialysis access cannulation site, upper extremity, eschar, initial imaging, guide IR therapy",3196509,MRA upper extremity without and with IV contrast,0 mSvO,0 mSv [ped]O,Usually not appropriate
195,Interventional Radiology,"Hemodialysis access cannulation site, upper extremity, eschar, initial imaging, guide IR therapy",3196509,CTA upper extremity with IV contrast,1-10 mSv☢☢☢,,Usually not appropriate
196,Interventional Radiology,"Hemodialysis access cannulation site, upper extremity, eschar, initial imaging, guide IR therapy",3196509,MRA upper extremity without IV contrast,0 mSvO,0 mSv [ped]O,Usually not appropriate
197,Interventional Radiology,"Hemodialysis access cannulation site, upper extremity, eschar, initial imaging, guide IR therapy",3196509,MRV upper extremity without and with IV contrast,0 mSvO,0 mSv [ped]O,Usually not appropriate
198,Interventional Radiology,"Hemodialysis access cannulation site, upper extremity, eschar, initial imaging, guide IR therapy",3196509,MRV upper extremity without IV contrast,0 mSvO,0 mSv [ped]O,Usually not appropriate
199,Interventional Radiology,"Hemodialysis access cannulation site, upper extremity, marked skin thinning, initial imaging, guide IR therapy",3196507,US duplex Doppler hemodialysis access upper extremity,0 mSvO,0 mSv [ped]O,Usually appropriate
200,Interventional Radiology,"Hemodialysis access cannulation site, upper extremity, marked skin thinning, initial imaging, guide IR therapy",3196507,Fluoroscopy fistulography hemodialysis access upper extremity,1-10 mSv☢☢☢,,May be appropriate
201,Interventional Radiology,"Hemodialysis access cannulation site, upper extremity, marked skin thinning, initial imaging, guide IR therapy",3196507,CTV upper extremity with IV contrast,10-30 mSv☢☢☢☢,,Usually not appropriate
202,Interventional Radiology,"Hemodialysis access cannulation site, upper extremity, marked skin thinning, initial imaging, guide IR therapy",3196507,MRA upper extremity without and with IV contrast,0 mSvO,0 mSv [ped]O,Usually not appropriate
203,Interventional Radiology,"Hemodialysis access cannulation site, upper extremity, marked skin thinning, initial imaging, guide IR therapy",3196507,CTA upper extremity with IV contrast,1-10 mSv☢☢☢,,Usually not appropriate
204,Interventional Radiology,"Hemodialysis access cannulation site, upper extremity, marked skin thinning, initial imaging, guide IR therapy",3196507,MRA upper extremity without IV contrast,0 mSvO,0 mSv [ped]O,Usually not appropriate
205,Interventional Radiology,"Hemodialysis access cannulation site, upper extremity, marked skin thinning, initial imaging, guide IR therapy",3196507,MRV upper extremity without and with IV contrast,0 mSvO,0 mSv [ped]O,Usually not appropriate
206,Interventional Radiology,"Hemodialysis access cannulation site, upper extremity, marked skin thinning, initial imaging, guide IR therapy",3196507,MRV upper extremity without IV contrast,0 mSvO,0 mSv [ped]O,Usually not appropriate
207,Interventional Radiology,"Hemodialysis access cannulation site, upper extremity, pseudoaneurysm, initial imaging, guide IR therapy",3196511,US duplex Doppler hemodialysis access upper extremity,0 mSvO,0 mSv [ped]O,Usually appropriate
208,Interventional Radiology,"Hemodialysis access cannulation site, upper extremity, pseudoaneurysm, initial imaging, guide IR therapy",3196511,Fluoroscopy fistulography hemodialysis access upper extremity,1-10 mSv☢☢☢,,May be appropriate
209,Interventional Radiology,"Hemodialysis access cannulation site, upper extremity, pseudoaneurysm, initial imaging, guide IR therapy",3196511,CTV upper extremity with IV contrast,10-30 mSv☢☢☢☢,,Usually not appropriate
210,Interventional Radiology,"Hemodialysis access cannulation site, upper extremity, pseudoaneurysm, initial imaging, guide IR therapy",3196511,MRA upper extremity without and with IV contrast,0 mSvO,0 mSv [ped]O,Usually not appropriate
211,Interventional Radiology,"Hemodialysis access cannulation site, upper extremity, pseudoaneurysm, initial imaging, guide IR therapy",3196511,CTA upper extremity with IV contrast,1-10 mSv☢☢☢,,Usually not appropriate
212,Interventional Radiology,"Hemodialysis access cannulation site, upper extremity, pseudoaneurysm, initial imaging, guide IR therapy",3196511,MRA upper extremity without IV contrast,0 mSvO,0 mSv [ped]O,Usually not appropriate
213,Interventional Radiology,"Hemodialysis access cannulation site, upper extremity, pseudoaneurysm, initial imaging, guide IR therapy",3196511,MRV upper extremity without and with IV contrast,0 mSvO,0 mSv [ped]O,Usually not appropriate
214,Interventional Radiology,"Hemodialysis access cannulation site, upper extremity, pseudoaneurysm, initial imaging, guide IR therapy",3196511,MRV upper extremity without IV contrast,0 mSvO,0 mSv [ped]O,Usually not appropriate
215,Interventional Radiology,"Hemodialysis access cannulation site, upper extremity, spontaneous bleeding, initial imaging, guide IR therapy",3196510,US duplex Doppler hemodialysis access upper extremity,0 mSvO,0 mSv [ped]O,Usually appropriate
216,Interventional Radiology,"Hemodialysis access cannulation site, upper extremity, spontaneous bleeding, initial imaging, guide IR therapy",3196510,Fluoroscopy fistulography hemodialysis access upper extremity,1-10 mSv☢☢☢,,May be appropriate
217,Interventional Radiology,"Hemodialysis access cannulation site, upper extremity, spontaneous bleeding, initial imaging, guide IR therapy",3196510,CTV upper extremity with IV contrast,10-30 mSv☢☢☢☢,,Usually not appropriate
218,Interventional Radiology,"Hemodialysis access cannulation site, upper extremity, spontaneous bleeding, initial imaging, guide IR therapy",3196510,MRA upper extremity without and with IV contrast,0 mSvO,0 mSv [ped]O,Usually not appropriate
219,Interventional Radiology,"Hemodialysis access cannulation site, upper extremity, spontaneous bleeding, initial imaging, guide IR therapy",3196510,CTA upper extremity with IV contrast,1-10 mSv☢☢☢,,Usually not appropriate
220,Interventional Radiology,"Hemodialysis access cannulation site, upper extremity, spontaneous bleeding, initial imaging, guide IR therapy",3196510,MRA upper extremity without IV contrast,0 mSvO,0 mSv [ped]O,Usually not appropriate
221,Interventional Radiology,"Hemodialysis access cannulation site, upper extremity, spontaneous bleeding, initial imaging, guide IR therapy",3196510,MRV upper extremity without and with IV contrast,0 mSvO,0 mSv [ped]O,Usually not appropriate
222,Interventional Radiology,"Hemodialysis access cannulation site, upper extremity, spontaneous bleeding, initial imaging, guide IR therapy",3196510,MRV upper extremity without IV contrast,0 mSvO,0 mSv [ped]O,Usually not appropriate
223,Interventional Radiology,"Hemodialysis access cannulation site, upper extremity, superficial infection, initial imaging, guide IR therapy",3196512,US duplex Doppler hemodialysis access upper extremity,0 mSvO,0 mSv [ped]O,Usually appropriate
224,Interventional Radiology,"Hemodialysis access cannulation site, upper extremity, superficial infection, initial imaging, guide IR therapy",3196512,Fluoroscopy fistulography hemodialysis access upper extremity,1-10 mSv☢☢☢,,May be appropriate
225,Interventional Radiology,"Hemodialysis access cannulation site, upper extremity, superficial infection, initial imaging, guide IR therapy",3196512,CTV upper extremity with IV contrast,10-30 mSv☢☢☢☢,,Usually not appropriate
226,Interventional Radiology,"Hemodialysis access cannulation site, upper extremity, superficial infection, initial imaging, guide IR therapy",3196512,MRA upper extremity without and with IV contrast,0 mSvO,0 mSv [ped]O,Usually not appropriate
227,Interventional Radiology,"Hemodialysis access cannulation site, upper extremity, superficial infection, initial imaging, guide IR therapy",3196512,CTA upper extremity with IV contrast,1-10 mSv☢☢☢,,Usually not appropriate
228,Interventional Radiology,"Hemodialysis access cannulation site, upper extremity, superficial infection, initial imaging, guide IR therapy",3196512,MRA upper extremity without IV contrast,0 mSvO,0 mSv [ped]O,Usually not appropriate
229,Interventional Radiology,"Hemodialysis access cannulation site, upper extremity, superficial infection, initial imaging, guide IR therapy",3196512,MRV upper extremity without and with IV contrast,0 mSvO,0 mSv [ped]O,Usually not appropriate
230,Interventional Radiology,"Hemodialysis access cannulation site, upper extremity, superficial infection, initial imaging, guide IR therapy",3196512,MRV upper extremity without IV contrast,0 mSvO,0 mSv [ped]O,Usually not appropriate
231,Interventional Radiology,"Hemodialysis access cannulation site, upper extremity, ulceration, initial imaging, guide IR therapy",3196508,US duplex Doppler hemodialysis access upper extremity,0 mSvO,0 mSv [ped]O,Usually appropriate
232,Interventional Radiology,"Hemodialysis access cannulation site, upper extremity, ulceration, initial imaging, guide IR therapy",3196508,Fluoroscopy fistulography hemodialysis access upper extremity,1-10 mSv☢☢☢,,May be appropriate
233,Interventional Radiology,"Hemodialysis access cannulation site, upper extremity, ulceration, initial imaging, guide IR therapy",3196508,CTV upper extremity with IV contrast,10-30 mSv☢☢☢☢,,Usually not appropriate
234,Interventional Radiology,"Hemodialysis access cannulation site, upper extremity, ulceration, initial imaging, guide IR therapy",3196508,MRA upper extremity without and with IV contrast,0 mSvO,0 mSv [ped]O,Usually not appropriate
235,Interventional Radiology,"Hemodialysis access cannulation site, upper extremity, ulceration, initial imaging, guide IR therapy",3196508,CTA upper extremity with IV contrast,1-10 mSv☢☢☢,,Usually not appropriate
236,Interventional Radiology,"Hemodialysis access cannulation site, upper extremity, ulceration, initial imaging, guide IR therapy",3196508,MRA upper extremity without IV contrast,0 mSvO,0 mSv [ped]O,Usually not appropriate
237,Interventional Radiology,"Hemodialysis access cannulation site, upper extremity, ulceration, initial imaging, guide IR therapy",3196508,MRV upper extremity without and with IV contrast,0 mSvO,0 mSv [ped]O,Usually not appropriate
238,Interventional Radiology,"Hemodialysis access cannulation site, upper extremity, ulceration, initial imaging, guide IR therapy",3196508,MRV upper extremity without IV contrast,0 mSvO,0 mSv [ped]O,Usually not appropriate
239,Interventional Radiology,"Hemodialysis access dysfunction suspected, lower extremity, abnormal clinical indicator, initial imaging, guide IR therapy",3196476,Fluoroscopy fistulography hemodialysis access lower extremity,1-10 mSv☢☢☢,,Usually appropriate
240,Interventional Radiology,"Hemodialysis access dysfunction suspected, lower extremity, abnormal clinical indicator, initial imaging, guide IR therapy",3196476,US duplex Doppler hemodialysis access lower extremity,0 mSvO,0 mSv [ped]O,Usually appropriate
241,Interventional Radiology,"Hemodialysis access dysfunction suspected, lower extremity, abnormal clinical indicator, initial imaging, guide IR therapy",3196476,MRA lower extremity without IV contrast,0 mSvO,0 mSv [ped]O,Usually not appropriate
242,Interventional Radiology,"Hemodialysis access dysfunction suspected, lower extremity, abnormal clinical indicator, initial imaging, guide IR therapy",3196476,CTA lower extremity with IV contrast,1-10 mSv☢☢☢,3-10 mSv [ped]☢☢☢☢,Usually not appropriate
243,Interventional Radiology,"Hemodialysis access dysfunction suspected, lower extremity, abnormal clinical indicator, initial imaging, guide IR therapy",3196476,CTV lower extremity with IV contrast,10-30 mSv☢☢☢☢,,Usually not appropriate
244,Interventional Radiology,"Hemodialysis access dysfunction suspected, lower extremity, abnormal clinical indicator, initial imaging, guide IR therapy",3196476,MRA lower extremity without and with IV contrast,0 mSvO,0 mSv [ped]O,Usually not appropriate
245,Interventional Radiology,"Hemodialysis access dysfunction suspected, lower extremity, abnormal clinical indicator, initial imaging, guide IR therapy",3196476,MRV lower extremity without and with IV contrast,0 mSvO,0 mSv [ped]O,Usually not appropriate
246,Interventional Radiology,"Hemodialysis access dysfunction suspected, lower extremity, abnormal clinical indicator, initial imaging, guide IR therapy",3196476,MRV lower extremity without IV contrast,0 mSvO,0 mSv [ped]O,Usually not appropriate
247,Interventional Radiology,"Hemodialysis access dysfunction suspected, lower extremity, abnormal hemodynamic indicator, initial imaging, guide IR therapy",3196477,Fluoroscopy fistulography hemodialysis access lower extremity,1-10 mSv☢☢☢,,Usually appropriate
248,Interventional Radiology,"Hemodialysis access dysfunction suspected, lower extremity, abnormal hemodynamic indicator, initial imaging, guide IR therapy",3196477,US duplex Doppler hemodialysis access lower extremity,0 mSvO,0 mSv [ped]O,Usually appropriate
249,Interventional Radiology,"Hemodialysis access dysfunction suspected, lower extremity, abnormal hemodynamic indicator, initial imaging, guide IR therapy",3196477,MRA lower extremity without IV contrast,0 mSvO,0 mSv [ped]O,Usually not appropriate
250,Interventional Radiology,"Hemodialysis access dysfunction suspected, lower extremity, abnormal hemodynamic indicator, initial imaging, guide IR therapy",3196477,CTA lower extremity with IV contrast,1-10 mSv☢☢☢,3-10 mSv [ped]☢☢☢☢,Usually not appropriate
251,Interventional Radiology,"Hemodialysis access dysfunction suspected, lower extremity, abnormal hemodynamic indicator, initial imaging, guide IR therapy",3196477,CTV lower extremity with IV contrast,10-30 mSv☢☢☢☢,,Usually not appropriate
252,Interventional Radiology,"Hemodialysis access dysfunction suspected, lower extremity, abnormal hemodynamic indicator, initial imaging, guide IR therapy",3196477,MRA lower extremity without and with IV contrast,0 mSvO,0 mSv [ped]O,Usually not appropriate
253,Interventional Radiology,"Hemodialysis access dysfunction suspected, lower extremity, abnormal hemodynamic indicator, initial imaging, guide IR therapy",3196477,MRV lower extremity without and with IV contrast,0 mSvO,0 mSv [ped]O,Usually not appropriate
254,Interventional Radiology,"Hemodialysis access dysfunction suspected, lower extremity, abnormal hemodynamic indicator, initial imaging, guide IR therapy",3196477,MRV lower extremity without IV contrast,0 mSvO,0 mSv [ped]O,Usually not appropriate
255,Interventional Radiology,"Hemodialysis access dysfunction suspected, upper extremity, abnormal clinical indicator, initial imaging, guide IR therapy",3196474,Fluoroscopy fistulography hemodialysis access upper extremity,1-10 mSv☢☢☢,,Usually appropriate
256,Interventional Radiology,"Hemodialysis access dysfunction suspected, upper extremity, abnormal clinical indicator, initial imaging, guide IR therapy",3196474,US duplex Doppler hemodialysis access upper extremity,0 mSvO,0 mSv [ped]O,Usually appropriate
257,Interventional Radiology,"Hemodialysis access dysfunction suspected, upper extremity, abnormal clinical indicator, initial imaging, guide IR therapy",3196474,MRA upper extremity without IV contrast,0 mSvO,0 mSv [ped]O,Usually not appropriate
258,Interventional Radiology,"Hemodialysis access dysfunction suspected, upper extremity, abnormal clinical indicator, initial imaging, guide IR therapy",3196474,CTA upper extremity with IV contrast,1-10 mSv☢☢☢,,Usually not appropriate
259,Interventional Radiology,"Hemodialysis access dysfunction suspected, upper extremity, abnormal clinical indicator, initial imaging, guide IR therapy",3196474,CTV upper extremity with IV contrast,10-30 mSv☢☢☢☢,,Usually not appropriate
260,Interventional Radiology,"Hemodialysis access dysfunction suspected, upper extremity, abnormal clinical indicator, initial imaging, guide IR therapy",3196474,MRA upper extremity without and with IV contrast,0 mSvO,0 mSv [ped]O,Usually not appropriate
261,Interventional Radiology,"Hemodialysis access dysfunction suspected, upper extremity, abnormal clinical indicator, initial imaging, guide IR therapy",3196474,MRV upper extremity without and with IV contrast,0 mSvO,0 mSv [ped]O,Usually not appropriate
262,Interventional Radiology,"Hemodialysis access dysfunction suspected, upper extremity, abnormal clinical indicator, initial imaging, guide IR therapy",3196474,MRV upper extremity without IV contrast,0 mSvO,0 mSv [ped]O,Usually not appropriate
263,Interventional Radiology,"Hemodialysis access dysfunction suspected, upper extremity, abnormal hemodynamic indicator, initial imaging, guide IR therapy",3196475,Fluoroscopy fistulography hemodialysis access upper extremity,1-10 mSv☢☢☢,,Usually appropriate
264,Interventional Radiology,"Hemodialysis access dysfunction suspected, upper extremity, abnormal hemodynamic indicator, initial imaging, guide IR therapy",3196475,US duplex Doppler hemodialysis access upper extremity,0 mSvO,0 mSv [ped]O,Usually appropriate
265,Interventional Radiology,"Hemodialysis access dysfunction suspected, upper extremity, abnormal hemodynamic indicator, initial imaging, guide IR therapy",3196475,MRA upper extremity without IV contrast,0 mSvO,0 mSv [ped]O,Usually not appropriate
266,Interventional Radiology,"Hemodialysis access dysfunction suspected, upper extremity, abnormal hemodynamic indicator, initial imaging, guide IR therapy",3196475,CTA upper extremity with IV contrast,1-10 mSv☢☢☢,,Usually not appropriate
267,Interventional Radiology,"Hemodialysis access dysfunction suspected, upper extremity, abnormal hemodynamic indicator, initial imaging, guide IR therapy",3196475,CTV upper extremity with IV contrast,10-30 mSv☢☢☢☢,,Usually not appropriate
268,Interventional Radiology,"Hemodialysis access dysfunction suspected, upper extremity, abnormal hemodynamic indicator, initial imaging, guide IR therapy",3196475,MRA upper extremity without and with IV contrast,0 mSvO,0 mSv [ped]O,Usually not appropriate
269,Interventional Radiology,"Hemodialysis access dysfunction suspected, upper extremity, abnormal hemodynamic indicator, initial imaging, guide IR therapy",3196475,MRV upper extremity without and with IV contrast,0 mSvO,0 mSv [ped]O,Usually not appropriate
270,Interventional Radiology,"Hemodialysis access dysfunction suspected, upper extremity, abnormal hemodynamic indicator, initial imaging, guide IR therapy",3196475,MRV upper extremity without IV contrast,0 mSvO,0 mSv [ped]O,Usually not appropriate
271,Interventional Radiology,"Hemodialysis access thrombosis suspected, lower extremity, no pulse or thrill on physical exam, initial imaging, guide IR therapy",3196481,Fluoroscopy fistulography hemodialysis access lower extremity,1-10 mSv☢☢☢,,Usually appropriate
272,Interventional Radiology,"Hemodialysis access thrombosis suspected, lower extremity, no pulse or thrill on physical exam, initial imaging, guide IR therapy",3196481,US duplex Doppler hemodialysis access lower extremity,0 mSvO,0 mSv [ped]O,May be appropriate
273,Interventional Radiology,"Hemodialysis access thrombosis suspected, lower extremity, no pulse or thrill on physical exam, initial imaging, guide IR therapy",3196481,CTA lower extremity with IV contrast,1-10 mSv☢☢☢,3-10 mSv [ped]☢☢☢☢,Usually not appropriate
274,Interventional Radiology,"Hemodialysis access thrombosis suspected, lower extremity, no pulse or thrill on physical exam, initial imaging, guide IR therapy",3196481,CTV lower extremity with IV contrast,10-30 mSv☢☢☢☢,,Usually not appropriate
275,Interventional Radiology,"Hemodialysis access thrombosis suspected, lower extremity, no pulse or thrill on physical exam, initial imaging, guide IR therapy",3196481,MRA lower extremity without and with IV contrast,0 mSvO,0 mSv [ped]O,Usually not appropriate
276,Interventional Radiology,"Hemodialysis access thrombosis suspected, lower extremity, no pulse or thrill on physical exam, initial imaging, guide IR therapy",3196481,MRA lower extremity without IV contrast,0 mSvO,0 mSv [ped]O,Usually not appropriate
277,Interventional Radiology,"Hemodialysis access thrombosis suspected, lower extremity, no pulse or thrill on physical exam, initial imaging, guide IR therapy",3196481,MRV lower extremity without and with IV contrast,0 mSvO,0 mSv [ped]O,Usually not appropriate
278,Interventional Radiology,"Hemodialysis access thrombosis suspected, lower extremity, no pulse or thrill on physical exam, initial imaging, guide IR therapy",3196481,MRV lower extremity without IV contrast,0 mSvO,0 mSv [ped]O,Usually not appropriate
279,Interventional Radiology,"Hemodialysis access thrombosis suspected, upper extremity, no pulse or thrill on physical exam, initial imaging, guide IR therapy",3196482,Fluoroscopy fistulography hemodialysis access upper extremity,1-10 mSv☢☢☢,,Usually appropriate
280,Interventional Radiology,"Hemodialysis access thrombosis suspected, upper extremity, no pulse or thrill on physical exam, initial imaging, guide IR therapy",3196482,US duplex Doppler hemodialysis access upper extremity,0 mSvO,0 mSv [ped]O,May be appropriate
281,Interventional Radiology,"Hemodialysis access thrombosis suspected, upper extremity, no pulse or thrill on physical exam, initial imaging, guide IR therapy",3196482,CTA upper extremity with IV contrast,1-10 mSv☢☢☢,,Usually not appropriate
282,Interventional Radiology,"Hemodialysis access thrombosis suspected, upper extremity, no pulse or thrill on physical exam, initial imaging, guide IR therapy",3196482,CTV upper extremity with IV contrast,10-30 mSv☢☢☢☢,,Usually not appropriate
283,Interventional Radiology,"Hemodialysis access thrombosis suspected, upper extremity, no pulse or thrill on physical exam, initial imaging, guide IR therapy",3196482,MRA upper extremity without and with IV contrast,0 mSvO,0 mSv [ped]O,Usually not appropriate
284,Interventional Radiology,"Hemodialysis access thrombosis suspected, upper extremity, no pulse or thrill on physical exam, initial imaging, guide IR therapy",3196482,MRA upper extremity without IV contrast,0 mSvO,0 mSv [ped]O,Usually not appropriate
285,Interventional Radiology,"Hemodialysis access thrombosis suspected, upper extremity, no pulse or thrill on physical exam, initial imaging, guide IR therapy",3196482,MRV upper extremity without and with IV contrast,0 mSvO,0 mSv [ped]O,Usually not appropriate
286,Interventional Radiology,"Hemodialysis access thrombosis suspected, upper extremity, no pulse or thrill on physical exam, initial imaging, guide IR therapy",3196482,MRV upper extremity without IV contrast,0 mSvO,0 mSv [ped]O,Usually not appropriate
287,Interventional Radiology,"Hemodialysis access, lower extremity, ipsilateral extremity swelling, with or without venous collaterals, central venous occlusion suspected, initial imaging, guide IR therapy",3196494,Fluoroscopy fistulography hemodialysis access lower extremity,1-10 mSv☢☢☢,,Usually appropriate
288,Interventional Radiology,"Hemodialysis access, lower extremity, ipsilateral extremity swelling, with or without venous collaterals, central venous occlusion suspected, initial imaging, guide IR therapy",3196494,CTA lower extremity with IV contrast,1-10 mSv☢☢☢,3-10 mSv [ped]☢☢☢☢,Usually not appropriate
289,Interventional Radiology,"Hemodialysis access, lower extremity, ipsilateral extremity swelling, with or without venous collaterals, central venous occlusion suspected, initial imaging, guide IR therapy",3196494,CTV lower extremity with IV contrast,10-30 mSv☢☢☢☢,,Usually not appropriate
290,Interventional Radiology,"Hemodialysis access, lower extremity, ipsilateral extremity swelling, with or without venous collaterals, central venous occlusion suspected, initial imaging, guide IR therapy",3196494,MRA lower extremity without and with IV contrast,0 mSvO,0 mSv [ped]O,Usually not appropriate
291,Interventional Radiology,"Hemodialysis access, lower extremity, ipsilateral extremity swelling, with or without venous collaterals, central venous occlusion suspected, initial imaging, guide IR therapy",3196494,MRA lower extremity without IV contrast,0 mSvO,0 mSv [ped]O,Usually not appropriate
292,Interventional Radiology,"Hemodialysis access, lower extremity, ipsilateral extremity swelling, with or without venous collaterals, central venous occlusion suspected, initial imaging, guide IR therapy",3196494,MRV lower extremity without and with IV contrast,0 mSvO,0 mSv [ped]O,Usually not appropriate
293,Interventional Radiology,"Hemodialysis access, lower extremity, ipsilateral extremity swelling, with or without venous collaterals, central venous occlusion suspected, initial imaging, guide IR therapy",3196494,MRV lower extremity without IV contrast,0 mSvO,0 mSv [ped]O,Usually not appropriate
294,Interventional Radiology,"Hemodialysis access, lower extremity, ipsilateral extremity swelling, with or without venous collaterals, central venous occlusion suspected, initial imaging, guide IR therapy",3196494,US duplex Doppler hemodialysis access lower extremity,0 mSvO,0 mSv [ped]O,Usually not appropriate
295,Interventional Radiology,"Hemodialysis access, lower extremity, ipsilateral extremity swelling, with or without venous collaterals, central venous stenosis suspected, initial imaging, guide IR therapy",3196492,Fluoroscopy fistulography hemodialysis access lower extremity,1-10 mSv☢☢☢,,Usually appropriate
296,Interventional Radiology,"Hemodialysis access, lower extremity, ipsilateral extremity swelling, with or without venous collaterals, central venous stenosis suspected, initial imaging, guide IR therapy",3196492,CTA lower extremity with IV contrast,1-10 mSv☢☢☢,3-10 mSv [ped]☢☢☢☢,Usually not appropriate
297,Interventional Radiology,"Hemodialysis access, lower extremity, ipsilateral extremity swelling, with or without venous collaterals, central venous stenosis suspected, initial imaging, guide IR therapy",3196492,CTV lower extremity with IV contrast,10-30 mSv☢☢☢☢,,Usually not appropriate
298,Interventional Radiology,"Hemodialysis access, lower extremity, ipsilateral extremity swelling, with or without venous collaterals, central venous stenosis suspected, initial imaging, guide IR therapy",3196492,MRA lower extremity without and with IV contrast,0 mSvO,0 mSv [ped]O,Usually not appropriate
299,Interventional Radiology,"Hemodialysis access, lower extremity, ipsilateral extremity swelling, with or without venous collaterals, central venous stenosis suspected, initial imaging, guide IR therapy",3196492,MRA lower extremity without IV contrast,0 mSvO,0 mSv [ped]O,Usually not appropriate
300,Interventional Radiology,"Hemodialysis access, lower extremity, ipsilateral extremity swelling, with or without venous collaterals, central venous stenosis suspected, initial imaging, guide IR therapy",3196492,MRV lower extremity without and with IV contrast,0 mSvO,0 mSv [ped]O,Usually not appropriate
301,Interventional Radiology,"Hemodialysis access, lower extremity, ipsilateral extremity swelling, with or without venous collaterals, central venous stenosis suspected, initial imaging, guide IR therapy",3196492,MRV lower extremity without IV contrast,0 mSvO,0 mSv [ped]O,Usually not appropriate
302,Interventional Radiology,"Hemodialysis access, lower extremity, ipsilateral extremity swelling, with or without venous collaterals, central venous stenosis suspected, initial imaging, guide IR therapy",3196492,US duplex Doppler hemodialysis access lower extremity,0 mSvO,0 mSv [ped]O,Usually not appropriate
303,Interventional Radiology,"Hemodialysis access, upper extremity, ipsilateral extremity swelling, with or without venous collaterals, central venous occlusion suspected, initial imaging, guide IR therapy",3196493,Fluoroscopy fistulography hemodialysis access upper extremity,1-10 mSv☢☢☢,,Usually appropriate
304,Interventional Radiology,"Hemodialysis access, upper extremity, ipsilateral extremity swelling, with or without venous collaterals, central venous occlusion suspected, initial imaging, guide IR therapy",3196493,CTA upper extremity with IV contrast,1-10 mSv☢☢☢,,Usually not appropriate
305,Interventional Radiology,"Hemodialysis access, upper extremity, ipsilateral extremity swelling, with or without venous collaterals, central venous occlusion suspected, initial imaging, guide IR therapy",3196493,CTV upper extremity with IV contrast,10-30 mSv☢☢☢☢,,Usually not appropriate
306,Interventional Radiology,"Hemodialysis access, upper extremity, ipsilateral extremity swelling, with or without venous collaterals, central venous occlusion suspected, initial imaging, guide IR therapy",3196493,MRA upper extremity without and with IV contrast,0 mSvO,0 mSv [ped]O,Usually not appropriate
307,Interventional Radiology,"Hemodialysis access, upper extremity, ipsilateral extremity swelling, with or without venous collaterals, central venous occlusion suspected, initial imaging, guide IR therapy",3196493,MRA upper extremity without IV contrast,0 mSvO,0 mSv [ped]O,Usually not appropriate
308,Interventional Radiology,"Hemodialysis access, upper extremity, ipsilateral extremity swelling, with or without venous collaterals, central venous occlusion suspected, initial imaging, guide IR therapy",3196493,MRV upper extremity without and with IV contrast,0 mSvO,0 mSv [ped]O,Usually not appropriate
309,Interventional Radiology,"Hemodialysis access, upper extremity, ipsilateral extremity swelling, with or without venous collaterals, central venous occlusion suspected, initial imaging, guide IR therapy",3196493,MRV upper extremity without IV contrast,0 mSvO,0 mSv [ped]O,Usually not appropriate
310,Interventional Radiology,"Hemodialysis access, upper extremity, ipsilateral extremity swelling, with or without venous collaterals, central venous occlusion suspected, initial imaging, guide IR therapy",3196493,US duplex Doppler hemodialysis access upper extremity,0 mSvO,0 mSv [ped]O,Usually not appropriate
311,Interventional Radiology,"Hemodialysis access, upper extremity, ipsilateral extremity swelling, with or without venous collaterals, central venous stenosis suspected, initial imaging, guide IR therapy",3196491,Fluoroscopy fistulography hemodialysis access upper extremity,1-10 mSv☢☢☢,,Usually appropriate
312,Interventional Radiology,"Hemodialysis access, upper extremity, ipsilateral extremity swelling, with or without venous collaterals, central venous stenosis suspected, initial imaging, guide IR therapy",3196491,CTA upper extremity with IV contrast,1-10 mSv☢☢☢,,Usually not appropriate
313,Interventional Radiology,"Hemodialysis access, upper extremity, ipsilateral extremity swelling, with or without venous collaterals, central venous stenosis suspected, initial imaging, guide IR therapy",3196491,CTV upper extremity with IV contrast,10-30 mSv☢☢☢☢,,Usually not appropriate
314,Interventional Radiology,"Hemodialysis access, upper extremity, ipsilateral extremity swelling, with or without venous collaterals, central venous stenosis suspected, initial imaging, guide IR therapy",3196491,MRA upper extremity without and with IV contrast,0 mSvO,0 mSv [ped]O,Usually not appropriate
315,Interventional Radiology,"Hemodialysis access, upper extremity, ipsilateral extremity swelling, with or without venous collaterals, central venous stenosis suspected, initial imaging, guide IR therapy",3196491,MRA upper extremity without IV contrast,0 mSvO,0 mSv [ped]O,Usually not appropriate
316,Interventional Radiology,"Hemodialysis access, upper extremity, ipsilateral extremity swelling, with or without venous collaterals, central venous stenosis suspected, initial imaging, guide IR therapy",3196491,MRV upper extremity without and with IV contrast,0 mSvO,0 mSv [ped]O,Usually not appropriate
317,Interventional Radiology,"Hemodialysis access, upper extremity, ipsilateral extremity swelling, with or without venous collaterals, central venous stenosis suspected, initial imaging, guide IR therapy",3196491,MRV upper extremity without IV contrast,0 mSvO,0 mSv [ped]O,Usually not appropriate
318,Interventional Radiology,"Hemodialysis access, upper extremity, ipsilateral extremity swelling, with or without venous collaterals, central venous stenosis suspected, initial imaging, guide IR therapy",3196491,US duplex Doppler hemodialysis access upper extremity,0 mSvO,0 mSv [ped]O,Usually not appropriate
319,Interventional Radiology,"Hepatocellular cancer: Multifocal, bilobar disease, at least 1 tumor greater than 5 cm, cirrhotic.",3195317,Transarterial chemoembolization,,,Usually appropriate
320,Interventional Radiology,"Hepatocellular cancer: Multifocal, bilobar disease, at least 1 tumor greater than 5 cm, cirrhotic.",3195317,Transarterial radioembolization,,,Usually appropriate
321,Interventional Radiology,"Hepatocellular cancer: Multifocal, bilobar disease, at least 1 tumor greater than 5 cm, cirrhotic.",3195317,Bland transarterial embolization,,,Usually appropriate
322,Interventional Radiology,"Hepatocellular cancer: Multifocal, bilobar disease, at least 1 tumor greater than 5 cm, cirrhotic.",3195317,Systemic therapies,,,Usually appropriate
323,Interventional Radiology,"Hepatocellular cancer: Multifocal, bilobar disease, at least 1 tumor greater than 5 cm, cirrhotic.",3195317,Combination locoregional therapy,,,May be appropriate
324,Interventional Radiology,"Hepatocellular cancer: Multifocal, bilobar disease, at least 1 tumor greater than 5 cm, cirrhotic.",3195317,External beam radiation therapy,,,May be appropriate
325,Interventional Radiology,"Hepatocellular cancer: Multifocal, bilobar disease, at least 1 tumor greater than 5 cm, cirrhotic.",3195317,Percutaneous ablation liver,,,Usually not appropriate
326,Interventional Radiology,"Hepatocellular cancer: Multifocal, bilobar disease, at least 1 tumor greater than 5 cm, cirrhotic.",3195317,Surgical liver resection,,,Usually not appropriate
327,Interventional Radiology,"Hepatocellular cancer: Multifocal, bilobar disease, at least 1 tumor greater than 5 cm, cirrhotic.",3195317,Liver transplantation,,,Usually not appropriate
328,Interventional Radiology,"Hepatocellular cancer: Solitary or multifocal disease with vascular invasion, cirrhotic.",3195319,Systemic therapies,,,Usually appropriate
329,Interventional Radiology,"Hepatocellular cancer: Solitary or multifocal disease with vascular invasion, cirrhotic.",3195319,Transarterial radioembolization,,,Usually appropriate
330,Interventional Radiology,"Hepatocellular cancer: Solitary or multifocal disease with vascular invasion, cirrhotic.",3195319,Transarterial chemoembolization,,,May be appropriate
331,Interventional Radiology,"Hepatocellular cancer: Solitary or multifocal disease with vascular invasion, cirrhotic.",3195319,Bland transarterial embolization,,,May be appropriate
332,Interventional Radiology,"Hepatocellular cancer: Solitary or multifocal disease with vascular invasion, cirrhotic.",3195319,Combination locoregional therapy,,,May be appropriate
333,Interventional Radiology,"Hepatocellular cancer: Solitary or multifocal disease with vascular invasion, cirrhotic.",3195319,External beam radiation therapy,,,May be appropriate
334,Interventional Radiology,"Hepatocellular cancer: Solitary or multifocal disease with vascular invasion, cirrhotic.",3195319,Percutaneous ablation liver,,,Usually not appropriate
335,Interventional Radiology,"Hepatocellular cancer: Solitary or multifocal disease with vascular invasion, cirrhotic.",3195319,Surgical liver resection,,,Usually not appropriate
336,Interventional Radiology,"Hepatocellular cancer: Solitary or multifocal disease with vascular invasion, cirrhotic.",3195319,Liver transplantation,,,Usually not appropriate
337,Interventional Radiology,"Hepatocellular cancer: Solitary tumor 3 to 5 cm, cirrhotic.",3195315,Liver transplantation,,,Usually appropriate
338,Interventional Radiology,"Hepatocellular cancer: Solitary tumor 3 to 5 cm, cirrhotic.",3195315,Combination locoregional therapy,,,Usually appropriate
339,Interventional Radiology,"Hepatocellular cancer: Solitary tumor 3 to 5 cm, cirrhotic.",3195315,Surgical liver resection,,,Usually appropriate
340,Interventional Radiology,"Hepatocellular cancer: Solitary tumor 3 to 5 cm, cirrhotic.",3195315,Transarterial chemoembolization,,,Usually appropriate
341,Interventional Radiology,"Hepatocellular cancer: Solitary tumor 3 to 5 cm, cirrhotic.",3195315,Transarterial radioembolization,,,Usually appropriate
342,Interventional Radiology,"Hepatocellular cancer: Solitary tumor 3 to 5 cm, cirrhotic.",3195315,Bland transarterial embolization,,,May be appropriate
343,Interventional Radiology,"Hepatocellular cancer: Solitary tumor 3 to 5 cm, cirrhotic.",3195315,External beam radiation therapy,,,May be appropriate
344,Interventional Radiology,"Hepatocellular cancer: Solitary tumor 3 to 5 cm, cirrhotic.",3195315,Percutaneous ablation liver,,,May be appropriate
345,Interventional Radiology,"Hepatocellular cancer: Solitary tumor 3 to 5 cm, cirrhotic.",3195315,Systemic therapies,,,Usually not appropriate
346,Interventional Radiology,"Hepatocellular cancer: Solitary tumor less than 3 cm, cirrhotic.",3195313,Liver transplantation,,,Usually appropriate
347,Interventional Radiology,"Hepatocellular cancer: Solitary tumor less than 3 cm, cirrhotic.",3195313,Percutaneous ablation liver,,,Usually appropriate
348,Interventional Radiology,"Hepatocellular cancer: Solitary tumor less than 3 cm, cirrhotic.",3195313,Surgical liver resection,,,Usually appropriate
349,Interventional Radiology,"Hepatocellular cancer: Solitary tumor less than 3 cm, cirrhotic.",3195313,Combination locoregional therapy,,,May be appropriate
350,Interventional Radiology,"Hepatocellular cancer: Solitary tumor less than 3 cm, cirrhotic.",3195313,External beam radiation therapy,,,May be appropriate
351,Interventional Radiology,"Hepatocellular cancer: Solitary tumor less than 3 cm, cirrhotic.",3195313,Transarterial chemoembolization,,,May be appropriate
352,Interventional Radiology,"Hepatocellular cancer: Solitary tumor less than 3 cm, cirrhotic.",3195313,Transarterial radioembolization,,,May be appropriate
353,Interventional Radiology,"Hepatocellular cancer: Solitary tumor less than 3 cm, cirrhotic.",3195313,Bland transarterial embolization,,,May be appropriate
354,Interventional Radiology,"Hepatocellular cancer: Solitary tumor less than 3 cm, cirrhotic.",3195313,Systemic therapies,,,Usually not appropriate
355,Interventional Radiology,History of abdominal pain after meals for the past few months and weight loss. CTA shows aortic atherosclerotic disease and suggests SMA-origin stenosis with occlusion of celiac origin and an occluded IMA. Initial therapy.,3195696,Angiography with possible percutaneous transluminal angioplasty and stent placement,,,Usually appropriate
356,Interventional Radiology,History of abdominal pain after meals for the past few months and weight loss. CTA shows aortic atherosclerotic disease and suggests SMA-origin stenosis with occlusion of celiac origin and an occluded IMA. Initial therapy.,3195696,Surgical bypass or endarterectomy,,,May be appropriate
357,Interventional Radiology,History of abdominal pain after meals for the past few months and weight loss. CTA shows aortic atherosclerotic disease and suggests SMA-origin stenosis with occlusion of celiac origin and an occluded IMA. Initial therapy.,3195696,Systemic anticoagulation,,,May be appropriate
358,Interventional Radiology,"Iliocaval disease suspected, severe post thrombotic changes, initial imaging",3196600,US duplex Doppler lower extremity,0 mSvO,0 mSv [ped]O,Usually appropriate
359,Interventional Radiology,"Iliocaval disease suspected, severe post thrombotic changes, initial imaging",3196600,CTV abdomen and pelvis with IV contrast,10-30 mSv☢☢☢☢,,Usually appropriate
360,Interventional Radiology,"Iliocaval disease suspected, severe post thrombotic changes, initial imaging",3196600,MRV abdomen and pelvis without and with IV contrast,0 mSvO,0 mSv [ped]O,Usually appropriate
361,Interventional Radiology,"Iliocaval disease suspected, severe post thrombotic changes, initial imaging",3196600,US duplex Doppler IVC and iliac veins,0 mSvO,0 mSv [ped]O,Usually appropriate
362,Interventional Radiology,"Iliocaval disease suspected, severe post thrombotic changes, initial imaging",3196600,Catheter venography iliac veins,10-30 mSv☢☢☢☢,,May be appropriate
363,Interventional Radiology,"Iliocaval disease suspected, severe post thrombotic changes, initial imaging",3196600,Catheter venography lower extremity,0.1-1mSv☢☢,,May be appropriate
364,Interventional Radiology,"Iliocaval disease suspected, severe post thrombotic changes, initial imaging",3196600,CTV lower extremity with IV contrast,10-30 mSv☢☢☢☢,,May be appropriate (Disagreement)
365,Interventional Radiology,"Iliocaval disease suspected, severe post thrombotic changes, initial imaging",3196600,MRV lower extremity without and with IV contrast,0 mSvO,0 mSv [ped]O,May be appropriate (Disagreement)
366,Interventional Radiology,"Iliocaval disease suspected, severe post thrombotic changes, initial imaging",3196600,US intravascular iliac veins,0 mSvO,0 mSv [ped]O,May be appropriate (Disagreement)
367,Interventional Radiology,"Iliocaval disease, severe post thrombotic changes, treatment",3196603,Anticoagulation,,,Usually appropriate
368,Interventional Radiology,"Iliocaval disease, severe post thrombotic changes, treatment",3196603,Compression therapy,,,Usually appropriate
369,Interventional Radiology,"Iliocaval disease, severe post thrombotic changes, treatment",3196603,Endovascular stenting,,,Usually appropriate
370,Interventional Radiology,"Iliocaval disease, severe post thrombotic changes, treatment",3196603,Catheter-directed thrombolysis with or without thrombectomy lower extremity,,,May be appropriate
371,Interventional Radiology,"Iliocaval disease, severe post thrombotic changes, treatment",3196603,Venous angioplasty,,,May be appropriate
372,Interventional Radiology,"Iliocaval disease, severe post thrombotic changes, treatment",3196603,Saphenous vein ablation,,,May be appropriate (Disagreement)
373,Interventional Radiology,"Iliocaval disease, severe post thrombotic changes, treatment",3196603,Venous bypass procedure,,,May be appropriate
374,Interventional Radiology,"Iliocaval disease, severe post thrombotic changes, treatment",3196603,Compression sclerotherapy,,,Usually not appropriate
375,Interventional Radiology,"Intrahepatic cholangiocarcinoma: Peripheral hepatic lobar cholangiocarcinoma, less than 3 cm; no biliary ductal dilatation, macroscopic vascular invasion, regional lymphadenopathy, or distant metastases.",3195321,Surgical liver resection,,,Usually appropriate
376,Interventional Radiology,"Intrahepatic cholangiocarcinoma: Peripheral hepatic lobar cholangiocarcinoma, less than 3 cm; no biliary ductal dilatation, macroscopic vascular invasion, regional lymphadenopathy, or distant metastases.",3195321,Percutaneous ablation liver,,,Usually appropriate
377,Interventional Radiology,"Intrahepatic cholangiocarcinoma: Peripheral hepatic lobar cholangiocarcinoma, less than 3 cm; no biliary ductal dilatation, macroscopic vascular invasion, regional lymphadenopathy, or distant metastases.",3195321,Liver transplantation,,,May be appropriate
378,Interventional Radiology,"Intrahepatic cholangiocarcinoma: Peripheral hepatic lobar cholangiocarcinoma, less than 3 cm; no biliary ductal dilatation, macroscopic vascular invasion, regional lymphadenopathy, or distant metastases.",3195321,Systemic therapies,,,May be appropriate
379,Interventional Radiology,"Intrahepatic cholangiocarcinoma: Peripheral hepatic lobar cholangiocarcinoma, less than 3 cm; no biliary ductal dilatation, macroscopic vascular invasion, regional lymphadenopathy, or distant metastases.",3195321,Transarterial radioembolization,,,May be appropriate
380,Interventional Radiology,"Intrahepatic cholangiocarcinoma: Peripheral hepatic lobar cholangiocarcinoma, less than 3 cm; no biliary ductal dilatation, macroscopic vascular invasion, regional lymphadenopathy, or distant metastases.",3195321,External beam radiation therapy,,,May be appropriate
381,Interventional Radiology,"Intrahepatic cholangiocarcinoma: Peripheral hepatic lobar cholangiocarcinoma, less than 3 cm; no biliary ductal dilatation, macroscopic vascular invasion, regional lymphadenopathy, or distant metastases.",3195321,Transarterial chemoembolization,,,May be appropriate
382,Interventional Radiology,"Intrahepatic cholangiocarcinoma: Peripheral hepatic lobar cholangiocarcinoma, less than 3 cm; no biliary ductal dilatation, macroscopic vascular invasion, regional lymphadenopathy, or distant metastases.",3195321,Bland transarterial embolization,,,Usually not appropriate
383,Interventional Radiology,"Low back pain, new, hx of multiple vertebral compression fractures, initial imaging",3195998,MRI complete spine without IV contrast,0 mSvO,0 mSv [ped]O,Usually appropriate
384,Interventional Radiology,"Low back pain, new, hx of multiple vertebral compression fractures, initial imaging",3195998,MRI lumbar spine without IV contrast,0 mSvO,0 mSv [ped]O,Usually appropriate
385,Interventional Radiology,"Low back pain, new, hx of multiple vertebral compression fractures, initial imaging",3195998,MRI thoracic and lumbar spine without IV contrast,0 mSvO,0 mSv [ped]O,Usually appropriate
386,Interventional Radiology,"Low back pain, new, hx of multiple vertebral compression fractures, initial imaging",3195998,CT lumbar spine without IV contrast,1-10 mSv☢☢☢,3-10 mSv [ped]☢☢☢☢,Usually appropriate
387,Interventional Radiology,"Low back pain, new, hx of multiple vertebral compression fractures, initial imaging",3195998,CT thoracic and lumbar spine without IV contrast,1-10 mSv☢☢☢,3-10 mSv [ped]☢☢☢☢,Usually appropriate
388,Interventional Radiology,"Low back pain, new, hx of multiple vertebral compression fractures, initial imaging",3195998,CT complete spine without IV contrast,10-30 mSv☢☢☢☢,3-10 mSv [ped]☢☢☢☢,Usually appropriate
389,Interventional Radiology,"Low back pain, new, hx of multiple vertebral compression fractures, initial imaging",3195998,MRI complete spine without and with IV contrast,0 mSvO,0 mSv [ped]O,May be appropriate
390,Interventional Radiology,"Low back pain, new, hx of multiple vertebral compression fractures, initial imaging",3195998,MRI lumbar spine without and with IV contrast,0 mSvO,0 mSv [ped]O,May be appropriate
391,Interventional Radiology,"Low back pain, new, hx of multiple vertebral compression fractures, initial imaging",3195998,MRI thoracic and lumbar spine without and with IV contrast,0 mSvO,0 mSv [ped]O,May be appropriate
392,Interventional Radiology,"Low back pain, new, hx of multiple vertebral compression fractures, initial imaging",3195998,Bone scan whole body,1-10 mSv☢☢☢,3-10 mSv [ped]☢☢☢☢,May be appropriate
393,Interventional Radiology,"Low back pain, new, hx of multiple vertebral compression fractures, initial imaging",3195998,SPECT or SPECT/CT complete spine,1-10 mSv☢☢☢,3-10 mSv [ped]☢☢☢☢,May be appropriate
394,Interventional Radiology,"Low back pain, new, hx of multiple vertebral compression fractures, initial imaging",3195998,SPECT or SPECT/CT lumbar spine,1-10 mSv☢☢☢,3-10 mSv [ped]☢☢☢☢,May be appropriate
395,Interventional Radiology,"Low back pain, new, hx of multiple vertebral compression fractures, initial imaging",3195998,SPECT or SPECT/CT thoracic and lumbar spine,1-10 mSv☢☢☢,3-10 mSv [ped]☢☢☢☢,May be appropriate
396,Interventional Radiology,"Low back pain, new, hx of multiple vertebral compression fractures, initial imaging",3195998,FDG-PET/CT skull base to mid-thigh,10-30 mSv☢☢☢☢,3-10 mSv [ped]☢☢☢☢,May be appropriate
397,Interventional Radiology,"Low back pain, new, hx of multiple vertebral compression fractures, initial imaging",3195998,MRI complete spine with IV contrast,0 mSvO,0 mSv [ped]O,Usually not appropriate
398,Interventional Radiology,"Low back pain, new, hx of multiple vertebral compression fractures, initial imaging",3195998,MRI lumbar spine with IV contrast,0 mSvO,0 mSv [ped]O,Usually not appropriate
399,Interventional Radiology,"Low back pain, new, hx of multiple vertebral compression fractures, initial imaging",3195998,MRI thoracic and lumbar spine with IV contrast,0 mSvO,0 mSv [ped]O,Usually not appropriate
400,Interventional Radiology,"Low back pain, new, hx of multiple vertebral compression fractures, initial imaging",3195998,CT lumbar spine with IV contrast,1-10 mSv☢☢☢,3-10 mSv [ped]☢☢☢☢,Usually not appropriate
401,Interventional Radiology,"Low back pain, new, hx of multiple vertebral compression fractures, initial imaging",3195998,CT thoracic and lumbar spine with IV contrast,1-10 mSv☢☢☢,3-10 mSv [ped]☢☢☢☢,Usually not appropriate
402,Interventional Radiology,"Low back pain, new, hx of multiple vertebral compression fractures, initial imaging",3195998,CT complete spine with IV contrast,10-30 mSv☢☢☢☢,3-10 mSv [ped]☢☢☢☢,Usually not appropriate
403,Interventional Radiology,"Low back pain, new, hx of multiple vertebral compression fractures, initial imaging",3195998,CT complete spine without and with IV contrast,10-30 mSv☢☢☢☢,3-10 mSv [ped]☢☢☢☢,Usually not appropriate
404,Interventional Radiology,"Low back pain, new, hx of multiple vertebral compression fractures, initial imaging",3195998,CT lumbar spine without and with IV contrast,10-30 mSv☢☢☢☢,3-10 mSv [ped]☢☢☢☢,Usually not appropriate
405,Interventional Radiology,"Low back pain, new, hx of multiple vertebral compression fractures, initial imaging",3195998,CT myelography lumbar spine,10-30 mSv☢☢☢☢,,Usually not appropriate
406,Interventional Radiology,"Low back pain, new, hx of multiple vertebral compression fractures, initial imaging",3195998,CT myelography thoracic and lumbar spine,10-30 mSv☢☢☢☢,3-10 mSv [ped]☢☢☢☢,Usually not appropriate
407,Interventional Radiology,"Low back pain, new, hx of multiple vertebral compression fractures, initial imaging",3195998,CT thoracic and lumbar spine without and with IV contrast,10-30 mSv☢☢☢☢,3-10 mSv [ped]☢☢☢☢,Usually not appropriate
408,Interventional Radiology,"Low back pain, new, hx of multiple vertebral compression fractures, initial imaging",3195998,CT myelography complete spine,30-100 mSv☢☢☢☢☢,3-10 mSv [ped]☢☢☢☢,Usually not appropriate
409,Interventional Radiology,"Low back pain, new, previously treated vertebral compression fracture, initial imaging",3195996,MRI complete spine without IV contrast,0 mSvO,0 mSv [ped]O,Usually appropriate
410,Interventional Radiology,"Low back pain, new, previously treated vertebral compression fracture, initial imaging",3195996,MRI lumbar spine without IV contrast,0 mSvO,0 mSv [ped]O,Usually appropriate
411,Interventional Radiology,"Low back pain, new, previously treated vertebral compression fracture, initial imaging",3195996,MRI thoracic and lumbar spine without IV contrast,0 mSvO,0 mSv [ped]O,Usually appropriate
412,Interventional Radiology,"Low back pain, new, previously treated vertebral compression fracture, initial imaging",3195996,CT lumbar spine without IV contrast,1-10 mSv☢☢☢,3-10 mSv [ped]☢☢☢☢,Usually appropriate
413,Interventional Radiology,"Low back pain, new, previously treated vertebral compression fracture, initial imaging",3195996,CT thoracic and lumbar spine without IV contrast,1-10 mSv☢☢☢,3-10 mSv [ped]☢☢☢☢,Usually appropriate
414,Interventional Radiology,"Low back pain, new, previously treated vertebral compression fracture, initial imaging",3195996,CT complete spine without IV contrast,10-30 mSv☢☢☢☢,3-10 mSv [ped]☢☢☢☢,Usually appropriate
415,Interventional Radiology,"Low back pain, new, previously treated vertebral compression fracture, initial imaging",3195996,MRI complete spine without and with IV contrast,0 mSvO,0 mSv [ped]O,May be appropriate
416,Interventional Radiology,"Low back pain, new, previously treated vertebral compression fracture, initial imaging",3195996,MRI lumbar spine without and with IV contrast,0 mSvO,0 mSv [ped]O,May be appropriate
417,Interventional Radiology,"Low back pain, new, previously treated vertebral compression fracture, initial imaging",3195996,MRI thoracic and lumbar spine without and with IV contrast,0 mSvO,0 mSv [ped]O,May be appropriate
418,Interventional Radiology,"Low back pain, new, previously treated vertebral compression fracture, initial imaging",3195996,Bone scan whole body,1-10 mSv☢☢☢,3-10 mSv [ped]☢☢☢☢,May be appropriate
419,Interventional Radiology,"Low back pain, new, previously treated vertebral compression fracture, initial imaging",3195996,SPECT or SPECT/CT complete spine,1-10 mSv☢☢☢,3-10 mSv [ped]☢☢☢☢,May be appropriate
420,Interventional Radiology,"Low back pain, new, previously treated vertebral compression fracture, initial imaging",3195996,SPECT or SPECT/CT lumbar spine,1-10 mSv☢☢☢,3-10 mSv [ped]☢☢☢☢,May be appropriate
421,Interventional Radiology,"Low back pain, new, previously treated vertebral compression fracture, initial imaging",3195996,SPECT or SPECT/CT thoracic and lumbar spine,1-10 mSv☢☢☢,3-10 mSv [ped]☢☢☢☢,May be appropriate
422,Interventional Radiology,"Low back pain, new, previously treated vertebral compression fracture, initial imaging",3195996,FDG-PET/CT skull base to mid-thigh,10-30 mSv☢☢☢☢,3-10 mSv [ped]☢☢☢☢,May be appropriate
423,Interventional Radiology,"Low back pain, new, previously treated vertebral compression fracture, initial imaging",3195996,MRI complete spine with IV contrast,0 mSvO,0 mSv [ped]O,Usually not appropriate
424,Interventional Radiology,"Low back pain, new, previously treated vertebral compression fracture, initial imaging",3195996,MRI lumbar spine with IV contrast,0 mSvO,0 mSv [ped]O,Usually not appropriate
425,Interventional Radiology,"Low back pain, new, previously treated vertebral compression fracture, initial imaging",3195996,MRI thoracic and lumbar spine with IV contrast,0 mSvO,0 mSv [ped]O,Usually not appropriate
426,Interventional Radiology,"Low back pain, new, previously treated vertebral compression fracture, initial imaging",3195996,CT lumbar spine with IV contrast,1-10 mSv☢☢☢,3-10 mSv [ped]☢☢☢☢,Usually not appropriate
427,Interventional Radiology,"Low back pain, new, previously treated vertebral compression fracture, initial imaging",3195996,CT thoracic and lumbar spine with IV contrast,1-10 mSv☢☢☢,3-10 mSv [ped]☢☢☢☢,Usually not appropriate
428,Interventional Radiology,"Low back pain, new, previously treated vertebral compression fracture, initial imaging",3195996,CT complete spine with IV contrast,10-30 mSv☢☢☢☢,3-10 mSv [ped]☢☢☢☢,Usually not appropriate
429,Interventional Radiology,"Low back pain, new, previously treated vertebral compression fracture, initial imaging",3195996,CT complete spine without and with IV contrast,10-30 mSv☢☢☢☢,3-10 mSv [ped]☢☢☢☢,Usually not appropriate
430,Interventional Radiology,"Low back pain, new, previously treated vertebral compression fracture, initial imaging",3195996,CT lumbar spine without and with IV contrast,10-30 mSv☢☢☢☢,3-10 mSv [ped]☢☢☢☢,Usually not appropriate
431,Interventional Radiology,"Low back pain, new, previously treated vertebral compression fracture, initial imaging",3195996,CT myelography lumbar spine,10-30 mSv☢☢☢☢,,Usually not appropriate
432,Interventional Radiology,"Low back pain, new, previously treated vertebral compression fracture, initial imaging",3195996,CT myelography thoracic and lumbar spine,10-30 mSv☢☢☢☢,3-10 mSv [ped]☢☢☢☢,Usually not appropriate
433,Interventional Radiology,"Low back pain, new, previously treated vertebral compression fracture, initial imaging",3195996,CT thoracic and lumbar spine without and with IV contrast,10-30 mSv☢☢☢☢,3-10 mSv [ped]☢☢☢☢,Usually not appropriate
434,Interventional Radiology,"Low back pain, new, previously treated vertebral compression fracture, initial imaging",3195996,CT myelography complete spine,30-100 mSv☢☢☢☢☢,3-10 mSv [ped]☢☢☢☢,Usually not appropriate
435,Interventional Radiology,"Lower extremity disease, severe post thrombotic changes, treatment",3196604,Anticoagulation,,,Usually appropriate
436,Interventional Radiology,"Lower extremity disease, severe post thrombotic changes, treatment",3196604,Compression therapy,,,Usually appropriate
437,Interventional Radiology,"Lower extremity disease, severe post thrombotic changes, treatment",3196604,Endovascular stenting,,,Usually appropriate
438,Interventional Radiology,"Lower extremity disease, severe post thrombotic changes, treatment",3196604,Catheter-directed thrombolysis with or without thrombectomy lower extremity,,,May be appropriate
439,Interventional Radiology,"Lower extremity disease, severe post thrombotic changes, treatment",3196604,Venous angioplasty,,,May be appropriate
440,Interventional Radiology,"Lower extremity disease, severe post thrombotic changes, treatment",3196604,Saphenous vein ablation,,,May be appropriate (Disagreement)
441,Interventional Radiology,"Lower extremity disease, severe post thrombotic changes, treatment",3196604,Venous bypass procedure,,,May be appropriate
442,Interventional Radiology,"Lower extremity disease, severe post thrombotic changes, treatment",3196604,Compression sclerotherapy,,,Usually not appropriate
443,Interventional Radiology,"Lower extremity venous disease suspected, severe post thrombotic changes, initial imaging",3196601,US duplex Doppler lower extremity,0 mSvO,0 mSv [ped]O,Usually appropriate
444,Interventional Radiology,"Lower extremity venous disease suspected, severe post thrombotic changes, initial imaging",3196601,CTV abdomen and pelvis with IV contrast,10-30 mSv☢☢☢☢,,Usually appropriate
445,Interventional Radiology,"Lower extremity venous disease suspected, severe post thrombotic changes, initial imaging",3196601,MRV abdomen and pelvis without and with IV contrast,0 mSvO,0 mSv [ped]O,Usually appropriate
446,Interventional Radiology,"Lower extremity venous disease suspected, severe post thrombotic changes, initial imaging",3196601,US duplex Doppler IVC and iliac veins,0 mSvO,0 mSv [ped]O,Usually appropriate
447,Interventional Radiology,"Lower extremity venous disease suspected, severe post thrombotic changes, initial imaging",3196601,Catheter venography iliac veins,10-30 mSv☢☢☢☢,,May be appropriate
448,Interventional Radiology,"Lower extremity venous disease suspected, severe post thrombotic changes, initial imaging",3196601,Catheter venography lower extremity,0.1-1mSv☢☢,,May be appropriate
449,Interventional Radiology,"Lower extremity venous disease suspected, severe post thrombotic changes, initial imaging",3196601,CTV lower extremity with IV contrast,10-30 mSv☢☢☢☢,,May be appropriate (Disagreement)
450,Interventional Radiology,"Lower extremity venous disease suspected, severe post thrombotic changes, initial imaging",3196601,MRV lower extremity without and with IV contrast,0 mSvO,0 mSv [ped]O,May be appropriate (Disagreement)
451,Interventional Radiology,"Lower extremity venous disease suspected, severe post thrombotic changes, initial imaging",3196601,US intravascular iliac veins,0 mSvO,0 mSv [ped]O,May be appropriate (Disagreement)
452,Interventional Radiology,Metastatic liver disease: Multifocal bilobar colorectal carcinoma (liver dominant or isolated).,3195326,Systemic therapies,,,Usually appropriate
453,Interventional Radiology,Metastatic liver disease: Multifocal bilobar colorectal carcinoma (liver dominant or isolated).,3195326,Hepatic arterial chemotherapy infusion,,,May be appropriate
454,Interventional Radiology,Metastatic liver disease: Multifocal bilobar colorectal carcinoma (liver dominant or isolated).,3195326,Transarterial chemoembolization,,,May be appropriate
455,Interventional Radiology,Metastatic liver disease: Multifocal bilobar colorectal carcinoma (liver dominant or isolated).,3195326,Transarterial radioembolization,,,May be appropriate
456,Interventional Radiology,Metastatic liver disease: Multifocal bilobar colorectal carcinoma (liver dominant or isolated).,3195326,Bland transarterial embolization,,,May be appropriate (Disagreement)
457,Interventional Radiology,Metastatic liver disease: Multifocal bilobar colorectal carcinoma (liver dominant or isolated).,3195326,Combination locoregional therapy,,,May be appropriate
458,Interventional Radiology,Metastatic liver disease: Multifocal bilobar colorectal carcinoma (liver dominant or isolated).,3195326,Percutaneous ablation liver,,,May be appropriate
459,Interventional Radiology,Metastatic liver disease: Multifocal bilobar colorectal carcinoma (liver dominant or isolated).,3195326,Surgical liver resection,,,May be appropriate
460,Interventional Radiology,Metastatic liver disease: Multifocal bilobar colorectal carcinoma (liver dominant or isolated).,3195326,External beam radiation therapy,,,Usually not appropriate
461,Interventional Radiology,Metastatic liver disease: Multifocal bilobar colorectal carcinoma (liver dominant or isolated).,3195326,Liver transplantation,,,Usually not appropriate
462,Interventional Radiology,Metastatic liver disease: Multifocal metastatic neuroendocrine tumor (includes carcinoid tumors as well as islet cell tumors of the pancreas).,3195324,Long-acting somatostatin analogs,,,Usually appropriate
463,Interventional Radiology,Metastatic liver disease: Multifocal metastatic neuroendocrine tumor (includes carcinoid tumors as well as islet cell tumors of the pancreas).,3195324,Bland transarterial embolization,,,Usually appropriate
464,Interventional Radiology,Metastatic liver disease: Multifocal metastatic neuroendocrine tumor (includes carcinoid tumors as well as islet cell tumors of the pancreas).,3195324,Peptide receptor radionuclide therapy,,,Usually appropriate
465,Interventional Radiology,Metastatic liver disease: Multifocal metastatic neuroendocrine tumor (includes carcinoid tumors as well as islet cell tumors of the pancreas).,3195324,Transarterial chemoembolization,,,Usually appropriate
466,Interventional Radiology,Metastatic liver disease: Multifocal metastatic neuroendocrine tumor (includes carcinoid tumors as well as islet cell tumors of the pancreas).,3195324,Transarterial radioembolization,,,Usually appropriate
467,Interventional Radiology,Metastatic liver disease: Multifocal metastatic neuroendocrine tumor (includes carcinoid tumors as well as islet cell tumors of the pancreas).,3195324,Systemic therapies,,,May be appropriate
468,Interventional Radiology,Metastatic liver disease: Multifocal metastatic neuroendocrine tumor (includes carcinoid tumors as well as islet cell tumors of the pancreas).,3195324,External beam radiation therapy,,,May be appropriate
469,Interventional Radiology,Metastatic liver disease: Multifocal metastatic neuroendocrine tumor (includes carcinoid tumors as well as islet cell tumors of the pancreas).,3195324,Percutaneous ablation liver,,,May be appropriate
470,Interventional Radiology,Metastatic liver disease: Multifocal metastatic neuroendocrine tumor (includes carcinoid tumors as well as islet cell tumors of the pancreas).,3195324,Surgical liver resection,,,May be appropriate
471,Interventional Radiology,Metastatic liver disease: Multifocal metastatic neuroendocrine tumor (includes carcinoid tumors as well as islet cell tumors of the pancreas).,3195324,Combination locoregional therapy,,,Usually not appropriate
472,Interventional Radiology,Metastatic liver disease: Multifocal metastatic neuroendocrine tumor (includes carcinoid tumors as well as islet cell tumors of the pancreas).,3195324,Liver transplantation,,,Usually not appropriate
473,Interventional Radiology,Metastatic liver disease: Solitary colorectal liver metastasis.,3195325,Systemic therapies,,,Usually appropriate
474,Interventional Radiology,Metastatic liver disease: Solitary colorectal liver metastasis.,3195325,Surgical liver resection,,,Usually appropriate
475,Interventional Radiology,Metastatic liver disease: Solitary colorectal liver metastasis.,3195325,Percutaneous ablation liver,,,Usually appropriate
476,Interventional Radiology,Metastatic liver disease: Solitary colorectal liver metastasis.,3195325,Combination locoregional therapy,,,May be appropriate
477,Interventional Radiology,Metastatic liver disease: Solitary colorectal liver metastasis.,3195325,External beam radiation therapy,,,May be appropriate
478,Interventional Radiology,Metastatic liver disease: Solitary colorectal liver metastasis.,3195325,Transarterial chemoembolization,,,May be appropriate
479,Interventional Radiology,Metastatic liver disease: Solitary colorectal liver metastasis.,3195325,Transarterial radioembolization,,,May be appropriate
480,Interventional Radiology,Metastatic liver disease: Solitary colorectal liver metastasis.,3195325,Bland transarterial embolization,,,Usually not appropriate
481,Interventional Radiology,Metastatic liver disease: Solitary colorectal liver metastasis.,3195325,Hepatic arterial chemotherapy infusion,,,Usually not appropriate
482,Interventional Radiology,Metastatic liver disease: Solitary colorectal liver metastasis.,3195325,Liver transplantation,,,Usually not appropriate
483,Interventional Radiology,"Mid-back pain, new, hx of multiple vertebral compression fractures, initial imaging",3195999,MRI cervical and thoracic spine without IV contrast,0 mSvO,0 mSv [ped]O,Usually appropriate
484,Interventional Radiology,"Mid-back pain, new, hx of multiple vertebral compression fractures, initial imaging",3195999,MRI complete spine without IV contrast,0 mSvO,0 mSv [ped]O,Usually appropriate
485,Interventional Radiology,"Mid-back pain, new, hx of multiple vertebral compression fractures, initial imaging",3195999,MRI thoracic and lumbar spine without IV contrast,0 mSvO,0 mSv [ped]O,Usually appropriate
486,Interventional Radiology,"Mid-back pain, new, hx of multiple vertebral compression fractures, initial imaging",3195999,MRI thoracic spine without IV contrast,0 mSvO,0 mSv [ped]O,Usually appropriate
487,Interventional Radiology,"Mid-back pain, new, hx of multiple vertebral compression fractures, initial imaging",3195999,CT thoracic and lumbar spine without IV contrast,1-10 mSv☢☢☢,3-10 mSv [ped]☢☢☢☢,Usually appropriate
488,Interventional Radiology,"Mid-back pain, new, hx of multiple vertebral compression fractures, initial imaging",3195999,CT thoracic spine without IV contrast,1-10 mSv☢☢☢,3-10 mSv [ped]☢☢☢☢,Usually appropriate
489,Interventional Radiology,"Mid-back pain, new, hx of multiple vertebral compression fractures, initial imaging",3195999,CT cervical and thoracic spine without IV contrast,10-30 mSv☢☢☢☢,,Usually appropriate
490,Interventional Radiology,"Mid-back pain, new, hx of multiple vertebral compression fractures, initial imaging",3195999,CT complete spine without IV contrast,10-30 mSv☢☢☢☢,3-10 mSv [ped]☢☢☢☢,Usually appropriate
491,Interventional Radiology,"Mid-back pain, new, hx of multiple vertebral compression fractures, initial imaging",3195999,MRI cervical and thoracic spine without and with IV contrast,0 mSvO,0 mSv [ped]O,May be appropriate
492,Interventional Radiology,"Mid-back pain, new, hx of multiple vertebral compression fractures, initial imaging",3195999,MRI complete spine without and with IV contrast,0 mSvO,0 mSv [ped]O,May be appropriate
493,Interventional Radiology,"Mid-back pain, new, hx of multiple vertebral compression fractures, initial imaging",3195999,MRI thoracic and lumbar spine without and with IV contrast,0 mSvO,0 mSv [ped]O,May be appropriate
494,Interventional Radiology,"Mid-back pain, new, hx of multiple vertebral compression fractures, initial imaging",3195999,MRI thoracic spine without and with IV contrast,0 mSvO,0 mSv [ped]O,May be appropriate
495,Interventional Radiology,"Mid-back pain, new, hx of multiple vertebral compression fractures, initial imaging",3195999,Bone scan whole body,1-10 mSv☢☢☢,3-10 mSv [ped]☢☢☢☢,May be appropriate
496,Interventional Radiology,"Mid-back pain, new, hx of multiple vertebral compression fractures, initial imaging",3195999,SPECT or SPECT/CT cervical and thoracic spine,1-10 mSv☢☢☢,3-10 mSv [ped]☢☢☢☢,May be appropriate
497,Interventional Radiology,"Mid-back pain, new, hx of multiple vertebral compression fractures, initial imaging",3195999,SPECT or SPECT/CT complete spine,1-10 mSv☢☢☢,3-10 mSv [ped]☢☢☢☢,May be appropriate
498,Interventional Radiology,"Mid-back pain, new, hx of multiple vertebral compression fractures, initial imaging",3195999,SPECT or SPECT/CT thoracic and lumbar spine,1-10 mSv☢☢☢,3-10 mSv [ped]☢☢☢☢,May be appropriate
499,Interventional Radiology,"Mid-back pain, new, hx of multiple vertebral compression fractures, initial imaging",3195999,SPECT or SPECT/CT thoracic spine,1-10 mSv☢☢☢,3-10 mSv [ped]☢☢☢☢,May be appropriate
500,Interventional Radiology,"Mid-back pain, new, hx of multiple vertebral compression fractures, initial imaging",3195999,FDG-PET/CT skull base to mid-thigh,10-30 mSv☢☢☢☢,3-10 mSv [ped]☢☢☢☢,May be appropriate
501,Interventional Radiology,"Mid-back pain, new, hx of multiple vertebral compression fractures, initial imaging",3195999,MRI cervical and thoracic spine with IV contrast,0 mSvO,0 mSv [ped]O,Usually not appropriate
502,Interventional Radiology,"Mid-back pain, new, hx of multiple vertebral compression fractures, initial imaging",3195999,MRI complete spine with IV contrast,0 mSvO,0 mSv [ped]O,Usually not appropriate
503,Interventional Radiology,"Mid-back pain, new, hx of multiple vertebral compression fractures, initial imaging",3195999,MRI thoracic and lumbar spine with IV contrast,0 mSvO,0 mSv [ped]O,Usually not appropriate
504,Interventional Radiology,"Mid-back pain, new, hx of multiple vertebral compression fractures, initial imaging",3195999,MRI thoracic spine with IV contrast,0 mSvO,0 mSv [ped]O,Usually not appropriate
505,Interventional Radiology,"Mid-back pain, new, hx of multiple vertebral compression fractures, initial imaging",3195999,CT thoracic and lumbar spine with IV contrast,1-10 mSv☢☢☢,3-10 mSv [ped]☢☢☢☢,Usually not appropriate
506,Interventional Radiology,"Mid-back pain, new, hx of multiple vertebral compression fractures, initial imaging",3195999,CT thoracic spine with IV contrast,1-10 mSv☢☢☢,3-10 mSv [ped]☢☢☢☢,Usually not appropriate
507,Interventional Radiology,"Mid-back pain, new, hx of multiple vertebral compression fractures, initial imaging",3195999,CT cervical and thoracic spine with IV contrast,10-30 mSv☢☢☢☢,,Usually not appropriate
508,Interventional Radiology,"Mid-back pain, new, hx of multiple vertebral compression fractures, initial imaging",3195999,CT cervical and thoracic spine without and with IV contrast,10-30 mSv☢☢☢☢,,Usually not appropriate
509,Interventional Radiology,"Mid-back pain, new, hx of multiple vertebral compression fractures, initial imaging",3195999,CT complete spine with IV contrast,10-30 mSv☢☢☢☢,3-10 mSv [ped]☢☢☢☢,Usually not appropriate
510,Interventional Radiology,"Mid-back pain, new, hx of multiple vertebral compression fractures, initial imaging",3195999,CT complete spine without and with IV contrast,10-30 mSv☢☢☢☢,3-10 mSv [ped]☢☢☢☢,Usually not appropriate
511,Interventional Radiology,"Mid-back pain, new, hx of multiple vertebral compression fractures, initial imaging",3195999,CT myelography cervical and thoracic spine,10-30 mSv☢☢☢☢,,Usually not appropriate
512,Interventional Radiology,"Mid-back pain, new, hx of multiple vertebral compression fractures, initial imaging",3195999,CT myelography thoracic and lumbar spine,10-30 mSv☢☢☢☢,3-10 mSv [ped]☢☢☢☢,Usually not appropriate
513,Interventional Radiology,"Mid-back pain, new, hx of multiple vertebral compression fractures, initial imaging",3195999,CT myelography thoracic spine,10-30 mSv☢☢☢☢,,Usually not appropriate
514,Interventional Radiology,"Mid-back pain, new, hx of multiple vertebral compression fractures, initial imaging",3195999,CT thoracic and lumbar spine without and with IV contrast,10-30 mSv☢☢☢☢,3-10 mSv [ped]☢☢☢☢,Usually not appropriate
515,Interventional Radiology,"Mid-back pain, new, hx of multiple vertebral compression fractures, initial imaging",3195999,CT thoracic spine without and with IV contrast,10-30 mSv☢☢☢☢,3-10 mSv [ped]☢☢☢☢,Usually not appropriate
516,Interventional Radiology,"Mid-back pain, new, hx of multiple vertebral compression fractures, initial imaging",3195999,CT myelography complete spine,30-100 mSv☢☢☢☢☢,3-10 mSv [ped]☢☢☢☢,Usually not appropriate
517,Interventional Radiology,"Mid-back pain, new, previously treated vertebral compression fracture, initial imaging",3195995,MRI cervical and thoracic spine without IV contrast,0 mSvO,0 mSv [ped]O,Usually appropriate
518,Interventional Radiology,"Mid-back pain, new, previously treated vertebral compression fracture, initial imaging",3195995,MRI complete spine without IV contrast,0 mSvO,0 mSv [ped]O,Usually appropriate
519,Interventional Radiology,"Mid-back pain, new, previously treated vertebral compression fracture, initial imaging",3195995,MRI thoracic and lumbar spine without IV contrast,0 mSvO,0 mSv [ped]O,Usually appropriate
520,Interventional Radiology,"Mid-back pain, new, previously treated vertebral compression fracture, initial imaging",3195995,MRI thoracic spine without IV contrast,0 mSvO,0 mSv [ped]O,Usually appropriate
521,Interventional Radiology,"Mid-back pain, new, previously treated vertebral compression fracture, initial imaging",3195995,CT thoracic and lumbar spine without IV contrast,1-10 mSv☢☢☢,3-10 mSv [ped]☢☢☢☢,Usually appropriate
522,Interventional Radiology,"Mid-back pain, new, previously treated vertebral compression fracture, initial imaging",3195995,CT thoracic spine without IV contrast,1-10 mSv☢☢☢,3-10 mSv [ped]☢☢☢☢,Usually appropriate
523,Interventional Radiology,"Mid-back pain, new, previously treated vertebral compression fracture, initial imaging",3195995,CT cervical and thoracic spine without IV contrast,10-30 mSv☢☢☢☢,,Usually appropriate
524,Interventional Radiology,"Mid-back pain, new, previously treated vertebral compression fracture, initial imaging",3195995,CT complete spine without IV contrast,10-30 mSv☢☢☢☢,3-10 mSv [ped]☢☢☢☢,Usually appropriate
525,Interventional Radiology,"Mid-back pain, new, previously treated vertebral compression fracture, initial imaging",3195995,MRI cervical and thoracic spine without and with IV contrast,0 mSvO,0 mSv [ped]O,May be appropriate
526,Interventional Radiology,"Mid-back pain, new, previously treated vertebral compression fracture, initial imaging",3195995,MRI complete spine without and with IV contrast,0 mSvO,0 mSv [ped]O,May be appropriate
527,Interventional Radiology,"Mid-back pain, new, previously treated vertebral compression fracture, initial imaging",3195995,MRI thoracic and lumbar spine without and with IV contrast,0 mSvO,0 mSv [ped]O,May be appropriate
528,Interventional Radiology,"Mid-back pain, new, previously treated vertebral compression fracture, initial imaging",3195995,MRI thoracic spine without and with IV contrast,0 mSvO,0 mSv [ped]O,May be appropriate
529,Interventional Radiology,"Mid-back pain, new, previously treated vertebral compression fracture, initial imaging",3195995,Bone scan whole body,1-10 mSv☢☢☢,3-10 mSv [ped]☢☢☢☢,May be appropriate
530,Interventional Radiology,"Mid-back pain, new, previously treated vertebral compression fracture, initial imaging",3195995,SPECT or SPECT/CT cervical and thoracic spine,1-10 mSv☢☢☢,3-10 mSv [ped]☢☢☢☢,May be appropriate
531,Interventional Radiology,"Mid-back pain, new, previously treated vertebral compression fracture, initial imaging",3195995,SPECT or SPECT/CT complete spine,1-10 mSv☢☢☢,3-10 mSv [ped]☢☢☢☢,May be appropriate
532,Interventional Radiology,"Mid-back pain, new, previously treated vertebral compression fracture, initial imaging",3195995,SPECT or SPECT/CT thoracic and lumbar spine,1-10 mSv☢☢☢,3-10 mSv [ped]☢☢☢☢,May be appropriate
533,Interventional Radiology,"Mid-back pain, new, previously treated vertebral compression fracture, initial imaging",3195995,SPECT or SPECT/CT thoracic spine,1-10 mSv☢☢☢,3-10 mSv [ped]☢☢☢☢,May be appropriate
534,Interventional Radiology,"Mid-back pain, new, previously treated vertebral compression fracture, initial imaging",3195995,FDG-PET/CT skull base to mid-thigh,10-30 mSv☢☢☢☢,3-10 mSv [ped]☢☢☢☢,May be appropriate
535,Interventional Radiology,"Mid-back pain, new, previously treated vertebral compression fracture, initial imaging",3195995,MRI cervical and thoracic spine with IV contrast,0 mSvO,0 mSv [ped]O,Usually not appropriate
536,Interventional Radiology,"Mid-back pain, new, previously treated vertebral compression fracture, initial imaging",3195995,MRI complete spine with IV contrast,0 mSvO,0 mSv [ped]O,Usually not appropriate
537,Interventional Radiology,"Mid-back pain, new, previously treated vertebral compression fracture, initial imaging",3195995,MRI thoracic and lumbar spine with IV contrast,0 mSvO,0 mSv [ped]O,Usually not appropriate
538,Interventional Radiology,"Mid-back pain, new, previously treated vertebral compression fracture, initial imaging",3195995,MRI thoracic spine with IV contrast,0 mSvO,0 mSv [ped]O,Usually not appropriate
539,Interventional Radiology,"Mid-back pain, new, previously treated vertebral compression fracture, initial imaging",3195995,CT thoracic and lumbar spine with IV contrast,1-10 mSv☢☢☢,3-10 mSv [ped]☢☢☢☢,Usually not appropriate
540,Interventional Radiology,"Mid-back pain, new, previously treated vertebral compression fracture, initial imaging",3195995,CT thoracic spine with IV contrast,1-10 mSv☢☢☢,3-10 mSv [ped]☢☢☢☢,Usually not appropriate
541,Interventional Radiology,"Mid-back pain, new, previously treated vertebral compression fracture, initial imaging",3195995,CT cervical and thoracic spine with IV contrast,10-30 mSv☢☢☢☢,,Usually not appropriate
542,Interventional Radiology,"Mid-back pain, new, previously treated vertebral compression fracture, initial imaging",3195995,CT cervical and thoracic spine without and with IV contrast,10-30 mSv☢☢☢☢,,Usually not appropriate
543,Interventional Radiology,"Mid-back pain, new, previously treated vertebral compression fracture, initial imaging",3195995,CT complete spine with IV contrast,10-30 mSv☢☢☢☢,3-10 mSv [ped]☢☢☢☢,Usually not appropriate
544,Interventional Radiology,"Mid-back pain, new, previously treated vertebral compression fracture, initial imaging",3195995,CT complete spine without and with IV contrast,10-30 mSv☢☢☢☢,3-10 mSv [ped]☢☢☢☢,Usually not appropriate
545,Interventional Radiology,"Mid-back pain, new, previously treated vertebral compression fracture, initial imaging",3195995,CT myelography cervical and thoracic spine,10-30 mSv☢☢☢☢,,Usually not appropriate
546,Interventional Radiology,"Mid-back pain, new, previously treated vertebral compression fracture, initial imaging",3195995,CT myelography thoracic and lumbar spine,10-30 mSv☢☢☢☢,3-10 mSv [ped]☢☢☢☢,Usually not appropriate
547,Interventional Radiology,"Mid-back pain, new, previously treated vertebral compression fracture, initial imaging",3195995,CT myelography thoracic spine,10-30 mSv☢☢☢☢,,Usually not appropriate
548,Interventional Radiology,"Mid-back pain, new, previously treated vertebral compression fracture, initial imaging",3195995,CT thoracic and lumbar spine without and with IV contrast,10-30 mSv☢☢☢☢,3-10 mSv [ped]☢☢☢☢,Usually not appropriate
549,Interventional Radiology,"Mid-back pain, new, previously treated vertebral compression fracture, initial imaging",3195995,CT thoracic spine without and with IV contrast,10-30 mSv☢☢☢☢,3-10 mSv [ped]☢☢☢☢,Usually not appropriate
550,Interventional Radiology,"Mid-back pain, new, previously treated vertebral compression fracture, initial imaging",3195995,CT myelography complete spine,30-100 mSv☢☢☢☢☢,3-10 mSv [ped]☢☢☢☢,Usually not appropriate
551,Interventional Radiology,"Neck pain, new, previously treated vertebral compression fracture, initial imaging",3195994,MRI cervical and thoracic spine without IV contrast,0 mSvO,0 mSv [ped]O,Usually appropriate
552,Interventional Radiology,"Neck pain, new, previously treated vertebral compression fracture, initial imaging",3195994,MRI cervical spine without IV contrast,0 mSvO,0 mSv [ped]O,Usually appropriate
553,Interventional Radiology,"Neck pain, new, previously treated vertebral compression fracture, initial imaging",3195994,MRI complete spine without IV contrast,0 mSvO,0 mSv [ped]O,Usually appropriate
554,Interventional Radiology,"Neck pain, new, previously treated vertebral compression fracture, initial imaging",3195994,CT cervical spine without IV contrast,1-10 mSv☢☢☢,3-10 mSv [ped]☢☢☢☢,Usually appropriate
555,Interventional Radiology,"Neck pain, new, previously treated vertebral compression fracture, initial imaging",3195994,CT cervical and thoracic spine without IV contrast,10-30 mSv☢☢☢☢,,Usually appropriate
556,Interventional Radiology,"Neck pain, new, previously treated vertebral compression fracture, initial imaging",3195994,CT complete spine without IV contrast,10-30 mSv☢☢☢☢,3-10 mSv [ped]☢☢☢☢,Usually appropriate
557,Interventional Radiology,"Neck pain, new, previously treated vertebral compression fracture, initial imaging",3195994,MRI cervical and thoracic spine without and with IV contrast,0 mSvO,0 mSv [ped]O,May be appropriate
558,Interventional Radiology,"Neck pain, new, previously treated vertebral compression fracture, initial imaging",3195994,MRI cervical spine without and with IV contrast,0 mSvO,0 mSv [ped]O,May be appropriate
559,Interventional Radiology,"Neck pain, new, previously treated vertebral compression fracture, initial imaging",3195994,MRI complete spine without and with IV contrast,0 mSvO,0 mSv [ped]O,May be appropriate
560,Interventional Radiology,"Neck pain, new, previously treated vertebral compression fracture, initial imaging",3195994,Bone scan whole body,1-10 mSv☢☢☢,3-10 mSv [ped]☢☢☢☢,May be appropriate
561,Interventional Radiology,"Neck pain, new, previously treated vertebral compression fracture, initial imaging",3195994,SPECT or SPECT/CT cervical and thoracic spine,1-10 mSv☢☢☢,3-10 mSv [ped]☢☢☢☢,May be appropriate
562,Interventional Radiology,"Neck pain, new, previously treated vertebral compression fracture, initial imaging",3195994,SPECT or SPECT/CT complete spine,1-10 mSv☢☢☢,3-10 mSv [ped]☢☢☢☢,May be appropriate
563,Interventional Radiology,"Neck pain, new, previously treated vertebral compression fracture, initial imaging",3195994,SPECT or SPECT/CT neck,1-10 mSv☢☢☢,3-10 mSv [ped]☢☢☢☢,May be appropriate
564,Interventional Radiology,"Neck pain, new, previously treated vertebral compression fracture, initial imaging",3195994,FDG-PET/CT skull base to mid-thigh,10-30 mSv☢☢☢☢,3-10 mSv [ped]☢☢☢☢,May be appropriate
565,Interventional Radiology,"Neck pain, new, previously treated vertebral compression fracture, initial imaging",3195994,MRI cervical and thoracic spine with IV contrast,0 mSvO,0 mSv [ped]O,Usually not appropriate
566,Interventional Radiology,"Neck pain, new, previously treated vertebral compression fracture, initial imaging",3195994,MRI cervical spine with IV contrast,0 mSvO,0 mSv [ped]O,Usually not appropriate
567,Interventional Radiology,"Neck pain, new, previously treated vertebral compression fracture, initial imaging",3195994,MRI complete spine with IV contrast,0 mSvO,0 mSv [ped]O,Usually not appropriate
568,Interventional Radiology,"Neck pain, new, previously treated vertebral compression fracture, initial imaging",3195994,CT cervical spine with IV contrast,1-10 mSv☢☢☢,3-10 mSv [ped]☢☢☢☢,Usually not appropriate
569,Interventional Radiology,"Neck pain, new, previously treated vertebral compression fracture, initial imaging",3195994,CT cervical spine without and with IV contrast,1-10 mSv☢☢☢,3-10 mSv [ped]☢☢☢☢,Usually not appropriate
570,Interventional Radiology,"Neck pain, new, previously treated vertebral compression fracture, initial imaging",3195994,CT cervical and thoracic spine with IV contrast,10-30 mSv☢☢☢☢,,Usually not appropriate
571,Interventional Radiology,"Neck pain, new, previously treated vertebral compression fracture, initial imaging",3195994,CT cervical and thoracic spine without and with IV contrast,10-30 mSv☢☢☢☢,,Usually not appropriate
572,Interventional Radiology,"Neck pain, new, previously treated vertebral compression fracture, initial imaging",3195994,CT complete spine with IV contrast,10-30 mSv☢☢☢☢,3-10 mSv [ped]☢☢☢☢,Usually not appropriate
573,Interventional Radiology,"Neck pain, new, previously treated vertebral compression fracture, initial imaging",3195994,CT complete spine without and with IV contrast,10-30 mSv☢☢☢☢,3-10 mSv [ped]☢☢☢☢,Usually not appropriate
574,Interventional Radiology,"Neck pain, new, previously treated vertebral compression fracture, initial imaging",3195994,CT myelography cervical and thoracic spine,10-30 mSv☢☢☢☢,,Usually not appropriate
575,Interventional Radiology,"Neck pain, new, previously treated vertebral compression fracture, initial imaging",3195994,CT myelography cervical spine,10-30 mSv☢☢☢☢,0.3-3 mSv [ped]☢☢☢,Usually not appropriate
576,Interventional Radiology,"Neck pain, new, previously treated vertebral compression fracture, initial imaging",3195994,CT myelography complete spine,30-100 mSv☢☢☢☢☢,3-10 mSv [ped]☢☢☢☢,Usually not appropriate
577,Interventional Radiology,"Neck pain, new, hx of multiple vertebral compression fractures, initial imaging",3195997,MRI cervical and thoracic spine without IV contrast,0 mSvO,0 mSv [ped]O,Usually appropriate
578,Interventional Radiology,"Neck pain, new, hx of multiple vertebral compression fractures, initial imaging",3195997,MRI cervical spine without IV contrast,0 mSvO,0 mSv [ped]O,Usually appropriate
579,Interventional Radiology,"Neck pain, new, hx of multiple vertebral compression fractures, initial imaging",3195997,MRI complete spine without IV contrast,0 mSvO,0 mSv [ped]O,Usually appropriate
580,Interventional Radiology,"Neck pain, new, hx of multiple vertebral compression fractures, initial imaging",3195997,CT cervical spine without IV contrast,1-10 mSv☢☢☢,3-10 mSv [ped]☢☢☢☢,Usually appropriate
581,Interventional Radiology,"Neck pain, new, hx of multiple vertebral compression fractures, initial imaging",3195997,CT cervical and thoracic spine without IV contrast,10-30 mSv☢☢☢☢,,Usually appropriate
582,Interventional Radiology,"Neck pain, new, hx of multiple vertebral compression fractures, initial imaging",3195997,CT complete spine without IV contrast,10-30 mSv☢☢☢☢,3-10 mSv [ped]☢☢☢☢,Usually appropriate
583,Interventional Radiology,"Neck pain, new, hx of multiple vertebral compression fractures, initial imaging",3195997,MRI cervical and thoracic spine without and with IV contrast,0 mSvO,0 mSv [ped]O,May be appropriate
584,Interventional Radiology,"Neck pain, new, hx of multiple vertebral compression fractures, initial imaging",3195997,MRI cervical spine without and with IV contrast,0 mSvO,0 mSv [ped]O,May be appropriate
585,Interventional Radiology,"Neck pain, new, hx of multiple vertebral compression fractures, initial imaging",3195997,MRI complete spine without and with IV contrast,0 mSvO,0 mSv [ped]O,May be appropriate
586,Interventional Radiology,"Neck pain, new, hx of multiple vertebral compression fractures, initial imaging",3195997,Bone scan whole body,1-10 mSv☢☢☢,3-10 mSv [ped]☢☢☢☢,May be appropriate
587,Interventional Radiology,"Neck pain, new, hx of multiple vertebral compression fractures, initial imaging",3195997,SPECT or SPECT/CT cervical and thoracic spine,1-10 mSv☢☢☢,3-10 mSv [ped]☢☢☢☢,May be appropriate
588,Interventional Radiology,"Neck pain, new, hx of multiple vertebral compression fractures, initial imaging",3195997,SPECT or SPECT/CT complete spine,1-10 mSv☢☢☢,3-10 mSv [ped]☢☢☢☢,May be appropriate
589,Interventional Radiology,"Neck pain, new, hx of multiple vertebral compression fractures, initial imaging",3195997,SPECT or SPECT/CT neck,1-10 mSv☢☢☢,3-10 mSv [ped]☢☢☢☢,May be appropriate
590,Interventional Radiology,"Neck pain, new, hx of multiple vertebral compression fractures, initial imaging",3195997,FDG-PET/CT skull base to mid-thigh,10-30 mSv☢☢☢☢,3-10 mSv [ped]☢☢☢☢,May be appropriate
591,Interventional Radiology,"Neck pain, new, hx of multiple vertebral compression fractures, initial imaging",3195997,MRI cervical and thoracic spine with IV contrast,0 mSvO,0 mSv [ped]O,Usually not appropriate
592,Interventional Radiology,"Neck pain, new, hx of multiple vertebral compression fractures, initial imaging",3195997,MRI cervical spine with IV contrast,0 mSvO,0 mSv [ped]O,Usually not appropriate
593,Interventional Radiology,"Neck pain, new, hx of multiple vertebral compression fractures, initial imaging",3195997,MRI complete spine with IV contrast,0 mSvO,0 mSv [ped]O,Usually not appropriate
594,Interventional Radiology,"Neck pain, new, hx of multiple vertebral compression fractures, initial imaging",3195997,CT cervical spine with IV contrast,1-10 mSv☢☢☢,3-10 mSv [ped]☢☢☢☢,Usually not appropriate
595,Interventional Radiology,"Neck pain, new, hx of multiple vertebral compression fractures, initial imaging",3195997,CT cervical spine without and with IV contrast,1-10 mSv☢☢☢,3-10 mSv [ped]☢☢☢☢,Usually not appropriate
596,Interventional Radiology,"Neck pain, new, hx of multiple vertebral compression fractures, initial imaging",3195997,CT cervical and thoracic spine with IV contrast,10-30 mSv☢☢☢☢,,Usually not appropriate
597,Interventional Radiology,"Neck pain, new, hx of multiple vertebral compression fractures, initial imaging",3195997,CT cervical and thoracic spine without and with IV contrast,10-30 mSv☢☢☢☢,,Usually not appropriate
598,Interventional Radiology,"Neck pain, new, hx of multiple vertebral compression fractures, initial imaging",3195997,CT complete spine with IV contrast,10-30 mSv☢☢☢☢,3-10 mSv [ped]☢☢☢☢,Usually not appropriate
599,Interventional Radiology,"Neck pain, new, hx of multiple vertebral compression fractures, initial imaging",3195997,CT complete spine without and with IV contrast,10-30 mSv☢☢☢☢,3-10 mSv [ped]☢☢☢☢,Usually not appropriate
600,Interventional Radiology,"Neck pain, new, hx of multiple vertebral compression fractures, initial imaging",3195997,CT myelography cervical and thoracic spine,10-30 mSv☢☢☢☢,,Usually not appropriate
601,Interventional Radiology,"Neck pain, new, hx of multiple vertebral compression fractures, initial imaging",3195997,CT myelography cervical spine,10-30 mSv☢☢☢☢,0.3-3 mSv [ped]☢☢☢,Usually not appropriate
602,Interventional Radiology,"Neck pain, new, hx of multiple vertebral compression fractures, initial imaging",3195997,CT myelography complete spine,30-100 mSv☢☢☢☢☢,3-10 mSv [ped]☢☢☢☢,Usually not appropriate
603,Interventional Radiology,"New, symptomatic VCF. History of prior vertebroplasty or surgery. Initial treatment.",3196009,Medical management only,,,Usually appropriate
604,Interventional Radiology,"New, symptomatic VCF. History of prior vertebroplasty or surgery. Initial treatment.",3196009,Percutaneous vertebral augmentation,,,Usually appropriate
605,Interventional Radiology,"New, symptomatic VCF. History of prior vertebroplasty or surgery. Initial treatment.",3196009,Surgical consultation,,,May be appropriate
606,Interventional Radiology,"New, symptomatic VCF. History of prior vertebroplasty or surgery. Initial treatment.",3196009,Percutaneous ablation spine,,,Usually not appropriate
607,Interventional Radiology,"New, symptomatic VCF. History of prior vertebroplasty or surgery. Initial treatment.",3196009,Radiation oncology consultation,,,Usually not appropriate
608,Interventional Radiology,"New, symptomatic VCF. History of prior vertebroplasty or surgery. Initial treatment.",3196009,Systemic radionuclide therapy,,,Usually not appropriate
609,Interventional Radiology,Pathological VCF with ongoing or increasing mechanical pain. Initial treatment.,3196013,Percutaneous ablation spine,,,Usually appropriate
610,Interventional Radiology,Pathological VCF with ongoing or increasing mechanical pain. Initial treatment.,3196013,Percutaneous vertebral augmentation,,,Usually appropriate
611,Interventional Radiology,Pathological VCF with ongoing or increasing mechanical pain. Initial treatment.,3196013,Radiation oncology consultation,,,Usually appropriate
612,Interventional Radiology,Pathological VCF with ongoing or increasing mechanical pain. Initial treatment.,3196013,Surgical consultation,,,Usually appropriate
613,Interventional Radiology,Pathological VCF with ongoing or increasing mechanical pain. Initial treatment.,3196013,Medical management only,,,May be appropriate
614,Interventional Radiology,Pathological VCF with ongoing or increasing mechanical pain. Initial treatment.,3196013,Systemic radionuclide therapy,,,May be appropriate
615,Interventional Radiology,"Patient with cardiac disease causing low cardiac output who developed abdominal pain but without peritoneal signs. CTA shows patent origins and proximal portions of celiac artery, SMA, and IMA, with diffuse irregular narrowing of SMA branches. Initial therapy.",3195692,Angiography with infusion of vasodilator,,,Usually appropriate
616,Interventional Radiology,"Patient with cardiac disease causing low cardiac output who developed abdominal pain but without peritoneal signs. CTA shows patent origins and proximal portions of celiac artery, SMA, and IMA, with diffuse irregular narrowing of SMA branches. Initial therapy.",3195692,Systemic anticoagulation,,,Usually appropriate
617,Interventional Radiology,"Patient with cardiac disease causing low cardiac output who developed abdominal pain but without peritoneal signs. CTA shows patent origins and proximal portions of celiac artery, SMA, and IMA, with diffuse irregular narrowing of SMA branches. Initial therapy.",3195692,Systemic infusion of prostaglandin E1,,,May be appropriate
618,Interventional Radiology,"Patient with cardiac disease causing low cardiac output who developed abdominal pain but without peritoneal signs. CTA shows patent origins and proximal portions of celiac artery, SMA, and IMA, with diffuse irregular narrowing of SMA branches. Initial therapy.",3195692,Angiography with percutaneous transluminal angioplasty,,,Usually not appropriate
619,Interventional Radiology,"Postmenopausal female with uterine fibroids, symptomatic with heavy uterine bleeding or bulk symptoms (eg, pressure, pain, fullness, bladder, or bowel symptoms). Negative endometrial biopsy. Next step.",3196898,Hysterectomy,,,Usually appropriate
620,Interventional Radiology,"Postmenopausal female with uterine fibroids, symptomatic with heavy uterine bleeding or bulk symptoms (eg, pressure, pain, fullness, bladder, or bowel symptoms). Negative endometrial biopsy. Next step.",3196898,Laparoscopic or open myomectomy,,,May be appropriate
621,Interventional Radiology,"Postmenopausal female with uterine fibroids, symptomatic with heavy uterine bleeding or bulk symptoms (eg, pressure, pain, fullness, bladder, or bowel symptoms). Negative endometrial biopsy. Next step.",3196898,Uterine artery embolization,,,May be appropriate
622,Interventional Radiology,"Postmenopausal female with uterine fibroids, symptomatic with heavy uterine bleeding or bulk symptoms (eg, pressure, pain, fullness, bladder, or bowel symptoms). Negative endometrial biopsy. Next step.",3196898,Hysteroscopic myomectomy,,,May be appropriate
623,Interventional Radiology,"Postmenopausal female with uterine fibroids, symptomatic with heavy uterine bleeding or bulk symptoms (eg, pressure, pain, fullness, bladder, or bowel symptoms). Negative endometrial biopsy. Next step.",3196898,MR-guided high-frequency focused ultrasound ablation,,,Usually not appropriate
624,Interventional Radiology,"Postmenopausal female with uterine fibroids, symptomatic with heavy uterine bleeding or bulk symptoms (eg, pressure, pain, fullness, bladder, or bowel symptoms). Negative endometrial biopsy. Next step.",3196898,Endometrial ablation,,,Usually not appropriate
625,Interventional Radiology,"Postmenopausal female with uterine fibroids, symptomatic with heavy uterine bleeding or bulk symptoms (eg, pressure, pain, fullness, bladder, or bowel symptoms). Negative endometrial biopsy. Next step.",3196898,Laparoscopic uterine artery occlusion,,,Usually not appropriate
626,Interventional Radiology,"Postmenopausal female with uterine fibroids, symptomatic with heavy uterine bleeding or bulk symptoms (eg, pressure, pain, fullness, bladder, or bowel symptoms). Negative endometrial biopsy. Next step.",3196898,Medical management,,,Usually not appropriate
627,Interventional Radiology,Previously healthy with worsening diffuse abdominal pain for 2 weeks. CTA shows occlusion of the superior mesenteric vein and its major tributaries. Bowel appears normal. Serum lactate level is normal. Initial therapy.,3195698,Systemic anticoagulation,,,Usually appropriate
628,Interventional Radiology,Previously healthy with worsening diffuse abdominal pain for 2 weeks. CTA shows occlusion of the superior mesenteric vein and its major tributaries. Bowel appears normal. Serum lactate level is normal. Initial therapy.,3195698,Transhepatic superior mesenteric vein catheterization and pharmacomechanical thrombolysis,,,Usually appropriate
629,Interventional Radiology,Previously healthy with worsening diffuse abdominal pain for 2 weeks. CTA shows occlusion of the superior mesenteric vein and its major tributaries. Bowel appears normal. Serum lactate level is normal. Initial therapy.,3195698,Transjugular superior mesenteric vein catheterization and pharmacomechanical thrombolysis and TIPS,,,May be appropriate
630,Interventional Radiology,Previously healthy with worsening diffuse abdominal pain for 2 weeks. CTA shows occlusion of the superior mesenteric vein and its major tributaries. Bowel appears normal. Serum lactate level is normal. Initial therapy.,3195698,SMA angiography followed by thrombolytic infusion,,,May be appropriate
631,Interventional Radiology,Previously healthy with worsening diffuse abdominal pain for 2 weeks. CTA shows occlusion of the superior mesenteric vein and its major tributaries. Bowel appears normal. Serum lactate level is normal. Initial therapy.,3195698,Surgical thrombectomy,,,Usually not appropriate
632,Interventional Radiology,"Recent onset abdominal pain, no peritoneal signs, and known atrial fibrillation. CTA shows calcified atherosclerotic plaque involving the aorta and its major branches, as well as proximal short-segment occlusion of the proximal SMA. No intramural or extra-luminal air. Initial therapy.",3195691,"Angiography and endovascular intervention including possible thrombolysis, angioplasty, or stent placement",,,Usually appropriate
633,Interventional Radiology,"Recent onset abdominal pain, no peritoneal signs, and known atrial fibrillation. CTA shows calcified atherosclerotic plaque involving the aorta and its major branches, as well as proximal short-segment occlusion of the proximal SMA. No intramural or extra-luminal air. Initial therapy.",3195691,Systemic anticoagulation,,,Usually appropriate
634,Interventional Radiology,"Recent onset abdominal pain, no peritoneal signs, and known atrial fibrillation. CTA shows calcified atherosclerotic plaque involving the aorta and its major branches, as well as proximal short-segment occlusion of the proximal SMA. No intramural or extra-luminal air. Initial therapy.",3195691,Surgical endarterectomy or bypass,,,May be appropriate
635,Interventional Radiology,"Recent onset abdominal pain, no peritoneal signs, and known atrial fibrillation. CTA shows filling defect in proximal SMA consistent with embolus. No intramural or extra-luminal air. Initial therapy.",3195689,Systemic anticoagulation,,,Usually appropriate
636,Interventional Radiology,"Recent onset abdominal pain, no peritoneal signs, and known atrial fibrillation. CTA shows filling defect in proximal SMA consistent with embolus. No intramural or extra-luminal air. Initial therapy.",3195689,Angiography and aspiration embolectomy,,,Usually appropriate
637,Interventional Radiology,"Recent onset abdominal pain, no peritoneal signs, and known atrial fibrillation. CTA shows filling defect in proximal SMA consistent with embolus. No intramural or extra-luminal air. Initial therapy.",3195689,Transcatheter thrombolysis,,,Usually appropriate
638,Interventional Radiology,"Recent onset abdominal pain, no peritoneal signs, and known atrial fibrillation. CTA shows filling defect in proximal SMA consistent with embolus. No intramural or extra-luminal air. Initial therapy.",3195689,Surgical embolectomy,,,May be appropriate
639,Interventional Radiology,"Recent onset abdominal pain, peritoneal signs, and known atrial fibrillation. CTA shows filling defect in the proximal SMA consistent with embolus and evidence of bowel infarction. Initial therapy.",3195694,Surgical revascularization,,,Usually appropriate
640,Interventional Radiology,"Recent onset abdominal pain, peritoneal signs, and known atrial fibrillation. CTA shows filling defect in the proximal SMA consistent with embolus and evidence of bowel infarction. Initial therapy.",3195694,Systemic anticoagulation,,,Usually appropriate
641,Interventional Radiology,"Recent onset abdominal pain, peritoneal signs, and known atrial fibrillation. CTA shows filling defect in the proximal SMA consistent with embolus and evidence of bowel infarction. Initial therapy.",3195694,Angiography and aspiration embolectomy,,,May be appropriate
642,Interventional Radiology,"Recent onset abdominal pain, peritoneal signs, and known atrial fibrillation. CTA shows filling defect in the proximal SMA consistent with embolus and evidence of bowel infarction. Initial therapy.",3195694,Transcatheter thrombolysis,,,Usually not appropriate
643,Interventional Radiology,"Reproductive age female with pedunculated submucosal uterine fibroids, symptomatic with heavy uterine bleeding. Initial therapy.",3196896,Hysteroscopic myomectomy,,,Usually appropriate
644,Interventional Radiology,"Reproductive age female with pedunculated submucosal uterine fibroids, symptomatic with heavy uterine bleeding. Initial therapy.",3196896,Medical management,,,Usually appropriate
645,Interventional Radiology,"Reproductive age female with pedunculated submucosal uterine fibroids, symptomatic with heavy uterine bleeding. Initial therapy.",3196896,Uterine artery embolization,,,May be appropriate
646,Interventional Radiology,"Reproductive age female with pedunculated submucosal uterine fibroids, symptomatic with heavy uterine bleeding. Initial therapy.",3196896,MR-guided high-frequency focused ultrasound ablation,,,May be appropriate
647,Interventional Radiology,"Reproductive age female with pedunculated submucosal uterine fibroids, symptomatic with heavy uterine bleeding. Initial therapy.",3196896,Hysterectomy,,,Usually not appropriate
648,Interventional Radiology,"Reproductive age female with pedunculated submucosal uterine fibroids, symptomatic with heavy uterine bleeding. Initial therapy.",3196896,Endometrial ablation,,,Usually not appropriate
649,Interventional Radiology,"Reproductive age female with pedunculated submucosal uterine fibroids, symptomatic with heavy uterine bleeding. Initial therapy.",3196896,Laparoscopic or open myomectomy,,,Usually not appropriate
650,Interventional Radiology,"Reproductive age female with pedunculated submucosal uterine fibroids, symptomatic with heavy uterine bleeding. Initial therapy.",3196896,Laparoscopic uterine artery occlusion,,,Usually not appropriate
651,Interventional Radiology,"Reproductive age female with uterine fibroids (leiomyomas), symptomatic with heavy uterine bleeding or bulk symptoms (e.g., pressure, pain, fullness, bladder or bowel symptoms), and a desire to preserve fertility. Initial therapy.",3196890,Hysteroscopic myomectomy,,,Usually appropriate
652,Interventional Radiology,"Reproductive age female with uterine fibroids (leiomyomas), symptomatic with heavy uterine bleeding or bulk symptoms (e.g., pressure, pain, fullness, bladder or bowel symptoms), and a desire to preserve fertility. Initial therapy.",3196890,Laparoscopic or open myomectomy,,,Usually appropriate
653,Interventional Radiology,"Reproductive age female with uterine fibroids (leiomyomas), symptomatic with heavy uterine bleeding or bulk symptoms (e.g., pressure, pain, fullness, bladder or bowel symptoms), and a desire to preserve fertility. Initial therapy.",3196890,Medical management,,,Usually appropriate
654,Interventional Radiology,"Reproductive age female with uterine fibroids (leiomyomas), symptomatic with heavy uterine bleeding or bulk symptoms (e.g., pressure, pain, fullness, bladder or bowel symptoms), and a desire to preserve fertility. Initial therapy.",3196890,MR-guided high-frequency focused ultrasound ablation,,,Usually appropriate
655,Interventional Radiology,"Reproductive age female with uterine fibroids (leiomyomas), symptomatic with heavy uterine bleeding or bulk symptoms (e.g., pressure, pain, fullness, bladder or bowel symptoms), and a desire to preserve fertility. Initial therapy.",3196890,Uterine artery embolization,,,Usually appropriate
656,Interventional Radiology,"Reproductive age female with uterine fibroids (leiomyomas), symptomatic with heavy uterine bleeding or bulk symptoms (e.g., pressure, pain, fullness, bladder or bowel symptoms), and a desire to preserve fertility. Initial therapy.",3196890,Laparoscopic uterine artery occlusion,,,Usually not appropriate
657,Interventional Radiology,"Reproductive age female with uterine fibroids (leiomyomas), symptomatic with heavy uterine bleeding or bulk symptoms (e.g., pressure, pain, fullness, bladder or bowel symptoms), and a desire to preserve fertility. Initial therapy.",3196890,Endometrial ablation,,,Usually not appropriate
658,Interventional Radiology,"Reproductive age female with uterine fibroids (leiomyomas), symptomatic with heavy uterine bleeding or bulk symptoms (e.g., pressure, pain, fullness, bladder or bowel symptoms), and a desire to preserve fertility. Initial therapy.",3196890,Hysterectomy,,,Usually not appropriate
659,Interventional Radiology,"Reproductive age female with uterine fibroids and concurrent adenomyosis, symptomatic with heavy uterine bleeding or bulk symptoms (eg, pressure, pain, fullness, bladder, or bowel symptoms), and no desire for future fertility. Initial therapy.",3196894,Medical management,,,Usually appropriate
660,Interventional Radiology,"Reproductive age female with uterine fibroids and concurrent adenomyosis, symptomatic with heavy uterine bleeding or bulk symptoms (eg, pressure, pain, fullness, bladder, or bowel symptoms), and no desire for future fertility. Initial therapy.",3196894,Uterine artery embolization,,,Usually appropriate
661,Interventional Radiology,"Reproductive age female with uterine fibroids and concurrent adenomyosis, symptomatic with heavy uterine bleeding or bulk symptoms (eg, pressure, pain, fullness, bladder, or bowel symptoms), and no desire for future fertility. Initial therapy.",3196894,Hysterectomy,,,May be appropriate
662,Interventional Radiology,"Reproductive age female with uterine fibroids and concurrent adenomyosis, symptomatic with heavy uterine bleeding or bulk symptoms (eg, pressure, pain, fullness, bladder, or bowel symptoms), and no desire for future fertility. Initial therapy.",3196894,MR-guided high-frequency focused ultrasound ablation,,,Usually not appropriate
663,Interventional Radiology,"Reproductive age female with uterine fibroids and concurrent adenomyosis, symptomatic with heavy uterine bleeding or bulk symptoms (eg, pressure, pain, fullness, bladder, or bowel symptoms), and no desire for future fertility. Initial therapy.",3196894,Endometrial ablation,,,Usually not appropriate
664,Interventional Radiology,"Reproductive age female with uterine fibroids and concurrent adenomyosis, symptomatic with heavy uterine bleeding or bulk symptoms (eg, pressure, pain, fullness, bladder, or bowel symptoms), and no desire for future fertility. Initial therapy.",3196894,Hysteroscopic myomectomy,,,Usually not appropriate
665,Interventional Radiology,"Reproductive age female with uterine fibroids and concurrent adenomyosis, symptomatic with heavy uterine bleeding or bulk symptoms (eg, pressure, pain, fullness, bladder, or bowel symptoms), and no desire for future fertility. Initial therapy.",3196894,Laparoscopic or open myomectomy,,,Usually not appropriate
666,Interventional Radiology,"Reproductive age female with uterine fibroids and concurrent adenomyosis, symptomatic with heavy uterine bleeding or bulk symptoms (eg, pressure, pain, fullness, bladder, or bowel symptoms), and no desire for future fertility. Initial therapy.",3196894,Laparoscopic uterine artery occlusion,,,Usually not appropriate
667,Interventional Radiology,Reproductive age female with uterine fibroids desiring pregnancy and experiencing reproductive dysfunction. Initial therapy.,3196900,Hysteroscopic myomectomy,,,Usually appropriate
668,Interventional Radiology,Reproductive age female with uterine fibroids desiring pregnancy and experiencing reproductive dysfunction. Initial therapy.,3196900,Laparoscopic or open myomectomy,,,Usually appropriate
669,Interventional Radiology,Reproductive age female with uterine fibroids desiring pregnancy and experiencing reproductive dysfunction. Initial therapy.,3196900,Uterine artery embolization,,,May be appropriate
670,Interventional Radiology,Reproductive age female with uterine fibroids desiring pregnancy and experiencing reproductive dysfunction. Initial therapy.,3196900,Medical management,,,May be appropriate (Disagreement)
671,Interventional Radiology,Reproductive age female with uterine fibroids desiring pregnancy and experiencing reproductive dysfunction. Initial therapy.,3196900,MR-guided high-frequency focused ultrasound ablation,,,May be appropriate
672,Interventional Radiology,Reproductive age female with uterine fibroids desiring pregnancy and experiencing reproductive dysfunction. Initial therapy.,3196900,Laparoscopic uterine artery occlusion,,,Usually not appropriate
673,Interventional Radiology,Reproductive age female with uterine fibroids desiring pregnancy and experiencing reproductive dysfunction. Initial therapy.,3196900,Endometrial ablation,,,Usually not appropriate
674,Interventional Radiology,Reproductive age female with uterine fibroids desiring pregnancy and experiencing reproductive dysfunction. Initial therapy.,3196900,Hysterectomy,,,Usually not appropriate
675,Interventional Radiology,"Reproductive age female with uterine fibroids, symptomatic with heavy uterine bleeding or bulk symptoms (eg, pressure, pain, fullness, bowel, or bladder symptoms), and no desire for future fertility. Initial therapy.",3196892,Laparoscopic or open myomectomy,,,Usually appropriate
676,Interventional Radiology,"Reproductive age female with uterine fibroids, symptomatic with heavy uterine bleeding or bulk symptoms (eg, pressure, pain, fullness, bowel, or bladder symptoms), and no desire for future fertility. Initial therapy.",3196892,Medical management,,,Usually appropriate
677,Interventional Radiology,"Reproductive age female with uterine fibroids, symptomatic with heavy uterine bleeding or bulk symptoms (eg, pressure, pain, fullness, bowel, or bladder symptoms), and no desire for future fertility. Initial therapy.",3196892,MR-guided high-frequency focused ultrasound ablation,,,Usually appropriate
678,Interventional Radiology,"Reproductive age female with uterine fibroids, symptomatic with heavy uterine bleeding or bulk symptoms (eg, pressure, pain, fullness, bowel, or bladder symptoms), and no desire for future fertility. Initial therapy.",3196892,Uterine artery embolization,,,Usually appropriate
679,Interventional Radiology,"Reproductive age female with uterine fibroids, symptomatic with heavy uterine bleeding or bulk symptoms (eg, pressure, pain, fullness, bowel, or bladder symptoms), and no desire for future fertility. Initial therapy.",3196892,Hysterectomy,,,May be appropriate
680,Interventional Radiology,"Reproductive age female with uterine fibroids, symptomatic with heavy uterine bleeding or bulk symptoms (eg, pressure, pain, fullness, bowel, or bladder symptoms), and no desire for future fertility. Initial therapy.",3196892,Hysteroscopic myomectomy,,,May be appropriate
681,Interventional Radiology,"Reproductive age female with uterine fibroids, symptomatic with heavy uterine bleeding or bulk symptoms (eg, pressure, pain, fullness, bowel, or bladder symptoms), and no desire for future fertility. Initial therapy.",3196892,Endometrial ablation,,,Usually not appropriate
682,Interventional Radiology,"Reproductive age female with uterine fibroids, symptomatic with heavy uterine bleeding or bulk symptoms (eg, pressure, pain, fullness, bowel, or bladder symptoms), and no desire for future fertility. Initial therapy.",3196892,Laparoscopic uterine artery occlusion,,,Usually not appropriate
683,Interventional Radiology,Site selection: Patient with acute illness requiring central venous catheter for anticipated therapy for 2 weeks or shorter.,3195982,Right or left internal jugular vein,,,Usually appropriate
684,Interventional Radiology,Site selection: Patient with acute illness requiring central venous catheter for anticipated therapy for 2 weeks or shorter.,3195982,Right or left subclavian vein,,,Usually appropriate
685,Interventional Radiology,Site selection: Patient with acute illness requiring central venous catheter for anticipated therapy for 2 weeks or shorter.,3195982,Upper extremity vein,,,Usually appropriate
686,Interventional Radiology,Site selection: Patient with acute illness requiring central venous catheter for anticipated therapy for 2 weeks or shorter.,3195982,Right or left external jugular vein,,,May be appropriate
687,Interventional Radiology,Site selection: Patient with acute illness requiring central venous catheter for anticipated therapy for 2 weeks or shorter.,3195982,Right or left femoral vein,,,May be appropriate
688,Interventional Radiology,Site selection: Patient with acute illness requiring central venous catheter for anticipated therapy for 2 weeks or shorter.,3195982,Hepatic vein,,,Usually not appropriate
689,Interventional Radiology,Site selection: Patient with acute illness requiring central venous catheter for anticipated therapy for 2 weeks or shorter.,3195982,Inferior vena cava,,,Usually not appropriate
690,Interventional Radiology,Site selection: Patient with chronic kidney disease or end-stage renal disease requiring central venous catheter.,3195984,Right or left internal jugular vein,,,Usually appropriate
691,Interventional Radiology,Site selection: Patient with chronic kidney disease or end-stage renal disease requiring central venous catheter.,3195984,Right or left external jugular vein,,,May be appropriate
692,Interventional Radiology,Site selection: Patient with chronic kidney disease or end-stage renal disease requiring central venous catheter.,3195984,Right or left femoral vein,,,May be appropriate
693,Interventional Radiology,Site selection: Patient with chronic kidney disease or end-stage renal disease requiring central venous catheter.,3195984,Inferior vena cava,,,May be appropriate
694,Interventional Radiology,Site selection: Patient with chronic kidney disease or end-stage renal disease requiring central venous catheter.,3195984,Right or left subclavian vein,,,May be appropriate
695,Interventional Radiology,Site selection: Patient with chronic kidney disease or end-stage renal disease requiring central venous catheter.,3195984,Hepatic vein,,,Usually not appropriate
696,Interventional Radiology,Site selection: Patient with chronic kidney disease or end-stage renal disease requiring central venous catheter.,3195984,Upper extremity vein,,,Usually not appropriate
697,Interventional Radiology,"Suspected dysfunction of the upper or lower extremity hemodialysis access (ie, arteriovenous fistula or graft) suggested by an abnormal clinical indicator or hemodynamic indicator (ie, reduction in dialysis vascular access blood flow rate or kinetics). Treatment and procedures.",3196479,Fluoroscopy fistulography hemodialysis access with intervention,,,Usually appropriate
698,Interventional Radiology,"Suspected dysfunction of the upper or lower extremity hemodialysis access (ie, arteriovenous fistula or graft) suggested by an abnormal clinical indicator or hemodynamic indicator (ie, reduction in dialysis vascular access blood flow rate or kinetics). Treatment and procedures.",3196479,US duplex Doppler hemodialysis access area of interest,0 mSvO,0 mSv [ped]O,Usually appropriate
699,Interventional Radiology,"Suspected dysfunction of the upper or lower extremity hemodialysis access (ie, arteriovenous fistula or graft) suggested by an abnormal clinical indicator or hemodynamic indicator (ie, reduction in dialysis vascular access blood flow rate or kinetics). Treatment and procedures.",3196479,Surgical consultation,,,May be appropriate
700,Interventional Radiology,"Suspected dysfunction of the upper or lower extremity hemodialysis access (ie, arteriovenous fistula or graft) suggested by an abnormal clinical indicator or hemodynamic indicator (ie, reduction in dialysis vascular access blood flow rate or kinetics). Treatment and procedures.",3196479,Continued hemodialysis access use with surveillance,,,May be appropriate
701,Interventional Radiology,"Suspected dysfunction of the upper or lower extremity hemodialysis access (ie, arteriovenous fistula or graft) suggested by an abnormal clinical indicator or hemodynamic indicator (ie, reduction in dialysis vascular access blood flow rate or kinetics). Treatment and procedures.",3196479,Placement of a new tunneled dialysis catheter,,,May be appropriate
702,Interventional Radiology,"Suspected thrombosis of the upper or lower extremity hemodialysis access, marked by absent pulse and thrill on physical examination. Treatment and procedures.",3196484,Fluoroscopy fistulography hemodialysis access with intervention,,,Usually appropriate
703,Interventional Radiology,"Suspected thrombosis of the upper or lower extremity hemodialysis access, marked by absent pulse and thrill on physical examination. Treatment and procedures.",3196484,Surgical consultation,,,Usually appropriate
704,Interventional Radiology,"Suspected thrombosis of the upper or lower extremity hemodialysis access, marked by absent pulse and thrill on physical examination. Treatment and procedures.",3196484,Placement of a new tunneled dialysis catheter,,,May be appropriate
705,Interventional Radiology,"Suspected thrombosis of the upper or lower extremity hemodialysis access, marked by absent pulse and thrill on physical examination. Treatment and procedures.",3196484,US duplex Doppler hemodialysis access area of interest,0 mSvO,0 mSv [ped]O,Usually not appropriate
706,Interventional Radiology,"Suspected vascular steal syndrome (upper or lower extremity), suggested by cardiac failure or ischemic symptoms. Treatment and procedures.",3196522,Surgical consultation,,,Usually appropriate
707,Interventional Radiology,"Suspected vascular steal syndrome (upper or lower extremity), suggested by cardiac failure or ischemic symptoms. Treatment and procedures.",3196522,Continued hemodialysis access use with surveillance,,,May be appropriate
708,Interventional Radiology,"Suspected vascular steal syndrome (upper or lower extremity), suggested by cardiac failure or ischemic symptoms. Treatment and procedures.",3196522,Fluoroscopy fistulography hemodialysis access with intervention,,,May be appropriate
709,Interventional Radiology,"Suspected vascular steal syndrome (upper or lower extremity), suggested by cardiac failure or ischemic symptoms. Treatment and procedures.",3196522,Placement of a new tunneled dialysis catheter,,,May be appropriate
710,Interventional Radiology,"Suspected vascular steal syndrome (upper or lower extremity), suggested by cardiac failure or ischemic symptoms. Treatment and procedures.",3196522,US duplex Doppler hemodialysis access area of interest,0 mSvO,0 mSv [ped]O,Usually not appropriate
711,Interventional Radiology,Symptomatic osteoporotic VCF with bone marrow edema or intravertebral cleft. Initial treatment.,3196007,Medical management only,,,Usually appropriate
712,Interventional Radiology,Symptomatic osteoporotic VCF with bone marrow edema or intravertebral cleft. Initial treatment.,3196007,Percutaneous vertebral augmentation,,,Usually appropriate
713,Interventional Radiology,Symptomatic osteoporotic VCF with bone marrow edema or intravertebral cleft. Initial treatment.,3196007,Surgical consultation,,,May be appropriate
714,Interventional Radiology,Symptomatic osteoporotic VCF with bone marrow edema or intravertebral cleft. Initial treatment.,3196007,Percutaneous ablation spine,,,Usually not appropriate
715,Interventional Radiology,Symptomatic osteoporotic VCF with bone marrow edema or intravertebral cleft. Initial treatment.,3196007,Radiation oncology consultation,,,Usually not appropriate
716,Interventional Radiology,Symptomatic osteoporotic VCF with bone marrow edema or intravertebral cleft. Initial treatment.,3196007,Systemic radionuclide therapy,,,Usually not appropriate
717,Interventional Radiology,"Thoracic aortic aneurysm, preprocedure planning, TEVAR",3106346,MRA chest abdomen pelvis with IV contrast,0 mSvO,0 mSv [ped]O,Usually appropriate
718,Interventional Radiology,"Thoracic aortic aneurysm, preprocedure planning, TEVAR",3106346,CTA chest abdomen pelvis with IV contrast,30-100 mSv☢☢☢☢☢,10-30 mSv [ped]☢☢☢☢☢,Usually appropriate
719,Interventional Radiology,"Thoracic aortic aneurysm, preprocedure planning, TEVAR",3106346,MRA chest abdomen pelvis without IV contrast,0 mSvO,0 mSv [ped]O,May be appropriate (Disagreement)
720,Interventional Radiology,"Thoracic aortic aneurysm, preprocedure planning, TEVAR",3106346,MRA chest with IV contrast,0 mSvO,0 mSv [ped]O,May be appropriate
721,Interventional Radiology,"Thoracic aortic aneurysm, preprocedure planning, TEVAR",3106346,MRA chest without IV contrast,0 mSvO,0 mSv [ped]O,May be appropriate
722,Interventional Radiology,"Thoracic aortic aneurysm, preprocedure planning, TEVAR",3106346,CT chest with IV contrast,1-10 mSv☢☢☢,3-10 mSv [ped]☢☢☢☢,May be appropriate
723,Interventional Radiology,"Thoracic aortic aneurysm, preprocedure planning, TEVAR",3106346,CT chest without and with IV contrast,1-10 mSv☢☢☢,3-10 mSv [ped]☢☢☢☢,May be appropriate
724,Interventional Radiology,"Thoracic aortic aneurysm, preprocedure planning, TEVAR",3106346,CTA chest with IV contrast,1-10 mSv☢☢☢,3-10 mSv [ped]☢☢☢☢,May be appropriate
725,Interventional Radiology,"Thoracic aortic aneurysm, preprocedure planning, TEVAR",3106346,CT chest abdomen pelvis with IV contrast,10-30 mSv☢☢☢☢,3-10 mSv [ped]☢☢☢☢,May be appropriate
726,Interventional Radiology,"Thoracic aortic aneurysm, preprocedure planning, TEVAR",3106346,CT chest abdomen pelvis without and with IV contrast,10-30 mSv☢☢☢☢,10-30 mSv [ped]☢☢☢☢☢,May be appropriate
727,Interventional Radiology,"Thoracic aortic aneurysm, preprocedure planning, TEVAR",3106346,US duplex Doppler aorta abdomen,0 mSvO,0 mSv [ped]O,Usually not appropriate
728,Interventional Radiology,"Thoracic aortic aneurysm, preprocedure planning, TEVAR",3106346,US duplex Doppler iliofemoral arteries,0 mSvO,0 mSv [ped]O,Usually not appropriate
729,Interventional Radiology,"Thoracic aortic aneurysm, preprocedure planning, TEVAR",3106346,US echocardiography transesophageal,0 mSvO,0 mSv [ped]O,Usually not appropriate
730,Interventional Radiology,"Thoracic aortic aneurysm, preprocedure planning, TEVAR",3106346,US echocardiography transthoracic resting,0 mSvO,0 mSv [ped]O,Usually not appropriate
731,Interventional Radiology,"Thoracic aortic aneurysm, preprocedure planning, TEVAR",3106346,Aortography chest abdomen pelvis,10-30 mSv☢☢☢☢,,Usually not appropriate
732,Interventional Radiology,"Thoracic aortic aneurysm, preprocedure planning, TEVAR",3106346,CT chest without IV contrast,1-10 mSv☢☢☢,3-10 mSv [ped]☢☢☢☢,Usually not appropriate
733,Interventional Radiology,"Thoracic aortic aneurysm, preprocedure planning, TEVAR",3106346,CT chest abdomen pelvis without IV contrast,10-30 mSv☢☢☢☢,3-10 mSv [ped]☢☢☢☢,Usually not appropriate
734,Interventional Radiology,"Thoracic aortic aneurysm, without repair, with or without symptoms, follow-up imaging",3106345,MRA chest abdomen pelvis with IV contrast,0 mSvO,0 mSv [ped]O,Usually appropriate
735,Interventional Radiology,"Thoracic aortic aneurysm, without repair, with or without symptoms, follow-up imaging",3106345,MRA chest abdomen pelvis without IV contrast,0 mSvO,0 mSv [ped]O,Usually appropriate
736,Interventional Radiology,"Thoracic aortic aneurysm, without repair, with or without symptoms, follow-up imaging",3106345,CTA chest with IV contrast,1-10 mSv☢☢☢,3-10 mSv [ped]☢☢☢☢,Usually appropriate
737,Interventional Radiology,"Thoracic aortic aneurysm, without repair, with or without symptoms, follow-up imaging",3106345,CTA chest abdomen pelvis with IV contrast,30-100 mSv☢☢☢☢☢,10-30 mSv [ped]☢☢☢☢☢,Usually appropriate
738,Interventional Radiology,"Thoracic aortic aneurysm, without repair, with or without symptoms, follow-up imaging",3106345,US echocardiography transesophageal,0 mSvO,0 mSv [ped]O,May be appropriate
739,Interventional Radiology,"Thoracic aortic aneurysm, without repair, with or without symptoms, follow-up imaging",3106345,US echocardiography transthoracic resting,0 mSvO,0 mSv [ped]O,May be appropriate
740,Interventional Radiology,"Thoracic aortic aneurysm, without repair, with or without symptoms, follow-up imaging",3106345,MRA chest with IV contrast,0 mSvO,0 mSv [ped]O,May be appropriate
741,Interventional Radiology,"Thoracic aortic aneurysm, without repair, with or without symptoms, follow-up imaging",3106345,MRA chest without IV contrast,0 mSvO,0 mSv [ped]O,May be appropriate
742,Interventional Radiology,"Thoracic aortic aneurysm, without repair, with or without symptoms, follow-up imaging",3106345,CT chest with IV contrast,1-10 mSv☢☢☢,3-10 mSv [ped]☢☢☢☢,May be appropriate
743,Interventional Radiology,"Thoracic aortic aneurysm, without repair, with or without symptoms, follow-up imaging",3106345,CT chest without and with IV contrast,1-10 mSv☢☢☢,3-10 mSv [ped]☢☢☢☢,May be appropriate
744,Interventional Radiology,"Thoracic aortic aneurysm, without repair, with or without symptoms, follow-up imaging",3106345,CT chest abdomen pelvis with IV contrast,10-30 mSv☢☢☢☢,3-10 mSv [ped]☢☢☢☢,May be appropriate
745,Interventional Radiology,"Thoracic aortic aneurysm, without repair, with or without symptoms, follow-up imaging",3106345,CT chest abdomen pelvis without and with IV contrast,10-30 mSv☢☢☢☢,10-30 mSv [ped]☢☢☢☢☢,May be appropriate
746,Interventional Radiology,"Thoracic aortic aneurysm, without repair, with or without symptoms, follow-up imaging",3106345,Radiography chest,<0.1 mSv☢,<0.03 mSv [ped]☢,Usually not appropriate
747,Interventional Radiology,"Thoracic aortic aneurysm, without repair, with or without symptoms, follow-up imaging",3106345,Aortography chest abdomen pelvis,10-30 mSv☢☢☢☢,,Usually not appropriate
748,Interventional Radiology,"Thoracic aortic aneurysm, without repair, with or without symptoms, follow-up imaging",3106345,CT chest without IV contrast,1-10 mSv☢☢☢,3-10 mSv [ped]☢☢☢☢,Usually not appropriate
749,Interventional Radiology,"Thoracic aortic aneurysm, without repair, with or without symptoms, follow-up imaging",3106345,CT chest abdomen pelvis without IV contrast,10-30 mSv☢☢☢☢,3-10 mSv [ped]☢☢☢☢,Usually not appropriate
750,Interventional Radiology,"Thoracoabdominal aortic aneurysm, post open repair, follow-up imaging",3196095,MRA chest abdomen pelvis without and with IV contrast,0 mSvO,0 mSv [ped]O,Usually appropriate
751,Interventional Radiology,"Thoracoabdominal aortic aneurysm, post open repair, follow-up imaging",3196095,CTA chest abdomen pelvis with IV contrast,30-100 mSv☢☢☢☢☢,10-30 mSv [ped]☢☢☢☢☢,Usually appropriate
752,Interventional Radiology,"Thoracoabdominal aortic aneurysm, post open repair, follow-up imaging",3196095,MRA chest abdomen pelvis without IV contrast,0 mSvO,0 mSv [ped]O,May be appropriate
753,Interventional Radiology,"Thoracoabdominal aortic aneurysm, post open repair, follow-up imaging",3196095,MRA chest and abdomen without and with IV contrast,0 mSvO,0 mSv [ped]O,May be appropriate
754,Interventional Radiology,"Thoracoabdominal aortic aneurysm, post open repair, follow-up imaging",3196095,MRA chest and abdomen without IV contrast,0 mSvO,0 mSv [ped]O,May be appropriate
755,Interventional Radiology,"Thoracoabdominal aortic aneurysm, post open repair, follow-up imaging",3196095,CT chest abdomen pelvis with IV contrast,10-30 mSv☢☢☢☢,3-10 mSv [ped]☢☢☢☢,May be appropriate
756,Interventional Radiology,"Thoracoabdominal aortic aneurysm, post open repair, follow-up imaging",3196095,CT chest abdomen pelvis without and with IV contrast,10-30 mSv☢☢☢☢,10-30 mSv [ped]☢☢☢☢☢,May be appropriate
757,Interventional Radiology,"Thoracoabdominal aortic aneurysm, post open repair, follow-up imaging",3196095,CT chest abdomen pelvis without IV contrast,10-30 mSv☢☢☢☢,3-10 mSv [ped]☢☢☢☢,May be appropriate
758,Interventional Radiology,"Thoracoabdominal aortic aneurysm, post open repair, follow-up imaging",3196095,CT chest and abdomen with IV contrast,10-30 mSv☢☢☢☢,,May be appropriate
759,Interventional Radiology,"Thoracoabdominal aortic aneurysm, post open repair, follow-up imaging",3196095,CT chest and abdomen without and with IV contrast,10-30 mSv☢☢☢☢,,May be appropriate
760,Interventional Radiology,"Thoracoabdominal aortic aneurysm, post open repair, follow-up imaging",3196095,CTA chest and abdomen with IV contrast,10-30 mSv☢☢☢☢,,May be appropriate
761,Interventional Radiology,"Thoracoabdominal aortic aneurysm, post open repair, follow-up imaging",3196095,US duplex Doppler aorta abdomen,0 mSvO,0 mSv [ped]O,Usually not appropriate
762,Interventional Radiology,"Thoracoabdominal aortic aneurysm, post open repair, follow-up imaging",3196095,US echocardiography transthoracic resting,0 mSvO,0 mSv [ped]O,Usually not appropriate
763,Interventional Radiology,"Thoracoabdominal aortic aneurysm, post open repair, follow-up imaging",3196095,Radiography chest,<0.1 mSv☢,<0.03 mSv [ped]☢,Usually not appropriate
764,Interventional Radiology,"Thoracoabdominal aortic aneurysm, post open repair, follow-up imaging",3196095,Radiography chest abdomen pelvis,1-10 mSv☢☢☢,0.3-3 mSv [ped]☢☢☢,Usually not appropriate
765,Interventional Radiology,"Thoracoabdominal aortic aneurysm, post open repair, follow-up imaging",3196095,Aortography chest abdomen pelvis,10-30 mSv☢☢☢☢,,Usually not appropriate
766,Interventional Radiology,"Thoracoabdominal aortic aneurysm, post open repair, follow-up imaging",3196095,CT chest and abdomen without IV contrast,10-30 mSv☢☢☢☢,,Usually not appropriate
767,Interventional Radiology,"Thoracoabdominal aortic aneurysm, post TEVAR, follow-up imaging",3196092,MRA chest abdomen pelvis without and with IV contrast,0 mSvO,0 mSv [ped]O,Usually appropriate
768,Interventional Radiology,"Thoracoabdominal aortic aneurysm, post TEVAR, follow-up imaging",3196092,CTA chest abdomen pelvis with IV contrast,30-100 mSv☢☢☢☢☢,10-30 mSv [ped]☢☢☢☢☢,Usually appropriate
769,Interventional Radiology,"Thoracoabdominal aortic aneurysm, post TEVAR, follow-up imaging",3196092,Aortography chest abdomen pelvis,10-30 mSv☢☢☢☢,,May be appropriate (Disagreement)
770,Interventional Radiology,"Thoracoabdominal aortic aneurysm, post TEVAR, follow-up imaging",3196092,MRA chest abdomen pelvis without IV contrast,0 mSvO,0 mSv [ped]O,May be appropriate
771,Interventional Radiology,"Thoracoabdominal aortic aneurysm, post TEVAR, follow-up imaging",3196092,MRA chest and abdomen without and with IV contrast,0 mSvO,0 mSv [ped]O,May be appropriate (Disagreement)
772,Interventional Radiology,"Thoracoabdominal aortic aneurysm, post TEVAR, follow-up imaging",3196092,MRA chest and abdomen without IV contrast,0 mSvO,0 mSv [ped]O,May be appropriate
773,Interventional Radiology,"Thoracoabdominal aortic aneurysm, post TEVAR, follow-up imaging",3196092,CT chest abdomen pelvis with IV contrast,10-30 mSv☢☢☢☢,3-10 mSv [ped]☢☢☢☢,May be appropriate
774,Interventional Radiology,"Thoracoabdominal aortic aneurysm, post TEVAR, follow-up imaging",3196092,CT chest abdomen pelvis without and with IV contrast,10-30 mSv☢☢☢☢,10-30 mSv [ped]☢☢☢☢☢,May be appropriate
775,Interventional Radiology,"Thoracoabdominal aortic aneurysm, post TEVAR, follow-up imaging",3196092,CT chest abdomen pelvis without IV contrast,10-30 mSv☢☢☢☢,3-10 mSv [ped]☢☢☢☢,May be appropriate
776,Interventional Radiology,"Thoracoabdominal aortic aneurysm, post TEVAR, follow-up imaging",3196092,CTA chest and abdomen with IV contrast,10-30 mSv☢☢☢☢,,May be appropriate (Disagreement)
777,Interventional Radiology,"Thoracoabdominal aortic aneurysm, post TEVAR, follow-up imaging",3196092,US duplex Doppler aorta abdomen,0 mSvO,0 mSv [ped]O,Usually not appropriate
778,Interventional Radiology,"Thoracoabdominal aortic aneurysm, post TEVAR, follow-up imaging",3196092,US echocardiography transthoracic resting,0 mSvO,0 mSv [ped]O,Usually not appropriate
779,Interventional Radiology,"Thoracoabdominal aortic aneurysm, post TEVAR, follow-up imaging",3196092,Radiography chest,<0.1 mSv☢,<0.03 mSv [ped]☢,Usually not appropriate
780,Interventional Radiology,"Thoracoabdominal aortic aneurysm, post TEVAR, follow-up imaging",3196092,Radiography chest abdomen pelvis,1-10 mSv☢☢☢,0.3-3 mSv [ped]☢☢☢,Usually not appropriate
781,Interventional Radiology,"Thoracoabdominal aortic aneurysm, post TEVAR, follow-up imaging",3196092,CT chest and abdomen with IV contrast,10-30 mSv☢☢☢☢,,Usually not appropriate
782,Interventional Radiology,"Thoracoabdominal aortic aneurysm, post TEVAR, follow-up imaging",3196092,CT chest and abdomen without and with IV contrast,10-30 mSv☢☢☢☢,,Usually not appropriate
783,Interventional Radiology,"Thoracoabdominal aortic aneurysm, post TEVAR, follow-up imaging",3196092,CT chest and abdomen without IV contrast,10-30 mSv☢☢☢☢,,Usually not appropriate
784,Interventional Radiology,"Thoracoabdominal aortic aneurysm, preop planning, open repair",3196088,MRA chest abdomen pelvis without and with IV contrast,0 mSvO,0 mSv [ped]O,Usually appropriate
785,Interventional Radiology,"Thoracoabdominal aortic aneurysm, preop planning, open repair",3196088,MRA chest abdomen pelvis without IV contrast,0 mSvO,0 mSv [ped]O,Usually appropriate
786,Interventional Radiology,"Thoracoabdominal aortic aneurysm, preop planning, open repair",3196088,CTA chest abdomen pelvis with IV contrast,30-100 mSv☢☢☢☢☢,10-30 mSv [ped]☢☢☢☢☢,Usually appropriate
787,Interventional Radiology,"Thoracoabdominal aortic aneurysm, preop planning, open repair",3196088,MRA chest and abdomen without and with IV contrast,0 mSvO,0 mSv [ped]O,May be appropriate (Disagreement)
788,Interventional Radiology,"Thoracoabdominal aortic aneurysm, preop planning, open repair",3196088,CT chest abdomen pelvis with IV contrast,10-30 mSv☢☢☢☢,3-10 mSv [ped]☢☢☢☢,May be appropriate (Disagreement)
789,Interventional Radiology,"Thoracoabdominal aortic aneurysm, preop planning, open repair",3196088,CT chest abdomen pelvis without and with IV contrast,10-30 mSv☢☢☢☢,10-30 mSv [ped]☢☢☢☢☢,May be appropriate (Disagreement)
790,Interventional Radiology,"Thoracoabdominal aortic aneurysm, preop planning, open repair",3196088,CTA chest and abdomen with IV contrast,10-30 mSv☢☢☢☢,,May be appropriate (Disagreement)
791,Interventional Radiology,"Thoracoabdominal aortic aneurysm, preop planning, open repair",3196088,US duplex Doppler aorta abdomen,0 mSvO,0 mSv [ped]O,Usually not appropriate
792,Interventional Radiology,"Thoracoabdominal aortic aneurysm, preop planning, open repair",3196088,US echocardiography transthoracic resting,0 mSvO,0 mSv [ped]O,Usually not appropriate
793,Interventional Radiology,"Thoracoabdominal aortic aneurysm, preop planning, open repair",3196088,Radiography chest,<0.1 mSv☢,<0.03 mSv [ped]☢,Usually not appropriate
794,Interventional Radiology,"Thoracoabdominal aortic aneurysm, preop planning, open repair",3196088,Radiography chest abdomen pelvis,1-10 mSv☢☢☢,0.3-3 mSv [ped]☢☢☢,Usually not appropriate
795,Interventional Radiology,"Thoracoabdominal aortic aneurysm, preop planning, open repair",3196088,Aortography chest abdomen pelvis,10-30 mSv☢☢☢☢,,Usually not appropriate
796,Interventional Radiology,"Thoracoabdominal aortic aneurysm, preop planning, open repair",3196088,MRA chest and abdomen without IV contrast,0 mSvO,0 mSv [ped]O,Usually not appropriate
797,Interventional Radiology,"Thoracoabdominal aortic aneurysm, preop planning, open repair",3196088,CT chest abdomen pelvis without IV contrast,10-30 mSv☢☢☢☢,3-10 mSv [ped]☢☢☢☢,Usually not appropriate
798,Interventional Radiology,"Thoracoabdominal aortic aneurysm, preop planning, open repair",3196088,CT chest and abdomen with IV contrast,10-30 mSv☢☢☢☢,,Usually not appropriate
799,Interventional Radiology,"Thoracoabdominal aortic aneurysm, preop planning, open repair",3196088,CT chest and abdomen without and with IV contrast,10-30 mSv☢☢☢☢,,Usually not appropriate
800,Interventional Radiology,"Thoracoabdominal aortic aneurysm, preop planning, open repair",3196088,CT chest and abdomen without IV contrast,10-30 mSv☢☢☢☢,,Usually not appropriate
801,Interventional Radiology,"Thoracoabdominal aortic aneurysm, preop planning, TEVAR",3196087,MRA chest abdomen pelvis without and with IV contrast,0 mSvO,0 mSv [ped]O,Usually appropriate
802,Interventional Radiology,"Thoracoabdominal aortic aneurysm, preop planning, TEVAR",3196087,MRA chest abdomen pelvis without IV contrast,0 mSvO,0 mSv [ped]O,Usually appropriate
803,Interventional Radiology,"Thoracoabdominal aortic aneurysm, preop planning, TEVAR",3196087,CTA chest abdomen pelvis with IV contrast,30-100 mSv☢☢☢☢☢,10-30 mSv [ped]☢☢☢☢☢,Usually appropriate
804,Interventional Radiology,"Thoracoabdominal aortic aneurysm, preop planning, TEVAR",3196087,MRA chest and abdomen without and with IV contrast,0 mSvO,0 mSv [ped]O,May be appropriate (Disagreement)
805,Interventional Radiology,"Thoracoabdominal aortic aneurysm, preop planning, TEVAR",3196087,CT chest abdomen pelvis with IV contrast,10-30 mSv☢☢☢☢,3-10 mSv [ped]☢☢☢☢,May be appropriate (Disagreement)
806,Interventional Radiology,"Thoracoabdominal aortic aneurysm, preop planning, TEVAR",3196087,CT chest abdomen pelvis without and with IV contrast,10-30 mSv☢☢☢☢,10-30 mSv [ped]☢☢☢☢☢,May be appropriate (Disagreement)
807,Interventional Radiology,"Thoracoabdominal aortic aneurysm, preop planning, TEVAR",3196087,CTA chest and abdomen with IV contrast,10-30 mSv☢☢☢☢,,May be appropriate (Disagreement)
808,Interventional Radiology,"Thoracoabdominal aortic aneurysm, preop planning, TEVAR",3196087,US duplex Doppler aorta abdomen,0 mSvO,0 mSv [ped]O,Usually not appropriate
809,Interventional Radiology,"Thoracoabdominal aortic aneurysm, preop planning, TEVAR",3196087,US echocardiography transthoracic resting,0 mSvO,0 mSv [ped]O,Usually not appropriate
810,Interventional Radiology,"Thoracoabdominal aortic aneurysm, preop planning, TEVAR",3196087,Radiography chest,<0.1 mSv☢,<0.03 mSv [ped]☢,Usually not appropriate
811,Interventional Radiology,"Thoracoabdominal aortic aneurysm, preop planning, TEVAR",3196087,Radiography chest abdomen pelvis,1-10 mSv☢☢☢,0.3-3 mSv [ped]☢☢☢,Usually not appropriate
812,Interventional Radiology,"Thoracoabdominal aortic aneurysm, preop planning, TEVAR",3196087,Aortography chest abdomen pelvis,10-30 mSv☢☢☢☢,,Usually not appropriate
813,Interventional Radiology,"Thoracoabdominal aortic aneurysm, preop planning, TEVAR",3196087,MRA chest and abdomen without IV contrast,0 mSvO,0 mSv [ped]O,Usually not appropriate
814,Interventional Radiology,"Thoracoabdominal aortic aneurysm, preop planning, TEVAR",3196087,CT chest abdomen pelvis without IV contrast,10-30 mSv☢☢☢☢,3-10 mSv [ped]☢☢☢☢,Usually not appropriate
815,Interventional Radiology,"Thoracoabdominal aortic aneurysm, preop planning, TEVAR",3196087,CT chest and abdomen with IV contrast,10-30 mSv☢☢☢☢,,Usually not appropriate
816,Interventional Radiology,"Thoracoabdominal aortic aneurysm, preop planning, TEVAR",3196087,CT chest and abdomen without and with IV contrast,10-30 mSv☢☢☢☢,,Usually not appropriate
817,Interventional Radiology,"Thoracoabdominal aortic aneurysm, preop planning, TEVAR",3196087,CT chest and abdomen without IV contrast,10-30 mSv☢☢☢☢,,Usually not appropriate
818,Interventional Radiology,"Thoracoabdominal aortic aneurysm, without repair, without or with new symptoms, follow-up imaging",3196084,MRA chest abdomen pelvis without and with IV contrast,0 mSvO,0 mSv [ped]O,Usually appropriate
819,Interventional Radiology,"Thoracoabdominal aortic aneurysm, without repair, without or with new symptoms, follow-up imaging",3196084,MRA chest abdomen pelvis without IV contrast,0 mSvO,0 mSv [ped]O,Usually appropriate
820,Interventional Radiology,"Thoracoabdominal aortic aneurysm, without repair, without or with new symptoms, follow-up imaging",3196084,CTA chest abdomen pelvis with IV contrast,30-100 mSv☢☢☢☢☢,10-30 mSv [ped]☢☢☢☢☢,Usually appropriate
821,Interventional Radiology,"Thoracoabdominal aortic aneurysm, without repair, without or with new symptoms, follow-up imaging",3196084,MRA chest and abdomen without and with IV contrast,0 mSvO,0 mSv [ped]O,May be appropriate
822,Interventional Radiology,"Thoracoabdominal aortic aneurysm, without repair, without or with new symptoms, follow-up imaging",3196084,MRA chest and abdomen without IV contrast,0 mSvO,0 mSv [ped]O,May be appropriate
823,Interventional Radiology,"Thoracoabdominal aortic aneurysm, without repair, without or with new symptoms, follow-up imaging",3196084,CT chest abdomen pelvis with IV contrast,10-30 mSv☢☢☢☢,3-10 mSv [ped]☢☢☢☢,May be appropriate
824,Interventional Radiology,"Thoracoabdominal aortic aneurysm, without repair, without or with new symptoms, follow-up imaging",3196084,CT chest abdomen pelvis without and with IV contrast,10-30 mSv☢☢☢☢,10-30 mSv [ped]☢☢☢☢☢,May be appropriate
825,Interventional Radiology,"Thoracoabdominal aortic aneurysm, without repair, without or with new symptoms, follow-up imaging",3196084,CT chest abdomen pelvis without IV contrast,10-30 mSv☢☢☢☢,3-10 mSv [ped]☢☢☢☢,May be appropriate
826,Interventional Radiology,"Thoracoabdominal aortic aneurysm, without repair, without or with new symptoms, follow-up imaging",3196084,CT chest and abdomen with IV contrast,10-30 mSv☢☢☢☢,,May be appropriate
827,Interventional Radiology,"Thoracoabdominal aortic aneurysm, without repair, without or with new symptoms, follow-up imaging",3196084,CT chest and abdomen without and with IV contrast,10-30 mSv☢☢☢☢,,May be appropriate
828,Interventional Radiology,"Thoracoabdominal aortic aneurysm, without repair, without or with new symptoms, follow-up imaging",3196084,CTA chest and abdomen with IV contrast,10-30 mSv☢☢☢☢,,May be appropriate
829,Interventional Radiology,"Thoracoabdominal aortic aneurysm, without repair, without or with new symptoms, follow-up imaging",3196084,US duplex Doppler aorta abdomen,0 mSvO,0 mSv [ped]O,Usually not appropriate
830,Interventional Radiology,"Thoracoabdominal aortic aneurysm, without repair, without or with new symptoms, follow-up imaging",3196084,US echocardiography transthoracic resting,0 mSvO,0 mSv [ped]O,Usually not appropriate
831,Interventional Radiology,"Thoracoabdominal aortic aneurysm, without repair, without or with new symptoms, follow-up imaging",3196084,Radiography chest,<0.1 mSv☢,<0.03 mSv [ped]☢,Usually not appropriate
832,Interventional Radiology,"Thoracoabdominal aortic aneurysm, without repair, without or with new symptoms, follow-up imaging",3196084,Radiography chest abdomen pelvis,1-10 mSv☢☢☢,0.3-3 mSv [ped]☢☢☢,Usually not appropriate
833,Interventional Radiology,"Thoracoabdominal aortic aneurysm, without repair, without or with new symptoms, follow-up imaging",3196084,Aortography chest abdomen pelvis,10-30 mSv☢☢☢☢,,Usually not appropriate
834,Interventional Radiology,"Thoracoabdominal aortic aneurysm, without repair, without or with new symptoms, follow-up imaging",3196084,CT chest and abdomen without IV contrast,10-30 mSv☢☢☢☢,,Usually not appropriate
835,Interventional Radiology,"Thoracoabdominal aortic dissection, post open repair, follow up imaging",3196094,MRA chest abdomen pelvis without and with IV contrast,0 mSvO,0 mSv [ped]O,Usually appropriate
836,Interventional Radiology,"Thoracoabdominal aortic dissection, post open repair, follow up imaging",3196094,CTA chest abdomen pelvis with IV contrast,30-100 mSv☢☢☢☢☢,10-30 mSv [ped]☢☢☢☢☢,Usually appropriate
837,Interventional Radiology,"Thoracoabdominal aortic dissection, post open repair, follow up imaging",3196094,MRA chest abdomen pelvis without IV contrast,0 mSvO,0 mSv [ped]O,May be appropriate
838,Interventional Radiology,"Thoracoabdominal aortic dissection, post open repair, follow up imaging",3196094,MRA chest and abdomen without and with IV contrast,0 mSvO,0 mSv [ped]O,May be appropriate
839,Interventional Radiology,"Thoracoabdominal aortic dissection, post open repair, follow up imaging",3196094,MRA chest and abdomen without IV contrast,0 mSvO,0 mSv [ped]O,May be appropriate
840,Interventional Radiology,"Thoracoabdominal aortic dissection, post open repair, follow up imaging",3196094,CT chest abdomen pelvis with IV contrast,10-30 mSv☢☢☢☢,3-10 mSv [ped]☢☢☢☢,May be appropriate
841,Interventional Radiology,"Thoracoabdominal aortic dissection, post open repair, follow up imaging",3196094,CT chest abdomen pelvis without and with IV contrast,10-30 mSv☢☢☢☢,10-30 mSv [ped]☢☢☢☢☢,May be appropriate
842,Interventional Radiology,"Thoracoabdominal aortic dissection, post open repair, follow up imaging",3196094,CT chest abdomen pelvis without IV contrast,10-30 mSv☢☢☢☢,3-10 mSv [ped]☢☢☢☢,May be appropriate
843,Interventional Radiology,"Thoracoabdominal aortic dissection, post open repair, follow up imaging",3196094,CT chest and abdomen with IV contrast,10-30 mSv☢☢☢☢,,May be appropriate
844,Interventional Radiology,"Thoracoabdominal aortic dissection, post open repair, follow up imaging",3196094,CT chest and abdomen without and with IV contrast,10-30 mSv☢☢☢☢,,May be appropriate
845,Interventional Radiology,"Thoracoabdominal aortic dissection, post open repair, follow up imaging",3196094,CTA chest and abdomen with IV contrast,10-30 mSv☢☢☢☢,,May be appropriate
846,Interventional Radiology,"Thoracoabdominal aortic dissection, post open repair, follow up imaging",3196094,US duplex Doppler aorta abdomen,0 mSvO,0 mSv [ped]O,Usually not appropriate
847,Interventional Radiology,"Thoracoabdominal aortic dissection, post open repair, follow up imaging",3196094,US echocardiography transthoracic resting,0 mSvO,0 mSv [ped]O,Usually not appropriate
848,Interventional Radiology,"Thoracoabdominal aortic dissection, post open repair, follow up imaging",3196094,Radiography chest,<0.1 mSv☢,<0.03 mSv [ped]☢,Usually not appropriate
849,Interventional Radiology,"Thoracoabdominal aortic dissection, post open repair, follow up imaging",3196094,Radiography chest abdomen pelvis,1-10 mSv☢☢☢,0.3-3 mSv [ped]☢☢☢,Usually not appropriate
850,Interventional Radiology,"Thoracoabdominal aortic dissection, post open repair, follow up imaging",3196094,Aortography chest abdomen pelvis,10-30 mSv☢☢☢☢,,Usually not appropriate
851,Interventional Radiology,"Thoracoabdominal aortic dissection, post open repair, follow up imaging",3196094,CT chest and abdomen without IV contrast,10-30 mSv☢☢☢☢,,Usually not appropriate
852,Interventional Radiology,"Thoracoabdominal aortic dissection, post TEVAR, follow-up imaging",3196091,MRA chest abdomen pelvis without and with IV contrast,0 mSvO,0 mSv [ped]O,Usually appropriate
853,Interventional Radiology,"Thoracoabdominal aortic dissection, post TEVAR, follow-up imaging",3196091,CTA chest abdomen pelvis with IV contrast,30-100 mSv☢☢☢☢☢,10-30 mSv [ped]☢☢☢☢☢,Usually appropriate
854,Interventional Radiology,"Thoracoabdominal aortic dissection, post TEVAR, follow-up imaging",3196091,Aortography chest abdomen pelvis,10-30 mSv☢☢☢☢,,May be appropriate (Disagreement)
855,Interventional Radiology,"Thoracoabdominal aortic dissection, post TEVAR, follow-up imaging",3196091,MRA chest abdomen pelvis without IV contrast,0 mSvO,0 mSv [ped]O,May be appropriate
856,Interventional Radiology,"Thoracoabdominal aortic dissection, post TEVAR, follow-up imaging",3196091,MRA chest and abdomen without and with IV contrast,0 mSvO,0 mSv [ped]O,May be appropriate (Disagreement)
857,Interventional Radiology,"Thoracoabdominal aortic dissection, post TEVAR, follow-up imaging",3196091,MRA chest and abdomen without IV contrast,0 mSvO,0 mSv [ped]O,May be appropriate
858,Interventional Radiology,"Thoracoabdominal aortic dissection, post TEVAR, follow-up imaging",3196091,CT chest abdomen pelvis with IV contrast,10-30 mSv☢☢☢☢,3-10 mSv [ped]☢☢☢☢,May be appropriate
859,Interventional Radiology,"Thoracoabdominal aortic dissection, post TEVAR, follow-up imaging",3196091,CT chest abdomen pelvis without and with IV contrast,10-30 mSv☢☢☢☢,10-30 mSv [ped]☢☢☢☢☢,May be appropriate
860,Interventional Radiology,"Thoracoabdominal aortic dissection, post TEVAR, follow-up imaging",3196091,CT chest abdomen pelvis without IV contrast,10-30 mSv☢☢☢☢,3-10 mSv [ped]☢☢☢☢,May be appropriate
861,Interventional Radiology,"Thoracoabdominal aortic dissection, post TEVAR, follow-up imaging",3196091,CTA chest and abdomen with IV contrast,10-30 mSv☢☢☢☢,,May be appropriate (Disagreement)
862,Interventional Radiology,"Thoracoabdominal aortic dissection, post TEVAR, follow-up imaging",3196091,US duplex Doppler aorta abdomen,0 mSvO,0 mSv [ped]O,Usually not appropriate
863,Interventional Radiology,"Thoracoabdominal aortic dissection, post TEVAR, follow-up imaging",3196091,US echocardiography transthoracic resting,0 mSvO,0 mSv [ped]O,Usually not appropriate
864,Interventional Radiology,"Thoracoabdominal aortic dissection, post TEVAR, follow-up imaging",3196091,Radiography chest,<0.1 mSv☢,<0.03 mSv [ped]☢,Usually not appropriate
865,Interventional Radiology,"Thoracoabdominal aortic dissection, post TEVAR, follow-up imaging",3196091,Radiography chest abdomen pelvis,1-10 mSv☢☢☢,0.3-3 mSv [ped]☢☢☢,Usually not appropriate
866,Interventional Radiology,"Thoracoabdominal aortic dissection, post TEVAR, follow-up imaging",3196091,CT chest and abdomen with IV contrast,10-30 mSv☢☢☢☢,,Usually not appropriate
867,Interventional Radiology,"Thoracoabdominal aortic dissection, post TEVAR, follow-up imaging",3196091,CT chest and abdomen without and with IV contrast,10-30 mSv☢☢☢☢,,Usually not appropriate
868,Interventional Radiology,"Thoracoabdominal aortic dissection, post TEVAR, follow-up imaging",3196091,CT chest and abdomen without IV contrast,10-30 mSv☢☢☢☢,,Usually not appropriate
869,Interventional Radiology,"Thoracoabdominal aortic dissection, preop planning, open repair",3196086,MRA chest abdomen pelvis without and with IV contrast,0 mSvO,0 mSv [ped]O,Usually appropriate
870,Interventional Radiology,"Thoracoabdominal aortic dissection, preop planning, open repair",3196086,MRA chest abdomen pelvis without IV contrast,0 mSvO,0 mSv [ped]O,Usually appropriate
871,Interventional Radiology,"Thoracoabdominal aortic dissection, preop planning, open repair",3196086,CTA chest abdomen pelvis with IV contrast,30-100 mSv☢☢☢☢☢,10-30 mSv [ped]☢☢☢☢☢,Usually appropriate
872,Interventional Radiology,"Thoracoabdominal aortic dissection, preop planning, open repair",3196086,MRA chest and abdomen without and with IV contrast,0 mSvO,0 mSv [ped]O,May be appropriate (Disagreement)
873,Interventional Radiology,"Thoracoabdominal aortic dissection, preop planning, open repair",3196086,CT chest abdomen pelvis with IV contrast,10-30 mSv☢☢☢☢,3-10 mSv [ped]☢☢☢☢,May be appropriate (Disagreement)
874,Interventional Radiology,"Thoracoabdominal aortic dissection, preop planning, open repair",3196086,CT chest abdomen pelvis without and with IV contrast,10-30 mSv☢☢☢☢,10-30 mSv [ped]☢☢☢☢☢,May be appropriate (Disagreement)
875,Interventional Radiology,"Thoracoabdominal aortic dissection, preop planning, open repair",3196086,CTA chest and abdomen with IV contrast,10-30 mSv☢☢☢☢,,May be appropriate (Disagreement)
876,Interventional Radiology,"Thoracoabdominal aortic dissection, preop planning, open repair",3196086,US duplex Doppler aorta abdomen,0 mSvO,0 mSv [ped]O,Usually not appropriate
877,Interventional Radiology,"Thoracoabdominal aortic dissection, preop planning, open repair",3196086,US echocardiography transthoracic resting,0 mSvO,0 mSv [ped]O,Usually not appropriate
878,Interventional Radiology,"Thoracoabdominal aortic dissection, preop planning, open repair",3196086,Radiography chest,<0.1 mSv☢,<0.03 mSv [ped]☢,Usually not appropriate
879,Interventional Radiology,"Thoracoabdominal aortic dissection, preop planning, open repair",3196086,Radiography chest abdomen pelvis,1-10 mSv☢☢☢,0.3-3 mSv [ped]☢☢☢,Usually not appropriate
880,Interventional Radiology,"Thoracoabdominal aortic dissection, preop planning, open repair",3196086,Aortography chest abdomen pelvis,10-30 mSv☢☢☢☢,,Usually not appropriate
881,Interventional Radiology,"Thoracoabdominal aortic dissection, preop planning, open repair",3196086,MRA chest and abdomen without IV contrast,0 mSvO,0 mSv [ped]O,Usually not appropriate
882,Interventional Radiology,"Thoracoabdominal aortic dissection, preop planning, open repair",3196086,CT chest abdomen pelvis without IV contrast,10-30 mSv☢☢☢☢,3-10 mSv [ped]☢☢☢☢,Usually not appropriate
883,Interventional Radiology,"Thoracoabdominal aortic dissection, preop planning, open repair",3196086,CT chest and abdomen with IV contrast,10-30 mSv☢☢☢☢,,Usually not appropriate
884,Interventional Radiology,"Thoracoabdominal aortic dissection, preop planning, open repair",3196086,CT chest and abdomen without and with IV contrast,10-30 mSv☢☢☢☢,,Usually not appropriate
885,Interventional Radiology,"Thoracoabdominal aortic dissection, preop planning, open repair",3196086,CT chest and abdomen without IV contrast,10-30 mSv☢☢☢☢,,Usually not appropriate
886,Interventional Radiology,"Thoracoabdominal aortic dissection, preop planning, TEVAR",3196089,MRA chest abdomen pelvis without and with IV contrast,0 mSvO,0 mSv [ped]O,Usually appropriate
887,Interventional Radiology,"Thoracoabdominal aortic dissection, preop planning, TEVAR",3196089,MRA chest abdomen pelvis without IV contrast,0 mSvO,0 mSv [ped]O,Usually appropriate
888,Interventional Radiology,"Thoracoabdominal aortic dissection, preop planning, TEVAR",3196089,CTA chest abdomen pelvis with IV contrast,30-100 mSv☢☢☢☢☢,10-30 mSv [ped]☢☢☢☢☢,Usually appropriate
889,Interventional Radiology,"Thoracoabdominal aortic dissection, preop planning, TEVAR",3196089,MRA chest and abdomen without and with IV contrast,0 mSvO,0 mSv [ped]O,May be appropriate (Disagreement)
890,Interventional Radiology,"Thoracoabdominal aortic dissection, preop planning, TEVAR",3196089,CT chest abdomen pelvis with IV contrast,10-30 mSv☢☢☢☢,3-10 mSv [ped]☢☢☢☢,May be appropriate (Disagreement)
891,Interventional Radiology,"Thoracoabdominal aortic dissection, preop planning, TEVAR",3196089,CT chest abdomen pelvis without and with IV contrast,10-30 mSv☢☢☢☢,10-30 mSv [ped]☢☢☢☢☢,May be appropriate (Disagreement)
892,Interventional Radiology,"Thoracoabdominal aortic dissection, preop planning, TEVAR",3196089,CTA chest and abdomen with IV contrast,10-30 mSv☢☢☢☢,,May be appropriate (Disagreement)
893,Interventional Radiology,"Thoracoabdominal aortic dissection, preop planning, TEVAR",3196089,US duplex Doppler aorta abdomen,0 mSvO,0 mSv [ped]O,Usually not appropriate
894,Interventional Radiology,"Thoracoabdominal aortic dissection, preop planning, TEVAR",3196089,US echocardiography transthoracic resting,0 mSvO,0 mSv [ped]O,Usually not appropriate
895,Interventional Radiology,"Thoracoabdominal aortic dissection, preop planning, TEVAR",3196089,Radiography chest,<0.1 mSv☢,<0.03 mSv [ped]☢,Usually not appropriate
896,Interventional Radiology,"Thoracoabdominal aortic dissection, preop planning, TEVAR",3196089,Radiography chest abdomen pelvis,1-10 mSv☢☢☢,0.3-3 mSv [ped]☢☢☢,Usually not appropriate
897,Interventional Radiology,"Thoracoabdominal aortic dissection, preop planning, TEVAR",3196089,Aortography chest abdomen pelvis,10-30 mSv☢☢☢☢,,Usually not appropriate
898,Interventional Radiology,"Thoracoabdominal aortic dissection, preop planning, TEVAR",3196089,MRA chest and abdomen without IV contrast,0 mSvO,0 mSv [ped]O,Usually not appropriate
899,Interventional Radiology,"Thoracoabdominal aortic dissection, preop planning, TEVAR",3196089,CT chest abdomen pelvis without IV contrast,10-30 mSv☢☢☢☢,3-10 mSv [ped]☢☢☢☢,Usually not appropriate
900,Interventional Radiology,"Thoracoabdominal aortic dissection, preop planning, TEVAR",3196089,CT chest and abdomen with IV contrast,10-30 mSv☢☢☢☢,,Usually not appropriate
901,Interventional Radiology,"Thoracoabdominal aortic dissection, preop planning, TEVAR",3196089,CT chest and abdomen without and with IV contrast,10-30 mSv☢☢☢☢,,Usually not appropriate
902,Interventional Radiology,"Thoracoabdominal aortic dissection, preop planning, TEVAR",3196089,CT chest and abdomen without IV contrast,10-30 mSv☢☢☢☢,,Usually not appropriate
903,Interventional Radiology,"Thoracoabdominal aortic dissection, without repair, without or with new symptoms, follow-up imaging",3196083,MRA chest abdomen pelvis without and with IV contrast,0 mSvO,0 mSv [ped]O,Usually appropriate
904,Interventional Radiology,"Thoracoabdominal aortic dissection, without repair, without or with new symptoms, follow-up imaging",3196083,MRA chest abdomen pelvis without IV contrast,0 mSvO,0 mSv [ped]O,Usually appropriate
905,Interventional Radiology,"Thoracoabdominal aortic dissection, without repair, without or with new symptoms, follow-up imaging",3196083,CTA chest abdomen pelvis with IV contrast,30-100 mSv☢☢☢☢☢,10-30 mSv [ped]☢☢☢☢☢,Usually appropriate
906,Interventional Radiology,"Thoracoabdominal aortic dissection, without repair, without or with new symptoms, follow-up imaging",3196083,MRA chest and abdomen without and with IV contrast,0 mSvO,0 mSv [ped]O,May be appropriate
907,Interventional Radiology,"Thoracoabdominal aortic dissection, without repair, without or with new symptoms, follow-up imaging",3196083,MRA chest and abdomen without IV contrast,0 mSvO,0 mSv [ped]O,May be appropriate
908,Interventional Radiology,"Thoracoabdominal aortic dissection, without repair, without or with new symptoms, follow-up imaging",3196083,CT chest abdomen pelvis with IV contrast,10-30 mSv☢☢☢☢,3-10 mSv [ped]☢☢☢☢,May be appropriate
909,Interventional Radiology,"Thoracoabdominal aortic dissection, without repair, without or with new symptoms, follow-up imaging",3196083,CT chest abdomen pelvis without and with IV contrast,10-30 mSv☢☢☢☢,10-30 mSv [ped]☢☢☢☢☢,May be appropriate
910,Interventional Radiology,"Thoracoabdominal aortic dissection, without repair, without or with new symptoms, follow-up imaging",3196083,CT chest abdomen pelvis without IV contrast,10-30 mSv☢☢☢☢,3-10 mSv [ped]☢☢☢☢,May be appropriate
911,Interventional Radiology,"Thoracoabdominal aortic dissection, without repair, without or with new symptoms, follow-up imaging",3196083,CT chest and abdomen with IV contrast,10-30 mSv☢☢☢☢,,May be appropriate
912,Interventional Radiology,"Thoracoabdominal aortic dissection, without repair, without or with new symptoms, follow-up imaging",3196083,CT chest and abdomen without and with IV contrast,10-30 mSv☢☢☢☢,,May be appropriate
913,Interventional Radiology,"Thoracoabdominal aortic dissection, without repair, without or with new symptoms, follow-up imaging",3196083,CTA chest and abdomen with IV contrast,10-30 mSv☢☢☢☢,,May be appropriate
914,Interventional Radiology,"Thoracoabdominal aortic dissection, without repair, without or with new symptoms, follow-up imaging",3196083,US duplex Doppler aorta abdomen,0 mSvO,0 mSv [ped]O,Usually not appropriate
915,Interventional Radiology,"Thoracoabdominal aortic dissection, without repair, without or with new symptoms, follow-up imaging",3196083,US echocardiography transthoracic resting,0 mSvO,0 mSv [ped]O,Usually not appropriate
916,Interventional Radiology,"Thoracoabdominal aortic dissection, without repair, without or with new symptoms, follow-up imaging",3196083,Radiography chest,<0.1 mSv☢,<0.03 mSv [ped]☢,Usually not appropriate
917,Interventional Radiology,"Thoracoabdominal aortic dissection, without repair, without or with new symptoms, follow-up imaging",3196083,Radiography chest abdomen pelvis,1-10 mSv☢☢☢,0.3-3 mSv [ped]☢☢☢,Usually not appropriate
918,Interventional Radiology,"Thoracoabdominal aortic dissection, without repair, without or with new symptoms, follow-up imaging",3196083,Aortography chest abdomen pelvis,10-30 mSv☢☢☢☢,,Usually not appropriate
919,Interventional Radiology,"Thoracoabdominal aortic dissection, without repair, without or with new symptoms, follow-up imaging",3196083,CT chest and abdomen without IV contrast,10-30 mSv☢☢☢☢,,Usually not appropriate
920,Interventional Radiology,"Varicose veins, lower extremity, initial imaging",3196588,US duplex Doppler lower extremity,0 mSvO,0 mSv [ped]O,Usually appropriate
921,Interventional Radiology,"Varicose veins, lower extremity, initial imaging",3196588,Catheter venography iliac veins,10-30 mSv☢☢☢☢,,Usually not appropriate
922,Interventional Radiology,"Varicose veins, lower extremity, initial imaging",3196588,Catheter venography lower extremity,0.1-1mSv☢☢,,Usually not appropriate
923,Interventional Radiology,"Varicose veins, lower extremity, initial imaging",3196588,CTV lower extremity with IV contrast,10-30 mSv☢☢☢☢,,Usually not appropriate
924,Interventional Radiology,"Varicose veins, lower extremity, initial imaging",3196588,CTV pelvis with IV contrast,10-30 mSv☢☢☢☢,,Usually not appropriate
925,Interventional Radiology,"Varicose veins, lower extremity, initial imaging",3196588,MRV lower extremity without and with IV contrast,0 mSvO,0 mSv [ped]O,Usually not appropriate
926,Interventional Radiology,"Varicose veins, lower extremity, initial imaging",3196588,MRV pelvis without and with IV contrast,0 mSvO,0 mSv [ped]O,Usually not appropriate
927,Interventional Radiology,"Varicose veins, lower extremity, initial imaging",3196588,US intravascular iliac veins,0 mSvO,0 mSv [ped]O,Usually not appropriate
928,Interventional Radiology,"Varicose veins, lower extremity, pelvic origin suspected, initial imaging",3196596,US duplex Doppler lower extremity,0 mSvO,0 mSv [ped]O,Usually appropriate
929,Interventional Radiology,"Varicose veins, lower extremity, pelvic origin suspected, initial imaging",3196596,US duplex Doppler pelvis,0 mSvO,0 mSv [ped]O,Usually appropriate
930,Interventional Radiology,"Varicose veins, lower extremity, pelvic origin suspected, initial imaging",3196596,CTV abdomen and pelvis with IV contrast,10-30 mSv☢☢☢☢,,Usually appropriate
931,Interventional Radiology,"Varicose veins, lower extremity, pelvic origin suspected, initial imaging",3196596,MRV abdomen and pelvis without and with IV contrast,0 mSvO,0 mSv [ped]O,Usually appropriate
932,Interventional Radiology,"Varicose veins, lower extremity, pelvic origin suspected, initial imaging",3196596,US duplex Doppler IVC and iliac veins,0 mSvO,0 mSv [ped]O,Usually appropriate
933,Interventional Radiology,"Varicose veins, lower extremity, pelvic origin suspected, initial imaging",3196596,Catheter venography pelvis,0.1-1mSv☢☢,,May be appropriate
934,Interventional Radiology,"Varicose veins, lower extremity, pelvic origin suspected, initial imaging",3196596,US intravascular iliac veins,0 mSvO,0 mSv [ped]O,May be appropriate (Disagreement)
935,Interventional Radiology,"Varicose veins, lower extremity, pelvic origin suspected, initial imaging",3196596,US intravascular renal veins,0 mSvO,0 mSv [ped]O,Usually not appropriate
936,Interventional Radiology,"Varicose veins, lower extremity, pelvic origin suspected, treatment",3196598,Conservative management,,,Usually appropriate
937,Interventional Radiology,"Varicose veins, lower extremity, pelvic origin suspected, treatment",3196598,Compression sclerotherapy,,,May be appropriate
938,Interventional Radiology,"Varicose veins, lower extremity, pelvic origin suspected, treatment",3196598,Microphlebectomy,,,May be appropriate
939,Interventional Radiology,"Varicose veins, lower extremity, pelvic origin suspected, treatment",3196598,Saphenous vein ablation,,,May be appropriate (Disagreement)
940,Interventional Radiology,"Varicose veins, lower extremity, pelvic origin suspected, treatment",3196598,Iliac vein embolization,,,May be appropriate
941,Interventional Radiology,"Varicose veins, lower extremity, pelvic origin suspected, treatment",3196598,Iliac vein stenting,,,Usually not appropriate
942,Interventional Radiology,"Varicose veins, lower extremity, pelvic origin suspected, treatment",3196598,Left renal vein stenting,,,Usually not appropriate
943,Interventional Radiology,"Varicose veins, lower extremity, pelvic origin suspected, treatment",3196598,Left renal vein surgery,,,Usually not appropriate
944,Interventional Radiology,"Varicose veins, lower extremity, pelvic origin suspected, treatment",3196598,Ovarian vein embolization,,,Usually not appropriate
945,Interventional Radiology,"Varicose veins, lower extremity, pelvic origin suspected, treatment",3196598,Iliac vein surgery,,,Usually not appropriate
946,Interventional Radiology,"Varicose veins, lower extremity, treatment",3196590,Compression therapy,,,Usually appropriate
947,Interventional Radiology,"Varicose veins, lower extremity, treatment",3196590,Saphenous vein ablation,,,Usually appropriate
948,Interventional Radiology,"Varicose veins, lower extremity, treatment",3196590,Compression sclerotherapy,,,Usually appropriate
949,Interventional Radiology,"Varicose veins, lower extremity, treatment",3196590,Microphlebectomy,,,Usually appropriate
950,Interventional Radiology,"Varicose veins, lower extremity, treatment",3196590,Ligation and stripping,,,May be appropriate
951,Interventional Radiology,"Vascular steal syndrome suspected, lower extremity, cardiac failure, initial imaging, guide IR therapy",3196517,Fluoroscopy fistulography hemodialysis access lower extremity,1-10 mSv☢☢☢,,Usually appropriate
952,Interventional Radiology,"Vascular steal syndrome suspected, lower extremity, cardiac failure, initial imaging, guide IR therapy",3196517,US duplex Doppler hemodialysis access lower extremity,0 mSvO,0 mSv [ped]O,Usually appropriate
953,Interventional Radiology,"Vascular steal syndrome suspected, lower extremity, cardiac failure, initial imaging, guide IR therapy",3196517,CTA lower extremity with IV contrast,1-10 mSv☢☢☢,3-10 mSv [ped]☢☢☢☢,May be appropriate
954,Interventional Radiology,"Vascular steal syndrome suspected, lower extremity, cardiac failure, initial imaging, guide IR therapy",3196517,CTV lower extremity with IV contrast,10-30 mSv☢☢☢☢,,Usually not appropriate
955,Interventional Radiology,"Vascular steal syndrome suspected, lower extremity, cardiac failure, initial imaging, guide IR therapy",3196517,MRA lower extremity without and with IV contrast,0 mSvO,0 mSv [ped]O,Usually not appropriate
956,Interventional Radiology,"Vascular steal syndrome suspected, lower extremity, cardiac failure, initial imaging, guide IR therapy",3196517,MRA lower extremity without IV contrast,0 mSvO,0 mSv [ped]O,Usually not appropriate
957,Interventional Radiology,"Vascular steal syndrome suspected, lower extremity, cardiac failure, initial imaging, guide IR therapy",3196517,MRV lower extremity without and with IV contrast,0 mSvO,0 mSv [ped]O,Usually not appropriate
958,Interventional Radiology,"Vascular steal syndrome suspected, lower extremity, cardiac failure, initial imaging, guide IR therapy",3196517,MRV lower extremity without IV contrast,0 mSvO,0 mSv [ped]O,Usually not appropriate
959,Interventional Radiology,"Vascular steal syndrome suspected, lower extremity, ischemic symptoms, initial imaging, guide IR therapy",3196518,Fluoroscopy fistulography hemodialysis access lower extremity,1-10 mSv☢☢☢,,Usually appropriate
960,Interventional Radiology,"Vascular steal syndrome suspected, lower extremity, ischemic symptoms, initial imaging, guide IR therapy",3196518,US duplex Doppler hemodialysis access lower extremity,0 mSvO,0 mSv [ped]O,Usually appropriate
961,Interventional Radiology,"Vascular steal syndrome suspected, lower extremity, ischemic symptoms, initial imaging, guide IR therapy",3196518,CTA lower extremity with IV contrast,1-10 mSv☢☢☢,3-10 mSv [ped]☢☢☢☢,May be appropriate
962,Interventional Radiology,"Vascular steal syndrome suspected, lower extremity, ischemic symptoms, initial imaging, guide IR therapy",3196518,CTV lower extremity with IV contrast,10-30 mSv☢☢☢☢,,Usually not appropriate
963,Interventional Radiology,"Vascular steal syndrome suspected, lower extremity, ischemic symptoms, initial imaging, guide IR therapy",3196518,MRA lower extremity without and with IV contrast,0 mSvO,0 mSv [ped]O,Usually not appropriate
964,Interventional Radiology,"Vascular steal syndrome suspected, lower extremity, ischemic symptoms, initial imaging, guide IR therapy",3196518,MRA lower extremity without IV contrast,0 mSvO,0 mSv [ped]O,Usually not appropriate
965,Interventional Radiology,"Vascular steal syndrome suspected, lower extremity, ischemic symptoms, initial imaging, guide IR therapy",3196518,MRV lower extremity without and with IV contrast,0 mSvO,0 mSv [ped]O,Usually not appropriate
966,Interventional Radiology,"Vascular steal syndrome suspected, lower extremity, ischemic symptoms, initial imaging, guide IR therapy",3196518,MRV lower extremity without IV contrast,0 mSvO,0 mSv [ped]O,Usually not appropriate
967,Interventional Radiology,"Vascular steal syndrome suspected, upper extremity, cardiac failure, initial imaging, guide IR therapy",3196519,Fluoroscopy fistulography hemodialysis access upper extremity,1-10 mSv☢☢☢,,Usually appropriate
968,Interventional Radiology,"Vascular steal syndrome suspected, upper extremity, cardiac failure, initial imaging, guide IR therapy",3196519,US duplex Doppler hemodialysis access upper extremity,0 mSvO,0 mSv [ped]O,Usually appropriate
969,Interventional Radiology,"Vascular steal syndrome suspected, upper extremity, cardiac failure, initial imaging, guide IR therapy",3196519,CTA upper extremity with IV contrast,1-10 mSv☢☢☢,,May be appropriate
970,Interventional Radiology,"Vascular steal syndrome suspected, upper extremity, cardiac failure, initial imaging, guide IR therapy",3196519,CTV upper extremity with IV contrast,10-30 mSv☢☢☢☢,,Usually not appropriate
971,Interventional Radiology,"Vascular steal syndrome suspected, upper extremity, cardiac failure, initial imaging, guide IR therapy",3196519,MRA upper extremity without and with IV contrast,0 mSvO,0 mSv [ped]O,Usually not appropriate
972,Interventional Radiology,"Vascular steal syndrome suspected, upper extremity, cardiac failure, initial imaging, guide IR therapy",3196519,MRA upper extremity without IV contrast,0 mSvO,0 mSv [ped]O,Usually not appropriate
973,Interventional Radiology,"Vascular steal syndrome suspected, upper extremity, cardiac failure, initial imaging, guide IR therapy",3196519,MRV upper extremity without and with IV contrast,0 mSvO,0 mSv [ped]O,Usually not appropriate
974,Interventional Radiology,"Vascular steal syndrome suspected, upper extremity, cardiac failure, initial imaging, guide IR therapy",3196519,MRV upper extremity without IV contrast,0 mSvO,0 mSv [ped]O,Usually not appropriate
975,Interventional Radiology,"Vascular steal syndrome suspected, upper extremity, ischemic symptoms, initial imaging, guide IR therapy options",3196520,Fluoroscopy fistulography hemodialysis access upper extremity,1-10 mSv☢☢☢,,Usually appropriate
976,Interventional Radiology,"Vascular steal syndrome suspected, upper extremity, ischemic symptoms, initial imaging, guide IR therapy options",3196520,US duplex Doppler hemodialysis access upper extremity,0 mSvO,0 mSv [ped]O,Usually appropriate
977,Interventional Radiology,"Vascular steal syndrome suspected, upper extremity, ischemic symptoms, initial imaging, guide IR therapy options",3196520,CTA upper extremity with IV contrast,1-10 mSv☢☢☢,,May be appropriate
978,Interventional Radiology,"Vascular steal syndrome suspected, upper extremity, ischemic symptoms, initial imaging, guide IR therapy options",3196520,CTV upper extremity with IV contrast,10-30 mSv☢☢☢☢,,Usually not appropriate
979,Interventional Radiology,"Vascular steal syndrome suspected, upper extremity, ischemic symptoms, initial imaging, guide IR therapy options",3196520,MRA upper extremity without and with IV contrast,0 mSvO,0 mSv [ped]O,Usually not appropriate
980,Interventional Radiology,"Vascular steal syndrome suspected, upper extremity, ischemic symptoms, initial imaging, guide IR therapy options",3196520,MRA upper extremity without IV contrast,0 mSvO,0 mSv [ped]O,Usually not appropriate
981,Interventional Radiology,"Vascular steal syndrome suspected, upper extremity, ischemic symptoms, initial imaging, guide IR therapy options",3196520,MRV upper extremity without and with IV contrast,0 mSvO,0 mSv [ped]O,Usually not appropriate
982,Interventional Radiology,"Vascular steal syndrome suspected, upper extremity, ischemic symptoms, initial imaging, guide IR therapy options",3196520,MRV upper extremity without IV contrast,0 mSvO,0 mSv [ped]O,Usually not appropriate
983,Interventional Radiology,"Venous leg ulcer, lower extremity, initial imaging",3196592,US duplex Doppler lower extremity,0 mSvO,0 mSv [ped]O,Usually appropriate
984,Interventional Radiology,"Venous leg ulcer, lower extremity, initial imaging",3196592,US duplex Doppler IVC and iliac veins,0 mSvO,0 mSv [ped]O,Usually appropriate
985,Interventional Radiology,"Venous leg ulcer, lower extremity, initial imaging",3196592,CTV abdomen and pelvis with IV contrast,10-30 mSv☢☢☢☢,,May be appropriate
986,Interventional Radiology,"Venous leg ulcer, lower extremity, initial imaging",3196592,MRV abdomen and pelvis without and with IV contrast,0 mSvO,0 mSv [ped]O,May be appropriate
987,Interventional Radiology,"Venous leg ulcer, lower extremity, initial imaging",3196592,Catheter venography iliac veins,10-30 mSv☢☢☢☢,,May be appropriate
988,Interventional Radiology,"Venous leg ulcer, lower extremity, initial imaging",3196592,CTV lower extremity with IV contrast,10-30 mSv☢☢☢☢,,May be appropriate (Disagreement)
989,Interventional Radiology,"Venous leg ulcer, lower extremity, initial imaging",3196592,MRV lower extremity without and with IV contrast,0 mSvO,0 mSv [ped]O,May be appropriate (Disagreement)
990,Interventional Radiology,"Venous leg ulcer, lower extremity, initial imaging",3196592,US intravascular iliac veins,0 mSvO,0 mSv [ped]O,May be appropriate (Disagreement)
991,Interventional Radiology,"Venous leg ulcer, lower extremity, initial imaging",3196592,Catheter venography lower extremity,0.1-1mSv☢☢,,May be appropriate
992,Interventional Radiology,"Venous leg ulcer, lower extremity, treatment",3196594,Wound care,,,Usually appropriate
993,Interventional Radiology,"Venous leg ulcer, lower extremity, treatment",3196594,Compression therapy,,,Usually appropriate
994,Interventional Radiology,"Venous leg ulcer, lower extremity, treatment",3196594,Saphenous vein ablation,,,Usually appropriate
995,Interventional Radiology,"Venous leg ulcer, lower extremity, treatment",3196594,Compression sclerotherapy,,,Usually appropriate
996,Interventional Radiology,"Venous leg ulcer, lower extremity, treatment",3196594,Iliac vein stenting,,,May be appropriate
997,Interventional Radiology,"Venous leg ulcer, lower extremity, treatment",3196594,Ligation and stripping,,,May be appropriate
998,Interventional Radiology,"Venous leg ulcer, lower extremity, treatment",3196594,Microphlebectomy,,,May be appropriate
999,Interventional Radiology,"Vertebral compression fracture on radiography, cervical, asymptomatic, hx of malignancy, next imaging study",3196001,MRI cervical and lumbar spine without and with IV contrast,0 mSvO,0 mSv [ped]O,Usually appropriate
1000,Interventional Radiology,"Vertebral compression fracture on radiography, cervical, asymptomatic, hx of malignancy, next imaging study",3196001,MRI cervical and lumbar spine without IV contrast,0 mSvO,0 mSv [ped]O,Usually appropriate
1001,Interventional Radiology,"Vertebral compression fracture on radiography, cervical, asymptomatic, hx of malignancy, next imaging study",3196001,MRI cervical and thoracic spine without and with IV contrast,0 mSvO,0 mSv [ped]O,Usually appropriate
1002,Interventional Radiology,"Vertebral compression fracture on radiography, cervical, asymptomatic, hx of malignancy, next imaging study",3196001,MRI cervical and thoracic spine without IV contrast,0 mSvO,0 mSv [ped]O,Usually appropriate
1003,Interventional Radiology,"Vertebral compression fracture on radiography, cervical, asymptomatic, hx of malignancy, next imaging study",3196001,MRI cervical spine without and with IV contrast,0 mSvO,0 mSv [ped]O,Usually appropriate
1004,Interventional Radiology,"Vertebral compression fracture on radiography, cervical, asymptomatic, hx of malignancy, next imaging study",3196001,MRI cervical spine without IV contrast,0 mSvO,0 mSv [ped]O,Usually appropriate
1005,Interventional Radiology,"Vertebral compression fracture on radiography, cervical, asymptomatic, hx of malignancy, next imaging study",3196001,MRI complete spine without and with IV contrast,0 mSvO,0 mSv [ped]O,Usually appropriate
1006,Interventional Radiology,"Vertebral compression fracture on radiography, cervical, asymptomatic, hx of malignancy, next imaging study",3196001,MRI complete spine without IV contrast,0 mSvO,0 mSv [ped]O,Usually appropriate
1007,Interventional Radiology,"Vertebral compression fracture on radiography, cervical, asymptomatic, hx of malignancy, next imaging study",3196001,CT cervical and lumbar spine without IV contrast,1-10 mSv☢☢☢,,Usually appropriate
1008,Interventional Radiology,"Vertebral compression fracture on radiography, cervical, asymptomatic, hx of malignancy, next imaging study",3196001,CT cervical spine without IV contrast,1-10 mSv☢☢☢,3-10 mSv [ped]☢☢☢☢,Usually appropriate
1009,Interventional Radiology,"Vertebral compression fracture on radiography, cervical, asymptomatic, hx of malignancy, next imaging study",3196001,CT cervical and thoracic spine without IV contrast,10-30 mSv☢☢☢☢,,Usually appropriate
1010,Interventional Radiology,"Vertebral compression fracture on radiography, cervical, asymptomatic, hx of malignancy, next imaging study",3196001,CT complete spine without IV contrast,10-30 mSv☢☢☢☢,3-10 mSv [ped]☢☢☢☢,Usually appropriate
1011,Interventional Radiology,"Vertebral compression fracture on radiography, cervical, asymptomatic, hx of malignancy, next imaging study",3196001,Image-guided biopsy cervical spine,Varies,Varies,May be appropriate
1012,Interventional Radiology,"Vertebral compression fracture on radiography, cervical, asymptomatic, hx of malignancy, next imaging study",3196001,Bone scan whole body,1-10 mSv☢☢☢,3-10 mSv [ped]☢☢☢☢,May be appropriate
1013,Interventional Radiology,"Vertebral compression fracture on radiography, cervical, asymptomatic, hx of malignancy, next imaging study",3196001,SPECT or SPECT/CT cervical and lumbar spine,1-10 mSv☢☢☢,,May be appropriate
1014,Interventional Radiology,"Vertebral compression fracture on radiography, cervical, asymptomatic, hx of malignancy, next imaging study",3196001,SPECT or SPECT/CT cervical and thoracic spine,1-10 mSv☢☢☢,3-10 mSv [ped]☢☢☢☢,May be appropriate
1015,Interventional Radiology,"Vertebral compression fracture on radiography, cervical, asymptomatic, hx of malignancy, next imaging study",3196001,SPECT or SPECT/CT complete spine,1-10 mSv☢☢☢,3-10 mSv [ped]☢☢☢☢,May be appropriate
1016,Interventional Radiology,"Vertebral compression fracture on radiography, cervical, asymptomatic, hx of malignancy, next imaging study",3196001,SPECT or SPECT/CT neck,1-10 mSv☢☢☢,3-10 mSv [ped]☢☢☢☢,May be appropriate
1017,Interventional Radiology,"Vertebral compression fracture on radiography, cervical, asymptomatic, hx of malignancy, next imaging study",3196001,FDG-PET/CT skull base to mid-thigh,10-30 mSv☢☢☢☢,3-10 mSv [ped]☢☢☢☢,May be appropriate
1018,Interventional Radiology,"Vertebral compression fracture on radiography, cervical, asymptomatic, hx of malignancy, next imaging study",3196001,MRI cervical and lumbar spine with IV contrast,0 mSvO,0 mSv [ped]O,Usually not appropriate
1019,Interventional Radiology,"Vertebral compression fracture on radiography, cervical, asymptomatic, hx of malignancy, next imaging study",3196001,MRI cervical and thoracic spine with IV contrast,0 mSvO,0 mSv [ped]O,Usually not appropriate
1020,Interventional Radiology,"Vertebral compression fracture on radiography, cervical, asymptomatic, hx of malignancy, next imaging study",3196001,MRI cervical spine with IV contrast,0 mSvO,0 mSv [ped]O,Usually not appropriate
1021,Interventional Radiology,"Vertebral compression fracture on radiography, cervical, asymptomatic, hx of malignancy, next imaging study",3196001,MRI complete spine with IV contrast,0 mSvO,0 mSv [ped]O,Usually not appropriate
1022,Interventional Radiology,"Vertebral compression fracture on radiography, cervical, asymptomatic, hx of malignancy, next imaging study",3196001,CT cervical and lumbar spine with IV contrast,1-10 mSv☢☢☢,,Usually not appropriate
1023,Interventional Radiology,"Vertebral compression fracture on radiography, cervical, asymptomatic, hx of malignancy, next imaging study",3196001,CT cervical spine with IV contrast,1-10 mSv☢☢☢,3-10 mSv [ped]☢☢☢☢,Usually not appropriate
1024,Interventional Radiology,"Vertebral compression fracture on radiography, cervical, asymptomatic, hx of malignancy, next imaging study",3196001,CT cervical spine without and with IV contrast,1-10 mSv☢☢☢,3-10 mSv [ped]☢☢☢☢,Usually not appropriate
1025,Interventional Radiology,"Vertebral compression fracture on radiography, cervical, asymptomatic, hx of malignancy, next imaging study",3196001,CT cervical and lumbar spine without and with IV contrast,10-30 mSv☢☢☢☢,,Usually not appropriate
1026,Interventional Radiology,"Vertebral compression fracture on radiography, cervical, asymptomatic, hx of malignancy, next imaging study",3196001,CT cervical and thoracic spine with IV contrast,10-30 mSv☢☢☢☢,,Usually not appropriate
1027,Interventional Radiology,"Vertebral compression fracture on radiography, cervical, asymptomatic, hx of malignancy, next imaging study",3196001,CT cervical and thoracic spine without and with IV contrast,10-30 mSv☢☢☢☢,,Usually not appropriate
1028,Interventional Radiology,"Vertebral compression fracture on radiography, cervical, asymptomatic, hx of malignancy, next imaging study",3196001,CT complete spine with IV contrast,10-30 mSv☢☢☢☢,3-10 mSv [ped]☢☢☢☢,Usually not appropriate
1029,Interventional Radiology,"Vertebral compression fracture on radiography, cervical, asymptomatic, hx of malignancy, next imaging study",3196001,CT complete spine without and with IV contrast,10-30 mSv☢☢☢☢,3-10 mSv [ped]☢☢☢☢,Usually not appropriate
1030,Interventional Radiology,"Vertebral compression fracture on radiography, cervical, asymptomatic, hx of malignancy, next imaging study",3196001,CT myelography cervical and lumbar spine,10-30 mSv☢☢☢☢,,Usually not appropriate
1031,Interventional Radiology,"Vertebral compression fracture on radiography, cervical, asymptomatic, hx of malignancy, next imaging study",3196001,CT myelography cervical and thoracic spine,10-30 mSv☢☢☢☢,,Usually not appropriate
1032,Interventional Radiology,"Vertebral compression fracture on radiography, cervical, asymptomatic, hx of malignancy, next imaging study",3196001,CT myelography cervical spine,10-30 mSv☢☢☢☢,0.3-3 mSv [ped]☢☢☢,Usually not appropriate
1033,Interventional Radiology,"Vertebral compression fracture on radiography, cervical, asymptomatic, hx of malignancy, next imaging study",3196001,CT myelography complete spine,30-100 mSv☢☢☢☢☢,3-10 mSv [ped]☢☢☢☢,Usually not appropriate
1034,Interventional Radiology,"Vertebral compression fracture on radiography, cervical, symptomatic, new, hx of malignancy, next imaging study",3195990,MRI cervical and lumbar spine without and with IV contrast,0 mSvO,0 mSv [ped]O,Usually appropriate
1035,Interventional Radiology,"Vertebral compression fracture on radiography, cervical, symptomatic, new, hx of malignancy, next imaging study",3195990,MRI cervical and lumbar spine without IV contrast,0 mSvO,0 mSv [ped]O,Usually appropriate
1036,Interventional Radiology,"Vertebral compression fracture on radiography, cervical, symptomatic, new, hx of malignancy, next imaging study",3195990,MRI cervical and thoracic spine without and with IV contrast,0 mSvO,0 mSv [ped]O,Usually appropriate
1037,Interventional Radiology,"Vertebral compression fracture on radiography, cervical, symptomatic, new, hx of malignancy, next imaging study",3195990,MRI cervical and thoracic spine without IV contrast,0 mSvO,0 mSv [ped]O,Usually appropriate
1038,Interventional Radiology,"Vertebral compression fracture on radiography, cervical, symptomatic, new, hx of malignancy, next imaging study",3195990,MRI cervical spine without and with IV contrast,0 mSvO,0 mSv [ped]O,Usually appropriate
1039,Interventional Radiology,"Vertebral compression fracture on radiography, cervical, symptomatic, new, hx of malignancy, next imaging study",3195990,MRI cervical spine without IV contrast,0 mSvO,0 mSv [ped]O,Usually appropriate
1040,Interventional Radiology,"Vertebral compression fracture on radiography, cervical, symptomatic, new, hx of malignancy, next imaging study",3195990,MRI complete spine without and with IV contrast,0 mSvO,0 mSv [ped]O,Usually appropriate
1041,Interventional Radiology,"Vertebral compression fracture on radiography, cervical, symptomatic, new, hx of malignancy, next imaging study",3195990,MRI complete spine without IV contrast,0 mSvO,0 mSv [ped]O,Usually appropriate
1042,Interventional Radiology,"Vertebral compression fracture on radiography, cervical, symptomatic, new, hx of malignancy, next imaging study",3195990,CT cervical and lumbar spine without IV contrast,1-10 mSv☢☢☢,,Usually appropriate
1043,Interventional Radiology,"Vertebral compression fracture on radiography, cervical, symptomatic, new, hx of malignancy, next imaging study",3195990,CT cervical spine without IV contrast,1-10 mSv☢☢☢,3-10 mSv [ped]☢☢☢☢,Usually appropriate
1044,Interventional Radiology,"Vertebral compression fracture on radiography, cervical, symptomatic, new, hx of malignancy, next imaging study",3195990,CT cervical and thoracic spine without IV contrast,10-30 mSv☢☢☢☢,,Usually appropriate
1045,Interventional Radiology,"Vertebral compression fracture on radiography, cervical, symptomatic, new, hx of malignancy, next imaging study",3195990,CT complete spine without IV contrast,10-30 mSv☢☢☢☢,3-10 mSv [ped]☢☢☢☢,Usually appropriate
1046,Interventional Radiology,"Vertebral compression fracture on radiography, cervical, symptomatic, new, hx of malignancy, next imaging study",3195990,Image-guided biopsy cervical spine,Varies,Varies,May be appropriate
1047,Interventional Radiology,"Vertebral compression fracture on radiography, cervical, symptomatic, new, hx of malignancy, next imaging study",3195990,MRI cervical and lumbar spine with IV contrast,0 mSvO,0 mSv [ped]O,May be appropriate
1048,Interventional Radiology,"Vertebral compression fracture on radiography, cervical, symptomatic, new, hx of malignancy, next imaging study",3195990,MRI cervical and thoracic spine with IV contrast,0 mSvO,0 mSv [ped]O,May be appropriate
1049,Interventional Radiology,"Vertebral compression fracture on radiography, cervical, symptomatic, new, hx of malignancy, next imaging study",3195990,MRI cervical spine with IV contrast,0 mSvO,0 mSv [ped]O,May be appropriate
1050,Interventional Radiology,"Vertebral compression fracture on radiography, cervical, symptomatic, new, hx of malignancy, next imaging study",3195990,MRI complete spine with IV contrast,0 mSvO,0 mSv [ped]O,May be appropriate
1051,Interventional Radiology,"Vertebral compression fracture on radiography, cervical, symptomatic, new, hx of malignancy, next imaging study",3195990,Bone scan whole body,1-10 mSv☢☢☢,3-10 mSv [ped]☢☢☢☢,May be appropriate
1052,Interventional Radiology,"Vertebral compression fracture on radiography, cervical, symptomatic, new, hx of malignancy, next imaging study",3195990,SPECT or SPECT/CT cervical and lumbar spine,1-10 mSv☢☢☢,,May be appropriate
1053,Interventional Radiology,"Vertebral compression fracture on radiography, cervical, symptomatic, new, hx of malignancy, next imaging study",3195990,SPECT or SPECT/CT cervical and thoracic spine,1-10 mSv☢☢☢,3-10 mSv [ped]☢☢☢☢,May be appropriate
1054,Interventional Radiology,"Vertebral compression fracture on radiography, cervical, symptomatic, new, hx of malignancy, next imaging study",3195990,SPECT or SPECT/CT complete spine,1-10 mSv☢☢☢,3-10 mSv [ped]☢☢☢☢,May be appropriate
1055,Interventional Radiology,"Vertebral compression fracture on radiography, cervical, symptomatic, new, hx of malignancy, next imaging study",3195990,SPECT or SPECT/CT neck,1-10 mSv☢☢☢,3-10 mSv [ped]☢☢☢☢,May be appropriate
1056,Interventional Radiology,"Vertebral compression fracture on radiography, cervical, symptomatic, new, hx of malignancy, next imaging study",3195990,CT myelography cervical and lumbar spine,10-30 mSv☢☢☢☢,,May be appropriate
1057,Interventional Radiology,"Vertebral compression fracture on radiography, cervical, symptomatic, new, hx of malignancy, next imaging study",3195990,CT myelography cervical and thoracic spine,10-30 mSv☢☢☢☢,,May be appropriate
1058,Interventional Radiology,"Vertebral compression fracture on radiography, cervical, symptomatic, new, hx of malignancy, next imaging study",3195990,CT myelography cervical spine,10-30 mSv☢☢☢☢,0.3-3 mSv [ped]☢☢☢,May be appropriate
1059,Interventional Radiology,"Vertebral compression fracture on radiography, cervical, symptomatic, new, hx of malignancy, next imaging study",3195990,FDG-PET/CT skull base to mid-thigh,10-30 mSv☢☢☢☢,3-10 mSv [ped]☢☢☢☢,May be appropriate
1060,Interventional Radiology,"Vertebral compression fracture on radiography, cervical, symptomatic, new, hx of malignancy, next imaging study",3195990,CT myelography complete spine,30-100 mSv☢☢☢☢☢,3-10 mSv [ped]☢☢☢☢,May be appropriate
1061,Interventional Radiology,"Vertebral compression fracture on radiography, cervical, symptomatic, new, hx of malignancy, next imaging study",3195990,CT cervical and lumbar spine with IV contrast,1-10 mSv☢☢☢,,Usually not appropriate
1062,Interventional Radiology,"Vertebral compression fracture on radiography, cervical, symptomatic, new, hx of malignancy, next imaging study",3195990,CT cervical spine with IV contrast,1-10 mSv☢☢☢,3-10 mSv [ped]☢☢☢☢,Usually not appropriate
1063,Interventional Radiology,"Vertebral compression fracture on radiography, cervical, symptomatic, new, hx of malignancy, next imaging study",3195990,CT cervical spine without and with IV contrast,1-10 mSv☢☢☢,3-10 mSv [ped]☢☢☢☢,Usually not appropriate
1064,Interventional Radiology,"Vertebral compression fracture on radiography, cervical, symptomatic, new, hx of malignancy, next imaging study",3195990,CT cervical and lumbar spine without and with IV contrast,10-30 mSv☢☢☢☢,,Usually not appropriate
1065,Interventional Radiology,"Vertebral compression fracture on radiography, cervical, symptomatic, new, hx of malignancy, next imaging study",3195990,CT cervical and thoracic spine with IV contrast,10-30 mSv☢☢☢☢,,Usually not appropriate
1066,Interventional Radiology,"Vertebral compression fracture on radiography, cervical, symptomatic, new, hx of malignancy, next imaging study",3195990,CT cervical and thoracic spine without and with IV contrast,10-30 mSv☢☢☢☢,,Usually not appropriate
1067,Interventional Radiology,"Vertebral compression fracture on radiography, cervical, symptomatic, new, hx of malignancy, next imaging study",3195990,CT complete spine with IV contrast,10-30 mSv☢☢☢☢,3-10 mSv [ped]☢☢☢☢,Usually not appropriate
1068,Interventional Radiology,"Vertebral compression fracture on radiography, cervical, symptomatic, new, hx of malignancy, next imaging study",3195990,CT complete spine without and with IV contrast,10-30 mSv☢☢☢☢,3-10 mSv [ped]☢☢☢☢,Usually not appropriate
1069,Interventional Radiology,"Vertebral compression fracture on radiography, lumbar, asymptomatic, hx of malignancy, next imaging study",3196003,MRI cervical and lumbar spine without and with IV contrast,0 mSvO,0 mSv [ped]O,Usually appropriate
1070,Interventional Radiology,"Vertebral compression fracture on radiography, lumbar, asymptomatic, hx of malignancy, next imaging study",3196003,MRI cervical and lumbar spine without IV contrast,0 mSvO,0 mSv [ped]O,Usually appropriate
1071,Interventional Radiology,"Vertebral compression fracture on radiography, lumbar, asymptomatic, hx of malignancy, next imaging study",3196003,MRI cervical and thoracic spine without and with IV contrast,0 mSvO,0 mSv [ped]O,Usually appropriate
1072,Interventional Radiology,"Vertebral compression fracture on radiography, lumbar, asymptomatic, hx of malignancy, next imaging study",3196003,MRI cervical and thoracic spine without IV contrast,0 mSvO,0 mSv [ped]O,Usually appropriate
1073,Interventional Radiology,"Vertebral compression fracture on radiography, lumbar, asymptomatic, hx of malignancy, next imaging study",3196003,MRI complete spine without and with IV contrast,0 mSvO,0 mSv [ped]O,Usually appropriate
1074,Interventional Radiology,"Vertebral compression fracture on radiography, lumbar, asymptomatic, hx of malignancy, next imaging study",3196003,MRI complete spine without IV contrast,0 mSvO,0 mSv [ped]O,Usually appropriate
1075,Interventional Radiology,"Vertebral compression fracture on radiography, lumbar, asymptomatic, hx of malignancy, next imaging study",3196003,MRI lumbar spine without and with IV contrast,0 mSvO,0 mSv [ped]O,Usually appropriate
1076,Interventional Radiology,"Vertebral compression fracture on radiography, lumbar, asymptomatic, hx of malignancy, next imaging study",3196003,MRI lumbar spine without IV contrast,0 mSvO,0 mSv [ped]O,Usually appropriate
1077,Interventional Radiology,"Vertebral compression fracture on radiography, lumbar, asymptomatic, hx of malignancy, next imaging study",3196003,CT cervical and lumbar spine without IV contrast,1-10 mSv☢☢☢,,Usually appropriate
1078,Interventional Radiology,"Vertebral compression fracture on radiography, lumbar, asymptomatic, hx of malignancy, next imaging study",3196003,CT lumbar spine without IV contrast,1-10 mSv☢☢☢,3-10 mSv [ped]☢☢☢☢,Usually appropriate
1079,Interventional Radiology,"Vertebral compression fracture on radiography, lumbar, asymptomatic, hx of malignancy, next imaging study",3196003,CT cervical and thoracic spine without IV contrast,10-30 mSv☢☢☢☢,,Usually appropriate
1080,Interventional Radiology,"Vertebral compression fracture on radiography, lumbar, asymptomatic, hx of malignancy, next imaging study",3196003,CT complete spine without IV contrast,10-30 mSv☢☢☢☢,3-10 mSv [ped]☢☢☢☢,Usually appropriate
1081,Interventional Radiology,"Vertebral compression fracture on radiography, lumbar, asymptomatic, hx of malignancy, next imaging study",3196003,Image-guided biopsy lumbar spine,Varies,Varies,May be appropriate
1082,Interventional Radiology,"Vertebral compression fracture on radiography, lumbar, asymptomatic, hx of malignancy, next imaging study",3196003,Bone scan whole body,1-10 mSv☢☢☢,3-10 mSv [ped]☢☢☢☢,May be appropriate
1083,Interventional Radiology,"Vertebral compression fracture on radiography, lumbar, asymptomatic, hx of malignancy, next imaging study",3196003,SPECT or SPECT/CT cervical and lumbar spine,1-10 mSv☢☢☢,,May be appropriate
1084,Interventional Radiology,"Vertebral compression fracture on radiography, lumbar, asymptomatic, hx of malignancy, next imaging study",3196003,SPECT or SPECT/CT cervical and thoracic spine,1-10 mSv☢☢☢,3-10 mSv [ped]☢☢☢☢,May be appropriate
1085,Interventional Radiology,"Vertebral compression fracture on radiography, lumbar, asymptomatic, hx of malignancy, next imaging study",3196003,SPECT or SPECT/CT complete spine,1-10 mSv☢☢☢,3-10 mSv [ped]☢☢☢☢,May be appropriate
1086,Interventional Radiology,"Vertebral compression fracture on radiography, lumbar, asymptomatic, hx of malignancy, next imaging study",3196003,SPECT or SPECT/CT lumbar spine,1-10 mSv☢☢☢,3-10 mSv [ped]☢☢☢☢,May be appropriate
1087,Interventional Radiology,"Vertebral compression fracture on radiography, lumbar, asymptomatic, hx of malignancy, next imaging study",3196003,FDG-PET/CT skull base to mid-thigh,10-30 mSv☢☢☢☢,3-10 mSv [ped]☢☢☢☢,May be appropriate
1088,Interventional Radiology,"Vertebral compression fracture on radiography, lumbar, asymptomatic, hx of malignancy, next imaging study",3196003,MRI cervical and lumbar spine with IV contrast,0 mSvO,0 mSv [ped]O,Usually not appropriate
1089,Interventional Radiology,"Vertebral compression fracture on radiography, lumbar, asymptomatic, hx of malignancy, next imaging study",3196003,MRI cervical and thoracic spine with IV contrast,0 mSvO,0 mSv [ped]O,Usually not appropriate
1090,Interventional Radiology,"Vertebral compression fracture on radiography, lumbar, asymptomatic, hx of malignancy, next imaging study",3196003,MRI complete spine with IV contrast,0 mSvO,0 mSv [ped]O,Usually not appropriate
1091,Interventional Radiology,"Vertebral compression fracture on radiography, lumbar, asymptomatic, hx of malignancy, next imaging study",3196003,MRI lumbar spine with IV contrast,0 mSvO,0 mSv [ped]O,Usually not appropriate
1092,Interventional Radiology,"Vertebral compression fracture on radiography, lumbar, asymptomatic, hx of malignancy, next imaging study",3196003,CT cervical and lumbar spine with IV contrast,1-10 mSv☢☢☢,,Usually not appropriate
1093,Interventional Radiology,"Vertebral compression fracture on radiography, lumbar, asymptomatic, hx of malignancy, next imaging study",3196003,CT lumbar spine with IV contrast,1-10 mSv☢☢☢,3-10 mSv [ped]☢☢☢☢,Usually not appropriate
1094,Interventional Radiology,"Vertebral compression fracture on radiography, lumbar, asymptomatic, hx of malignancy, next imaging study",3196003,CT cervical and lumbar spine without and with IV contrast,10-30 mSv☢☢☢☢,,Usually not appropriate
1095,Interventional Radiology,"Vertebral compression fracture on radiography, lumbar, asymptomatic, hx of malignancy, next imaging study",3196003,CT cervical and thoracic spine with IV contrast,10-30 mSv☢☢☢☢,,Usually not appropriate
1096,Interventional Radiology,"Vertebral compression fracture on radiography, lumbar, asymptomatic, hx of malignancy, next imaging study",3196003,CT cervical and thoracic spine without and with IV contrast,10-30 mSv☢☢☢☢,,Usually not appropriate
1097,Interventional Radiology,"Vertebral compression fracture on radiography, lumbar, asymptomatic, hx of malignancy, next imaging study",3196003,CT complete spine with IV contrast,10-30 mSv☢☢☢☢,3-10 mSv [ped]☢☢☢☢,Usually not appropriate
1098,Interventional Radiology,"Vertebral compression fracture on radiography, lumbar, asymptomatic, hx of malignancy, next imaging study",3196003,CT complete spine without and with IV contrast,10-30 mSv☢☢☢☢,3-10 mSv [ped]☢☢☢☢,Usually not appropriate
1099,Interventional Radiology,"Vertebral compression fracture on radiography, lumbar, asymptomatic, hx of malignancy, next imaging study",3196003,CT lumbar spine without and with IV contrast,10-30 mSv☢☢☢☢,3-10 mSv [ped]☢☢☢☢,Usually not appropriate
1100,Interventional Radiology,"Vertebral compression fracture on radiography, lumbar, asymptomatic, hx of malignancy, next imaging study",3196003,CT myelography cervical and lumbar spine,10-30 mSv☢☢☢☢,,Usually not appropriate
1101,Interventional Radiology,"Vertebral compression fracture on radiography, lumbar, asymptomatic, hx of malignancy, next imaging study",3196003,CT myelography cervical and thoracic spine,10-30 mSv☢☢☢☢,,Usually not appropriate
1102,Interventional Radiology,"Vertebral compression fracture on radiography, lumbar, asymptomatic, hx of malignancy, next imaging study",3196003,CT myelography lumbar spine,10-30 mSv☢☢☢☢,,Usually not appropriate
1103,Interventional Radiology,"Vertebral compression fracture on radiography, lumbar, asymptomatic, hx of malignancy, next imaging study",3196003,CT myelography complete spine,30-100 mSv☢☢☢☢☢,3-10 mSv [ped]☢☢☢☢,Usually not appropriate
1104,Interventional Radiology,"Vertebral compression fracture on radiography, lumbar, symptomatic, new, hx of malignancy, next imaging study",3195992,MRI cervical and lumbar spine without and with IV contrast,0 mSvO,0 mSv [ped]O,Usually appropriate
1105,Interventional Radiology,"Vertebral compression fracture on radiography, lumbar, symptomatic, new, hx of malignancy, next imaging study",3195992,MRI cervical and lumbar spine without IV contrast,0 mSvO,0 mSv [ped]O,Usually appropriate
1106,Interventional Radiology,"Vertebral compression fracture on radiography, lumbar, symptomatic, new, hx of malignancy, next imaging study",3195992,MRI complete spine without and with IV contrast,0 mSvO,0 mSv [ped]O,Usually appropriate
1107,Interventional Radiology,"Vertebral compression fracture on radiography, lumbar, symptomatic, new, hx of malignancy, next imaging study",3195992,MRI complete spine without IV contrast,0 mSvO,0 mSv [ped]O,Usually appropriate
1108,Interventional Radiology,"Vertebral compression fracture on radiography, lumbar, symptomatic, new, hx of malignancy, next imaging study",3195992,MRI lumbar spine without and with IV contrast,0 mSvO,0 mSv [ped]O,Usually appropriate
1109,Interventional Radiology,"Vertebral compression fracture on radiography, lumbar, symptomatic, new, hx of malignancy, next imaging study",3195992,MRI lumbar spine without IV contrast,0 mSvO,0 mSv [ped]O,Usually appropriate
1110,Interventional Radiology,"Vertebral compression fracture on radiography, lumbar, symptomatic, new, hx of malignancy, next imaging study",3195992,MRI thoracic and lumbar spine without and with IV contrast,0 mSvO,0 mSv [ped]O,Usually appropriate
1111,Interventional Radiology,"Vertebral compression fracture on radiography, lumbar, symptomatic, new, hx of malignancy, next imaging study",3195992,MRI thoracic and lumbar spine without IV contrast,0 mSvO,0 mSv [ped]O,Usually appropriate
1112,Interventional Radiology,"Vertebral compression fracture on radiography, lumbar, symptomatic, new, hx of malignancy, next imaging study",3195992,CT cervical and lumbar spine without IV contrast,1-10 mSv☢☢☢,,Usually appropriate
1113,Interventional Radiology,"Vertebral compression fracture on radiography, lumbar, symptomatic, new, hx of malignancy, next imaging study",3195992,CT lumbar spine without IV contrast,1-10 mSv☢☢☢,3-10 mSv [ped]☢☢☢☢,Usually appropriate
1114,Interventional Radiology,"Vertebral compression fracture on radiography, lumbar, symptomatic, new, hx of malignancy, next imaging study",3195992,CT thoracic and lumbar spine without IV contrast,1-10 mSv☢☢☢,3-10 mSv [ped]☢☢☢☢,Usually appropriate
1115,Interventional Radiology,"Vertebral compression fracture on radiography, lumbar, symptomatic, new, hx of malignancy, next imaging study",3195992,CT complete spine without IV contrast,10-30 mSv☢☢☢☢,3-10 mSv [ped]☢☢☢☢,Usually appropriate
1116,Interventional Radiology,"Vertebral compression fracture on radiography, lumbar, symptomatic, new, hx of malignancy, next imaging study",3195992,Image-guided biopsy lumbar spine,Varies,Varies,May be appropriate
1117,Interventional Radiology,"Vertebral compression fracture on radiography, lumbar, symptomatic, new, hx of malignancy, next imaging study",3195992,MRI cervical and lumbar spine with IV contrast,0 mSvO,0 mSv [ped]O,May be appropriate
1118,Interventional Radiology,"Vertebral compression fracture on radiography, lumbar, symptomatic, new, hx of malignancy, next imaging study",3195992,MRI complete spine with IV contrast,0 mSvO,0 mSv [ped]O,May be appropriate
1119,Interventional Radiology,"Vertebral compression fracture on radiography, lumbar, symptomatic, new, hx of malignancy, next imaging study",3195992,MRI lumbar spine with IV contrast,0 mSvO,0 mSv [ped]O,May be appropriate
1120,Interventional Radiology,"Vertebral compression fracture on radiography, lumbar, symptomatic, new, hx of malignancy, next imaging study",3195992,MRI thoracic and lumbar spine with IV contrast,0 mSvO,0 mSv [ped]O,May be appropriate
1121,Interventional Radiology,"Vertebral compression fracture on radiography, lumbar, symptomatic, new, hx of malignancy, next imaging study",3195992,Bone scan whole body,1-10 mSv☢☢☢,3-10 mSv [ped]☢☢☢☢,May be appropriate
1122,Interventional Radiology,"Vertebral compression fracture on radiography, lumbar, symptomatic, new, hx of malignancy, next imaging study",3195992,SPECT or SPECT/CT cervical and lumbar spine,1-10 mSv☢☢☢,,May be appropriate
1123,Interventional Radiology,"Vertebral compression fracture on radiography, lumbar, symptomatic, new, hx of malignancy, next imaging study",3195992,SPECT or SPECT/CT complete spine,1-10 mSv☢☢☢,3-10 mSv [ped]☢☢☢☢,May be appropriate
1124,Interventional Radiology,"Vertebral compression fracture on radiography, lumbar, symptomatic, new, hx of malignancy, next imaging study",3195992,SPECT or SPECT/CT lumbar spine,1-10 mSv☢☢☢,3-10 mSv [ped]☢☢☢☢,May be appropriate
1125,Interventional Radiology,"Vertebral compression fracture on radiography, lumbar, symptomatic, new, hx of malignancy, next imaging study",3195992,SPECT or SPECT/CT thoracic and lumbar spine,1-10 mSv☢☢☢,3-10 mSv [ped]☢☢☢☢,May be appropriate
1126,Interventional Radiology,"Vertebral compression fracture on radiography, lumbar, symptomatic, new, hx of malignancy, next imaging study",3195992,CT myelography cervical and lumbar spine,10-30 mSv☢☢☢☢,,May be appropriate
1127,Interventional Radiology,"Vertebral compression fracture on radiography, lumbar, symptomatic, new, hx of malignancy, next imaging study",3195992,CT myelography lumbar spine,10-30 mSv☢☢☢☢,,May be appropriate
1128,Interventional Radiology,"Vertebral compression fracture on radiography, lumbar, symptomatic, new, hx of malignancy, next imaging study",3195992,CT myelography thoracic and lumbar spine,10-30 mSv☢☢☢☢,3-10 mSv [ped]☢☢☢☢,May be appropriate
1129,Interventional Radiology,"Vertebral compression fracture on radiography, lumbar, symptomatic, new, hx of malignancy, next imaging study",3195992,FDG-PET/CT skull base to mid-thigh,10-30 mSv☢☢☢☢,3-10 mSv [ped]☢☢☢☢,May be appropriate
1130,Interventional Radiology,"Vertebral compression fracture on radiography, lumbar, symptomatic, new, hx of malignancy, next imaging study",3195992,CT myelography complete spine,30-100 mSv☢☢☢☢☢,3-10 mSv [ped]☢☢☢☢,May be appropriate
1131,Interventional Radiology,"Vertebral compression fracture on radiography, lumbar, symptomatic, new, hx of malignancy, next imaging study",3195992,CT cervical and lumbar spine with IV contrast,1-10 mSv☢☢☢,,Usually not appropriate
1132,Interventional Radiology,"Vertebral compression fracture on radiography, lumbar, symptomatic, new, hx of malignancy, next imaging study",3195992,CT lumbar spine with IV contrast,1-10 mSv☢☢☢,3-10 mSv [ped]☢☢☢☢,Usually not appropriate
1133,Interventional Radiology,"Vertebral compression fracture on radiography, lumbar, symptomatic, new, hx of malignancy, next imaging study",3195992,CT thoracic and lumbar spine with IV contrast,1-10 mSv☢☢☢,3-10 mSv [ped]☢☢☢☢,Usually not appropriate
1134,Interventional Radiology,"Vertebral compression fracture on radiography, lumbar, symptomatic, new, hx of malignancy, next imaging study",3195992,CT cervical and lumbar spine without and with IV contrast,10-30 mSv☢☢☢☢,,Usually not appropriate
1135,Interventional Radiology,"Vertebral compression fracture on radiography, lumbar, symptomatic, new, hx of malignancy, next imaging study",3195992,CT complete spine with IV contrast,10-30 mSv☢☢☢☢,3-10 mSv [ped]☢☢☢☢,Usually not appropriate
1136,Interventional Radiology,"Vertebral compression fracture on radiography, lumbar, symptomatic, new, hx of malignancy, next imaging study",3195992,CT complete spine without and with IV contrast,10-30 mSv☢☢☢☢,3-10 mSv [ped]☢☢☢☢,Usually not appropriate
1137,Interventional Radiology,"Vertebral compression fracture on radiography, lumbar, symptomatic, new, hx of malignancy, next imaging study",3195992,CT lumbar spine without and with IV contrast,10-30 mSv☢☢☢☢,3-10 mSv [ped]☢☢☢☢,Usually not appropriate
1138,Interventional Radiology,"Vertebral compression fracture on radiography, lumbar, symptomatic, new, hx of malignancy, next imaging study",3195992,CT thoracic and lumbar spine without and with IV contrast,10-30 mSv☢☢☢☢,3-10 mSv [ped]☢☢☢☢,Usually not appropriate
1139,Interventional Radiology,"Vertebral compression fracture on radiography, thoracic, asymptomatic, hx of malignancy, next imaging study",3196002,MRI cervical and thoracic spine without and with IV contrast,0 mSvO,0 mSv [ped]O,Usually appropriate
1140,Interventional Radiology,"Vertebral compression fracture on radiography, thoracic, asymptomatic, hx of malignancy, next imaging study",3196002,MRI cervical and thoracic spine without IV contrast,0 mSvO,0 mSv [ped]O,Usually appropriate
1141,Interventional Radiology,"Vertebral compression fracture on radiography, thoracic, asymptomatic, hx of malignancy, next imaging study",3196002,MRI complete spine without and with IV contrast,0 mSvO,0 mSv [ped]O,Usually appropriate
1142,Interventional Radiology,"Vertebral compression fracture on radiography, thoracic, asymptomatic, hx of malignancy, next imaging study",3196002,MRI complete spine without IV contrast,0 mSvO,0 mSv [ped]O,Usually appropriate
1143,Interventional Radiology,"Vertebral compression fracture on radiography, thoracic, asymptomatic, hx of malignancy, next imaging study",3196002,MRI thoracic and lumbar spine without and with IV contrast,0 mSvO,0 mSv [ped]O,Usually appropriate
1144,Interventional Radiology,"Vertebral compression fracture on radiography, thoracic, asymptomatic, hx of malignancy, next imaging study",3196002,MRI thoracic and lumbar spine without IV contrast,0 mSvO,0 mSv [ped]O,Usually appropriate
1145,Interventional Radiology,"Vertebral compression fracture on radiography, thoracic, asymptomatic, hx of malignancy, next imaging study",3196002,MRI thoracic spine without and with IV contrast,0 mSvO,0 mSv [ped]O,Usually appropriate
1146,Interventional Radiology,"Vertebral compression fracture on radiography, thoracic, asymptomatic, hx of malignancy, next imaging study",3196002,MRI thoracic spine without IV contrast,0 mSvO,0 mSv [ped]O,Usually appropriate
1147,Interventional Radiology,"Vertebral compression fracture on radiography, thoracic, asymptomatic, hx of malignancy, next imaging study",3196002,CT thoracic and lumbar spine without IV contrast,1-10 mSv☢☢☢,3-10 mSv [ped]☢☢☢☢,Usually appropriate
1148,Interventional Radiology,"Vertebral compression fracture on radiography, thoracic, asymptomatic, hx of malignancy, next imaging study",3196002,CT thoracic spine without IV contrast,1-10 mSv☢☢☢,3-10 mSv [ped]☢☢☢☢,Usually appropriate
1149,Interventional Radiology,"Vertebral compression fracture on radiography, thoracic, asymptomatic, hx of malignancy, next imaging study",3196002,CT cervical and thoracic spine without IV contrast,10-30 mSv☢☢☢☢,,Usually appropriate
1150,Interventional Radiology,"Vertebral compression fracture on radiography, thoracic, asymptomatic, hx of malignancy, next imaging study",3196002,CT complete spine without IV contrast,10-30 mSv☢☢☢☢,3-10 mSv [ped]☢☢☢☢,Usually appropriate
1151,Interventional Radiology,"Vertebral compression fracture on radiography, thoracic, asymptomatic, hx of malignancy, next imaging study",3196002,Image-guided biopsy thoracic spine,Varies,Varies,May be appropriate
1152,Interventional Radiology,"Vertebral compression fracture on radiography, thoracic, asymptomatic, hx of malignancy, next imaging study",3196002,Bone scan whole body,1-10 mSv☢☢☢,3-10 mSv [ped]☢☢☢☢,May be appropriate
1153,Interventional Radiology,"Vertebral compression fracture on radiography, thoracic, asymptomatic, hx of malignancy, next imaging study",3196002,SPECT or SPECT/CT cervical and thoracic spine,1-10 mSv☢☢☢,3-10 mSv [ped]☢☢☢☢,May be appropriate
1154,Interventional Radiology,"Vertebral compression fracture on radiography, thoracic, asymptomatic, hx of malignancy, next imaging study",3196002,SPECT or SPECT/CT complete spine,1-10 mSv☢☢☢,3-10 mSv [ped]☢☢☢☢,May be appropriate
1155,Interventional Radiology,"Vertebral compression fracture on radiography, thoracic, asymptomatic, hx of malignancy, next imaging study",3196002,SPECT or SPECT/CT thoracic and lumbar spine,1-10 mSv☢☢☢,3-10 mSv [ped]☢☢☢☢,May be appropriate
1156,Interventional Radiology,"Vertebral compression fracture on radiography, thoracic, asymptomatic, hx of malignancy, next imaging study",3196002,SPECT or SPECT/CT thoracic spine,1-10 mSv☢☢☢,3-10 mSv [ped]☢☢☢☢,May be appropriate
1157,Interventional Radiology,"Vertebral compression fracture on radiography, thoracic, asymptomatic, hx of malignancy, next imaging study",3196002,FDG-PET/CT skull base to mid-thigh,10-30 mSv☢☢☢☢,3-10 mSv [ped]☢☢☢☢,May be appropriate
1158,Interventional Radiology,"Vertebral compression fracture on radiography, thoracic, asymptomatic, hx of malignancy, next imaging study",3196002,MRI cervical and thoracic spine with IV contrast,0 mSvO,0 mSv [ped]O,Usually not appropriate
1159,Interventional Radiology,"Vertebral compression fracture on radiography, thoracic, asymptomatic, hx of malignancy, next imaging study",3196002,MRI complete spine with IV contrast,0 mSvO,0 mSv [ped]O,Usually not appropriate
1160,Interventional Radiology,"Vertebral compression fracture on radiography, thoracic, asymptomatic, hx of malignancy, next imaging study",3196002,MRI thoracic and lumbar spine with IV contrast,0 mSvO,0 mSv [ped]O,Usually not appropriate
1161,Interventional Radiology,"Vertebral compression fracture on radiography, thoracic, asymptomatic, hx of malignancy, next imaging study",3196002,MRI thoracic spine with IV contrast,0 mSvO,0 mSv [ped]O,Usually not appropriate
1162,Interventional Radiology,"Vertebral compression fracture on radiography, thoracic, asymptomatic, hx of malignancy, next imaging study",3196002,CT thoracic and lumbar spine with IV contrast,1-10 mSv☢☢☢,3-10 mSv [ped]☢☢☢☢,Usually not appropriate
1163,Interventional Radiology,"Vertebral compression fracture on radiography, thoracic, asymptomatic, hx of malignancy, next imaging study",3196002,CT thoracic spine with IV contrast,1-10 mSv☢☢☢,3-10 mSv [ped]☢☢☢☢,Usually not appropriate
1164,Interventional Radiology,"Vertebral compression fracture on radiography, thoracic, asymptomatic, hx of malignancy, next imaging study",3196002,CT cervical and thoracic spine with IV contrast,10-30 mSv☢☢☢☢,,Usually not appropriate
1165,Interventional Radiology,"Vertebral compression fracture on radiography, thoracic, asymptomatic, hx of malignancy, next imaging study",3196002,CT cervical and thoracic spine without and with IV contrast,10-30 mSv☢☢☢☢,,Usually not appropriate
1166,Interventional Radiology,"Vertebral compression fracture on radiography, thoracic, asymptomatic, hx of malignancy, next imaging study",3196002,CT complete spine with IV contrast,10-30 mSv☢☢☢☢,3-10 mSv [ped]☢☢☢☢,Usually not appropriate
1167,Interventional Radiology,"Vertebral compression fracture on radiography, thoracic, asymptomatic, hx of malignancy, next imaging study",3196002,CT complete spine without and with IV contrast,10-30 mSv☢☢☢☢,3-10 mSv [ped]☢☢☢☢,Usually not appropriate
1168,Interventional Radiology,"Vertebral compression fracture on radiography, thoracic, asymptomatic, hx of malignancy, next imaging study",3196002,CT myelography cervical and thoracic spine,10-30 mSv☢☢☢☢,,Usually not appropriate
1169,Interventional Radiology,"Vertebral compression fracture on radiography, thoracic, asymptomatic, hx of malignancy, next imaging study",3196002,CT myelography thoracic and lumbar spine,10-30 mSv☢☢☢☢,3-10 mSv [ped]☢☢☢☢,Usually not appropriate
1170,Interventional Radiology,"Vertebral compression fracture on radiography, thoracic, asymptomatic, hx of malignancy, next imaging study",3196002,CT myelography thoracic spine,10-30 mSv☢☢☢☢,,Usually not appropriate
1171,Interventional Radiology,"Vertebral compression fracture on radiography, thoracic, asymptomatic, hx of malignancy, next imaging study",3196002,CT thoracic and lumbar spine without and with IV contrast,10-30 mSv☢☢☢☢,3-10 mSv [ped]☢☢☢☢,Usually not appropriate
1172,Interventional Radiology,"Vertebral compression fracture on radiography, thoracic, asymptomatic, hx of malignancy, next imaging study",3196002,CT thoracic spine without and with IV contrast,10-30 mSv☢☢☢☢,3-10 mSv [ped]☢☢☢☢,Usually not appropriate
1173,Interventional Radiology,"Vertebral compression fracture on radiography, thoracic, asymptomatic, hx of malignancy, next imaging study",3196002,CT myelography complete spine,30-100 mSv☢☢☢☢☢,3-10 mSv [ped]☢☢☢☢,Usually not appropriate
1174,Interventional Radiology,"Vertebral compression fracture on radiography, thoracic, symptomatic, new, hx of malignancy, next imaging study",3195991,MRI cervical and thoracic spine without and with IV contrast,0 mSvO,0 mSv [ped]O,Usually appropriate
1175,Interventional Radiology,"Vertebral compression fracture on radiography, thoracic, symptomatic, new, hx of malignancy, next imaging study",3195991,MRI cervical and thoracic spine without IV contrast,0 mSvO,0 mSv [ped]O,Usually appropriate
1176,Interventional Radiology,"Vertebral compression fracture on radiography, thoracic, symptomatic, new, hx of malignancy, next imaging study",3195991,MRI complete spine without and with IV contrast,0 mSvO,0 mSv [ped]O,Usually appropriate
1177,Interventional Radiology,"Vertebral compression fracture on radiography, thoracic, symptomatic, new, hx of malignancy, next imaging study",3195991,MRI complete spine without IV contrast,0 mSvO,0 mSv [ped]O,Usually appropriate
1178,Interventional Radiology,"Vertebral compression fracture on radiography, thoracic, symptomatic, new, hx of malignancy, next imaging study",3195991,MRI thoracic and lumbar spine without and with IV contrast,0 mSvO,0 mSv [ped]O,Usually appropriate
1179,Interventional Radiology,"Vertebral compression fracture on radiography, thoracic, symptomatic, new, hx of malignancy, next imaging study",3195991,MRI thoracic and lumbar spine without IV contrast,0 mSvO,0 mSv [ped]O,Usually appropriate
1180,Interventional Radiology,"Vertebral compression fracture on radiography, thoracic, symptomatic, new, hx of malignancy, next imaging study",3195991,MRI thoracic spine without and with IV contrast,0 mSvO,0 mSv [ped]O,Usually appropriate
1181,Interventional Radiology,"Vertebral compression fracture on radiography, thoracic, symptomatic, new, hx of malignancy, next imaging study",3195991,MRI thoracic spine without IV contrast,0 mSvO,0 mSv [ped]O,Usually appropriate
1182,Interventional Radiology,"Vertebral compression fracture on radiography, thoracic, symptomatic, new, hx of malignancy, next imaging study",3195991,CT thoracic and lumbar spine without IV contrast,1-10 mSv☢☢☢,3-10 mSv [ped]☢☢☢☢,Usually appropriate
1183,Interventional Radiology,"Vertebral compression fracture on radiography, thoracic, symptomatic, new, hx of malignancy, next imaging study",3195991,CT thoracic spine without IV contrast,1-10 mSv☢☢☢,3-10 mSv [ped]☢☢☢☢,Usually appropriate
1184,Interventional Radiology,"Vertebral compression fracture on radiography, thoracic, symptomatic, new, hx of malignancy, next imaging study",3195991,CT cervical and thoracic spine without IV contrast,10-30 mSv☢☢☢☢,,Usually appropriate
1185,Interventional Radiology,"Vertebral compression fracture on radiography, thoracic, symptomatic, new, hx of malignancy, next imaging study",3195991,CT complete spine without IV contrast,10-30 mSv☢☢☢☢,3-10 mSv [ped]☢☢☢☢,Usually appropriate
1186,Interventional Radiology,"Vertebral compression fracture on radiography, thoracic, symptomatic, new, hx of malignancy, next imaging study",3195991,Image-guided biopsy thoracic spine,Varies,Varies,May be appropriate
1187,Interventional Radiology,"Vertebral compression fracture on radiography, thoracic, symptomatic, new, hx of malignancy, next imaging study",3195991,MRI cervical and thoracic spine with IV contrast,0 mSvO,0 mSv [ped]O,May be appropriate
1188,Interventional Radiology,"Vertebral compression fracture on radiography, thoracic, symptomatic, new, hx of malignancy, next imaging study",3195991,MRI complete spine with IV contrast,0 mSvO,0 mSv [ped]O,May be appropriate
1189,Interventional Radiology,"Vertebral compression fracture on radiography, thoracic, symptomatic, new, hx of malignancy, next imaging study",3195991,MRI thoracic and lumbar spine with IV contrast,0 mSvO,0 mSv [ped]O,May be appropriate
1190,Interventional Radiology,"Vertebral compression fracture on radiography, thoracic, symptomatic, new, hx of malignancy, next imaging study",3195991,MRI thoracic spine with IV contrast,0 mSvO,0 mSv [ped]O,May be appropriate
1191,Interventional Radiology,"Vertebral compression fracture on radiography, thoracic, symptomatic, new, hx of malignancy, next imaging study",3195991,Bone scan whole body,1-10 mSv☢☢☢,3-10 mSv [ped]☢☢☢☢,May be appropriate
1192,Interventional Radiology,"Vertebral compression fracture on radiography, thoracic, symptomatic, new, hx of malignancy, next imaging study",3195991,SPECT or SPECT/CT cervical and thoracic spine,1-10 mSv☢☢☢,3-10 mSv [ped]☢☢☢☢,May be appropriate
1193,Interventional Radiology,"Vertebral compression fracture on radiography, thoracic, symptomatic, new, hx of malignancy, next imaging study",3195991,SPECT or SPECT/CT complete spine,1-10 mSv☢☢☢,3-10 mSv [ped]☢☢☢☢,May be appropriate
1194,Interventional Radiology,"Vertebral compression fracture on radiography, thoracic, symptomatic, new, hx of malignancy, next imaging study",3195991,SPECT or SPECT/CT thoracic and lumbar spine,1-10 mSv☢☢☢,3-10 mSv [ped]☢☢☢☢,May be appropriate
1195,Interventional Radiology,"Vertebral compression fracture on radiography, thoracic, symptomatic, new, hx of malignancy, next imaging study",3195991,SPECT or SPECT/CT thoracic spine,1-10 mSv☢☢☢,3-10 mSv [ped]☢☢☢☢,May be appropriate
1196,Interventional Radiology,"Vertebral compression fracture on radiography, thoracic, symptomatic, new, hx of malignancy, next imaging study",3195991,CT myelography cervical and thoracic spine,10-30 mSv☢☢☢☢,,May be appropriate
1197,Interventional Radiology,"Vertebral compression fracture on radiography, thoracic, symptomatic, new, hx of malignancy, next imaging study",3195991,CT myelography thoracic and lumbar spine,10-30 mSv☢☢☢☢,3-10 mSv [ped]☢☢☢☢,May be appropriate
1198,Interventional Radiology,"Vertebral compression fracture on radiography, thoracic, symptomatic, new, hx of malignancy, next imaging study",3195991,CT myelography thoracic spine,10-30 mSv☢☢☢☢,,May be appropriate
1199,Interventional Radiology,"Vertebral compression fracture on radiography, thoracic, symptomatic, new, hx of malignancy, next imaging study",3195991,FDG-PET/CT skull base to mid-thigh,10-30 mSv☢☢☢☢,3-10 mSv [ped]☢☢☢☢,May be appropriate
1200,Interventional Radiology,"Vertebral compression fracture on radiography, thoracic, symptomatic, new, hx of malignancy, next imaging study",3195991,CT myelography complete spine,30-100 mSv☢☢☢☢☢,3-10 mSv [ped]☢☢☢☢,May be appropriate
1201,Interventional Radiology,"Vertebral compression fracture on radiography, thoracic, symptomatic, new, hx of malignancy, next imaging study",3195991,CT thoracic and lumbar spine with IV contrast,1-10 mSv☢☢☢,3-10 mSv [ped]☢☢☢☢,Usually not appropriate
1202,Interventional Radiology,"Vertebral compression fracture on radiography, thoracic, symptomatic, new, hx of malignancy, next imaging study",3195991,CT thoracic spine with IV contrast,1-10 mSv☢☢☢,3-10 mSv [ped]☢☢☢☢,Usually not appropriate
1203,Interventional Radiology,"Vertebral compression fracture on radiography, thoracic, symptomatic, new, hx of malignancy, next imaging study",3195991,CT cervical and thoracic spine with IV contrast,10-30 mSv☢☢☢☢,,Usually not appropriate
1204,Interventional Radiology,"Vertebral compression fracture on radiography, thoracic, symptomatic, new, hx of malignancy, next imaging study",3195991,CT cervical and thoracic spine without and with IV contrast,10-30 mSv☢☢☢☢,,Usually not appropriate
1205,Interventional Radiology,"Vertebral compression fracture on radiography, thoracic, symptomatic, new, hx of malignancy, next imaging study",3195991,CT complete spine with IV contrast,10-30 mSv☢☢☢☢,3-10 mSv [ped]☢☢☢☢,Usually not appropriate
1206,Interventional Radiology,"Vertebral compression fracture on radiography, thoracic, symptomatic, new, hx of malignancy, next imaging study",3195991,CT complete spine without and with IV contrast,10-30 mSv☢☢☢☢,3-10 mSv [ped]☢☢☢☢,Usually not appropriate
1207,Interventional Radiology,"Vertebral compression fracture on radiography, thoracic, symptomatic, new, hx of malignancy, next imaging study",3195991,CT thoracic and lumbar spine without and with IV contrast,10-30 mSv☢☢☢☢,3-10 mSv [ped]☢☢☢☢,Usually not appropriate
1208,Interventional Radiology,"Vertebral compression fracture on radiography, thoracic, symptomatic, new, hx of malignancy, next imaging study",3195991,CT thoracic spine without and with IV contrast,10-30 mSv☢☢☢☢,3-10 mSv [ped]☢☢☢☢,Usually not appropriate
1209,Interventional Radiology,"Vertebral compression fracture on xray, cervical, symptomatic, new, no malignancy, next imaging study",3195986,MRI cervical and lumbar spine without IV contrast,0 mSvO,0 mSv [ped]O,Usually appropriate
1210,Interventional Radiology,"Vertebral compression fracture on xray, cervical, symptomatic, new, no malignancy, next imaging study",3195986,MRI cervical and thoracic spine without IV contrast,0 mSvO,0 mSv [ped]O,Usually appropriate
1211,Interventional Radiology,"Vertebral compression fracture on xray, cervical, symptomatic, new, no malignancy, next imaging study",3195986,MRI cervical spine without IV contrast,0 mSvO,0 mSv [ped]O,Usually appropriate
1212,Interventional Radiology,"Vertebral compression fracture on xray, cervical, symptomatic, new, no malignancy, next imaging study",3195986,MRI complete spine without IV contrast,0 mSvO,0 mSv [ped]O,Usually appropriate
1213,Interventional Radiology,"Vertebral compression fracture on xray, cervical, symptomatic, new, no malignancy, next imaging study",3195986,CT cervical and lumbar spine without IV contrast,1-10 mSv☢☢☢,,Usually appropriate
1214,Interventional Radiology,"Vertebral compression fracture on xray, cervical, symptomatic, new, no malignancy, next imaging study",3195986,CT cervical spine without IV contrast,1-10 mSv☢☢☢,3-10 mSv [ped]☢☢☢☢,Usually appropriate
1215,Interventional Radiology,"Vertebral compression fracture on xray, cervical, symptomatic, new, no malignancy, next imaging study",3195986,CT cervical and thoracic spine without IV contrast,10-30 mSv☢☢☢☢,,Usually appropriate
1216,Interventional Radiology,"Vertebral compression fracture on xray, cervical, symptomatic, new, no malignancy, next imaging study",3195986,CT complete spine without IV contrast,10-30 mSv☢☢☢☢,3-10 mSv [ped]☢☢☢☢,Usually appropriate
1217,Interventional Radiology,"Vertebral compression fracture on xray, cervical, symptomatic, new, no malignancy, next imaging study",3195986,Bone scan whole body,1-10 mSv☢☢☢,3-10 mSv [ped]☢☢☢☢,May be appropriate
1218,Interventional Radiology,"Vertebral compression fracture on xray, cervical, symptomatic, new, no malignancy, next imaging study",3195986,SPECT or SPECT/CT cervical and lumbar spine,1-10 mSv☢☢☢,,May be appropriate
1219,Interventional Radiology,"Vertebral compression fracture on xray, cervical, symptomatic, new, no malignancy, next imaging study",3195986,SPECT or SPECT/CT cervical and thoracic spine,1-10 mSv☢☢☢,3-10 mSv [ped]☢☢☢☢,May be appropriate
1220,Interventional Radiology,"Vertebral compression fracture on xray, cervical, symptomatic, new, no malignancy, next imaging study",3195986,SPECT or SPECT/CT complete spine,1-10 mSv☢☢☢,3-10 mSv [ped]☢☢☢☢,May be appropriate
1221,Interventional Radiology,"Vertebral compression fracture on xray, cervical, symptomatic, new, no malignancy, next imaging study",3195986,SPECT or SPECT/CT neck,1-10 mSv☢☢☢,3-10 mSv [ped]☢☢☢☢,May be appropriate
1222,Interventional Radiology,"Vertebral compression fracture on xray, cervical, symptomatic, new, no malignancy, next imaging study",3195986,MRI cervical and lumbar spine with IV contrast,0 mSvO,0 mSv [ped]O,Usually not appropriate
1223,Interventional Radiology,"Vertebral compression fracture on xray, cervical, symptomatic, new, no malignancy, next imaging study",3195986,MRI cervical and lumbar spine without and with IV contrast,0 mSvO,0 mSv [ped]O,Usually not appropriate
1224,Interventional Radiology,"Vertebral compression fracture on xray, cervical, symptomatic, new, no malignancy, next imaging study",3195986,MRI cervical and thoracic spine with IV contrast,0 mSvO,0 mSv [ped]O,Usually not appropriate
1225,Interventional Radiology,"Vertebral compression fracture on xray, cervical, symptomatic, new, no malignancy, next imaging study",3195986,MRI cervical and thoracic spine without and with IV contrast,0 mSvO,0 mSv [ped]O,Usually not appropriate
1226,Interventional Radiology,"Vertebral compression fracture on xray, cervical, symptomatic, new, no malignancy, next imaging study",3195986,MRI cervical spine with IV contrast,0 mSvO,0 mSv [ped]O,Usually not appropriate
1227,Interventional Radiology,"Vertebral compression fracture on xray, cervical, symptomatic, new, no malignancy, next imaging study",3195986,MRI cervical spine without and with IV contrast,0 mSvO,0 mSv [ped]O,Usually not appropriate
1228,Interventional Radiology,"Vertebral compression fracture on xray, cervical, symptomatic, new, no malignancy, next imaging study",3195986,MRI complete spine with IV contrast,0 mSvO,0 mSv [ped]O,Usually not appropriate
1229,Interventional Radiology,"Vertebral compression fracture on xray, cervical, symptomatic, new, no malignancy, next imaging study",3195986,MRI complete spine without and with IV contrast,0 mSvO,0 mSv [ped]O,Usually not appropriate
1230,Interventional Radiology,"Vertebral compression fracture on xray, cervical, symptomatic, new, no malignancy, next imaging study",3195986,CT cervical and lumbar spine with IV contrast,1-10 mSv☢☢☢,,Usually not appropriate
1231,Interventional Radiology,"Vertebral compression fracture on xray, cervical, symptomatic, new, no malignancy, next imaging study",3195986,CT cervical spine with IV contrast,1-10 mSv☢☢☢,3-10 mSv [ped]☢☢☢☢,Usually not appropriate
1232,Interventional Radiology,"Vertebral compression fracture on xray, cervical, symptomatic, new, no malignancy, next imaging study",3195986,CT cervical spine without and with IV contrast,1-10 mSv☢☢☢,3-10 mSv [ped]☢☢☢☢,Usually not appropriate
1233,Interventional Radiology,"Vertebral compression fracture on xray, cervical, symptomatic, new, no malignancy, next imaging study",3195986,CT cervical and lumbar spine without and with IV contrast,10-30 mSv☢☢☢☢,,Usually not appropriate
1234,Interventional Radiology,"Vertebral compression fracture on xray, cervical, symptomatic, new, no malignancy, next imaging study",3195986,CT cervical and thoracic spine with IV contrast,10-30 mSv☢☢☢☢,,Usually not appropriate
1235,Interventional Radiology,"Vertebral compression fracture on xray, cervical, symptomatic, new, no malignancy, next imaging study",3195986,CT cervical and thoracic spine without and with IV contrast,10-30 mSv☢☢☢☢,,Usually not appropriate
1236,Interventional Radiology,"Vertebral compression fracture on xray, cervical, symptomatic, new, no malignancy, next imaging study",3195986,CT complete spine with IV contrast,10-30 mSv☢☢☢☢,3-10 mSv [ped]☢☢☢☢,Usually not appropriate
1237,Interventional Radiology,"Vertebral compression fracture on xray, cervical, symptomatic, new, no malignancy, next imaging study",3195986,CT complete spine without and with IV contrast,10-30 mSv☢☢☢☢,3-10 mSv [ped]☢☢☢☢,Usually not appropriate
1238,Interventional Radiology,"Vertebral compression fracture on xray, cervical, symptomatic, new, no malignancy, next imaging study",3195986,CT myelography cervical and lumbar spine,10-30 mSv☢☢☢☢,,Usually not appropriate
1239,Interventional Radiology,"Vertebral compression fracture on xray, cervical, symptomatic, new, no malignancy, next imaging study",3195986,CT myelography cervical and thoracic spine,10-30 mSv☢☢☢☢,,Usually not appropriate
1240,Interventional Radiology,"Vertebral compression fracture on xray, cervical, symptomatic, new, no malignancy, next imaging study",3195986,CT myelography cervical spine,10-30 mSv☢☢☢☢,0.3-3 mSv [ped]☢☢☢,Usually not appropriate
1241,Interventional Radiology,"Vertebral compression fracture on xray, cervical, symptomatic, new, no malignancy, next imaging study",3195986,FDG-PET/CT skull base to mid-thigh,10-30 mSv☢☢☢☢,3-10 mSv [ped]☢☢☢☢,Usually not appropriate
1242,Interventional Radiology,"Vertebral compression fracture on xray, cervical, symptomatic, new, no malignancy, next imaging study",3195986,CT myelography complete spine,30-100 mSv☢☢☢☢☢,3-10 mSv [ped]☢☢☢☢,Usually not appropriate
1243,Interventional Radiology,"Vertebral compression fracture on xray, lumbar, symptomatic, new, no malignancy, next imaging study",3195988,MRI cervical and lumbar spine without IV contrast,0 mSvO,0 mSv [ped]O,Usually appropriate
1244,Interventional Radiology,"Vertebral compression fracture on xray, lumbar, symptomatic, new, no malignancy, next imaging study",3195988,MRI complete spine without IV contrast,0 mSvO,0 mSv [ped]O,Usually appropriate
1245,Interventional Radiology,"Vertebral compression fracture on xray, lumbar, symptomatic, new, no malignancy, next imaging study",3195988,MRI lumbar spine without IV contrast,0 mSvO,0 mSv [ped]O,Usually appropriate
1246,Interventional Radiology,"Vertebral compression fracture on xray, lumbar, symptomatic, new, no malignancy, next imaging study",3195988,MRI thoracic and lumbar spine without IV contrast,0 mSvO,0 mSv [ped]O,Usually appropriate
1247,Interventional Radiology,"Vertebral compression fracture on xray, lumbar, symptomatic, new, no malignancy, next imaging study",3195988,CT cervical and lumbar spine without IV contrast,1-10 mSv☢☢☢,,Usually appropriate
1248,Interventional Radiology,"Vertebral compression fracture on xray, lumbar, symptomatic, new, no malignancy, next imaging study",3195988,CT lumbar spine without IV contrast,1-10 mSv☢☢☢,3-10 mSv [ped]☢☢☢☢,Usually appropriate
1249,Interventional Radiology,"Vertebral compression fracture on xray, lumbar, symptomatic, new, no malignancy, next imaging study",3195988,CT thoracic and lumbar spine without IV contrast,1-10 mSv☢☢☢,3-10 mSv [ped]☢☢☢☢,Usually appropriate
1250,Interventional Radiology,"Vertebral compression fracture on xray, lumbar, symptomatic, new, no malignancy, next imaging study",3195988,CT complete spine without IV contrast,10-30 mSv☢☢☢☢,3-10 mSv [ped]☢☢☢☢,Usually appropriate
1251,Interventional Radiology,"Vertebral compression fracture on xray, lumbar, symptomatic, new, no malignancy, next imaging study",3195988,Bone scan whole body,1-10 mSv☢☢☢,3-10 mSv [ped]☢☢☢☢,May be appropriate
1252,Interventional Radiology,"Vertebral compression fracture on xray, lumbar, symptomatic, new, no malignancy, next imaging study",3195988,SPECT or SPECT/CT cervical and lumbar spine,1-10 mSv☢☢☢,,May be appropriate
1253,Interventional Radiology,"Vertebral compression fracture on xray, lumbar, symptomatic, new, no malignancy, next imaging study",3195988,SPECT or SPECT/CT complete spine,1-10 mSv☢☢☢,3-10 mSv [ped]☢☢☢☢,May be appropriate
1254,Interventional Radiology,"Vertebral compression fracture on xray, lumbar, symptomatic, new, no malignancy, next imaging study",3195988,SPECT or SPECT/CT lumbar spine,1-10 mSv☢☢☢,3-10 mSv [ped]☢☢☢☢,May be appropriate
1255,Interventional Radiology,"Vertebral compression fracture on xray, lumbar, symptomatic, new, no malignancy, next imaging study",3195988,SPECT or SPECT/CT thoracic and lumbar spine,1-10 mSv☢☢☢,3-10 mSv [ped]☢☢☢☢,May be appropriate
1256,Interventional Radiology,"Vertebral compression fracture on xray, lumbar, symptomatic, new, no malignancy, next imaging study",3195988,MRI cervical and lumbar spine with IV contrast,0 mSvO,0 mSv [ped]O,Usually not appropriate
1257,Interventional Radiology,"Vertebral compression fracture on xray, lumbar, symptomatic, new, no malignancy, next imaging study",3195988,MRI cervical and lumbar spine without and with IV contrast,0 mSvO,0 mSv [ped]O,Usually not appropriate
1258,Interventional Radiology,"Vertebral compression fracture on xray, lumbar, symptomatic, new, no malignancy, next imaging study",3195988,MRI complete spine with IV contrast,0 mSvO,0 mSv [ped]O,Usually not appropriate
1259,Interventional Radiology,"Vertebral compression fracture on xray, lumbar, symptomatic, new, no malignancy, next imaging study",3195988,MRI complete spine without and with IV contrast,0 mSvO,0 mSv [ped]O,Usually not appropriate
1260,Interventional Radiology,"Vertebral compression fracture on xray, lumbar, symptomatic, new, no malignancy, next imaging study",3195988,MRI lumbar spine with IV contrast,0 mSvO,0 mSv [ped]O,Usually not appropriate
1261,Interventional Radiology,"Vertebral compression fracture on xray, lumbar, symptomatic, new, no malignancy, next imaging study",3195988,MRI lumbar spine without and with IV contrast,0 mSvO,0 mSv [ped]O,Usually not appropriate
1262,Interventional Radiology,"Vertebral compression fracture on xray, lumbar, symptomatic, new, no malignancy, next imaging study",3195988,MRI thoracic and lumbar spine with IV contrast,0 mSvO,0 mSv [ped]O,Usually not appropriate
1263,Interventional Radiology,"Vertebral compression fracture on xray, lumbar, symptomatic, new, no malignancy, next imaging study",3195988,MRI thoracic and lumbar spine without and with IV contrast,0 mSvO,0 mSv [ped]O,Usually not appropriate
1264,Interventional Radiology,"Vertebral compression fracture on xray, lumbar, symptomatic, new, no malignancy, next imaging study",3195988,CT cervical and lumbar spine with IV contrast,1-10 mSv☢☢☢,,Usually not appropriate
1265,Interventional Radiology,"Vertebral compression fracture on xray, lumbar, symptomatic, new, no malignancy, next imaging study",3195988,CT lumbar spine with IV contrast,1-10 mSv☢☢☢,3-10 mSv [ped]☢☢☢☢,Usually not appropriate
1266,Interventional Radiology,"Vertebral compression fracture on xray, lumbar, symptomatic, new, no malignancy, next imaging study",3195988,CT thoracic and lumbar spine with IV contrast,1-10 mSv☢☢☢,3-10 mSv [ped]☢☢☢☢,Usually not appropriate
1267,Interventional Radiology,"Vertebral compression fracture on xray, lumbar, symptomatic, new, no malignancy, next imaging study",3195988,CT cervical and lumbar spine without and with IV contrast,10-30 mSv☢☢☢☢,,Usually not appropriate
1268,Interventional Radiology,"Vertebral compression fracture on xray, lumbar, symptomatic, new, no malignancy, next imaging study",3195988,CT complete spine with IV contrast,10-30 mSv☢☢☢☢,3-10 mSv [ped]☢☢☢☢,Usually not appropriate
1269,Interventional Radiology,"Vertebral compression fracture on xray, lumbar, symptomatic, new, no malignancy, next imaging study",3195988,CT complete spine without and with IV contrast,10-30 mSv☢☢☢☢,3-10 mSv [ped]☢☢☢☢,Usually not appropriate
1270,Interventional Radiology,"Vertebral compression fracture on xray, lumbar, symptomatic, new, no malignancy, next imaging study",3195988,CT lumbar spine without and with IV contrast,10-30 mSv☢☢☢☢,3-10 mSv [ped]☢☢☢☢,Usually not appropriate
1271,Interventional Radiology,"Vertebral compression fracture on xray, lumbar, symptomatic, new, no malignancy, next imaging study",3195988,CT myelography cervical and lumbar spine,10-30 mSv☢☢☢☢,,Usually not appropriate
1272,Interventional Radiology,"Vertebral compression fracture on xray, lumbar, symptomatic, new, no malignancy, next imaging study",3195988,CT myelography lumbar spine,10-30 mSv☢☢☢☢,,Usually not appropriate
1273,Interventional Radiology,"Vertebral compression fracture on xray, lumbar, symptomatic, new, no malignancy, next imaging study",3195988,CT myelography thoracic and lumbar spine,10-30 mSv☢☢☢☢,3-10 mSv [ped]☢☢☢☢,Usually not appropriate
1274,Interventional Radiology,"Vertebral compression fracture on xray, lumbar, symptomatic, new, no malignancy, next imaging study",3195988,CT thoracic and lumbar spine without and with IV contrast,10-30 mSv☢☢☢☢,3-10 mSv [ped]☢☢☢☢,Usually not appropriate
1275,Interventional Radiology,"Vertebral compression fracture on xray, lumbar, symptomatic, new, no malignancy, next imaging study",3195988,FDG-PET/CT skull base to mid-thigh,10-30 mSv☢☢☢☢,3-10 mSv [ped]☢☢☢☢,Usually not appropriate
1276,Interventional Radiology,"Vertebral compression fracture on xray, lumbar, symptomatic, new, no malignancy, next imaging study",3195988,CT myelography complete spine,30-100 mSv☢☢☢☢☢,3-10 mSv [ped]☢☢☢☢,Usually not appropriate
1277,Interventional Radiology,"Vertebral compression fracture on xray, thoracic, symptomatic, new, no malignancy, next imaging study",3195987,MRI cervical and thoracic spine without IV contrast,0 mSvO,0 mSv [ped]O,Usually appropriate
1278,Interventional Radiology,"Vertebral compression fracture on xray, thoracic, symptomatic, new, no malignancy, next imaging study",3195987,MRI complete spine without IV contrast,0 mSvO,0 mSv [ped]O,Usually appropriate
1279,Interventional Radiology,"Vertebral compression fracture on xray, thoracic, symptomatic, new, no malignancy, next imaging study",3195987,MRI thoracic and lumbar spine without IV contrast,0 mSvO,0 mSv [ped]O,Usually appropriate
1280,Interventional Radiology,"Vertebral compression fracture on xray, thoracic, symptomatic, new, no malignancy, next imaging study",3195987,MRI thoracic spine without IV contrast,0 mSvO,0 mSv [ped]O,Usually appropriate
1281,Interventional Radiology,"Vertebral compression fracture on xray, thoracic, symptomatic, new, no malignancy, next imaging study",3195987,CT thoracic and lumbar spine without IV contrast,1-10 mSv☢☢☢,3-10 mSv [ped]☢☢☢☢,Usually appropriate
1282,Interventional Radiology,"Vertebral compression fracture on xray, thoracic, symptomatic, new, no malignancy, next imaging study",3195987,CT thoracic spine without IV contrast,1-10 mSv☢☢☢,3-10 mSv [ped]☢☢☢☢,Usually appropriate
1283,Interventional Radiology,"Vertebral compression fracture on xray, thoracic, symptomatic, new, no malignancy, next imaging study",3195987,CT cervical and thoracic spine without IV contrast,10-30 mSv☢☢☢☢,,Usually appropriate
1284,Interventional Radiology,"Vertebral compression fracture on xray, thoracic, symptomatic, new, no malignancy, next imaging study",3195987,CT complete spine without IV contrast,10-30 mSv☢☢☢☢,3-10 mSv [ped]☢☢☢☢,Usually appropriate
1285,Interventional Radiology,"Vertebral compression fracture on xray, thoracic, symptomatic, new, no malignancy, next imaging study",3195987,Bone scan whole body,1-10 mSv☢☢☢,3-10 mSv [ped]☢☢☢☢,May be appropriate
1286,Interventional Radiology,"Vertebral compression fracture on xray, thoracic, symptomatic, new, no malignancy, next imaging study",3195987,SPECT or SPECT/CT cervical and thoracic spine,1-10 mSv☢☢☢,3-10 mSv [ped]☢☢☢☢,May be appropriate
1287,Interventional Radiology,"Vertebral compression fracture on xray, thoracic, symptomatic, new, no malignancy, next imaging study",3195987,SPECT or SPECT/CT complete spine,1-10 mSv☢☢☢,3-10 mSv [ped]☢☢☢☢,May be appropriate
1288,Interventional Radiology,"Vertebral compression fracture on xray, thoracic, symptomatic, new, no malignancy, next imaging study",3195987,SPECT or SPECT/CT thoracic and lumbar spine,1-10 mSv☢☢☢,3-10 mSv [ped]☢☢☢☢,May be appropriate
1289,Interventional Radiology,"Vertebral compression fracture on xray, thoracic, symptomatic, new, no malignancy, next imaging study",3195987,SPECT or SPECT/CT thoracic spine,1-10 mSv☢☢☢,3-10 mSv [ped]☢☢☢☢,May be appropriate
1290,Interventional Radiology,"Vertebral compression fracture on xray, thoracic, symptomatic, new, no malignancy, next imaging study",3195987,MRI cervical and thoracic spine with IV contrast,0 mSvO,0 mSv [ped]O,Usually not appropriate
1291,Interventional Radiology,"Vertebral compression fracture on xray, thoracic, symptomatic, new, no malignancy, next imaging study",3195987,MRI cervical and thoracic spine without and with IV contrast,0 mSvO,0 mSv [ped]O,Usually not appropriate
1292,Interventional Radiology,"Vertebral compression fracture on xray, thoracic, symptomatic, new, no malignancy, next imaging study",3195987,MRI complete spine with IV contrast,0 mSvO,0 mSv [ped]O,Usually not appropriate
1293,Interventional Radiology,"Vertebral compression fracture on xray, thoracic, symptomatic, new, no malignancy, next imaging study",3195987,MRI complete spine without and with IV contrast,0 mSvO,0 mSv [ped]O,Usually not appropriate
1294,Interventional Radiology,"Vertebral compression fracture on xray, thoracic, symptomatic, new, no malignancy, next imaging study",3195987,MRI thoracic and lumbar spine with IV contrast,0 mSvO,0 mSv [ped]O,Usually not appropriate
1295,Interventional Radiology,"Vertebral compression fracture on xray, thoracic, symptomatic, new, no malignancy, next imaging study",3195987,MRI thoracic and lumbar spine without and with IV contrast,0 mSvO,0 mSv [ped]O,Usually not appropriate
1296,Interventional Radiology,"Vertebral compression fracture on xray, thoracic, symptomatic, new, no malignancy, next imaging study",3195987,MRI thoracic spine with IV contrast,0 mSvO,0 mSv [ped]O,Usually not appropriate
1297,Interventional Radiology,"Vertebral compression fracture on xray, thoracic, symptomatic, new, no malignancy, next imaging study",3195987,MRI thoracic spine without and with IV contrast,0 mSvO,0 mSv [ped]O,Usually not appropriate
1298,Interventional Radiology,"Vertebral compression fracture on xray, thoracic, symptomatic, new, no malignancy, next imaging study",3195987,CT thoracic and lumbar spine with IV contrast,1-10 mSv☢☢☢,3-10 mSv [ped]☢☢☢☢,Usually not appropriate
1299,Interventional Radiology,"Vertebral compression fracture on xray, thoracic, symptomatic, new, no malignancy, next imaging study",3195987,CT thoracic spine with IV contrast,1-10 mSv☢☢☢,3-10 mSv [ped]☢☢☢☢,Usually not appropriate
1300,Interventional Radiology,"Vertebral compression fracture on xray, thoracic, symptomatic, new, no malignancy, next imaging study",3195987,CT cervical and thoracic spine with IV contrast,10-30 mSv☢☢☢☢,,Usually not appropriate
1301,Interventional Radiology,"Vertebral compression fracture on xray, thoracic, symptomatic, new, no malignancy, next imaging study",3195987,CT cervical and thoracic spine without and with IV contrast,10-30 mSv☢☢☢☢,,Usually not appropriate
1302,Interventional Radiology,"Vertebral compression fracture on xray, thoracic, symptomatic, new, no malignancy, next imaging study",3195987,CT complete spine with IV contrast,10-30 mSv☢☢☢☢,3-10 mSv [ped]☢☢☢☢,Usually not appropriate
1303,Interventional Radiology,"Vertebral compression fracture on xray, thoracic, symptomatic, new, no malignancy, next imaging study",3195987,CT complete spine without and with IV contrast,10-30 mSv☢☢☢☢,3-10 mSv [ped]☢☢☢☢,Usually not appropriate
1304,Interventional Radiology,"Vertebral compression fracture on xray, thoracic, symptomatic, new, no malignancy, next imaging study",3195987,CT myelography cervical and thoracic spine,10-30 mSv☢☢☢☢,,Usually not appropriate
1305,Interventional Radiology,"Vertebral compression fracture on xray, thoracic, symptomatic, new, no malignancy, next imaging study",3195987,CT myelography thoracic and lumbar spine,10-30 mSv☢☢☢☢,3-10 mSv [ped]☢☢☢☢,Usually not appropriate
1306,Interventional Radiology,"Vertebral compression fracture on xray, thoracic, symptomatic, new, no malignancy, next imaging study",3195987,CT myelography thoracic spine,10-30 mSv☢☢☢☢,,Usually not appropriate
1307,Interventional Radiology,"Vertebral compression fracture on xray, thoracic, symptomatic, new, no malignancy, next imaging study",3195987,CT thoracic and lumbar spine without and with IV contrast,10-30 mSv☢☢☢☢,3-10 mSv [ped]☢☢☢☢,Usually not appropriate
1308,Interventional Radiology,"Vertebral compression fracture on xray, thoracic, symptomatic, new, no malignancy, next imaging study",3195987,CT thoracic spine without and with IV contrast,10-30 mSv☢☢☢☢,3-10 mSv [ped]☢☢☢☢,Usually not appropriate
1309,Interventional Radiology,"Vertebral compression fracture on xray, thoracic, symptomatic, new, no malignancy, next imaging study",3195987,FDG-PET/CT skull base to mid-thigh,10-30 mSv☢☢☢☢,3-10 mSv [ped]☢☢☢☢,Usually not appropriate
1310,Interventional Radiology,"Vertebral compression fracture on xray, thoracic, symptomatic, new, no malignancy, next imaging study",3195987,CT myelography complete spine,30-100 mSv☢☢☢☢☢,3-10 mSv [ped]☢☢☢☢,Usually not appropriate
