,panel,scenario-text,scenario-id,procedure,adult-rrl,peds-rrl,appropriateness
0,Thoracic,"Asthma, acute exacerbation, immunocompetent, complicated, initial imaging",3074090,Radiography chest,<0.1 mSv☢,<0.03 mSv [ped]☢,Usually appropriate
1,Thoracic,"Asthma, acute exacerbation, immunocompetent, complicated, initial imaging",3074090,US chest,0 mSvO,0 mSv [ped]O,Usually not appropriate
2,Thoracic,"Asthma, acute exacerbation, immunocompetent, complicated, initial imaging",3074090,MRI chest without and with IV contrast,0 mSvO,0 mSv [ped]O,Usually not appropriate
3,Thoracic,"Asthma, acute exacerbation, immunocompetent, complicated, initial imaging",3074090,MRI chest without IV contrast,0 mSvO,0 mSv [ped]O,Usually not appropriate
4,Thoracic,"Asthma, acute exacerbation, immunocompetent, complicated, initial imaging",3074090,CT chest with IV contrast,1-10 mSv☢☢☢,3-10 mSv [ped]☢☢☢☢,Usually not appropriate
5,Thoracic,"Asthma, acute exacerbation, immunocompetent, complicated, initial imaging",3074090,CT chest without and with IV contrast,1-10 mSv☢☢☢,3-10 mSv [ped]☢☢☢☢,Usually not appropriate
6,Thoracic,"Asthma, acute exacerbation, immunocompetent, complicated, initial imaging",3074090,CT chest without IV contrast,1-10 mSv☢☢☢,3-10 mSv [ped]☢☢☢☢,Usually not appropriate
7,Thoracic,"Asthma, acute exacerbation, immunocompetent, complicated, initial imaging",3074090,CTA chest with IV contrast,1-10 mSv☢☢☢,3-10 mSv [ped]☢☢☢☢,Usually not appropriate
8,Thoracic,"Asthma, acute exacerbation, immunocompetent, complicated, initial imaging",3074090,V/Q scan lung,1-10 mSv☢☢☢,,Usually not appropriate
9,Thoracic,"Asthma, acute exacerbation, immunocompetent, uncomplicated, initial imaging",3074089,Radiography chest,<0.1 mSv☢,<0.03 mSv [ped]☢,May be appropriate
10,Thoracic,"Asthma, acute exacerbation, immunocompetent, uncomplicated, initial imaging",3074089,US chest,0 mSvO,0 mSv [ped]O,Usually not appropriate
11,Thoracic,"Asthma, acute exacerbation, immunocompetent, uncomplicated, initial imaging",3074089,MRI chest without and with IV contrast,0 mSvO,0 mSv [ped]O,Usually not appropriate
12,Thoracic,"Asthma, acute exacerbation, immunocompetent, uncomplicated, initial imaging",3074089,MRI chest without IV contrast,0 mSvO,0 mSv [ped]O,Usually not appropriate
13,Thoracic,"Asthma, acute exacerbation, immunocompetent, uncomplicated, initial imaging",3074089,CT chest with IV contrast,1-10 mSv☢☢☢,3-10 mSv [ped]☢☢☢☢,Usually not appropriate
14,Thoracic,"Asthma, acute exacerbation, immunocompetent, uncomplicated, initial imaging",3074089,CT chest without and with IV contrast,1-10 mSv☢☢☢,3-10 mSv [ped]☢☢☢☢,Usually not appropriate
15,Thoracic,"Asthma, acute exacerbation, immunocompetent, uncomplicated, initial imaging",3074089,CT chest without IV contrast,1-10 mSv☢☢☢,3-10 mSv [ped]☢☢☢☢,Usually not appropriate
16,Thoracic,"Asthma, acute exacerbation, immunocompetent, uncomplicated, initial imaging",3074089,CTA chest with IV contrast,1-10 mSv☢☢☢,3-10 mSv [ped]☢☢☢☢,Usually not appropriate
17,Thoracic,"Asthma, acute exacerbation, immunocompetent, uncomplicated, initial imaging",3074089,V/Q scan lung,1-10 mSv☢☢☢,,Usually not appropriate
18,Thoracic,"Bronchial stenosis suspected, initial imaging",3197460,Radiography chest,<0.1 mSv☢,<0.03 mSv [ped]☢,Usually appropriate
19,Thoracic,"Bronchial stenosis suspected, initial imaging",3197460,CT chest with IV contrast,1-10 mSv☢☢☢,3-10 mSv [ped]☢☢☢☢,Usually appropriate
20,Thoracic,"Bronchial stenosis suspected, initial imaging",3197460,CT chest without IV contrast,1-10 mSv☢☢☢,3-10 mSv [ped]☢☢☢☢,Usually appropriate
21,Thoracic,"Bronchial stenosis suspected, initial imaging",3197460,CTA chest with IV contrast,1-10 mSv☢☢☢,3-10 mSv [ped]☢☢☢☢,May be appropriate
22,Thoracic,"Bronchial stenosis suspected, initial imaging",3197460,CT neck and chest with IV contrast,10-30 mSv☢☢☢☢,3-10 mSv [ped]☢☢☢☢,May be appropriate
23,Thoracic,"Bronchial stenosis suspected, initial imaging",3197460,CT neck and chest without IV contrast,10-30 mSv☢☢☢☢,3-10 mSv [ped]☢☢☢☢,May be appropriate
24,Thoracic,"Bronchial stenosis suspected, initial imaging",3197460,Radiography neck,0.1-1mSv☢☢,,Usually not appropriate
25,Thoracic,"Bronchial stenosis suspected, initial imaging",3197460,MRI chest without and with IV contrast,0 mSvO,0 mSv [ped]O,Usually not appropriate
26,Thoracic,"Bronchial stenosis suspected, initial imaging",3197460,MRI chest without IV contrast,0 mSvO,0 mSv [ped]O,Usually not appropriate
27,Thoracic,"Bronchial stenosis suspected, initial imaging",3197460,CT chest without and with IV contrast,1-10 mSv☢☢☢,3-10 mSv [ped]☢☢☢☢,Usually not appropriate
28,Thoracic,"Bronchial stenosis suspected, initial imaging",3197460,CT neck with IV contrast,1-10 mSv☢☢☢,0.3-3 mSv [ped]☢☢☢,Usually not appropriate
29,Thoracic,"Bronchial stenosis suspected, initial imaging",3197460,CT neck without and with IV contrast,1-10 mSv☢☢☢,3-10 mSv [ped]☢☢☢☢,Usually not appropriate
30,Thoracic,"Bronchial stenosis suspected, initial imaging",3197460,CT neck without IV contrast,1-10 mSv☢☢☢,0.3-3 mSv [ped]☢☢☢,Usually not appropriate
31,Thoracic,"Bronchial stenosis suspected, initial imaging",3197460,CT neck and chest without and with IV contrast,10-30 mSv☢☢☢☢,3-10 mSv [ped]☢☢☢☢,Usually not appropriate
32,Thoracic,"Bronchial stenosis suspected, initial imaging",3197460,FDG-PET/CT skull base to mid-thigh,10-30 mSv☢☢☢☢,3-10 mSv [ped]☢☢☢☢,Usually not appropriate
33,Thoracic,"Bronchial stenosis, posttreatment assessment",3197463,Radiography chest,<0.1 mSv☢,<0.03 mSv [ped]☢,Usually appropriate
34,Thoracic,"Bronchial stenosis, posttreatment assessment",3197463,CT chest with IV contrast,1-10 mSv☢☢☢,3-10 mSv [ped]☢☢☢☢,Usually appropriate
35,Thoracic,"Bronchial stenosis, posttreatment assessment",3197463,CT chest without IV contrast,1-10 mSv☢☢☢,3-10 mSv [ped]☢☢☢☢,Usually appropriate
36,Thoracic,"Bronchial stenosis, posttreatment assessment",3197463,CT neck without IV contrast,1-10 mSv☢☢☢,0.3-3 mSv [ped]☢☢☢,May be appropriate (Disagreement)
37,Thoracic,"Bronchial stenosis, posttreatment assessment",3197463,CTA chest with IV contrast,1-10 mSv☢☢☢,3-10 mSv [ped]☢☢☢☢,May be appropriate
38,Thoracic,"Bronchial stenosis, posttreatment assessment",3197463,CT neck and chest with IV contrast,10-30 mSv☢☢☢☢,3-10 mSv [ped]☢☢☢☢,May be appropriate
39,Thoracic,"Bronchial stenosis, posttreatment assessment",3197463,CT neck and chest without IV contrast,10-30 mSv☢☢☢☢,3-10 mSv [ped]☢☢☢☢,May be appropriate
40,Thoracic,"Bronchial stenosis, posttreatment assessment",3197463,FDG-PET/CT skull base to mid-thigh,10-30 mSv☢☢☢☢,3-10 mSv [ped]☢☢☢☢,May be appropriate
41,Thoracic,"Bronchial stenosis, posttreatment assessment",3197463,Radiography neck,0.1-1mSv☢☢,,Usually not appropriate
42,Thoracic,"Bronchial stenosis, posttreatment assessment",3197463,MRI chest without and with IV contrast,0 mSvO,0 mSv [ped]O,Usually not appropriate
43,Thoracic,"Bronchial stenosis, posttreatment assessment",3197463,MRI chest without IV contrast,0 mSvO,0 mSv [ped]O,Usually not appropriate
44,Thoracic,"Bronchial stenosis, posttreatment assessment",3197463,CT chest without and with IV contrast,1-10 mSv☢☢☢,3-10 mSv [ped]☢☢☢☢,Usually not appropriate
45,Thoracic,"Bronchial stenosis, posttreatment assessment",3197463,CT neck with IV contrast,1-10 mSv☢☢☢,0.3-3 mSv [ped]☢☢☢,Usually not appropriate
46,Thoracic,"Bronchial stenosis, posttreatment assessment",3197463,CT neck without and with IV contrast,1-10 mSv☢☢☢,3-10 mSv [ped]☢☢☢☢,Usually not appropriate
47,Thoracic,"Bronchial stenosis, posttreatment assessment",3197463,CT neck and chest without and with IV contrast,10-30 mSv☢☢☢☢,3-10 mSv [ped]☢☢☢☢,Usually not appropriate
48,Thoracic,"Bronchial stenosis, pretreatment assessment",3197462,Radiography chest,<0.1 mSv☢,<0.03 mSv [ped]☢,Usually appropriate
49,Thoracic,"Bronchial stenosis, pretreatment assessment",3197462,CT chest with IV contrast,1-10 mSv☢☢☢,3-10 mSv [ped]☢☢☢☢,Usually appropriate
50,Thoracic,"Bronchial stenosis, pretreatment assessment",3197462,CT chest without IV contrast,1-10 mSv☢☢☢,3-10 mSv [ped]☢☢☢☢,Usually appropriate
51,Thoracic,"Bronchial stenosis, pretreatment assessment",3197462,CT neck without IV contrast,1-10 mSv☢☢☢,0.3-3 mSv [ped]☢☢☢,May be appropriate (Disagreement)
52,Thoracic,"Bronchial stenosis, pretreatment assessment",3197462,CTA chest with IV contrast,1-10 mSv☢☢☢,3-10 mSv [ped]☢☢☢☢,May be appropriate
53,Thoracic,"Bronchial stenosis, pretreatment assessment",3197462,CT neck and chest with IV contrast,10-30 mSv☢☢☢☢,3-10 mSv [ped]☢☢☢☢,May be appropriate
54,Thoracic,"Bronchial stenosis, pretreatment assessment",3197462,CT neck and chest without IV contrast,10-30 mSv☢☢☢☢,3-10 mSv [ped]☢☢☢☢,May be appropriate
55,Thoracic,"Bronchial stenosis, pretreatment assessment",3197462,FDG-PET/CT skull base to mid-thigh,10-30 mSv☢☢☢☢,3-10 mSv [ped]☢☢☢☢,May be appropriate
56,Thoracic,"Bronchial stenosis, pretreatment assessment",3197462,Radiography neck,0.1-1mSv☢☢,,Usually not appropriate
57,Thoracic,"Bronchial stenosis, pretreatment assessment",3197462,MRI chest without and with IV contrast,0 mSvO,0 mSv [ped]O,Usually not appropriate
58,Thoracic,"Bronchial stenosis, pretreatment assessment",3197462,MRI chest without IV contrast,0 mSvO,0 mSv [ped]O,Usually not appropriate
59,Thoracic,"Bronchial stenosis, pretreatment assessment",3197462,CT chest without and with IV contrast,1-10 mSv☢☢☢,3-10 mSv [ped]☢☢☢☢,Usually not appropriate
60,Thoracic,"Bronchial stenosis, pretreatment assessment",3197462,CT neck with IV contrast,1-10 mSv☢☢☢,0.3-3 mSv [ped]☢☢☢,Usually not appropriate
61,Thoracic,"Bronchial stenosis, pretreatment assessment",3197462,CT neck without and with IV contrast,1-10 mSv☢☢☢,3-10 mSv [ped]☢☢☢☢,Usually not appropriate
62,Thoracic,"Bronchial stenosis, pretreatment assessment",3197462,CT neck and chest without and with IV contrast,10-30 mSv☢☢☢☢,3-10 mSv [ped]☢☢☢☢,Usually not appropriate
63,Thoracic,"Bronchiectasis suspected, initial imaging",3197475,Radiography chest,<0.1 mSv☢,<0.03 mSv [ped]☢,Usually appropriate
64,Thoracic,"Bronchiectasis suspected, initial imaging",3197475,CT chest without IV contrast,1-10 mSv☢☢☢,3-10 mSv [ped]☢☢☢☢,Usually appropriate
65,Thoracic,"Bronchiectasis suspected, initial imaging",3197475,MRI chest without IV contrast,0 mSvO,0 mSv [ped]O,May be appropriate
66,Thoracic,"Bronchiectasis suspected, initial imaging",3197475,CTA chest with IV contrast,1-10 mSv☢☢☢,3-10 mSv [ped]☢☢☢☢,May be appropriate
67,Thoracic,"Bronchiectasis suspected, initial imaging",3197475,Radiography neck,0.1-1mSv☢☢,,Usually not appropriate
68,Thoracic,"Bronchiectasis suspected, initial imaging",3197475,MRI chest without and with IV contrast,0 mSvO,0 mSv [ped]O,Usually not appropriate
69,Thoracic,"Bronchiectasis suspected, initial imaging",3197475,CT chest with IV contrast,1-10 mSv☢☢☢,3-10 mSv [ped]☢☢☢☢,Usually not appropriate
70,Thoracic,"Bronchiectasis suspected, initial imaging",3197475,CT chest without and with IV contrast,1-10 mSv☢☢☢,3-10 mSv [ped]☢☢☢☢,Usually not appropriate
71,Thoracic,"Bronchiectasis suspected, initial imaging",3197475,CT neck with IV contrast,1-10 mSv☢☢☢,0.3-3 mSv [ped]☢☢☢,Usually not appropriate
72,Thoracic,"Bronchiectasis suspected, initial imaging",3197475,CT neck without and with IV contrast,1-10 mSv☢☢☢,3-10 mSv [ped]☢☢☢☢,Usually not appropriate
73,Thoracic,"Bronchiectasis suspected, initial imaging",3197475,CT neck without IV contrast,1-10 mSv☢☢☢,0.3-3 mSv [ped]☢☢☢,Usually not appropriate
74,Thoracic,"Bronchiectasis suspected, initial imaging",3197475,CT neck and chest with IV contrast,10-30 mSv☢☢☢☢,3-10 mSv [ped]☢☢☢☢,Usually not appropriate
75,Thoracic,"Bronchiectasis suspected, initial imaging",3197475,CT neck and chest without and with IV contrast,10-30 mSv☢☢☢☢,3-10 mSv [ped]☢☢☢☢,Usually not appropriate
76,Thoracic,"Bronchiectasis suspected, initial imaging",3197475,CT neck and chest without IV contrast,10-30 mSv☢☢☢☢,3-10 mSv [ped]☢☢☢☢,Usually not appropriate
77,Thoracic,"Bronchiectasis suspected, initial imaging",3197475,FDG-PET/CT skull base to mid-thigh,10-30 mSv☢☢☢☢,3-10 mSv [ped]☢☢☢☢,Usually not appropriate
78,Thoracic,"Bronchiectasis, complications assessment",3197477,Radiography chest,<0.1 mSv☢,<0.03 mSv [ped]☢,Usually appropriate
79,Thoracic,"Bronchiectasis, complications assessment",3197477,CT chest without IV contrast,1-10 mSv☢☢☢,3-10 mSv [ped]☢☢☢☢,Usually appropriate
80,Thoracic,"Bronchiectasis, complications assessment",3197477,CT chest with IV contrast,1-10 mSv☢☢☢,3-10 mSv [ped]☢☢☢☢,May be appropriate
81,Thoracic,"Bronchiectasis, complications assessment",3197477,CTA chest with IV contrast,1-10 mSv☢☢☢,3-10 mSv [ped]☢☢☢☢,May be appropriate
82,Thoracic,"Bronchiectasis, complications assessment",3197477,Radiography neck,0.1-1mSv☢☢,,Usually not appropriate
83,Thoracic,"Bronchiectasis, complications assessment",3197477,MRI chest without and with IV contrast,0 mSvO,0 mSv [ped]O,Usually not appropriate
84,Thoracic,"Bronchiectasis, complications assessment",3197477,MRI chest without IV contrast,0 mSvO,0 mSv [ped]O,Usually not appropriate
85,Thoracic,"Bronchiectasis, complications assessment",3197477,CT chest without and with IV contrast,1-10 mSv☢☢☢,3-10 mSv [ped]☢☢☢☢,Usually not appropriate
86,Thoracic,"Bronchiectasis, complications assessment",3197477,CT neck with IV contrast,1-10 mSv☢☢☢,0.3-3 mSv [ped]☢☢☢,Usually not appropriate
87,Thoracic,"Bronchiectasis, complications assessment",3197477,CT neck without and with IV contrast,1-10 mSv☢☢☢,3-10 mSv [ped]☢☢☢☢,Usually not appropriate
88,Thoracic,"Bronchiectasis, complications assessment",3197477,CT neck without IV contrast,1-10 mSv☢☢☢,0.3-3 mSv [ped]☢☢☢,Usually not appropriate
89,Thoracic,"Bronchiectasis, complications assessment",3197477,CT neck and chest with IV contrast,10-30 mSv☢☢☢☢,3-10 mSv [ped]☢☢☢☢,Usually not appropriate
90,Thoracic,"Bronchiectasis, complications assessment",3197477,CT neck and chest without and with IV contrast,10-30 mSv☢☢☢☢,3-10 mSv [ped]☢☢☢☢,Usually not appropriate
91,Thoracic,"Bronchiectasis, complications assessment",3197477,CT neck and chest without IV contrast,10-30 mSv☢☢☢☢,3-10 mSv [ped]☢☢☢☢,Usually not appropriate
92,Thoracic,"Bronchiectasis, complications assessment",3197477,FDG-PET/CT skull base to mid-thigh,10-30 mSv☢☢☢☢,3-10 mSv [ped]☢☢☢☢,Usually not appropriate
93,Thoracic,"Bronchiectasis, treatment response assessment",3197478,Radiography chest,<0.1 mSv☢,<0.03 mSv [ped]☢,Usually appropriate
94,Thoracic,"Bronchiectasis, treatment response assessment",3197478,CT chest without IV contrast,1-10 mSv☢☢☢,3-10 mSv [ped]☢☢☢☢,Usually appropriate
95,Thoracic,"Bronchiectasis, treatment response assessment",3197478,CT chest with IV contrast,1-10 mSv☢☢☢,3-10 mSv [ped]☢☢☢☢,May be appropriate
96,Thoracic,"Bronchiectasis, treatment response assessment",3197478,CTA chest with IV contrast,1-10 mSv☢☢☢,3-10 mSv [ped]☢☢☢☢,May be appropriate
97,Thoracic,"Bronchiectasis, treatment response assessment",3197478,Radiography neck,0.1-1mSv☢☢,,Usually not appropriate
98,Thoracic,"Bronchiectasis, treatment response assessment",3197478,MRI chest without and with IV contrast,0 mSvO,0 mSv [ped]O,Usually not appropriate
99,Thoracic,"Bronchiectasis, treatment response assessment",3197478,MRI chest without IV contrast,0 mSvO,0 mSv [ped]O,Usually not appropriate
100,Thoracic,"Bronchiectasis, treatment response assessment",3197478,CT chest without and with IV contrast,1-10 mSv☢☢☢,3-10 mSv [ped]☢☢☢☢,Usually not appropriate
101,Thoracic,"Bronchiectasis, treatment response assessment",3197478,CT neck with IV contrast,1-10 mSv☢☢☢,0.3-3 mSv [ped]☢☢☢,Usually not appropriate
102,Thoracic,"Bronchiectasis, treatment response assessment",3197478,CT neck without and with IV contrast,1-10 mSv☢☢☢,3-10 mSv [ped]☢☢☢☢,Usually not appropriate
103,Thoracic,"Bronchiectasis, treatment response assessment",3197478,CT neck without IV contrast,1-10 mSv☢☢☢,0.3-3 mSv [ped]☢☢☢,Usually not appropriate
104,Thoracic,"Bronchiectasis, treatment response assessment",3197478,CT neck and chest with IV contrast,10-30 mSv☢☢☢☢,3-10 mSv [ped]☢☢☢☢,Usually not appropriate
105,Thoracic,"Bronchiectasis, treatment response assessment",3197478,CT neck and chest without and with IV contrast,10-30 mSv☢☢☢☢,3-10 mSv [ped]☢☢☢☢,Usually not appropriate
106,Thoracic,"Bronchiectasis, treatment response assessment",3197478,CT neck and chest without IV contrast,10-30 mSv☢☢☢☢,3-10 mSv [ped]☢☢☢☢,Usually not appropriate
107,Thoracic,"Bronchiectasis, treatment response assessment",3197478,FDG-PET/CT skull base to mid-thigh,10-30 mSv☢☢☢☢,3-10 mSv [ped]☢☢☢☢,Usually not appropriate
108,Thoracic,"Bronchomalacia suspected, initial imaging",3197468,CT chest without IV contrast,1-10 mSv☢☢☢,3-10 mSv [ped]☢☢☢☢,Usually appropriate
109,Thoracic,"Bronchomalacia suspected, initial imaging",3197468,Radiography chest,<0.1 mSv☢,<0.03 mSv [ped]☢,May be appropriate (Disagreement)
110,Thoracic,"Bronchomalacia suspected, initial imaging",3197468,CT neck and chest without IV contrast,10-30 mSv☢☢☢☢,3-10 mSv [ped]☢☢☢☢,May be appropriate (Disagreement)
111,Thoracic,"Bronchomalacia suspected, initial imaging",3197468,Radiography neck,0.1-1mSv☢☢,,Usually not appropriate
112,Thoracic,"Bronchomalacia suspected, initial imaging",3197468,MRI chest without and with IV contrast,0 mSvO,0 mSv [ped]O,Usually not appropriate
113,Thoracic,"Bronchomalacia suspected, initial imaging",3197468,MRI chest without IV contrast,0 mSvO,0 mSv [ped]O,Usually not appropriate
114,Thoracic,"Bronchomalacia suspected, initial imaging",3197468,CT chest with IV contrast,1-10 mSv☢☢☢,3-10 mSv [ped]☢☢☢☢,Usually not appropriate
115,Thoracic,"Bronchomalacia suspected, initial imaging",3197468,CT chest without and with IV contrast,1-10 mSv☢☢☢,3-10 mSv [ped]☢☢☢☢,Usually not appropriate
116,Thoracic,"Bronchomalacia suspected, initial imaging",3197468,CT neck with IV contrast,1-10 mSv☢☢☢,0.3-3 mSv [ped]☢☢☢,Usually not appropriate
117,Thoracic,"Bronchomalacia suspected, initial imaging",3197468,CT neck without and with IV contrast,1-10 mSv☢☢☢,3-10 mSv [ped]☢☢☢☢,Usually not appropriate
118,Thoracic,"Bronchomalacia suspected, initial imaging",3197468,CT neck without IV contrast,1-10 mSv☢☢☢,0.3-3 mSv [ped]☢☢☢,Usually not appropriate
119,Thoracic,"Bronchomalacia suspected, initial imaging",3197468,CTA chest with IV contrast,1-10 mSv☢☢☢,3-10 mSv [ped]☢☢☢☢,Usually not appropriate
120,Thoracic,"Bronchomalacia suspected, initial imaging",3197468,CT neck and chest with IV contrast,10-30 mSv☢☢☢☢,3-10 mSv [ped]☢☢☢☢,Usually not appropriate
121,Thoracic,"Bronchomalacia suspected, initial imaging",3197468,CT neck and chest without and with IV contrast,10-30 mSv☢☢☢☢,3-10 mSv [ped]☢☢☢☢,Usually not appropriate
122,Thoracic,"Bronchomalacia suspected, initial imaging",3197468,FDG-PET/CT skull base to mid-thigh,10-30 mSv☢☢☢☢,3-10 mSv [ped]☢☢☢☢,Usually not appropriate
123,Thoracic,"Bronchomalacia, posttreatment assessment",3197471,CT chest without IV contrast,1-10 mSv☢☢☢,3-10 mSv [ped]☢☢☢☢,Usually appropriate
124,Thoracic,"Bronchomalacia, posttreatment assessment",3197471,CT chest with IV contrast,1-10 mSv☢☢☢,3-10 mSv [ped]☢☢☢☢,May be appropriate
125,Thoracic,"Bronchomalacia, posttreatment assessment",3197471,CTA chest with IV contrast,1-10 mSv☢☢☢,3-10 mSv [ped]☢☢☢☢,May be appropriate
126,Thoracic,"Bronchomalacia, posttreatment assessment",3197471,CT neck and chest with IV contrast,10-30 mSv☢☢☢☢,3-10 mSv [ped]☢☢☢☢,May be appropriate
127,Thoracic,"Bronchomalacia, posttreatment assessment",3197471,CT neck and chest without IV contrast,10-30 mSv☢☢☢☢,3-10 mSv [ped]☢☢☢☢,May be appropriate
128,Thoracic,"Bronchomalacia, posttreatment assessment",3197471,Radiography chest,<0.1 mSv☢,<0.03 mSv [ped]☢,Usually not appropriate
129,Thoracic,"Bronchomalacia, posttreatment assessment",3197471,Radiography neck,0.1-1mSv☢☢,,Usually not appropriate
130,Thoracic,"Bronchomalacia, posttreatment assessment",3197471,MRI chest without and with IV contrast,0 mSvO,0 mSv [ped]O,Usually not appropriate
131,Thoracic,"Bronchomalacia, posttreatment assessment",3197471,MRI chest without IV contrast,0 mSvO,0 mSv [ped]O,Usually not appropriate
132,Thoracic,"Bronchomalacia, posttreatment assessment",3197471,CT chest without and with IV contrast,1-10 mSv☢☢☢,3-10 mSv [ped]☢☢☢☢,Usually not appropriate
133,Thoracic,"Bronchomalacia, posttreatment assessment",3197471,CT neck with IV contrast,1-10 mSv☢☢☢,0.3-3 mSv [ped]☢☢☢,Usually not appropriate
134,Thoracic,"Bronchomalacia, posttreatment assessment",3197471,CT neck without and with IV contrast,1-10 mSv☢☢☢,3-10 mSv [ped]☢☢☢☢,Usually not appropriate
135,Thoracic,"Bronchomalacia, posttreatment assessment",3197471,CT neck without IV contrast,1-10 mSv☢☢☢,0.3-3 mSv [ped]☢☢☢,Usually not appropriate
136,Thoracic,"Bronchomalacia, posttreatment assessment",3197471,CT neck and chest without and with IV contrast,10-30 mSv☢☢☢☢,3-10 mSv [ped]☢☢☢☢,Usually not appropriate
137,Thoracic,"Bronchomalacia, posttreatment assessment",3197471,FDG-PET/CT skull base to mid-thigh,10-30 mSv☢☢☢☢,3-10 mSv [ped]☢☢☢☢,Usually not appropriate
138,Thoracic,"Bronchomalacia, pretreatment assessment",3197470,CT chest without IV contrast,1-10 mSv☢☢☢,3-10 mSv [ped]☢☢☢☢,Usually appropriate
139,Thoracic,"Bronchomalacia, pretreatment assessment",3197470,CT chest with IV contrast,1-10 mSv☢☢☢,3-10 mSv [ped]☢☢☢☢,May be appropriate
140,Thoracic,"Bronchomalacia, pretreatment assessment",3197470,CTA chest with IV contrast,1-10 mSv☢☢☢,3-10 mSv [ped]☢☢☢☢,May be appropriate
141,Thoracic,"Bronchomalacia, pretreatment assessment",3197470,CT neck and chest with IV contrast,10-30 mSv☢☢☢☢,3-10 mSv [ped]☢☢☢☢,May be appropriate
142,Thoracic,"Bronchomalacia, pretreatment assessment",3197470,CT neck and chest without IV contrast,10-30 mSv☢☢☢☢,3-10 mSv [ped]☢☢☢☢,May be appropriate
143,Thoracic,"Bronchomalacia, pretreatment assessment",3197470,Radiography chest,<0.1 mSv☢,<0.03 mSv [ped]☢,Usually not appropriate
144,Thoracic,"Bronchomalacia, pretreatment assessment",3197470,Radiography neck,0.1-1mSv☢☢,,Usually not appropriate
145,Thoracic,"Bronchomalacia, pretreatment assessment",3197470,MRI chest without and with IV contrast,0 mSvO,0 mSv [ped]O,Usually not appropriate
146,Thoracic,"Bronchomalacia, pretreatment assessment",3197470,MRI chest without IV contrast,0 mSvO,0 mSv [ped]O,Usually not appropriate
147,Thoracic,"Bronchomalacia, pretreatment assessment",3197470,CT chest without and with IV contrast,1-10 mSv☢☢☢,3-10 mSv [ped]☢☢☢☢,Usually not appropriate
148,Thoracic,"Bronchomalacia, pretreatment assessment",3197470,CT neck with IV contrast,1-10 mSv☢☢☢,0.3-3 mSv [ped]☢☢☢,Usually not appropriate
149,Thoracic,"Bronchomalacia, pretreatment assessment",3197470,CT neck without and with IV contrast,1-10 mSv☢☢☢,3-10 mSv [ped]☢☢☢☢,Usually not appropriate
150,Thoracic,"Bronchomalacia, pretreatment assessment",3197470,CT neck without IV contrast,1-10 mSv☢☢☢,0.3-3 mSv [ped]☢☢☢,Usually not appropriate
151,Thoracic,"Bronchomalacia, pretreatment assessment",3197470,CT neck and chest without and with IV contrast,10-30 mSv☢☢☢☢,3-10 mSv [ped]☢☢☢☢,Usually not appropriate
152,Thoracic,"Bronchomalacia, pretreatment assessment",3197470,FDG-PET/CT skull base to mid-thigh,10-30 mSv☢☢☢☢,3-10 mSv [ped]☢☢☢☢,Usually not appropriate
153,Thoracic,"Chest trauma, blunt, cardiac injury suspected, hemodynamically stable",3185411,US echocardiography transthoracic resting,0 mSvO,0 mSv [ped]O,Usually appropriate
154,Thoracic,"Chest trauma, blunt, cardiac injury suspected, hemodynamically stable",3185411,Radiography chest,<0.1 mSv☢,<0.03 mSv [ped]☢,Usually appropriate
155,Thoracic,"Chest trauma, blunt, cardiac injury suspected, hemodynamically stable",3185411,CT chest with IV contrast,1-10 mSv☢☢☢,3-10 mSv [ped]☢☢☢☢,Usually appropriate
156,Thoracic,"Chest trauma, blunt, cardiac injury suspected, hemodynamically stable",3185411,CT chest without and with IV contrast,1-10 mSv☢☢☢,3-10 mSv [ped]☢☢☢☢,Usually appropriate
157,Thoracic,"Chest trauma, blunt, cardiac injury suspected, hemodynamically stable",3185411,CTA chest with IV contrast,1-10 mSv☢☢☢,3-10 mSv [ped]☢☢☢☢,Usually appropriate
158,Thoracic,"Chest trauma, blunt, cardiac injury suspected, hemodynamically stable",3185411,CTA chest without and with IV contrast,1-10 mSv☢☢☢,,Usually appropriate
159,Thoracic,"Chest trauma, blunt, cardiac injury suspected, hemodynamically stable",3185411,US echocardiography transesophageal,0 mSvO,0 mSv [ped]O,May be appropriate
160,Thoracic,"Chest trauma, blunt, cardiac injury suspected, hemodynamically stable",3185411,CT chest without IV contrast,1-10 mSv☢☢☢,3-10 mSv [ped]☢☢☢☢,May be appropriate
161,Thoracic,"Chest trauma, blunt, cardiac injury suspected, hemodynamically stable",3185411,CT heart function and morphology with IV contrast,10-30 mSv☢☢☢☢,3-10 mSv [ped]☢☢☢☢,May be appropriate
162,Thoracic,"Chest trauma, blunt, cardiac injury suspected, hemodynamically stable",3185411,US echocardiography transthoracic stress,0 mSvO,0 mSv [ped]O,Usually not appropriate
163,Thoracic,"Chest trauma, blunt, cardiac injury suspected, hemodynamically stable",3185411,MRI heart function and morphology without and with IV contrast,0 mSvO,0 mSv [ped]O,Usually not appropriate
164,Thoracic,"Chest trauma, blunt, cardiac injury suspected, hemodynamically stable",3185411,MRI heart function and morphology without IV contrast,0 mSvO,0 mSv [ped]O,Usually not appropriate
165,Thoracic,"Chest trauma, blunt, cardiac injury suspected, hemodynamically stable",3185411,MRI heart with function and inotropic stress without and with IV contrast,0 mSvO,0 mSv [ped]O,Usually not appropriate
166,Thoracic,"Chest trauma, blunt, cardiac injury suspected, hemodynamically stable",3185411,MRI heart with function and inotropic stress without IV contrast,0 mSvO,0 mSv [ped]O,Usually not appropriate
167,Thoracic,"Chest trauma, blunt, cardiac injury suspected, hemodynamically stable",3185411,MRI heart with function and vasodilator stress perfusion without and with IV contrast,0 mSvO,0 mSv [ped]O,Usually not appropriate
168,Thoracic,"Chest trauma, blunt, cardiac injury suspected, hemodynamically stable",3185411,CTA coronary arteries with IV contrast,1-10 mSv☢☢☢,3-10 mSv [ped]☢☢☢☢,Usually not appropriate
169,Thoracic,"Chest trauma, blunt, cardiac injury suspected, hemodynamically stable",3185411,SPECT or SPECT/CT MPI rest only,1-10 mSv☢☢☢,,Usually not appropriate
170,Thoracic,"Chest trauma, blunt, cardiac injury suspected, hemodynamically stable",3185411,FDG-PET/CT heart,10-30 mSv☢☢☢☢,3-10 mSv [ped]☢☢☢☢,Usually not appropriate
171,Thoracic,"Chest trauma, blunt, cardiac injury suspected, hemodynamically stable",3185411,SPECT or SPECT/CT MPI rest and stress,10-30 mSv☢☢☢☢,10-30 mSv [ped]☢☢☢☢☢,Usually not appropriate
172,Thoracic,"Chest trauma, blunt, cardiac injury suspected, hemodynamically unstable",3185412,US echocardiography transthoracic resting,0 mSvO,0 mSv [ped]O,Usually appropriate
173,Thoracic,"Chest trauma, blunt, cardiac injury suspected, hemodynamically unstable",3185412,Radiography chest,<0.1 mSv☢,<0.03 mSv [ped]☢,Usually appropriate
174,Thoracic,"Chest trauma, blunt, cardiac injury suspected, hemodynamically unstable",3185412,CT chest with IV contrast,1-10 mSv☢☢☢,3-10 mSv [ped]☢☢☢☢,Usually appropriate
175,Thoracic,"Chest trauma, blunt, cardiac injury suspected, hemodynamically unstable",3185412,CT chest without and with IV contrast,1-10 mSv☢☢☢,3-10 mSv [ped]☢☢☢☢,Usually appropriate
176,Thoracic,"Chest trauma, blunt, cardiac injury suspected, hemodynamically unstable",3185412,CTA chest with IV contrast,1-10 mSv☢☢☢,3-10 mSv [ped]☢☢☢☢,Usually appropriate
177,Thoracic,"Chest trauma, blunt, cardiac injury suspected, hemodynamically unstable",3185412,CTA chest without and with IV contrast,1-10 mSv☢☢☢,,Usually appropriate
178,Thoracic,"Chest trauma, blunt, cardiac injury suspected, hemodynamically unstable",3185412,CT heart function and morphology with IV contrast,10-30 mSv☢☢☢☢,3-10 mSv [ped]☢☢☢☢,Usually appropriate
179,Thoracic,"Chest trauma, blunt, cardiac injury suspected, hemodynamically unstable",3185412,US echocardiography transesophageal,0 mSvO,0 mSv [ped]O,May be appropriate
180,Thoracic,"Chest trauma, blunt, cardiac injury suspected, hemodynamically unstable",3185412,CT chest without IV contrast,1-10 mSv☢☢☢,3-10 mSv [ped]☢☢☢☢,May be appropriate
181,Thoracic,"Chest trauma, blunt, cardiac injury suspected, hemodynamically unstable",3185412,CTA coronary arteries with IV contrast,1-10 mSv☢☢☢,3-10 mSv [ped]☢☢☢☢,May be appropriate
182,Thoracic,"Chest trauma, blunt, cardiac injury suspected, hemodynamically unstable",3185412,US echocardiography transthoracic stress,0 mSvO,0 mSv [ped]O,Usually not appropriate
183,Thoracic,"Chest trauma, blunt, cardiac injury suspected, hemodynamically unstable",3185412,MRI heart function and morphology without and with IV contrast,0 mSvO,0 mSv [ped]O,Usually not appropriate
184,Thoracic,"Chest trauma, blunt, cardiac injury suspected, hemodynamically unstable",3185412,MRI heart function and morphology without IV contrast,0 mSvO,0 mSv [ped]O,Usually not appropriate
185,Thoracic,"Chest trauma, blunt, cardiac injury suspected, hemodynamically unstable",3185412,MRI heart with function and inotropic stress without and with IV contrast,0 mSvO,0 mSv [ped]O,Usually not appropriate
186,Thoracic,"Chest trauma, blunt, cardiac injury suspected, hemodynamically unstable",3185412,MRI heart with function and inotropic stress without IV contrast,0 mSvO,0 mSv [ped]O,Usually not appropriate
187,Thoracic,"Chest trauma, blunt, cardiac injury suspected, hemodynamically unstable",3185412,MRI heart with function and vasodilator stress perfusion without and with IV contrast,0 mSvO,0 mSv [ped]O,Usually not appropriate
188,Thoracic,"Chest trauma, blunt, cardiac injury suspected, hemodynamically unstable",3185412,SPECT or SPECT/CT MPI rest only,1-10 mSv☢☢☢,,Usually not appropriate
189,Thoracic,"Chest trauma, blunt, cardiac injury suspected, hemodynamically unstable",3185412,FDG-PET/CT heart,10-30 mSv☢☢☢☢,3-10 mSv [ped]☢☢☢☢,Usually not appropriate
190,Thoracic,"Chest trauma, blunt, cardiac injury suspected, hemodynamically unstable",3185412,SPECT or SPECT/CT MPI rest and stress,10-30 mSv☢☢☢☢,10-30 mSv [ped]☢☢☢☢☢,Usually not appropriate
191,Thoracic,"Chest trauma, blunt, rib fracture suspected",3074105,Radiography chest,<0.1 mSv☢,<0.03 mSv [ped]☢,Usually appropriate
192,Thoracic,"Chest trauma, blunt, rib fracture suspected",3074105,Radiography rib views,1-10 mSv☢☢☢,,May be appropriate
193,Thoracic,"Chest trauma, blunt, rib fracture suspected",3074105,US chest,0 mSvO,0 mSv [ped]O,Usually not appropriate
194,Thoracic,"Chest trauma, blunt, rib fracture suspected",3074105,Bone scan whole body,1-10 mSv☢☢☢,3-10 mSv [ped]☢☢☢☢,Usually not appropriate
195,Thoracic,"Chest trauma, blunt, rib fracture suspected",3074105,CT chest with IV contrast,1-10 mSv☢☢☢,3-10 mSv [ped]☢☢☢☢,Usually not appropriate
196,Thoracic,"Chest trauma, blunt, rib fracture suspected",3074105,CT chest without and with IV contrast,1-10 mSv☢☢☢,3-10 mSv [ped]☢☢☢☢,Usually not appropriate
197,Thoracic,"Chest trauma, blunt, rib fracture suspected",3074105,CT chest without IV contrast,1-10 mSv☢☢☢,3-10 mSv [ped]☢☢☢☢,Usually not appropriate
198,Thoracic,"Chest wall pain, nontraumatic, infection suspected, chest radiography normal, next imaging study",3194251,CT chest with IV contrast,1-10 mSv☢☢☢,3-10 mSv [ped]☢☢☢☢,Usually appropriate
199,Thoracic,"Chest wall pain, nontraumatic, infection suspected, chest radiography normal, next imaging study",3194251,CT chest without IV contrast,1-10 mSv☢☢☢,3-10 mSv [ped]☢☢☢☢,Usually appropriate
200,Thoracic,"Chest wall pain, nontraumatic, infection suspected, chest radiography normal, next imaging study",3194251,US chest,0 mSvO,0 mSv [ped]O,May be appropriate
201,Thoracic,"Chest wall pain, nontraumatic, infection suspected, chest radiography normal, next imaging study",3194251,MRI chest without and with IV contrast,0 mSvO,0 mSv [ped]O,May be appropriate
202,Thoracic,"Chest wall pain, nontraumatic, infection suspected, chest radiography normal, next imaging study",3194251,MRI chest without IV contrast,0 mSvO,0 mSv [ped]O,May be appropriate (Disagreement)
203,Thoracic,"Chest wall pain, nontraumatic, infection suspected, chest radiography normal, next imaging study",3194251,Bone scan whole body,1-10 mSv☢☢☢,3-10 mSv [ped]☢☢☢☢,May be appropriate (Disagreement)
204,Thoracic,"Chest wall pain, nontraumatic, infection suspected, chest radiography normal, next imaging study",3194251,FDG-PET/CT skull base to mid-thigh,10-30 mSv☢☢☢☢,3-10 mSv [ped]☢☢☢☢,May be appropriate
205,Thoracic,"Chest wall pain, nontraumatic, infection suspected, chest radiography normal, next imaging study",3194251,WBC scan chest,10-30 mSv☢☢☢☢,,May be appropriate
206,Thoracic,"Chest wall pain, nontraumatic, infection suspected, chest radiography normal, next imaging study",3194251,Radiography rib views,1-10 mSv☢☢☢,,Usually not appropriate
207,Thoracic,"Chest wall pain, nontraumatic, infection suspected, chest radiography normal, next imaging study",3194251,CT chest without and with IV contrast,1-10 mSv☢☢☢,3-10 mSv [ped]☢☢☢☢,Usually not appropriate
208,Thoracic,"Chest wall pain, nontraumatic, inflammatory condition suspected, chest radiography normal, next imaging study",3194252,CT chest with IV contrast,1-10 mSv☢☢☢,3-10 mSv [ped]☢☢☢☢,Usually appropriate
209,Thoracic,"Chest wall pain, nontraumatic, inflammatory condition suspected, chest radiography normal, next imaging study",3194252,CT chest without IV contrast,1-10 mSv☢☢☢,3-10 mSv [ped]☢☢☢☢,Usually appropriate
210,Thoracic,"Chest wall pain, nontraumatic, inflammatory condition suspected, chest radiography normal, next imaging study",3194252,US chest,0 mSvO,0 mSv [ped]O,May be appropriate
211,Thoracic,"Chest wall pain, nontraumatic, inflammatory condition suspected, chest radiography normal, next imaging study",3194252,MRI chest without and with IV contrast,0 mSvO,0 mSv [ped]O,May be appropriate
212,Thoracic,"Chest wall pain, nontraumatic, inflammatory condition suspected, chest radiography normal, next imaging study",3194252,MRI chest without IV contrast,0 mSvO,0 mSv [ped]O,May be appropriate (Disagreement)
213,Thoracic,"Chest wall pain, nontraumatic, inflammatory condition suspected, chest radiography normal, next imaging study",3194252,Bone scan whole body,1-10 mSv☢☢☢,3-10 mSv [ped]☢☢☢☢,May be appropriate (Disagreement)
214,Thoracic,"Chest wall pain, nontraumatic, inflammatory condition suspected, chest radiography normal, next imaging study",3194252,FDG-PET/CT skull base to mid-thigh,10-30 mSv☢☢☢☢,3-10 mSv [ped]☢☢☢☢,May be appropriate
215,Thoracic,"Chest wall pain, nontraumatic, inflammatory condition suspected, chest radiography normal, next imaging study",3194252,WBC scan chest,10-30 mSv☢☢☢☢,,May be appropriate
216,Thoracic,"Chest wall pain, nontraumatic, inflammatory condition suspected, chest radiography normal, next imaging study",3194252,Radiography rib views,1-10 mSv☢☢☢,,Usually not appropriate
217,Thoracic,"Chest wall pain, nontraumatic, inflammatory condition suspected, chest radiography normal, next imaging study",3194252,CT chest without and with IV contrast,1-10 mSv☢☢☢,3-10 mSv [ped]☢☢☢☢,Usually not appropriate
218,Thoracic,"Chest wall pain, nontraumatic, malignancy suspected, chest radiography normal, next imaging study",3194249,Bone scan whole body,1-10 mSv☢☢☢,3-10 mSv [ped]☢☢☢☢,Usually appropriate
219,Thoracic,"Chest wall pain, nontraumatic, malignancy suspected, chest radiography normal, next imaging study",3194249,CT chest with IV contrast,1-10 mSv☢☢☢,3-10 mSv [ped]☢☢☢☢,Usually appropriate
220,Thoracic,"Chest wall pain, nontraumatic, malignancy suspected, chest radiography normal, next imaging study",3194249,CT chest without IV contrast,1-10 mSv☢☢☢,3-10 mSv [ped]☢☢☢☢,Usually appropriate
221,Thoracic,"Chest wall pain, nontraumatic, malignancy suspected, chest radiography normal, next imaging study",3194249,Radiography rib views,1-10 mSv☢☢☢,,May be appropriate
222,Thoracic,"Chest wall pain, nontraumatic, malignancy suspected, chest radiography normal, next imaging study",3194249,MRI chest without and with IV contrast,0 mSvO,0 mSv [ped]O,May be appropriate
223,Thoracic,"Chest wall pain, nontraumatic, malignancy suspected, chest radiography normal, next imaging study",3194249,MRI chest without IV contrast,0 mSvO,0 mSv [ped]O,May be appropriate
224,Thoracic,"Chest wall pain, nontraumatic, malignancy suspected, chest radiography normal, next imaging study",3194249,FDG-PET/CT skull base to mid-thigh,10-30 mSv☢☢☢☢,3-10 mSv [ped]☢☢☢☢,May be appropriate
225,Thoracic,"Chest wall pain, nontraumatic, malignancy suspected, chest radiography normal, next imaging study",3194249,US chest,0 mSvO,0 mSv [ped]O,Usually not appropriate
226,Thoracic,"Chest wall pain, nontraumatic, malignancy suspected, chest radiography normal, next imaging study",3194249,CT chest without and with IV contrast,1-10 mSv☢☢☢,3-10 mSv [ped]☢☢☢☢,Usually not appropriate
227,Thoracic,"Chest wall pain, nontraumatic, malignancy suspected, chest radiography normal, next imaging study",3194249,WBC scan chest,10-30 mSv☢☢☢☢,,Usually not appropriate
228,Thoracic,"Chest wall pain, nontraumatic, malignancy, chest radiography normal, next imaging study",3194248,Bone scan whole body,1-10 mSv☢☢☢,3-10 mSv [ped]☢☢☢☢,Usually appropriate
229,Thoracic,"Chest wall pain, nontraumatic, malignancy, chest radiography normal, next imaging study",3194248,CT chest with IV contrast,1-10 mSv☢☢☢,3-10 mSv [ped]☢☢☢☢,Usually appropriate
230,Thoracic,"Chest wall pain, nontraumatic, malignancy, chest radiography normal, next imaging study",3194248,CT chest without IV contrast,1-10 mSv☢☢☢,3-10 mSv [ped]☢☢☢☢,Usually appropriate
231,Thoracic,"Chest wall pain, nontraumatic, malignancy, chest radiography normal, next imaging study",3194248,Radiography rib views,1-10 mSv☢☢☢,,May be appropriate
232,Thoracic,"Chest wall pain, nontraumatic, malignancy, chest radiography normal, next imaging study",3194248,MRI chest without and with IV contrast,0 mSvO,0 mSv [ped]O,May be appropriate
233,Thoracic,"Chest wall pain, nontraumatic, malignancy, chest radiography normal, next imaging study",3194248,MRI chest without IV contrast,0 mSvO,0 mSv [ped]O,May be appropriate
234,Thoracic,"Chest wall pain, nontraumatic, malignancy, chest radiography normal, next imaging study",3194248,FDG-PET/CT skull base to mid-thigh,10-30 mSv☢☢☢☢,3-10 mSv [ped]☢☢☢☢,May be appropriate
235,Thoracic,"Chest wall pain, nontraumatic, malignancy, chest radiography normal, next imaging study",3194248,US chest,0 mSvO,0 mSv [ped]O,Usually not appropriate
236,Thoracic,"Chest wall pain, nontraumatic, malignancy, chest radiography normal, next imaging study",3194248,CT chest without and with IV contrast,1-10 mSv☢☢☢,3-10 mSv [ped]☢☢☢☢,Usually not appropriate
237,Thoracic,"Chest wall pain, nontraumatic, malignancy, chest radiography normal, next imaging study",3194248,WBC scan chest,10-30 mSv☢☢☢☢,,Usually not appropriate
238,Thoracic,"Chest wall pain, nontraumatic, no hx of malignancy, initial imaging",3194246,Radiography chest,<0.1 mSv☢,<0.03 mSv [ped]☢,Usually appropriate
239,Thoracic,"Chest wall pain, nontraumatic, no hx of malignancy, initial imaging",3194246,US chest,0 mSvO,0 mSv [ped]O,May be appropriate
240,Thoracic,"Chest wall pain, nontraumatic, no hx of malignancy, initial imaging",3194246,Radiography rib views,1-10 mSv☢☢☢,,May be appropriate
241,Thoracic,"Chest wall pain, nontraumatic, no hx of malignancy, initial imaging",3194246,MRI chest without and with IV contrast,0 mSvO,0 mSv [ped]O,Usually not appropriate
242,Thoracic,"Chest wall pain, nontraumatic, no hx of malignancy, initial imaging",3194246,MRI chest without IV contrast,0 mSvO,0 mSv [ped]O,Usually not appropriate
243,Thoracic,"Chest wall pain, nontraumatic, no hx of malignancy, initial imaging",3194246,Bone scan whole body,1-10 mSv☢☢☢,3-10 mSv [ped]☢☢☢☢,Usually not appropriate
244,Thoracic,"Chest wall pain, nontraumatic, no hx of malignancy, initial imaging",3194246,CT chest with IV contrast,1-10 mSv☢☢☢,3-10 mSv [ped]☢☢☢☢,Usually not appropriate
245,Thoracic,"Chest wall pain, nontraumatic, no hx of malignancy, initial imaging",3194246,CT chest without and with IV contrast,1-10 mSv☢☢☢,3-10 mSv [ped]☢☢☢☢,Usually not appropriate
246,Thoracic,"Chest wall pain, nontraumatic, no hx of malignancy, initial imaging",3194246,CT chest without IV contrast,1-10 mSv☢☢☢,3-10 mSv [ped]☢☢☢☢,Usually not appropriate
247,Thoracic,"Chest wall pain, nontraumatic, no hx of malignancy, initial imaging",3194246,FDG-PET/CT skull base to mid-thigh,10-30 mSv☢☢☢☢,3-10 mSv [ped]☢☢☢☢,Usually not appropriate
248,Thoracic,"Chest wall pain, nontraumatic, no hx of malignancy, initial imaging",3194246,WBC scan chest,10-30 mSv☢☢☢☢,,Usually not appropriate
249,Thoracic,"Chest wall pain, nontraumatic, prior chest intervention, chest radiography normal, next imaging study",3194254,CT chest with IV contrast,1-10 mSv☢☢☢,3-10 mSv [ped]☢☢☢☢,Usually appropriate
250,Thoracic,"Chest wall pain, nontraumatic, prior chest intervention, chest radiography normal, next imaging study",3194254,CT chest without IV contrast,1-10 mSv☢☢☢,3-10 mSv [ped]☢☢☢☢,Usually appropriate
251,Thoracic,"Chest wall pain, nontraumatic, prior chest intervention, chest radiography normal, next imaging study",3194254,US chest,0 mSvO,0 mSv [ped]O,May be appropriate
252,Thoracic,"Chest wall pain, nontraumatic, prior chest intervention, chest radiography normal, next imaging study",3194254,MRI chest without and with IV contrast,0 mSvO,0 mSv [ped]O,May be appropriate
253,Thoracic,"Chest wall pain, nontraumatic, prior chest intervention, chest radiography normal, next imaging study",3194254,MRI chest without IV contrast,0 mSvO,0 mSv [ped]O,May be appropriate
254,Thoracic,"Chest wall pain, nontraumatic, prior chest intervention, chest radiography normal, next imaging study",3194254,FDG-PET/CT skull base to mid-thigh,10-30 mSv☢☢☢☢,3-10 mSv [ped]☢☢☢☢,May be appropriate
255,Thoracic,"Chest wall pain, nontraumatic, prior chest intervention, chest radiography normal, next imaging study",3194254,Radiography rib views,1-10 mSv☢☢☢,,Usually not appropriate
256,Thoracic,"Chest wall pain, nontraumatic, prior chest intervention, chest radiography normal, next imaging study",3194254,Bone scan whole body,1-10 mSv☢☢☢,3-10 mSv [ped]☢☢☢☢,Usually not appropriate
257,Thoracic,"Chest wall pain, nontraumatic, prior chest intervention, chest radiography normal, next imaging study",3194254,CT chest without and with IV contrast,1-10 mSv☢☢☢,3-10 mSv [ped]☢☢☢☢,Usually not appropriate
258,Thoracic,"Chest wall pain, nontraumatic, prior chest intervention, chest radiography normal, next imaging study",3194254,WBC scan chest,10-30 mSv☢☢☢☢,,Usually not appropriate
259,Thoracic,"COPD, acute exacerbation, immunocompetent, fever, initial imaging",3148571,Radiography chest,<0.1 mSv☢,<0.03 mSv [ped]☢,Usually appropriate
260,Thoracic,"COPD, acute exacerbation, immunocompetent, fever, initial imaging",3148571,CTA chest with IV contrast,1-10 mSv☢☢☢,3-10 mSv [ped]☢☢☢☢,May be appropriate
261,Thoracic,"COPD, acute exacerbation, immunocompetent, fever, initial imaging",3148571,US chest,0 mSvO,0 mSv [ped]O,Usually not appropriate
262,Thoracic,"COPD, acute exacerbation, immunocompetent, fever, initial imaging",3148571,MRI chest without and with IV contrast,0 mSvO,0 mSv [ped]O,Usually not appropriate
263,Thoracic,"COPD, acute exacerbation, immunocompetent, fever, initial imaging",3148571,MRI chest without IV contrast,0 mSvO,0 mSv [ped]O,Usually not appropriate
264,Thoracic,"COPD, acute exacerbation, immunocompetent, fever, initial imaging",3148571,CT chest with IV contrast,1-10 mSv☢☢☢,3-10 mSv [ped]☢☢☢☢,Usually not appropriate
265,Thoracic,"COPD, acute exacerbation, immunocompetent, fever, initial imaging",3148571,CT chest without and with IV contrast,1-10 mSv☢☢☢,3-10 mSv [ped]☢☢☢☢,Usually not appropriate
266,Thoracic,"COPD, acute exacerbation, immunocompetent, fever, initial imaging",3148571,CT chest without IV contrast,1-10 mSv☢☢☢,3-10 mSv [ped]☢☢☢☢,Usually not appropriate
267,Thoracic,"COPD, acute exacerbation, immunocompetent, fever, initial imaging",3148571,V/Q scan lung,1-10 mSv☢☢☢,,Usually not appropriate
268,Thoracic,"COPD, acute exacerbation, immunocompetent, chest pain, initial imaging",3148572,Radiography chest,<0.1 mSv☢,<0.03 mSv [ped]☢,Usually appropriate
269,Thoracic,"COPD, acute exacerbation, immunocompetent, chest pain, initial imaging",3148572,CTA chest with IV contrast,1-10 mSv☢☢☢,3-10 mSv [ped]☢☢☢☢,May be appropriate
270,Thoracic,"COPD, acute exacerbation, immunocompetent, chest pain, initial imaging",3148572,US chest,0 mSvO,0 mSv [ped]O,Usually not appropriate
271,Thoracic,"COPD, acute exacerbation, immunocompetent, chest pain, initial imaging",3148572,MRI chest without and with IV contrast,0 mSvO,0 mSv [ped]O,Usually not appropriate
272,Thoracic,"COPD, acute exacerbation, immunocompetent, chest pain, initial imaging",3148572,MRI chest without IV contrast,0 mSvO,0 mSv [ped]O,Usually not appropriate
273,Thoracic,"COPD, acute exacerbation, immunocompetent, chest pain, initial imaging",3148572,CT chest with IV contrast,1-10 mSv☢☢☢,3-10 mSv [ped]☢☢☢☢,Usually not appropriate
274,Thoracic,"COPD, acute exacerbation, immunocompetent, chest pain, initial imaging",3148572,CT chest without and with IV contrast,1-10 mSv☢☢☢,3-10 mSv [ped]☢☢☢☢,Usually not appropriate
275,Thoracic,"COPD, acute exacerbation, immunocompetent, chest pain, initial imaging",3148572,CT chest without IV contrast,1-10 mSv☢☢☢,3-10 mSv [ped]☢☢☢☢,Usually not appropriate
276,Thoracic,"COPD, acute exacerbation, immunocompetent, chest pain, initial imaging",3148572,V/Q scan lung,1-10 mSv☢☢☢,,Usually not appropriate
277,Thoracic,"COPD, acute exacerbation, immunocompetent, uncomplicated, initial imaging",3074091,Radiography chest,<0.1 mSv☢,<0.03 mSv [ped]☢,Usually appropriate
278,Thoracic,"COPD, acute exacerbation, immunocompetent, uncomplicated, initial imaging",3074091,US chest,0 mSvO,0 mSv [ped]O,Usually not appropriate
279,Thoracic,"COPD, acute exacerbation, immunocompetent, uncomplicated, initial imaging",3074091,MRI chest without and with IV contrast,0 mSvO,0 mSv [ped]O,Usually not appropriate
280,Thoracic,"COPD, acute exacerbation, immunocompetent, uncomplicated, initial imaging",3074091,MRI chest without IV contrast,0 mSvO,0 mSv [ped]O,Usually not appropriate
281,Thoracic,"COPD, acute exacerbation, immunocompetent, uncomplicated, initial imaging",3074091,CT chest with IV contrast,1-10 mSv☢☢☢,3-10 mSv [ped]☢☢☢☢,Usually not appropriate
282,Thoracic,"COPD, acute exacerbation, immunocompetent, uncomplicated, initial imaging",3074091,CT chest without and with IV contrast,1-10 mSv☢☢☢,3-10 mSv [ped]☢☢☢☢,Usually not appropriate
283,Thoracic,"COPD, acute exacerbation, immunocompetent, uncomplicated, initial imaging",3074091,CT chest without IV contrast,1-10 mSv☢☢☢,3-10 mSv [ped]☢☢☢☢,Usually not appropriate
284,Thoracic,"COPD, acute exacerbation, immunocompetent, uncomplicated, initial imaging",3074091,CTA chest with IV contrast,1-10 mSv☢☢☢,3-10 mSv [ped]☢☢☢☢,Usually not appropriate
285,Thoracic,"COPD, acute exacerbation, immunocompetent, uncomplicated, initial imaging",3074091,V/Q scan lung,1-10 mSv☢☢☢,,Usually not appropriate
286,Thoracic,"Cough, chronic, >8 wks, increased lung cancer risk, initial imaging",3194235,Radiography chest,<0.1 mSv☢,<0.03 mSv [ped]☢,Usually appropriate
287,Thoracic,"Cough, chronic, >8 wks, increased lung cancer risk, initial imaging",3194235,CT chest with IV contrast,1-10 mSv☢☢☢,3-10 mSv [ped]☢☢☢☢,May be appropriate
288,Thoracic,"Cough, chronic, >8 wks, increased lung cancer risk, initial imaging",3194235,CT chest without IV contrast,1-10 mSv☢☢☢,3-10 mSv [ped]☢☢☢☢,May be appropriate
289,Thoracic,"Cough, chronic, >8 wks, increased lung cancer risk, initial imaging",3194235,MRI chest without and with IV contrast,0 mSvO,0 mSv [ped]O,Usually not appropriate
290,Thoracic,"Cough, chronic, >8 wks, increased lung cancer risk, initial imaging",3194235,MRI chest without IV contrast,0 mSvO,0 mSv [ped]O,Usually not appropriate
291,Thoracic,"Cough, chronic, >8 wks, increased lung cancer risk, initial imaging",3194235,CT chest without and with IV contrast,1-10 mSv☢☢☢,3-10 mSv [ped]☢☢☢☢,Usually not appropriate
292,Thoracic,"Cough, chronic, >8 wks, increased lung cancer risk, initial imaging",3194235,FDG-PET/CT skull base to mid-thigh,10-30 mSv☢☢☢☢,3-10 mSv [ped]☢☢☢☢,Usually not appropriate
293,Thoracic,"Cough, chronic, >8 wks, initial clinical evaluation and empiric treatment complete, persistent symptoms, initial imaging",3194237,Radiography chest,<0.1 mSv☢,<0.03 mSv [ped]☢,Usually appropriate
294,Thoracic,"Cough, chronic, >8 wks, initial clinical evaluation and empiric treatment complete, persistent symptoms, initial imaging",3194237,CT chest with IV contrast,1-10 mSv☢☢☢,3-10 mSv [ped]☢☢☢☢,Usually appropriate
295,Thoracic,"Cough, chronic, >8 wks, initial clinical evaluation and empiric treatment complete, persistent symptoms, initial imaging",3194237,CT chest without IV contrast,1-10 mSv☢☢☢,3-10 mSv [ped]☢☢☢☢,Usually appropriate
296,Thoracic,"Cough, chronic, >8 wks, initial clinical evaluation and empiric treatment complete, persistent symptoms, initial imaging",3194237,CT maxillofacial without IV contrast,0.1-1mSv☢☢,,May be appropriate
297,Thoracic,"Cough, chronic, >8 wks, initial clinical evaluation and empiric treatment complete, persistent symptoms, initial imaging",3194237,Fluoroscopy biphasic esophagram,1-10 mSv☢☢☢,,Usually not appropriate
298,Thoracic,"Cough, chronic, >8 wks, initial clinical evaluation and empiric treatment complete, persistent symptoms, initial imaging",3194237,MRI heart function and morphology without and with IV contrast,0 mSvO,0 mSv [ped]O,Usually not appropriate
299,Thoracic,"Cough, chronic, >8 wks, initial clinical evaluation and empiric treatment complete, persistent symptoms, initial imaging",3194237,CT maxillofacial with IV contrast,0.1-1mSv☢☢,,Usually not appropriate
300,Thoracic,"Cough, chronic, >8 wks, initial clinical evaluation and empiric treatment complete, persistent symptoms, initial imaging",3194237,CT chest without and with IV contrast,1-10 mSv☢☢☢,3-10 mSv [ped]☢☢☢☢,Usually not appropriate
301,Thoracic,"Cough, chronic, >8 wks, initial clinical evaluation and empiric treatment complete, persistent symptoms, initial imaging",3194237,CT maxillofacial without and with IV contrast,1-10 mSv☢☢☢,,Usually not appropriate
302,Thoracic,"Cough, chronic, >8 wks, initial clinical evaluation and empiric treatment complete, persistent symptoms, initial imaging",3194237,V/Q scan lung,1-10 mSv☢☢☢,,Usually not appropriate
303,Thoracic,"Cough, chronic, >8 wks, initial clinical evaluation and empiric treatment complete, persistent symptoms, initial imaging",3194237,FDG-PET/CT skull base to mid-thigh,10-30 mSv☢☢☢☢,3-10 mSv [ped]☢☢☢☢,Usually not appropriate
304,Thoracic,"Cough, chronic, >8 wks, initial clinical evaluation and empiric treatment complete, persistent symptoms, initial imaging",3194237,SPECT or SPECT/CT MPI rest and stress,10-30 mSv☢☢☢☢,10-30 mSv [ped]☢☢☢☢☢,Usually not appropriate
305,Thoracic,"Cough, chronic, >8 wks, no lung cancer risk factors, initial imaging",3194233,Radiography chest,<0.1 mSv☢,<0.03 mSv [ped]☢,Usually appropriate
306,Thoracic,"Cough, chronic, >8 wks, no lung cancer risk factors, initial imaging",3194233,CT chest with IV contrast,1-10 mSv☢☢☢,3-10 mSv [ped]☢☢☢☢,May be appropriate
307,Thoracic,"Cough, chronic, >8 wks, no lung cancer risk factors, initial imaging",3194233,CT chest without IV contrast,1-10 mSv☢☢☢,3-10 mSv [ped]☢☢☢☢,May be appropriate
308,Thoracic,"Cough, chronic, >8 wks, no lung cancer risk factors, initial imaging",3194233,MRI chest without and with IV contrast,0 mSvO,0 mSv [ped]O,Usually not appropriate
309,Thoracic,"Cough, chronic, >8 wks, no lung cancer risk factors, initial imaging",3194233,MRI chest without IV contrast,0 mSvO,0 mSv [ped]O,Usually not appropriate
310,Thoracic,"Cough, chronic, >8 wks, no lung cancer risk factors, initial imaging",3194233,CT chest without and with IV contrast,1-10 mSv☢☢☢,3-10 mSv [ped]☢☢☢☢,Usually not appropriate
311,Thoracic,"Cough, chronic, >8 wks, no lung cancer risk factors, initial imaging",3194233,FDG-PET/CT skull base to mid-thigh,10-30 mSv☢☢☢☢,3-10 mSv [ped]☢☢☢☢,Usually not appropriate
312,Thoracic,"Diffuse lung disease suspected, initial imaging",3194239,Radiography chest,<0.1 mSv☢,<0.03 mSv [ped]☢,Usually appropriate
313,Thoracic,"Diffuse lung disease suspected, initial imaging",3194239,CT chest without IV contrast,1-10 mSv☢☢☢,3-10 mSv [ped]☢☢☢☢,Usually appropriate
314,Thoracic,"Diffuse lung disease suspected, initial imaging",3194239,CT chest with IV contrast,1-10 mSv☢☢☢,3-10 mSv [ped]☢☢☢☢,May be appropriate
315,Thoracic,"Diffuse lung disease suspected, initial imaging",3194239,MRI chest without and with IV contrast,0 mSvO,0 mSv [ped]O,Usually not appropriate
316,Thoracic,"Diffuse lung disease suspected, initial imaging",3194239,MRI chest without IV contrast,0 mSvO,0 mSv [ped]O,Usually not appropriate
317,Thoracic,"Diffuse lung disease suspected, initial imaging",3194239,CT chest without and with IV contrast,1-10 mSv☢☢☢,3-10 mSv [ped]☢☢☢☢,Usually not appropriate
318,Thoracic,"Diffuse lung disease suspected, initial imaging",3194239,FDG-PET/CT skull base to mid-thigh,10-30 mSv☢☢☢☢,3-10 mSv [ped]☢☢☢☢,Usually not appropriate
319,Thoracic,"Diffuse lung disease, acute deterioration suspected, initial imaging",3194242,Radiography chest,<0.1 mSv☢,<0.03 mSv [ped]☢,Usually appropriate
320,Thoracic,"Diffuse lung disease, acute deterioration suspected, initial imaging",3194242,CT chest without IV contrast,1-10 mSv☢☢☢,3-10 mSv [ped]☢☢☢☢,Usually appropriate
321,Thoracic,"Diffuse lung disease, acute deterioration suspected, initial imaging",3194242,CT chest with IV contrast,1-10 mSv☢☢☢,3-10 mSv [ped]☢☢☢☢,May be appropriate
322,Thoracic,"Diffuse lung disease, acute deterioration suspected, initial imaging",3194242,MRI chest without and with IV contrast,0 mSvO,0 mSv [ped]O,Usually not appropriate
323,Thoracic,"Diffuse lung disease, acute deterioration suspected, initial imaging",3194242,MRI chest without IV contrast,0 mSvO,0 mSv [ped]O,Usually not appropriate
324,Thoracic,"Diffuse lung disease, acute deterioration suspected, initial imaging",3194242,CT chest without and with IV contrast,1-10 mSv☢☢☢,3-10 mSv [ped]☢☢☢☢,Usually not appropriate
325,Thoracic,"Diffuse lung disease, acute deterioration suspected, initial imaging",3194242,FDG-PET/CT skull base to mid-thigh,10-30 mSv☢☢☢☢,3-10 mSv [ped]☢☢☢☢,Usually not appropriate
326,Thoracic,"Diffuse lung disease, acute exacerbation suspected, initial imaging",3194241,Radiography chest,<0.1 mSv☢,<0.03 mSv [ped]☢,Usually appropriate
327,Thoracic,"Diffuse lung disease, acute exacerbation suspected, initial imaging",3194241,CT chest without IV contrast,1-10 mSv☢☢☢,3-10 mSv [ped]☢☢☢☢,Usually appropriate
328,Thoracic,"Diffuse lung disease, acute exacerbation suspected, initial imaging",3194241,CT chest with IV contrast,1-10 mSv☢☢☢,3-10 mSv [ped]☢☢☢☢,May be appropriate
329,Thoracic,"Diffuse lung disease, acute exacerbation suspected, initial imaging",3194241,MRI chest without and with IV contrast,0 mSvO,0 mSv [ped]O,Usually not appropriate
330,Thoracic,"Diffuse lung disease, acute exacerbation suspected, initial imaging",3194241,MRI chest without IV contrast,0 mSvO,0 mSv [ped]O,Usually not appropriate
331,Thoracic,"Diffuse lung disease, acute exacerbation suspected, initial imaging",3194241,CT chest without and with IV contrast,1-10 mSv☢☢☢,3-10 mSv [ped]☢☢☢☢,Usually not appropriate
332,Thoracic,"Diffuse lung disease, acute exacerbation suspected, initial imaging",3194241,FDG-PET/CT skull base to mid-thigh,10-30 mSv☢☢☢☢,3-10 mSv [ped]☢☢☢☢,Usually not appropriate
333,Thoracic,"Diffuse lung disease, no acute clinical deterioration, routine follow up imaging",3194244,CT chest without IV contrast,1-10 mSv☢☢☢,3-10 mSv [ped]☢☢☢☢,Usually appropriate
334,Thoracic,"Diffuse lung disease, no acute clinical deterioration, routine follow up imaging",3194244,Radiography chest,<0.1 mSv☢,<0.03 mSv [ped]☢,May be appropriate (Disagreement)
335,Thoracic,"Diffuse lung disease, no acute clinical deterioration, routine follow up imaging",3194244,CT chest with IV contrast,1-10 mSv☢☢☢,3-10 mSv [ped]☢☢☢☢,May be appropriate
336,Thoracic,"Diffuse lung disease, no acute clinical deterioration, routine follow up imaging",3194244,MRI chest without and with IV contrast,0 mSvO,0 mSv [ped]O,Usually not appropriate
337,Thoracic,"Diffuse lung disease, no acute clinical deterioration, routine follow up imaging",3194244,MRI chest without IV contrast,0 mSvO,0 mSv [ped]O,Usually not appropriate
338,Thoracic,"Diffuse lung disease, no acute clinical deterioration, routine follow up imaging",3194244,CT chest without and with IV contrast,1-10 mSv☢☢☢,3-10 mSv [ped]☢☢☢☢,Usually not appropriate
339,Thoracic,"Diffuse lung disease, no acute clinical deterioration, routine follow up imaging",3194244,FDG-PET/CT skull base to mid-thigh,10-30 mSv☢☢☢☢,3-10 mSv [ped]☢☢☢☢,Usually not appropriate
340,Thoracic,"Dyspnea, chronic, small airways disease suspected, initial imaging",3148171,Radiography chest,<0.1 mSv☢,<0.03 mSv [ped]☢,Usually appropriate
341,Thoracic,"Dyspnea, chronic, small airways disease suspected, initial imaging",3148171,CT chest without IV contrast,1-10 mSv☢☢☢,3-10 mSv [ped]☢☢☢☢,Usually appropriate
342,Thoracic,"Dyspnea, chronic, small airways disease suspected, initial imaging",3148171,US chest,0 mSvO,0 mSv [ped]O,Usually not appropriate
343,Thoracic,"Dyspnea, chronic, small airways disease suspected, initial imaging",3148171,Fluoroscopy chest,1-10 mSv☢☢☢,,Usually not appropriate
344,Thoracic,"Dyspnea, chronic, small airways disease suspected, initial imaging",3148171,MRI chest without and with IV contrast,0 mSvO,0 mSv [ped]O,Usually not appropriate
345,Thoracic,"Dyspnea, chronic, small airways disease suspected, initial imaging",3148171,MRI chest without IV contrast,0 mSvO,0 mSv [ped]O,Usually not appropriate
346,Thoracic,"Dyspnea, chronic, small airways disease suspected, initial imaging",3148171,CT chest with IV contrast,1-10 mSv☢☢☢,3-10 mSv [ped]☢☢☢☢,Usually not appropriate
347,Thoracic,"Dyspnea, chronic, small airways disease suspected, initial imaging",3148171,CT chest without and with IV contrast,1-10 mSv☢☢☢,3-10 mSv [ped]☢☢☢☢,Usually not appropriate
348,Thoracic,"Dyspnea, chronic, small airways disease suspected, initial imaging",3148171,FDG-PET/CT skull base to mid-thigh,10-30 mSv☢☢☢☢,3-10 mSv [ped]☢☢☢☢,Usually not appropriate
349,Thoracic,"Dyspnea, chronic, chest wall disease suspected, initial imaging",3148173,Radiography chest,<0.1 mSv☢,<0.03 mSv [ped]☢,Usually appropriate
350,Thoracic,"Dyspnea, chronic, chest wall disease suspected, initial imaging",3148173,CT chest with IV contrast,1-10 mSv☢☢☢,3-10 mSv [ped]☢☢☢☢,Usually appropriate
351,Thoracic,"Dyspnea, chronic, chest wall disease suspected, initial imaging",3148173,CT chest without IV contrast,1-10 mSv☢☢☢,3-10 mSv [ped]☢☢☢☢,Usually appropriate
352,Thoracic,"Dyspnea, chronic, chest wall disease suspected, initial imaging",3148173,US chest,0 mSvO,0 mSv [ped]O,Usually not appropriate
353,Thoracic,"Dyspnea, chronic, chest wall disease suspected, initial imaging",3148173,Fluoroscopy chest,1-10 mSv☢☢☢,,Usually not appropriate
354,Thoracic,"Dyspnea, chronic, chest wall disease suspected, initial imaging",3148173,MRI chest without and with IV contrast,0 mSvO,0 mSv [ped]O,Usually not appropriate
355,Thoracic,"Dyspnea, chronic, chest wall disease suspected, initial imaging",3148173,MRI chest without IV contrast,0 mSvO,0 mSv [ped]O,Usually not appropriate
356,Thoracic,"Dyspnea, chronic, chest wall disease suspected, initial imaging",3148173,CT chest without and with IV contrast,1-10 mSv☢☢☢,3-10 mSv [ped]☢☢☢☢,Usually not appropriate
357,Thoracic,"Dyspnea, chronic, chest wall disease suspected, initial imaging",3148173,FDG-PET/CT skull base to mid-thigh,10-30 mSv☢☢☢☢,3-10 mSv [ped]☢☢☢☢,Usually not appropriate
358,Thoracic,"Dyspnea, chronic, COPD suspected, initial imaging",3148170,Radiography chest,<0.1 mSv☢,<0.03 mSv [ped]☢,Usually appropriate
359,Thoracic,"Dyspnea, chronic, COPD suspected, initial imaging",3148170,CT chest without IV contrast,1-10 mSv☢☢☢,3-10 mSv [ped]☢☢☢☢,Usually appropriate
360,Thoracic,"Dyspnea, chronic, COPD suspected, initial imaging",3148170,US chest,0 mSvO,0 mSv [ped]O,Usually not appropriate
361,Thoracic,"Dyspnea, chronic, COPD suspected, initial imaging",3148170,Fluoroscopy chest,1-10 mSv☢☢☢,,Usually not appropriate
362,Thoracic,"Dyspnea, chronic, COPD suspected, initial imaging",3148170,MRI chest without and with IV contrast,0 mSvO,0 mSv [ped]O,Usually not appropriate
363,Thoracic,"Dyspnea, chronic, COPD suspected, initial imaging",3148170,MRI chest without IV contrast,0 mSvO,0 mSv [ped]O,Usually not appropriate
364,Thoracic,"Dyspnea, chronic, COPD suspected, initial imaging",3148170,CT chest with IV contrast,1-10 mSv☢☢☢,3-10 mSv [ped]☢☢☢☢,Usually not appropriate
365,Thoracic,"Dyspnea, chronic, COPD suspected, initial imaging",3148170,CT chest without and with IV contrast,1-10 mSv☢☢☢,3-10 mSv [ped]☢☢☢☢,Usually not appropriate
366,Thoracic,"Dyspnea, chronic, COPD suspected, initial imaging",3148170,V/Q scan lung,1-10 mSv☢☢☢,,Usually not appropriate
367,Thoracic,"Dyspnea, chronic, COPD suspected, initial imaging",3148170,FDG-PET/CT skull base to mid-thigh,10-30 mSv☢☢☢☢,3-10 mSv [ped]☢☢☢☢,Usually not appropriate
368,Thoracic,"Dyspnea, chronic, diaphragm dysfunction suspected, initial imaging",3148174,Radiography chest,<0.1 mSv☢,<0.03 mSv [ped]☢,Usually appropriate
369,Thoracic,"Dyspnea, chronic, diaphragm dysfunction suspected, initial imaging",3148174,CT chest with IV contrast,1-10 mSv☢☢☢,3-10 mSv [ped]☢☢☢☢,May be appropriate
370,Thoracic,"Dyspnea, chronic, diaphragm dysfunction suspected, initial imaging",3148174,CT chest without IV contrast,1-10 mSv☢☢☢,3-10 mSv [ped]☢☢☢☢,May be appropriate
371,Thoracic,"Dyspnea, chronic, diaphragm dysfunction suspected, initial imaging",3148174,US chest,0 mSvO,0 mSv [ped]O,Usually not appropriate
372,Thoracic,"Dyspnea, chronic, diaphragm dysfunction suspected, initial imaging",3148174,Fluoroscopy chest,1-10 mSv☢☢☢,,Usually not appropriate
373,Thoracic,"Dyspnea, chronic, diaphragm dysfunction suspected, initial imaging",3148174,MRI chest without and with IV contrast,0 mSvO,0 mSv [ped]O,Usually not appropriate
374,Thoracic,"Dyspnea, chronic, diaphragm dysfunction suspected, initial imaging",3148174,MRI chest without IV contrast,0 mSvO,0 mSv [ped]O,Usually not appropriate
375,Thoracic,"Dyspnea, chronic, diaphragm dysfunction suspected, initial imaging",3148174,CT chest without and with IV contrast,1-10 mSv☢☢☢,3-10 mSv [ped]☢☢☢☢,Usually not appropriate
376,Thoracic,"Dyspnea, chronic, COVID-19 infection hx, initial imaging",3148172,Radiography chest,<0.1 mSv☢,<0.03 mSv [ped]☢,Usually appropriate
377,Thoracic,"Dyspnea, chronic, COVID-19 infection hx, initial imaging",3148172,CT chest without IV contrast,1-10 mSv☢☢☢,3-10 mSv [ped]☢☢☢☢,Usually appropriate
378,Thoracic,"Dyspnea, chronic, COVID-19 infection hx, initial imaging",3148172,US chest,0 mSvO,0 mSv [ped]O,Usually not appropriate
379,Thoracic,"Dyspnea, chronic, COVID-19 infection hx, initial imaging",3148172,Fluoroscopy chest,1-10 mSv☢☢☢,,Usually not appropriate
380,Thoracic,"Dyspnea, chronic, COVID-19 infection hx, initial imaging",3148172,MRI chest without and with IV contrast,0 mSvO,0 mSv [ped]O,Usually not appropriate
381,Thoracic,"Dyspnea, chronic, COVID-19 infection hx, initial imaging",3148172,MRI chest without IV contrast,0 mSvO,0 mSv [ped]O,Usually not appropriate
382,Thoracic,"Dyspnea, chronic, COVID-19 infection hx, initial imaging",3148172,CT chest with IV contrast,1-10 mSv☢☢☢,3-10 mSv [ped]☢☢☢☢,Usually not appropriate
383,Thoracic,"Dyspnea, chronic, COVID-19 infection hx, initial imaging",3148172,CT chest without and with IV contrast,1-10 mSv☢☢☢,3-10 mSv [ped]☢☢☢☢,Usually not appropriate
384,Thoracic,"Dyspnea, chronic, COVID-19 infection hx, initial imaging",3148172,FDG-PET/CT skull base to mid-thigh,10-30 mSv☢☢☢☢,3-10 mSv [ped]☢☢☢☢,Usually not appropriate
385,Thoracic,"Dyspnea, chronic, unclear etiology, initial imaging",3148169,Radiography chest,<0.1 mSv☢,<0.03 mSv [ped]☢,Usually appropriate
386,Thoracic,"Dyspnea, chronic, unclear etiology, initial imaging",3148169,CT chest without IV contrast,1-10 mSv☢☢☢,3-10 mSv [ped]☢☢☢☢,May be appropriate (Disagreement)
387,Thoracic,"Dyspnea, chronic, unclear etiology, initial imaging",3148169,US chest,0 mSvO,0 mSv [ped]O,Usually not appropriate
388,Thoracic,"Dyspnea, chronic, unclear etiology, initial imaging",3148169,Fluoroscopy chest,1-10 mSv☢☢☢,,Usually not appropriate
389,Thoracic,"Dyspnea, chronic, unclear etiology, initial imaging",3148169,MRI chest without and with IV contrast,0 mSvO,0 mSv [ped]O,Usually not appropriate
390,Thoracic,"Dyspnea, chronic, unclear etiology, initial imaging",3148169,MRI chest without IV contrast,0 mSvO,0 mSv [ped]O,Usually not appropriate
391,Thoracic,"Dyspnea, chronic, unclear etiology, initial imaging",3148169,CT chest with IV contrast,1-10 mSv☢☢☢,3-10 mSv [ped]☢☢☢☢,Usually not appropriate
392,Thoracic,"Dyspnea, chronic, unclear etiology, initial imaging",3148169,CT chest without and with IV contrast,1-10 mSv☢☢☢,3-10 mSv [ped]☢☢☢☢,Usually not appropriate
393,Thoracic,"Dyspnea, chronic, unclear etiology, initial imaging",3148169,FDG-PET/CT skull base to mid-thigh,10-30 mSv☢☢☢☢,3-10 mSv [ped]☢☢☢☢,Usually not appropriate
394,Thoracic,"Empyema suspected, recent pneumonia, initial imaging",3196696,Radiography chest,<0.1 mSv☢,<0.03 mSv [ped]☢,Usually appropriate
395,Thoracic,"Empyema suspected, recent pneumonia, initial imaging",3196696,CT chest with IV contrast,1-10 mSv☢☢☢,3-10 mSv [ped]☢☢☢☢,Usually appropriate
396,Thoracic,"Empyema suspected, recent pneumonia, initial imaging",3196696,US chest,0 mSvO,0 mSv [ped]O,May be appropriate (Disagreement)
397,Thoracic,"Empyema suspected, recent pneumonia, initial imaging",3196696,CT chest without IV contrast,1-10 mSv☢☢☢,3-10 mSv [ped]☢☢☢☢,May be appropriate
398,Thoracic,"Empyema suspected, recent pneumonia, initial imaging",3196696,MRI chest without and with IV contrast,0 mSvO,0 mSv [ped]O,Usually not appropriate
399,Thoracic,"Empyema suspected, recent pneumonia, initial imaging",3196696,MRI chest without IV contrast,0 mSvO,0 mSv [ped]O,Usually not appropriate
400,Thoracic,"Empyema suspected, recent pneumonia, initial imaging",3196696,CT chest without and with IV contrast,1-10 mSv☢☢☢,3-10 mSv [ped]☢☢☢☢,Usually not appropriate
401,Thoracic,"Empyema suspected, recent pneumonia, initial imaging",3196696,CTA chest with IV contrast,1-10 mSv☢☢☢,3-10 mSv [ped]☢☢☢☢,Usually not appropriate
402,Thoracic,"Esophageal cancer, recurrence, posttreatment imaging",3195417,CT chest and abdomen with IV contrast,10-30 mSv☢☢☢☢,,Usually appropriate
403,Thoracic,"Esophageal cancer, recurrence, posttreatment imaging",3195417,FDG-PET/CT skull base to mid-thigh,10-30 mSv☢☢☢☢,3-10 mSv [ped]☢☢☢☢,Usually appropriate
404,Thoracic,"Esophageal cancer, recurrence, posttreatment imaging",3195417,CT chest abdomen pelvis with IV contrast,10-30 mSv☢☢☢☢,3-10 mSv [ped]☢☢☢☢,May be appropriate (Disagreement)
405,Thoracic,"Esophageal cancer, recurrence, posttreatment imaging",3195417,Radiography chest,<0.1 mSv☢,<0.03 mSv [ped]☢,Usually not appropriate
406,Thoracic,"Esophageal cancer, recurrence, posttreatment imaging",3195417,Fluoroscopy upper GI series,1-10 mSv☢☢☢,0.3-3 mSv [ped]☢☢☢,Usually not appropriate
407,Thoracic,"Esophageal cancer, recurrence, posttreatment imaging",3195417,MRI chest and abdomen without and with IV contrast,0 mSvO,0 mSv [ped]O,Usually not appropriate
408,Thoracic,"Esophageal cancer, recurrence, posttreatment imaging",3195417,MRI chest and abdomen without IV contrast,0 mSvO,0 mSv [ped]O,Usually not appropriate
409,Thoracic,"Esophageal cancer, recurrence, posttreatment imaging",3195417,MRI head without and with IV contrast,0 mSvO,0 mSv [ped]O,Usually not appropriate
410,Thoracic,"Esophageal cancer, recurrence, posttreatment imaging",3195417,MRI head without IV contrast,0 mSvO,0 mSv [ped]O,Usually not appropriate
411,Thoracic,"Esophageal cancer, recurrence, posttreatment imaging",3195417,FDG-PET/MRI skull base to mid-thigh,1-10 mSv☢☢☢,,Usually not appropriate
412,Thoracic,"Esophageal cancer, recurrence, posttreatment imaging",3195417,CT chest abdomen pelvis without and with IV contrast,10-30 mSv☢☢☢☢,10-30 mSv [ped]☢☢☢☢☢,Usually not appropriate
413,Thoracic,"Esophageal cancer, recurrence, posttreatment imaging",3195417,CT chest abdomen pelvis without IV contrast,10-30 mSv☢☢☢☢,3-10 mSv [ped]☢☢☢☢,Usually not appropriate
414,Thoracic,"Esophageal cancer, recurrence, posttreatment imaging",3195417,CT chest and abdomen without and with IV contrast,10-30 mSv☢☢☢☢,,Usually not appropriate
415,Thoracic,"Esophageal cancer, recurrence, posttreatment imaging",3195417,CT chest and abdomen without IV contrast,10-30 mSv☢☢☢☢,,Usually not appropriate
416,Thoracic,"Esophageal cancer, imaging during treatment",3195411,FDG-PET/CT skull base to mid-thigh,10-30 mSv☢☢☢☢,3-10 mSv [ped]☢☢☢☢,Usually appropriate
417,Thoracic,"Esophageal cancer, imaging during treatment",3195411,MRI chest and abdomen without and with IV contrast,0 mSvO,0 mSv [ped]O,May be appropriate
418,Thoracic,"Esophageal cancer, imaging during treatment",3195411,FDG-PET/MRI skull base to mid-thigh,1-10 mSv☢☢☢,,May be appropriate
419,Thoracic,"Esophageal cancer, imaging during treatment",3195411,Radiography chest,<0.1 mSv☢,<0.03 mSv [ped]☢,Usually not appropriate
420,Thoracic,"Esophageal cancer, imaging during treatment",3195411,Fluoroscopy upper GI series,1-10 mSv☢☢☢,0.3-3 mSv [ped]☢☢☢,Usually not appropriate
421,Thoracic,"Esophageal cancer, imaging during treatment",3195411,MRI chest and abdomen without IV contrast,0 mSvO,0 mSv [ped]O,Usually not appropriate
422,Thoracic,"Esophageal cancer, imaging during treatment",3195411,CT chest abdomen pelvis with IV contrast,10-30 mSv☢☢☢☢,3-10 mSv [ped]☢☢☢☢,Usually not appropriate
423,Thoracic,"Esophageal cancer, imaging during treatment",3195411,CT chest abdomen pelvis without and with IV contrast,10-30 mSv☢☢☢☢,10-30 mSv [ped]☢☢☢☢☢,Usually not appropriate
424,Thoracic,"Esophageal cancer, imaging during treatment",3195411,CT chest abdomen pelvis without IV contrast,10-30 mSv☢☢☢☢,3-10 mSv [ped]☢☢☢☢,Usually not appropriate
425,Thoracic,"Esophageal cancer, imaging during treatment",3195411,CT chest and abdomen with IV contrast,10-30 mSv☢☢☢☢,,Usually not appropriate
426,Thoracic,"Esophageal cancer, imaging during treatment",3195411,CT chest and abdomen without and with IV contrast,10-30 mSv☢☢☢☢,,Usually not appropriate
427,Thoracic,"Esophageal cancer, imaging during treatment",3195411,CT chest and abdomen without IV contrast,10-30 mSv☢☢☢☢,,Usually not appropriate
428,Thoracic,"Esophageal cancer, newly diagnosed, pretreatment clinical staging, initial imaging",3195409,CT chest and abdomen with IV contrast,10-30 mSv☢☢☢☢,,Usually appropriate
429,Thoracic,"Esophageal cancer, newly diagnosed, pretreatment clinical staging, initial imaging",3195409,FDG-PET/CT skull base to mid-thigh,10-30 mSv☢☢☢☢,3-10 mSv [ped]☢☢☢☢,Usually appropriate
430,Thoracic,"Esophageal cancer, newly diagnosed, pretreatment clinical staging, initial imaging",3195409,MRI chest and abdomen without and with IV contrast,0 mSvO,0 mSv [ped]O,May be appropriate
431,Thoracic,"Esophageal cancer, newly diagnosed, pretreatment clinical staging, initial imaging",3195409,FDG-PET/MRI skull base to mid-thigh,1-10 mSv☢☢☢,,May be appropriate
432,Thoracic,"Esophageal cancer, newly diagnosed, pretreatment clinical staging, initial imaging",3195409,CT chest abdomen pelvis with IV contrast,10-30 mSv☢☢☢☢,3-10 mSv [ped]☢☢☢☢,May be appropriate (Disagreement)
433,Thoracic,"Esophageal cancer, newly diagnosed, pretreatment clinical staging, initial imaging",3195409,Radiography chest,<0.1 mSv☢,<0.03 mSv [ped]☢,Usually not appropriate
434,Thoracic,"Esophageal cancer, newly diagnosed, pretreatment clinical staging, initial imaging",3195409,Fluoroscopy upper GI series,1-10 mSv☢☢☢,0.3-3 mSv [ped]☢☢☢,Usually not appropriate
435,Thoracic,"Esophageal cancer, newly diagnosed, pretreatment clinical staging, initial imaging",3195409,MRI chest and abdomen without IV contrast,0 mSvO,0 mSv [ped]O,Usually not appropriate
436,Thoracic,"Esophageal cancer, newly diagnosed, pretreatment clinical staging, initial imaging",3195409,CT chest abdomen pelvis without and with IV contrast,10-30 mSv☢☢☢☢,10-30 mSv [ped]☢☢☢☢☢,Usually not appropriate
437,Thoracic,"Esophageal cancer, newly diagnosed, pretreatment clinical staging, initial imaging",3195409,CT chest abdomen pelvis without IV contrast,10-30 mSv☢☢☢☢,3-10 mSv [ped]☢☢☢☢,Usually not appropriate
438,Thoracic,"Esophageal cancer, newly diagnosed, pretreatment clinical staging, initial imaging",3195409,CT chest and abdomen without and with IV contrast,10-30 mSv☢☢☢☢,,Usually not appropriate
439,Thoracic,"Esophageal cancer, newly diagnosed, pretreatment clinical staging, initial imaging",3195409,CT chest and abdomen without IV contrast,10-30 mSv☢☢☢☢,,Usually not appropriate
440,Thoracic,"Esophageal cancer, no recurrence suspected, posttreatment imaging",3195413,CT chest and abdomen with IV contrast,10-30 mSv☢☢☢☢,,Usually appropriate
441,Thoracic,"Esophageal cancer, no recurrence suspected, posttreatment imaging",3195413,FDG-PET/CT skull base to mid-thigh,10-30 mSv☢☢☢☢,3-10 mSv [ped]☢☢☢☢,Usually appropriate
442,Thoracic,"Esophageal cancer, no recurrence suspected, posttreatment imaging",3195413,CT chest abdomen pelvis with IV contrast,10-30 mSv☢☢☢☢,3-10 mSv [ped]☢☢☢☢,May be appropriate
443,Thoracic,"Esophageal cancer, no recurrence suspected, posttreatment imaging",3195413,Radiography chest,<0.1 mSv☢,<0.03 mSv [ped]☢,Usually not appropriate
444,Thoracic,"Esophageal cancer, no recurrence suspected, posttreatment imaging",3195413,Fluoroscopy upper GI series,1-10 mSv☢☢☢,0.3-3 mSv [ped]☢☢☢,Usually not appropriate
445,Thoracic,"Esophageal cancer, no recurrence suspected, posttreatment imaging",3195413,MRI chest and abdomen without and with IV contrast,0 mSvO,0 mSv [ped]O,Usually not appropriate
446,Thoracic,"Esophageal cancer, no recurrence suspected, posttreatment imaging",3195413,MRI chest and abdomen without IV contrast,0 mSvO,0 mSv [ped]O,Usually not appropriate
447,Thoracic,"Esophageal cancer, no recurrence suspected, posttreatment imaging",3195413,FDG-PET/MRI skull base to mid-thigh,1-10 mSv☢☢☢,,Usually not appropriate
448,Thoracic,"Esophageal cancer, no recurrence suspected, posttreatment imaging",3195413,CT chest abdomen pelvis without and with IV contrast,10-30 mSv☢☢☢☢,10-30 mSv [ped]☢☢☢☢☢,Usually not appropriate
449,Thoracic,"Esophageal cancer, no recurrence suspected, posttreatment imaging",3195413,CT chest abdomen pelvis without IV contrast,10-30 mSv☢☢☢☢,3-10 mSv [ped]☢☢☢☢,Usually not appropriate
450,Thoracic,"Esophageal cancer, no recurrence suspected, posttreatment imaging",3195413,CT chest and abdomen without and with IV contrast,10-30 mSv☢☢☢☢,,Usually not appropriate
451,Thoracic,"Esophageal cancer, no recurrence suspected, posttreatment imaging",3195413,CT chest and abdomen without IV contrast,10-30 mSv☢☢☢☢,,Usually not appropriate
452,Thoracic,"Esophageal cancer, no recurrence, posttreatment imaging",3195414,CT chest and abdomen with IV contrast,10-30 mSv☢☢☢☢,,Usually appropriate
453,Thoracic,"Esophageal cancer, no recurrence, posttreatment imaging",3195414,FDG-PET/CT skull base to mid-thigh,10-30 mSv☢☢☢☢,3-10 mSv [ped]☢☢☢☢,Usually appropriate
454,Thoracic,"Esophageal cancer, no recurrence, posttreatment imaging",3195414,CT chest abdomen pelvis with IV contrast,10-30 mSv☢☢☢☢,3-10 mSv [ped]☢☢☢☢,May be appropriate
455,Thoracic,"Esophageal cancer, no recurrence, posttreatment imaging",3195414,Radiography chest,<0.1 mSv☢,<0.03 mSv [ped]☢,Usually not appropriate
456,Thoracic,"Esophageal cancer, no recurrence, posttreatment imaging",3195414,Fluoroscopy upper GI series,1-10 mSv☢☢☢,0.3-3 mSv [ped]☢☢☢,Usually not appropriate
457,Thoracic,"Esophageal cancer, no recurrence, posttreatment imaging",3195414,MRI chest and abdomen without and with IV contrast,0 mSvO,0 mSv [ped]O,Usually not appropriate
458,Thoracic,"Esophageal cancer, no recurrence, posttreatment imaging",3195414,MRI chest and abdomen without IV contrast,0 mSvO,0 mSv [ped]O,Usually not appropriate
459,Thoracic,"Esophageal cancer, no recurrence, posttreatment imaging",3195414,FDG-PET/MRI skull base to mid-thigh,1-10 mSv☢☢☢,,Usually not appropriate
460,Thoracic,"Esophageal cancer, no recurrence, posttreatment imaging",3195414,CT chest abdomen pelvis without and with IV contrast,10-30 mSv☢☢☢☢,10-30 mSv [ped]☢☢☢☢☢,Usually not appropriate
461,Thoracic,"Esophageal cancer, no recurrence, posttreatment imaging",3195414,CT chest abdomen pelvis without IV contrast,10-30 mSv☢☢☢☢,3-10 mSv [ped]☢☢☢☢,Usually not appropriate
462,Thoracic,"Esophageal cancer, no recurrence, posttreatment imaging",3195414,CT chest and abdomen without and with IV contrast,10-30 mSv☢☢☢☢,,Usually not appropriate
463,Thoracic,"Esophageal cancer, no recurrence, posttreatment imaging",3195414,CT chest and abdomen without IV contrast,10-30 mSv☢☢☢☢,,Usually not appropriate
464,Thoracic,"Esophageal cancer, recurrence suspected, posttreatment imaging",3195416,CT chest and abdomen with IV contrast,10-30 mSv☢☢☢☢,,Usually appropriate
465,Thoracic,"Esophageal cancer, recurrence suspected, posttreatment imaging",3195416,FDG-PET/CT skull base to mid-thigh,10-30 mSv☢☢☢☢,3-10 mSv [ped]☢☢☢☢,Usually appropriate
466,Thoracic,"Esophageal cancer, recurrence suspected, posttreatment imaging",3195416,CT chest abdomen pelvis with IV contrast,10-30 mSv☢☢☢☢,3-10 mSv [ped]☢☢☢☢,May be appropriate (Disagreement)
467,Thoracic,"Esophageal cancer, recurrence suspected, posttreatment imaging",3195416,Radiography chest,<0.1 mSv☢,<0.03 mSv [ped]☢,Usually not appropriate
468,Thoracic,"Esophageal cancer, recurrence suspected, posttreatment imaging",3195416,Fluoroscopy upper GI series,1-10 mSv☢☢☢,0.3-3 mSv [ped]☢☢☢,Usually not appropriate
469,Thoracic,"Esophageal cancer, recurrence suspected, posttreatment imaging",3195416,MRI chest and abdomen without and with IV contrast,0 mSvO,0 mSv [ped]O,Usually not appropriate
470,Thoracic,"Esophageal cancer, recurrence suspected, posttreatment imaging",3195416,MRI chest and abdomen without IV contrast,0 mSvO,0 mSv [ped]O,Usually not appropriate
471,Thoracic,"Esophageal cancer, recurrence suspected, posttreatment imaging",3195416,MRI head without and with IV contrast,0 mSvO,0 mSv [ped]O,Usually not appropriate
472,Thoracic,"Esophageal cancer, recurrence suspected, posttreatment imaging",3195416,MRI head without IV contrast,0 mSvO,0 mSv [ped]O,Usually not appropriate
473,Thoracic,"Esophageal cancer, recurrence suspected, posttreatment imaging",3195416,FDG-PET/MRI skull base to mid-thigh,1-10 mSv☢☢☢,,Usually not appropriate
474,Thoracic,"Esophageal cancer, recurrence suspected, posttreatment imaging",3195416,CT chest abdomen pelvis without and with IV contrast,10-30 mSv☢☢☢☢,10-30 mSv [ped]☢☢☢☢☢,Usually not appropriate
475,Thoracic,"Esophageal cancer, recurrence suspected, posttreatment imaging",3195416,CT chest abdomen pelvis without IV contrast,10-30 mSv☢☢☢☢,3-10 mSv [ped]☢☢☢☢,Usually not appropriate
476,Thoracic,"Esophageal cancer, recurrence suspected, posttreatment imaging",3195416,CT chest and abdomen without and with IV contrast,10-30 mSv☢☢☢☢,,Usually not appropriate
477,Thoracic,"Esophageal cancer, recurrence suspected, posttreatment imaging",3195416,CT chest and abdomen without IV contrast,10-30 mSv☢☢☢☢,,Usually not appropriate
478,Thoracic,"Hemoptysis, massive, life threatening, initial imaging",3164931,Radiography chest,<0.1 mSv☢,<0.03 mSv [ped]☢,Usually appropriate
479,Thoracic,"Hemoptysis, massive, life threatening, initial imaging",3164931,Arteriography bronchial with embolization,10-30 mSv☢☢☢☢,,Usually appropriate
480,Thoracic,"Hemoptysis, massive, life threatening, initial imaging",3164931,CT chest with IV contrast,1-10 mSv☢☢☢,3-10 mSv [ped]☢☢☢☢,Usually appropriate
481,Thoracic,"Hemoptysis, massive, life threatening, initial imaging",3164931,CTA chest with IV contrast,1-10 mSv☢☢☢,3-10 mSv [ped]☢☢☢☢,Usually appropriate
482,Thoracic,"Hemoptysis, massive, life threatening, initial imaging",3164931,CT chest without IV contrast,1-10 mSv☢☢☢,3-10 mSv [ped]☢☢☢☢,May be appropriate
483,Thoracic,"Hemoptysis, massive, life threatening, initial imaging",3164931,CT chest without and with IV contrast,1-10 mSv☢☢☢,3-10 mSv [ped]☢☢☢☢,Usually not appropriate
484,Thoracic,"Hemoptysis, nonmassive, initial imaging",3164932,Radiography chest,<0.1 mSv☢,<0.03 mSv [ped]☢,Usually appropriate
485,Thoracic,"Hemoptysis, nonmassive, initial imaging",3164932,CT chest with IV contrast,1-10 mSv☢☢☢,3-10 mSv [ped]☢☢☢☢,Usually appropriate
486,Thoracic,"Hemoptysis, nonmassive, initial imaging",3164932,CTA chest with IV contrast,1-10 mSv☢☢☢,3-10 mSv [ped]☢☢☢☢,Usually appropriate
487,Thoracic,"Hemoptysis, nonmassive, initial imaging",3164932,Arteriography bronchial with embolization,10-30 mSv☢☢☢☢,,May be appropriate
488,Thoracic,"Hemoptysis, nonmassive, initial imaging",3164932,CT chest without IV contrast,1-10 mSv☢☢☢,3-10 mSv [ped]☢☢☢☢,May be appropriate
489,Thoracic,"Hemoptysis, nonmassive, initial imaging",3164932,CT chest without and with IV contrast,1-10 mSv☢☢☢,3-10 mSv [ped]☢☢☢☢,Usually not appropriate
490,Thoracic,"Hemoptysis, recurrent, initial imaging",3164933,Radiography chest,<0.1 mSv☢,<0.03 mSv [ped]☢,Usually appropriate
491,Thoracic,"Hemoptysis, recurrent, initial imaging",3164933,Arteriography bronchial with embolization,10-30 mSv☢☢☢☢,,Usually appropriate
492,Thoracic,"Hemoptysis, recurrent, initial imaging",3164933,CTA chest with IV contrast,1-10 mSv☢☢☢,3-10 mSv [ped]☢☢☢☢,Usually appropriate
493,Thoracic,"Hemoptysis, recurrent, initial imaging",3164933,CT chest with IV contrast,1-10 mSv☢☢☢,3-10 mSv [ped]☢☢☢☢,May be appropriate
494,Thoracic,"Hemoptysis, recurrent, initial imaging",3164933,CT chest without and with IV contrast,1-10 mSv☢☢☢,3-10 mSv [ped]☢☢☢☢,Usually not appropriate
495,Thoracic,"Hemoptysis, recurrent, initial imaging",3164933,CT chest without IV contrast,1-10 mSv☢☢☢,3-10 mSv [ped]☢☢☢☢,Usually not appropriate
496,Thoracic,"ICU patient, central venous catheter placement, follow up imaging",3194034,Radiography chest portable,<0.1 mSv☢,,Usually appropriate
497,Thoracic,"ICU patient, central venous catheter placement, follow up imaging",3194034,US chest,0 mSvO,0 mSv [ped]O,May be appropriate (Disagreement)
498,Thoracic,"ICU patient, chest tube placement, follow up imaging",3194033,Radiography chest portable,<0.1 mSv☢,,Usually appropriate
499,Thoracic,"ICU patient, chest tube placement, follow up imaging",3194033,US chest,0 mSvO,0 mSv [ped]O,May be appropriate (Disagreement)
500,Thoracic,"ICU patient, chest tube removal, follow up imaging",3194048,Radiography chest portable,<0.1 mSv☢,,May be appropriate (Disagreement)
501,Thoracic,"ICU patient, chest tube removal, follow up imaging",3194048,US chest,0 mSvO,0 mSv [ped]O,Usually not appropriate
502,Thoracic,"ICU patient, ET tube placement, follow up imaging",3194031,Radiography chest portable,<0.1 mSv☢,,Usually appropriate
503,Thoracic,"ICU patient, ET tube placement, follow up imaging",3194031,US chest,0 mSvO,0 mSv [ped]O,May be appropriate (Disagreement)
504,Thoracic,"ICU patient, mediastinal tube removal, follow up imaging",3194049,Radiography chest portable,<0.1 mSv☢,,May be appropriate (Disagreement)
505,Thoracic,"ICU patient, mediastinal tube removal, follow up imaging",3194049,US chest,0 mSvO,0 mSv [ped]O,Usually not appropriate
506,Thoracic,"ICU patient, nasogastric tube placement, follow up imaging",3194032,Radiography chest portable,<0.1 mSv☢,,Usually appropriate
507,Thoracic,"ICU patient, nasogastric tube placement, follow up imaging",3194032,US chest,0 mSvO,0 mSv [ped]O,May be appropriate (Disagreement)
508,Thoracic,"ICU patient, newly admitted, initial imaging",3084051,Radiography chest portable,<0.1 mSv☢,,Usually appropriate
509,Thoracic,"ICU patient, newly admitted, initial imaging",3084051,US chest,0 mSvO,0 mSv [ped]O,May be appropriate (Disagreement)
510,Thoracic,"ICU patient, pulmonary artery catheter placement, follow up imaging",3194035,Radiography chest portable,<0.1 mSv☢,,Usually appropriate
511,Thoracic,"ICU patient, pulmonary artery catheter placement, follow up imaging",3194035,US chest,0 mSvO,0 mSv [ped]O,May be appropriate (Disagreement)
512,Thoracic,"ICU patient, stable, no change in clinical status, initial imaging",3084055,Radiography chest portable,<0.1 mSv☢,,May be appropriate (Disagreement)
513,Thoracic,"ICU patient, stable, no change in clinical status, initial imaging",3084055,US chest,0 mSvO,0 mSv [ped]O,Usually not appropriate
514,Thoracic,"ICU patient, worsening clinical condition, initial imaging",3084050,Radiography chest portable,<0.1 mSv☢,,Usually appropriate
515,Thoracic,"ICU patient, worsening clinical condition, initial imaging",3084050,US chest,0 mSvO,0 mSv [ped]O,May be appropriate (Disagreement)
516,Thoracic,"Lung cancer screening, <20 pack yrs smoking history, no family hx of lung cancer, initial imaging",3196020,Radiography chest,<0.1 mSv☢,<0.03 mSv [ped]☢,Usually not appropriate
517,Thoracic,"Lung cancer screening, <20 pack yrs smoking history, no family hx of lung cancer, initial imaging",3196020,MRI chest without and with IV contrast,0 mSvO,0 mSv [ped]O,Usually not appropriate
518,Thoracic,"Lung cancer screening, <20 pack yrs smoking history, no family hx of lung cancer, initial imaging",3196020,MRI chest without IV contrast,0 mSvO,0 mSv [ped]O,Usually not appropriate
519,Thoracic,"Lung cancer screening, <20 pack yrs smoking history, no family hx of lung cancer, initial imaging",3196020,CT chest with IV contrast,1-10 mSv☢☢☢,3-10 mSv [ped]☢☢☢☢,Usually not appropriate
520,Thoracic,"Lung cancer screening, <20 pack yrs smoking history, no family hx of lung cancer, initial imaging",3196020,CT chest without and with IV contrast,1-10 mSv☢☢☢,3-10 mSv [ped]☢☢☢☢,Usually not appropriate
521,Thoracic,"Lung cancer screening, <20 pack yrs smoking history, no family hx of lung cancer, initial imaging",3196020,CT chest without IV contrast screening,1-10 mSv☢☢☢,,Usually not appropriate
522,Thoracic,"Lung cancer screening, <20 pack yrs smoking history, no family hx of lung cancer, initial imaging",3196020,FDG-PET/CT skull base to mid-thigh,10-30 mSv☢☢☢☢,3-10 mSv [ped]☢☢☢☢,Usually not appropriate
523,Thoracic,"Lung cancer screening, <20 pack yrs smoking history, no hx of cancer, initial imaging",3148580,Radiography chest,<0.1 mSv☢,<0.03 mSv [ped]☢,Usually not appropriate
524,Thoracic,"Lung cancer screening, <20 pack yrs smoking history, no hx of cancer, initial imaging",3148580,MRI chest without and with IV contrast,0 mSvO,0 mSv [ped]O,Usually not appropriate
525,Thoracic,"Lung cancer screening, <20 pack yrs smoking history, no hx of cancer, initial imaging",3148580,MRI chest without IV contrast,0 mSvO,0 mSv [ped]O,Usually not appropriate
526,Thoracic,"Lung cancer screening, <20 pack yrs smoking history, no hx of cancer, initial imaging",3148580,CT chest with IV contrast,1-10 mSv☢☢☢,3-10 mSv [ped]☢☢☢☢,Usually not appropriate
527,Thoracic,"Lung cancer screening, <20 pack yrs smoking history, no hx of cancer, initial imaging",3148580,CT chest without and with IV contrast,1-10 mSv☢☢☢,3-10 mSv [ped]☢☢☢☢,Usually not appropriate
528,Thoracic,"Lung cancer screening, <20 pack yrs smoking history, no hx of cancer, initial imaging",3148580,CT chest without IV contrast screening,1-10 mSv☢☢☢,,Usually not appropriate
529,Thoracic,"Lung cancer screening, <20 pack yrs smoking history, no hx of cancer, initial imaging",3148580,FDG-PET/CT skull base to mid-thigh,10-30 mSv☢☢☢☢,3-10 mSv [ped]☢☢☢☢,Usually not appropriate
530,Thoracic,"Lung cancer screening, <20 pack yrs smoking history, no hx of COPD, initial imaging",3196021,Radiography chest,<0.1 mSv☢,<0.03 mSv [ped]☢,Usually not appropriate
531,Thoracic,"Lung cancer screening, <20 pack yrs smoking history, no hx of COPD, initial imaging",3196021,MRI chest without and with IV contrast,0 mSvO,0 mSv [ped]O,Usually not appropriate
532,Thoracic,"Lung cancer screening, <20 pack yrs smoking history, no hx of COPD, initial imaging",3196021,MRI chest without IV contrast,0 mSvO,0 mSv [ped]O,Usually not appropriate
533,Thoracic,"Lung cancer screening, <20 pack yrs smoking history, no hx of COPD, initial imaging",3196021,CT chest with IV contrast,1-10 mSv☢☢☢,3-10 mSv [ped]☢☢☢☢,Usually not appropriate
534,Thoracic,"Lung cancer screening, <20 pack yrs smoking history, no hx of COPD, initial imaging",3196021,CT chest without and with IV contrast,1-10 mSv☢☢☢,3-10 mSv [ped]☢☢☢☢,Usually not appropriate
535,Thoracic,"Lung cancer screening, <20 pack yrs smoking history, no hx of COPD, initial imaging",3196021,CT chest without IV contrast screening,1-10 mSv☢☢☢,,Usually not appropriate
536,Thoracic,"Lung cancer screening, <20 pack yrs smoking history, no hx of COPD, initial imaging",3196021,FDG-PET/CT skull base to mid-thigh,10-30 mSv☢☢☢☢,3-10 mSv [ped]☢☢☢☢,Usually not appropriate
537,Thoracic,"Lung cancer screening, <20 pack yrs smoking history, no hx of pulmonary fibrosis, initial imaging",3196022,Radiography chest,<0.1 mSv☢,<0.03 mSv [ped]☢,Usually not appropriate
538,Thoracic,"Lung cancer screening, <20 pack yrs smoking history, no hx of pulmonary fibrosis, initial imaging",3196022,MRI chest without and with IV contrast,0 mSvO,0 mSv [ped]O,Usually not appropriate
539,Thoracic,"Lung cancer screening, <20 pack yrs smoking history, no hx of pulmonary fibrosis, initial imaging",3196022,MRI chest without IV contrast,0 mSvO,0 mSv [ped]O,Usually not appropriate
540,Thoracic,"Lung cancer screening, <20 pack yrs smoking history, no hx of pulmonary fibrosis, initial imaging",3196022,CT chest with IV contrast,1-10 mSv☢☢☢,3-10 mSv [ped]☢☢☢☢,Usually not appropriate
541,Thoracic,"Lung cancer screening, <20 pack yrs smoking history, no hx of pulmonary fibrosis, initial imaging",3196022,CT chest without and with IV contrast,1-10 mSv☢☢☢,3-10 mSv [ped]☢☢☢☢,Usually not appropriate
542,Thoracic,"Lung cancer screening, <20 pack yrs smoking history, no hx of pulmonary fibrosis, initial imaging",3196022,CT chest without IV contrast screening,1-10 mSv☢☢☢,,Usually not appropriate
543,Thoracic,"Lung cancer screening, <20 pack yrs smoking history, no hx of pulmonary fibrosis, initial imaging",3196022,FDG-PET/CT skull base to mid-thigh,10-30 mSv☢☢☢☢,3-10 mSv [ped]☢☢☢☢,Usually not appropriate
544,Thoracic,"Lung cancer screening, <20 pack yrs smoking history, no occupational exposure, initial imaging",3148581,Radiography chest,<0.1 mSv☢,<0.03 mSv [ped]☢,Usually not appropriate
545,Thoracic,"Lung cancer screening, <20 pack yrs smoking history, no occupational exposure, initial imaging",3148581,MRI chest without and with IV contrast,0 mSvO,0 mSv [ped]O,Usually not appropriate
546,Thoracic,"Lung cancer screening, <20 pack yrs smoking history, no occupational exposure, initial imaging",3148581,MRI chest without IV contrast,0 mSvO,0 mSv [ped]O,Usually not appropriate
547,Thoracic,"Lung cancer screening, <20 pack yrs smoking history, no occupational exposure, initial imaging",3148581,CT chest with IV contrast,1-10 mSv☢☢☢,3-10 mSv [ped]☢☢☢☢,Usually not appropriate
548,Thoracic,"Lung cancer screening, <20 pack yrs smoking history, no occupational exposure, initial imaging",3148581,CT chest without and with IV contrast,1-10 mSv☢☢☢,3-10 mSv [ped]☢☢☢☢,Usually not appropriate
549,Thoracic,"Lung cancer screening, <20 pack yrs smoking history, no occupational exposure, initial imaging",3148581,CT chest without IV contrast screening,1-10 mSv☢☢☢,,Usually not appropriate
550,Thoracic,"Lung cancer screening, <20 pack yrs smoking history, no occupational exposure, initial imaging",3148581,FDG-PET/CT skull base to mid-thigh,10-30 mSv☢☢☢☢,3-10 mSv [ped]☢☢☢☢,Usually not appropriate
551,Thoracic,"Lung cancer screening, <20 pack yrs smoking history, no radon exposure, initial imaging",3148582,Radiography chest,<0.1 mSv☢,<0.03 mSv [ped]☢,Usually not appropriate
552,Thoracic,"Lung cancer screening, <20 pack yrs smoking history, no radon exposure, initial imaging",3148582,MRI chest without and with IV contrast,0 mSvO,0 mSv [ped]O,Usually not appropriate
553,Thoracic,"Lung cancer screening, <20 pack yrs smoking history, no radon exposure, initial imaging",3148582,MRI chest without IV contrast,0 mSvO,0 mSv [ped]O,Usually not appropriate
554,Thoracic,"Lung cancer screening, <20 pack yrs smoking history, no radon exposure, initial imaging",3148582,CT chest with IV contrast,1-10 mSv☢☢☢,3-10 mSv [ped]☢☢☢☢,Usually not appropriate
555,Thoracic,"Lung cancer screening, <20 pack yrs smoking history, no radon exposure, initial imaging",3148582,CT chest without and with IV contrast,1-10 mSv☢☢☢,3-10 mSv [ped]☢☢☢☢,Usually not appropriate
556,Thoracic,"Lung cancer screening, <20 pack yrs smoking history, no radon exposure, initial imaging",3148582,CT chest without IV contrast screening,1-10 mSv☢☢☢,,Usually not appropriate
557,Thoracic,"Lung cancer screening, <20 pack yrs smoking history, no radon exposure, initial imaging",3148582,FDG-PET/CT skull base to mid-thigh,10-30 mSv☢☢☢☢,3-10 mSv [ped]☢☢☢☢,Usually not appropriate
558,Thoracic,"Lung cancer screening, >=20 pack yrs smoking history, family hx of lung cancer, initial imaging",3148578,Radiography chest,<0.1 mSv☢,<0.03 mSv [ped]☢,Usually not appropriate
559,Thoracic,"Lung cancer screening, >=20 pack yrs smoking history, family hx of lung cancer, initial imaging",3148578,MRI chest without and with IV contrast,0 mSvO,0 mSv [ped]O,Usually not appropriate
560,Thoracic,"Lung cancer screening, >=20 pack yrs smoking history, family hx of lung cancer, initial imaging",3148578,MRI chest without IV contrast,0 mSvO,0 mSv [ped]O,Usually not appropriate
561,Thoracic,"Lung cancer screening, >=20 pack yrs smoking history, family hx of lung cancer, initial imaging",3148578,CT chest with IV contrast,1-10 mSv☢☢☢,3-10 mSv [ped]☢☢☢☢,Usually not appropriate
562,Thoracic,"Lung cancer screening, >=20 pack yrs smoking history, family hx of lung cancer, initial imaging",3148578,CT chest without and with IV contrast,1-10 mSv☢☢☢,3-10 mSv [ped]☢☢☢☢,Usually not appropriate
563,Thoracic,"Lung cancer screening, >=20 pack yrs smoking history, family hx of lung cancer, initial imaging",3148578,CT chest without IV contrast screening,1-10 mSv☢☢☢,,Usually not appropriate
564,Thoracic,"Lung cancer screening, >=20 pack yrs smoking history, family hx of lung cancer, initial imaging",3148578,FDG-PET/CT skull base to mid-thigh,10-30 mSv☢☢☢☢,3-10 mSv [ped]☢☢☢☢,Usually not appropriate
565,Thoracic,"Lung cancer screening, >=20 pack yrs smoking history, hx of cancer, initial imaging",3196018,Radiography chest,<0.1 mSv☢,<0.03 mSv [ped]☢,Usually not appropriate
566,Thoracic,"Lung cancer screening, >=20 pack yrs smoking history, hx of cancer, initial imaging",3196018,MRI chest without and with IV contrast,0 mSvO,0 mSv [ped]O,Usually not appropriate
567,Thoracic,"Lung cancer screening, >=20 pack yrs smoking history, hx of cancer, initial imaging",3196018,MRI chest without IV contrast,0 mSvO,0 mSv [ped]O,Usually not appropriate
568,Thoracic,"Lung cancer screening, >=20 pack yrs smoking history, hx of cancer, initial imaging",3196018,CT chest with IV contrast,1-10 mSv☢☢☢,3-10 mSv [ped]☢☢☢☢,Usually not appropriate
569,Thoracic,"Lung cancer screening, >=20 pack yrs smoking history, hx of cancer, initial imaging",3196018,CT chest without and with IV contrast,1-10 mSv☢☢☢,3-10 mSv [ped]☢☢☢☢,Usually not appropriate
570,Thoracic,"Lung cancer screening, >=20 pack yrs smoking history, hx of cancer, initial imaging",3196018,CT chest without IV contrast screening,1-10 mSv☢☢☢,,Usually not appropriate
571,Thoracic,"Lung cancer screening, >=20 pack yrs smoking history, hx of cancer, initial imaging",3196018,FDG-PET/CT skull base to mid-thigh,10-30 mSv☢☢☢☢,3-10 mSv [ped]☢☢☢☢,Usually not appropriate
572,Thoracic,"Lung cancer screening, >=20 pack yrs smoking history, hx of COPD, initial imaging",3148577,Radiography chest,<0.1 mSv☢,<0.03 mSv [ped]☢,Usually not appropriate
573,Thoracic,"Lung cancer screening, >=20 pack yrs smoking history, hx of COPD, initial imaging",3148577,MRI chest without and with IV contrast,0 mSvO,0 mSv [ped]O,Usually not appropriate
574,Thoracic,"Lung cancer screening, >=20 pack yrs smoking history, hx of COPD, initial imaging",3148577,MRI chest without IV contrast,0 mSvO,0 mSv [ped]O,Usually not appropriate
575,Thoracic,"Lung cancer screening, >=20 pack yrs smoking history, hx of COPD, initial imaging",3148577,CT chest with IV contrast,1-10 mSv☢☢☢,3-10 mSv [ped]☢☢☢☢,Usually not appropriate
576,Thoracic,"Lung cancer screening, >=20 pack yrs smoking history, hx of COPD, initial imaging",3148577,CT chest without and with IV contrast,1-10 mSv☢☢☢,3-10 mSv [ped]☢☢☢☢,Usually not appropriate
577,Thoracic,"Lung cancer screening, >=20 pack yrs smoking history, hx of COPD, initial imaging",3148577,CT chest without IV contrast screening,1-10 mSv☢☢☢,,Usually not appropriate
578,Thoracic,"Lung cancer screening, >=20 pack yrs smoking history, hx of COPD, initial imaging",3148577,FDG-PET/CT skull base to mid-thigh,10-30 mSv☢☢☢☢,3-10 mSv [ped]☢☢☢☢,Usually not appropriate
579,Thoracic,"Lung cancer screening, >=20 pack yrs smoking history, hx of pulmonary fibrosis, initial imaging",3148579,Radiography chest,<0.1 mSv☢,<0.03 mSv [ped]☢,Usually not appropriate
580,Thoracic,"Lung cancer screening, >=20 pack yrs smoking history, hx of pulmonary fibrosis, initial imaging",3148579,MRI chest without and with IV contrast,0 mSvO,0 mSv [ped]O,Usually not appropriate
581,Thoracic,"Lung cancer screening, >=20 pack yrs smoking history, hx of pulmonary fibrosis, initial imaging",3148579,MRI chest without IV contrast,0 mSvO,0 mSv [ped]O,Usually not appropriate
582,Thoracic,"Lung cancer screening, >=20 pack yrs smoking history, hx of pulmonary fibrosis, initial imaging",3148579,CT chest with IV contrast,1-10 mSv☢☢☢,3-10 mSv [ped]☢☢☢☢,Usually not appropriate
583,Thoracic,"Lung cancer screening, >=20 pack yrs smoking history, hx of pulmonary fibrosis, initial imaging",3148579,CT chest without and with IV contrast,1-10 mSv☢☢☢,3-10 mSv [ped]☢☢☢☢,Usually not appropriate
584,Thoracic,"Lung cancer screening, >=20 pack yrs smoking history, hx of pulmonary fibrosis, initial imaging",3148579,CT chest without IV contrast screening,1-10 mSv☢☢☢,,Usually not appropriate
585,Thoracic,"Lung cancer screening, >=20 pack yrs smoking history, hx of pulmonary fibrosis, initial imaging",3148579,FDG-PET/CT skull base to mid-thigh,10-30 mSv☢☢☢☢,3-10 mSv [ped]☢☢☢☢,Usually not appropriate
586,Thoracic,"Lung cancer screening, >=20 pack yrs smoking history, occupational exposure, initial imaging",3196017,Radiography chest,<0.1 mSv☢,<0.03 mSv [ped]☢,Usually not appropriate
587,Thoracic,"Lung cancer screening, >=20 pack yrs smoking history, occupational exposure, initial imaging",3196017,MRI chest without and with IV contrast,0 mSvO,0 mSv [ped]O,Usually not appropriate
588,Thoracic,"Lung cancer screening, >=20 pack yrs smoking history, occupational exposure, initial imaging",3196017,MRI chest without IV contrast,0 mSvO,0 mSv [ped]O,Usually not appropriate
589,Thoracic,"Lung cancer screening, >=20 pack yrs smoking history, occupational exposure, initial imaging",3196017,CT chest with IV contrast,1-10 mSv☢☢☢,3-10 mSv [ped]☢☢☢☢,Usually not appropriate
590,Thoracic,"Lung cancer screening, >=20 pack yrs smoking history, occupational exposure, initial imaging",3196017,CT chest without and with IV contrast,1-10 mSv☢☢☢,3-10 mSv [ped]☢☢☢☢,Usually not appropriate
591,Thoracic,"Lung cancer screening, >=20 pack yrs smoking history, occupational exposure, initial imaging",3196017,CT chest without IV contrast screening,1-10 mSv☢☢☢,,Usually not appropriate
592,Thoracic,"Lung cancer screening, >=20 pack yrs smoking history, occupational exposure, initial imaging",3196017,FDG-PET/CT skull base to mid-thigh,10-30 mSv☢☢☢☢,3-10 mSv [ped]☢☢☢☢,Usually not appropriate
593,Thoracic,"Lung cancer screening, >=20 pack yrs smoking history, quit in past 15 yrs, initial imaging",3148576,CT chest without IV contrast screening,1-10 mSv☢☢☢,,Usually appropriate
594,Thoracic,"Lung cancer screening, >=20 pack yrs smoking history, quit in past 15 yrs, initial imaging",3148576,Radiography chest,<0.1 mSv☢,<0.03 mSv [ped]☢,Usually not appropriate
595,Thoracic,"Lung cancer screening, >=20 pack yrs smoking history, quit in past 15 yrs, initial imaging",3148576,MRI chest without and with IV contrast,0 mSvO,0 mSv [ped]O,Usually not appropriate
596,Thoracic,"Lung cancer screening, >=20 pack yrs smoking history, quit in past 15 yrs, initial imaging",3148576,MRI chest without IV contrast,0 mSvO,0 mSv [ped]O,Usually not appropriate
597,Thoracic,"Lung cancer screening, >=20 pack yrs smoking history, quit in past 15 yrs, initial imaging",3148576,CT chest with IV contrast,1-10 mSv☢☢☢,3-10 mSv [ped]☢☢☢☢,Usually not appropriate
598,Thoracic,"Lung cancer screening, >=20 pack yrs smoking history, quit in past 15 yrs, initial imaging",3148576,CT chest without and with IV contrast,1-10 mSv☢☢☢,3-10 mSv [ped]☢☢☢☢,Usually not appropriate
599,Thoracic,"Lung cancer screening, >=20 pack yrs smoking history, quit in past 15 yrs, initial imaging",3148576,FDG-PET/CT skull base to mid-thigh,10-30 mSv☢☢☢☢,3-10 mSv [ped]☢☢☢☢,Usually not appropriate
600,Thoracic,"Lung cancer screening, >=20 pack yrs smoking history, radon exposure, initial imaging",3196016,Radiography chest,<0.1 mSv☢,<0.03 mSv [ped]☢,Usually not appropriate
601,Thoracic,"Lung cancer screening, >=20 pack yrs smoking history, radon exposure, initial imaging",3196016,MRI chest without and with IV contrast,0 mSvO,0 mSv [ped]O,Usually not appropriate
602,Thoracic,"Lung cancer screening, >=20 pack yrs smoking history, radon exposure, initial imaging",3196016,MRI chest without IV contrast,0 mSvO,0 mSv [ped]O,Usually not appropriate
603,Thoracic,"Lung cancer screening, >=20 pack yrs smoking history, radon exposure, initial imaging",3196016,CT chest with IV contrast,1-10 mSv☢☢☢,3-10 mSv [ped]☢☢☢☢,Usually not appropriate
604,Thoracic,"Lung cancer screening, >=20 pack yrs smoking history, radon exposure, initial imaging",3196016,CT chest without and with IV contrast,1-10 mSv☢☢☢,3-10 mSv [ped]☢☢☢☢,Usually not appropriate
605,Thoracic,"Lung cancer screening, >=20 pack yrs smoking history, radon exposure, initial imaging",3196016,CT chest without IV contrast screening,1-10 mSv☢☢☢,,Usually not appropriate
606,Thoracic,"Lung cancer screening, >=20 pack yrs smoking history, radon exposure, initial imaging",3196016,FDG-PET/CT skull base to mid-thigh,10-30 mSv☢☢☢☢,3-10 mSv [ped]☢☢☢☢,Usually not appropriate
607,Thoracic,"Lung cancer screening, current smoker, >=20 pack yrs, initial imaging",3148575,CT chest without IV contrast screening,1-10 mSv☢☢☢,,Usually appropriate
608,Thoracic,"Lung cancer screening, current smoker, >=20 pack yrs, initial imaging",3148575,Radiography chest,<0.1 mSv☢,<0.03 mSv [ped]☢,Usually not appropriate
609,Thoracic,"Lung cancer screening, current smoker, >=20 pack yrs, initial imaging",3148575,MRI chest without and with IV contrast,0 mSvO,0 mSv [ped]O,Usually not appropriate
610,Thoracic,"Lung cancer screening, current smoker, >=20 pack yrs, initial imaging",3148575,MRI chest without IV contrast,0 mSvO,0 mSv [ped]O,Usually not appropriate
611,Thoracic,"Lung cancer screening, current smoker, >=20 pack yrs, initial imaging",3148575,CT chest with IV contrast,1-10 mSv☢☢☢,3-10 mSv [ped]☢☢☢☢,Usually not appropriate
612,Thoracic,"Lung cancer screening, current smoker, >=20 pack yrs, initial imaging",3148575,CT chest without and with IV contrast,1-10 mSv☢☢☢,3-10 mSv [ped]☢☢☢☢,Usually not appropriate
613,Thoracic,"Lung cancer screening, current smoker, >=20 pack yrs, initial imaging",3148575,FDG-PET/CT skull base to mid-thigh,10-30 mSv☢☢☢☢,3-10 mSv [ped]☢☢☢☢,Usually not appropriate
614,Thoracic,"Lung cancer, non-small cell, staging",3074129,MRI head without and with IV contrast,0 mSvO,0 mSv [ped]O,Usually appropriate
615,Thoracic,"Lung cancer, non-small cell, staging",3074129,CT chest with IV contrast,1-10 mSv☢☢☢,3-10 mSv [ped]☢☢☢☢,Usually appropriate
616,Thoracic,"Lung cancer, non-small cell, staging",3074129,CT chest without IV contrast,1-10 mSv☢☢☢,3-10 mSv [ped]☢☢☢☢,Usually appropriate
617,Thoracic,"Lung cancer, non-small cell, staging",3074129,FDG-PET/CT skull base to mid-thigh,10-30 mSv☢☢☢☢,3-10 mSv [ped]☢☢☢☢,Usually appropriate
618,Thoracic,"Lung cancer, non-small cell, staging",3074129,MRI abdomen without and with IV contrast,0 mSvO,0 mSv [ped]O,May be appropriate
619,Thoracic,"Lung cancer, non-small cell, staging",3074129,MRI abdomen without IV contrast,0 mSvO,0 mSv [ped]O,May be appropriate
620,Thoracic,"Lung cancer, non-small cell, staging",3074129,MRI chest without and with IV contrast,0 mSvO,0 mSv [ped]O,May be appropriate
621,Thoracic,"Lung cancer, non-small cell, staging",3074129,MRI head without IV contrast,0 mSvO,0 mSv [ped]O,May be appropriate
622,Thoracic,"Lung cancer, non-small cell, staging",3074129,Bone scan whole body,1-10 mSv☢☢☢,3-10 mSv [ped]☢☢☢☢,May be appropriate
623,Thoracic,"Lung cancer, non-small cell, staging",3074129,CT abdomen and pelvis with IV contrast,1-10 mSv☢☢☢,3-10 mSv [ped]☢☢☢☢,May be appropriate
624,Thoracic,"Lung cancer, non-small cell, staging",3074129,CT abdomen and pelvis without IV contrast,1-10 mSv☢☢☢,3-10 mSv [ped]☢☢☢☢,May be appropriate
625,Thoracic,"Lung cancer, non-small cell, staging",3074129,CT head with IV contrast,1-10 mSv☢☢☢,0.3-3 mSv [ped]☢☢☢,May be appropriate
626,Thoracic,"Lung cancer, non-small cell, staging",3074129,CT head without and with IV contrast,1-10 mSv☢☢☢,3-10 mSv [ped]☢☢☢☢,May be appropriate
627,Thoracic,"Lung cancer, non-small cell, staging",3074129,CT abdomen and pelvis without and with IV contrast,10-30 mSv☢☢☢☢,10-30 mSv [ped]☢☢☢☢☢,May be appropriate
628,Thoracic,"Lung cancer, non-small cell, staging",3074129,Radiography chest,<0.1 mSv☢,<0.03 mSv [ped]☢,Usually not appropriate
629,Thoracic,"Lung cancer, non-small cell, staging",3074129,MRI chest without IV contrast,0 mSvO,0 mSv [ped]O,Usually not appropriate
630,Thoracic,"Lung cancer, non-small cell, staging",3074129,CT chest without and with IV contrast,1-10 mSv☢☢☢,3-10 mSv [ped]☢☢☢☢,Usually not appropriate
631,Thoracic,"Lung cancer, non-small cell, staging",3074129,CT head without IV contrast,1-10 mSv☢☢☢,0.3-3 mSv [ped]☢☢☢,Usually not appropriate
632,Thoracic,"Lung cancer, small cell, staging",3074130,MRI head without and with IV contrast,0 mSvO,0 mSv [ped]O,Usually appropriate
633,Thoracic,"Lung cancer, small cell, staging",3074130,CT abdomen and pelvis with IV contrast,1-10 mSv☢☢☢,3-10 mSv [ped]☢☢☢☢,Usually appropriate
634,Thoracic,"Lung cancer, small cell, staging",3074130,CT chest with IV contrast,1-10 mSv☢☢☢,3-10 mSv [ped]☢☢☢☢,Usually appropriate
635,Thoracic,"Lung cancer, small cell, staging",3074130,FDG-PET/CT skull base to mid-thigh,10-30 mSv☢☢☢☢,3-10 mSv [ped]☢☢☢☢,Usually appropriate
636,Thoracic,"Lung cancer, small cell, staging",3074130,MRI abdomen without and with IV contrast,0 mSvO,0 mSv [ped]O,May be appropriate
637,Thoracic,"Lung cancer, small cell, staging",3074130,MRI abdomen without IV contrast,0 mSvO,0 mSv [ped]O,May be appropriate
638,Thoracic,"Lung cancer, small cell, staging",3074130,MRI chest without and with IV contrast,0 mSvO,0 mSv [ped]O,May be appropriate
639,Thoracic,"Lung cancer, small cell, staging",3074130,MRI head without IV contrast,0 mSvO,0 mSv [ped]O,May be appropriate
640,Thoracic,"Lung cancer, small cell, staging",3074130,Bone scan whole body,1-10 mSv☢☢☢,3-10 mSv [ped]☢☢☢☢,May be appropriate
641,Thoracic,"Lung cancer, small cell, staging",3074130,CT abdomen and pelvis without IV contrast,1-10 mSv☢☢☢,3-10 mSv [ped]☢☢☢☢,May be appropriate
642,Thoracic,"Lung cancer, small cell, staging",3074130,CT chest without IV contrast,1-10 mSv☢☢☢,3-10 mSv [ped]☢☢☢☢,May be appropriate
643,Thoracic,"Lung cancer, small cell, staging",3074130,CT head with IV contrast,1-10 mSv☢☢☢,0.3-3 mSv [ped]☢☢☢,May be appropriate
644,Thoracic,"Lung cancer, small cell, staging",3074130,CT head without and with IV contrast,1-10 mSv☢☢☢,3-10 mSv [ped]☢☢☢☢,May be appropriate
645,Thoracic,"Lung cancer, small cell, staging",3074130,CT abdomen and pelvis without and with IV contrast,10-30 mSv☢☢☢☢,10-30 mSv [ped]☢☢☢☢☢,May be appropriate
646,Thoracic,"Lung cancer, small cell, staging",3074130,Radiography chest,<0.1 mSv☢,<0.03 mSv [ped]☢,Usually not appropriate
647,Thoracic,"Lung cancer, small cell, staging",3074130,MRI chest without IV contrast,0 mSvO,0 mSv [ped]O,Usually not appropriate
648,Thoracic,"Lung cancer, small cell, staging",3074130,CT chest without and with IV contrast,1-10 mSv☢☢☢,3-10 mSv [ped]☢☢☢☢,Usually not appropriate
649,Thoracic,"Lung cancer, small cell, staging",3074130,CT head without IV contrast,1-10 mSv☢☢☢,0.3-3 mSv [ped]☢☢☢,Usually not appropriate
650,Thoracic,"Mediastinal mass suspected, initial imaging",3194009,Radiography chest,<0.1 mSv☢,<0.03 mSv [ped]☢,Usually appropriate
651,Thoracic,"Mediastinal mass suspected, initial imaging",3194009,MRI chest without and with IV contrast,0 mSvO,0 mSv [ped]O,Usually appropriate
652,Thoracic,"Mediastinal mass suspected, initial imaging",3194009,MRI chest without IV contrast,0 mSvO,0 mSv [ped]O,Usually appropriate
653,Thoracic,"Mediastinal mass suspected, initial imaging",3194009,CT chest with IV contrast,1-10 mSv☢☢☢,3-10 mSv [ped]☢☢☢☢,Usually appropriate
654,Thoracic,"Mediastinal mass suspected, initial imaging",3194009,CT chest without IV contrast,1-10 mSv☢☢☢,3-10 mSv [ped]☢☢☢☢,Usually appropriate
655,Thoracic,"Mediastinal mass suspected, initial imaging",3194009,US chest,0 mSvO,0 mSv [ped]O,Usually not appropriate
656,Thoracic,"Mediastinal mass suspected, initial imaging",3194009,Image-guided transthoracic needle biopsy,Varies,Varies,Usually not appropriate
657,Thoracic,"Mediastinal mass suspected, initial imaging",3194009,CT chest without and with IV contrast,1-10 mSv☢☢☢,3-10 mSv [ped]☢☢☢☢,Usually not appropriate
658,Thoracic,"Mediastinal mass suspected, initial imaging",3194009,FDG-PET/CT skull base to mid-thigh,10-30 mSv☢☢☢☢,3-10 mSv [ped]☢☢☢☢,Usually not appropriate
659,Thoracic,"Mediastinal mass, indeterminate on CT, next imaging study",3194011,MRI chest without and with IV contrast,0 mSvO,0 mSv [ped]O,Usually appropriate
660,Thoracic,"Mediastinal mass, indeterminate on CT, next imaging study",3194011,MRI chest without IV contrast,0 mSvO,0 mSv [ped]O,Usually appropriate
661,Thoracic,"Mediastinal mass, indeterminate on CT, next imaging study",3194011,Image-guided transthoracic needle biopsy,Varies,Varies,May be appropriate
662,Thoracic,"Mediastinal mass, indeterminate on CT, next imaging study",3194011,FDG-PET/CT skull base to mid-thigh,10-30 mSv☢☢☢☢,3-10 mSv [ped]☢☢☢☢,May be appropriate
663,Thoracic,"Mediastinal mass, indeterminate on CT, next imaging study",3194011,US chest,0 mSvO,0 mSv [ped]O,Usually not appropriate
664,Thoracic,"Mediastinal mass, indeterminate on CT, next imaging study",3194011,Radiography chest,<0.1 mSv☢,<0.03 mSv [ped]☢,Usually not appropriate
665,Thoracic,"Mediastinal mass, indeterminate on MRI, next imaging study",3194052,Image-guided transthoracic needle biopsy,Varies,Varies,Usually appropriate
666,Thoracic,"Mediastinal mass, indeterminate on MRI, next imaging study",3194052,MRI chest without and with IV contrast,0 mSvO,0 mSv [ped]O,Usually appropriate
667,Thoracic,"Mediastinal mass, indeterminate on MRI, next imaging study",3194052,MRI chest without IV contrast,0 mSvO,0 mSv [ped]O,May be appropriate
668,Thoracic,"Mediastinal mass, indeterminate on MRI, next imaging study",3194052,CT chest with IV contrast,1-10 mSv☢☢☢,3-10 mSv [ped]☢☢☢☢,May be appropriate
669,Thoracic,"Mediastinal mass, indeterminate on MRI, next imaging study",3194052,CT chest without IV contrast,1-10 mSv☢☢☢,3-10 mSv [ped]☢☢☢☢,May be appropriate
670,Thoracic,"Mediastinal mass, indeterminate on MRI, next imaging study",3194052,FDG-PET/CT skull base to mid-thigh,10-30 mSv☢☢☢☢,3-10 mSv [ped]☢☢☢☢,May be appropriate
671,Thoracic,"Mediastinal mass, indeterminate on MRI, next imaging study",3194052,US chest,0 mSvO,0 mSv [ped]O,Usually not appropriate
672,Thoracic,"Mediastinal mass, indeterminate on MRI, next imaging study",3194052,Radiography chest,<0.1 mSv☢,<0.03 mSv [ped]☢,Usually not appropriate
673,Thoracic,"Mediastinal mass, indeterminate on MRI, next imaging study",3194052,CT chest without and with IV contrast,1-10 mSv☢☢☢,3-10 mSv [ped]☢☢☢☢,Usually not appropriate
674,Thoracic,"Mediastinal mass, indeterminate on MRI, surveillance",3194053,Image-guided transthoracic needle biopsy,Varies,Varies,Usually appropriate
675,Thoracic,"Mediastinal mass, indeterminate on MRI, surveillance",3194053,MRI chest without and with IV contrast,0 mSvO,0 mSv [ped]O,Usually appropriate
676,Thoracic,"Mediastinal mass, indeterminate on MRI, surveillance",3194053,MRI chest without IV contrast,0 mSvO,0 mSv [ped]O,May be appropriate
677,Thoracic,"Mediastinal mass, indeterminate on MRI, surveillance",3194053,CT chest with IV contrast,1-10 mSv☢☢☢,3-10 mSv [ped]☢☢☢☢,May be appropriate
678,Thoracic,"Mediastinal mass, indeterminate on MRI, surveillance",3194053,CT chest without IV contrast,1-10 mSv☢☢☢,3-10 mSv [ped]☢☢☢☢,May be appropriate
679,Thoracic,"Mediastinal mass, indeterminate on MRI, surveillance",3194053,FDG-PET/CT skull base to mid-thigh,10-30 mSv☢☢☢☢,3-10 mSv [ped]☢☢☢☢,May be appropriate
680,Thoracic,"Mediastinal mass, indeterminate on MRI, surveillance",3194053,US chest,0 mSvO,0 mSv [ped]O,Usually not appropriate
681,Thoracic,"Mediastinal mass, indeterminate on MRI, surveillance",3194053,Radiography chest,<0.1 mSv☢,<0.03 mSv [ped]☢,Usually not appropriate
682,Thoracic,"Mediastinal mass, indeterminate on MRI, surveillance",3194053,CT chest without and with IV contrast,1-10 mSv☢☢☢,3-10 mSv [ped]☢☢☢☢,Usually not appropriate
683,Thoracic,"Mediastinal mass, indeterminate on PET/CT, next imaging study",3194012,Image-guided transthoracic needle biopsy,Varies,Varies,Usually appropriate
684,Thoracic,"Mediastinal mass, indeterminate on PET/CT, next imaging study",3194012,MRI chest without and with IV contrast,0 mSvO,0 mSv [ped]O,Usually appropriate
685,Thoracic,"Mediastinal mass, indeterminate on PET/CT, next imaging study",3194012,MRI chest without IV contrast,0 mSvO,0 mSv [ped]O,Usually appropriate
686,Thoracic,"Mediastinal mass, indeterminate on PET/CT, next imaging study",3194012,CT chest with IV contrast,1-10 mSv☢☢☢,3-10 mSv [ped]☢☢☢☢,May be appropriate
687,Thoracic,"Mediastinal mass, indeterminate on PET/CT, next imaging study",3194012,US chest,0 mSvO,0 mSv [ped]O,Usually not appropriate
688,Thoracic,"Mediastinal mass, indeterminate on PET/CT, next imaging study",3194012,Radiography chest,<0.1 mSv☢,<0.03 mSv [ped]☢,Usually not appropriate
689,Thoracic,"Mediastinal mass, indeterminate on PET/CT, next imaging study",3194012,CT chest without and with IV contrast,1-10 mSv☢☢☢,3-10 mSv [ped]☢☢☢☢,Usually not appropriate
690,Thoracic,"Mediastinal mass, indeterminate on PET/CT, next imaging study",3194012,CT chest without IV contrast,1-10 mSv☢☢☢,3-10 mSv [ped]☢☢☢☢,Usually not appropriate
691,Thoracic,"Mediastinal mass, indeterminate on radiography, next imaging study",3194010,MRI chest without and with IV contrast,0 mSvO,0 mSv [ped]O,Usually appropriate
692,Thoracic,"Mediastinal mass, indeterminate on radiography, next imaging study",3194010,MRI chest without IV contrast,0 mSvO,0 mSv [ped]O,Usually appropriate
693,Thoracic,"Mediastinal mass, indeterminate on radiography, next imaging study",3194010,CT chest with IV contrast,1-10 mSv☢☢☢,3-10 mSv [ped]☢☢☢☢,Usually appropriate
694,Thoracic,"Mediastinal mass, indeterminate on radiography, next imaging study",3194010,CT chest without IV contrast,1-10 mSv☢☢☢,3-10 mSv [ped]☢☢☢☢,Usually appropriate
695,Thoracic,"Mediastinal mass, indeterminate on radiography, next imaging study",3194010,US chest,0 mSvO,0 mSv [ped]O,Usually not appropriate
696,Thoracic,"Mediastinal mass, indeterminate on radiography, next imaging study",3194010,Image-guided transthoracic needle biopsy,Varies,Varies,Usually not appropriate
697,Thoracic,"Mediastinal mass, indeterminate on radiography, next imaging study",3194010,CT chest without and with IV contrast,1-10 mSv☢☢☢,3-10 mSv [ped]☢☢☢☢,Usually not appropriate
698,Thoracic,"Mediastinal mass, indeterminate on radiography, next imaging study",3194010,FDG-PET/CT skull base to mid-thigh,10-30 mSv☢☢☢☢,3-10 mSv [ped]☢☢☢☢,Usually not appropriate
699,Thoracic,"Occupational exposure, airway disease suspected, initial imaging",3164920,Radiography chest,<0.1 mSv☢,<0.03 mSv [ped]☢,Usually appropriate
700,Thoracic,"Occupational exposure, airway disease suspected, initial imaging",3164920,CT chest without IV contrast,1-10 mSv☢☢☢,3-10 mSv [ped]☢☢☢☢,Usually appropriate
701,Thoracic,"Occupational exposure, airway disease suspected, initial imaging",3164920,MRI chest without and with IV contrast,0 mSvO,0 mSv [ped]O,Usually not appropriate
702,Thoracic,"Occupational exposure, airway disease suspected, initial imaging",3164920,MRI chest without IV contrast,0 mSvO,0 mSv [ped]O,Usually not appropriate
703,Thoracic,"Occupational exposure, airway disease suspected, initial imaging",3164920,CT chest with IV contrast,1-10 mSv☢☢☢,3-10 mSv [ped]☢☢☢☢,Usually not appropriate
704,Thoracic,"Occupational exposure, airway disease suspected, initial imaging",3164920,CT chest without and with IV contrast,1-10 mSv☢☢☢,3-10 mSv [ped]☢☢☢☢,Usually not appropriate
705,Thoracic,"Occupational exposure, airway disease suspected, initial imaging",3164920,FDG-PET/CT skull base to mid-thigh,10-30 mSv☢☢☢☢,3-10 mSv [ped]☢☢☢☢,Usually not appropriate
706,Thoracic,"Occupational exposure, interstitial lung disease suspected, initial imaging",3164918,Radiography chest,<0.1 mSv☢,<0.03 mSv [ped]☢,Usually appropriate
707,Thoracic,"Occupational exposure, interstitial lung disease suspected, initial imaging",3164918,CT chest without IV contrast,1-10 mSv☢☢☢,3-10 mSv [ped]☢☢☢☢,Usually appropriate
708,Thoracic,"Occupational exposure, interstitial lung disease suspected, initial imaging",3164918,MRI chest without and with IV contrast,0 mSvO,0 mSv [ped]O,Usually not appropriate
709,Thoracic,"Occupational exposure, interstitial lung disease suspected, initial imaging",3164918,MRI chest without IV contrast,0 mSvO,0 mSv [ped]O,Usually not appropriate
710,Thoracic,"Occupational exposure, interstitial lung disease suspected, initial imaging",3164918,CT chest with IV contrast,1-10 mSv☢☢☢,3-10 mSv [ped]☢☢☢☢,Usually not appropriate
711,Thoracic,"Occupational exposure, interstitial lung disease suspected, initial imaging",3164918,CT chest without and with IV contrast,1-10 mSv☢☢☢,3-10 mSv [ped]☢☢☢☢,Usually not appropriate
712,Thoracic,"Occupational exposure, interstitial lung disease suspected, initial imaging",3164918,FDG-PET/CT skull base to mid-thigh,10-30 mSv☢☢☢☢,3-10 mSv [ped]☢☢☢☢,Usually not appropriate
713,Thoracic,"Occupational exposure, lung disease screening and surveillance, initial imaging",3164917,Radiography chest,<0.1 mSv☢,<0.03 mSv [ped]☢,Usually appropriate
714,Thoracic,"Occupational exposure, lung disease screening and surveillance, initial imaging",3164917,CT chest without IV contrast,1-10 mSv☢☢☢,3-10 mSv [ped]☢☢☢☢,May be appropriate
715,Thoracic,"Occupational exposure, lung disease screening and surveillance, initial imaging",3164917,MRI chest without and with IV contrast,0 mSvO,0 mSv [ped]O,Usually not appropriate
716,Thoracic,"Occupational exposure, lung disease screening and surveillance, initial imaging",3164917,MRI chest without IV contrast,0 mSvO,0 mSv [ped]O,Usually not appropriate
717,Thoracic,"Occupational exposure, lung disease screening and surveillance, initial imaging",3164917,CT chest with IV contrast,1-10 mSv☢☢☢,3-10 mSv [ped]☢☢☢☢,Usually not appropriate
718,Thoracic,"Occupational exposure, lung disease screening and surveillance, initial imaging",3164917,CT chest without and with IV contrast,1-10 mSv☢☢☢,3-10 mSv [ped]☢☢☢☢,Usually not appropriate
719,Thoracic,"Occupational exposure, lung disease screening and surveillance, initial imaging",3164917,FDG-PET/CT skull base to mid-thigh,10-30 mSv☢☢☢☢,3-10 mSv [ped]☢☢☢☢,Usually not appropriate
720,Thoracic,"Occupational lung disease, interstitial lung disease suspected on radiography, next imaging study",3164919,CT chest without IV contrast,1-10 mSv☢☢☢,3-10 mSv [ped]☢☢☢☢,Usually appropriate
721,Thoracic,"Occupational lung disease, interstitial lung disease suspected on radiography, next imaging study",3164919,Image-guided transthoracic needle biopsy,Varies,Varies,Usually not appropriate
722,Thoracic,"Occupational lung disease, interstitial lung disease suspected on radiography, next imaging study",3164919,MRI chest without and with IV contrast,0 mSvO,0 mSv [ped]O,Usually not appropriate
723,Thoracic,"Occupational lung disease, interstitial lung disease suspected on radiography, next imaging study",3164919,MRI chest without IV contrast,0 mSvO,0 mSv [ped]O,Usually not appropriate
724,Thoracic,"Occupational lung disease, interstitial lung disease suspected on radiography, next imaging study",3164919,CT chest with IV contrast,1-10 mSv☢☢☢,3-10 mSv [ped]☢☢☢☢,Usually not appropriate
725,Thoracic,"Occupational lung disease, interstitial lung disease suspected on radiography, next imaging study",3164919,CT chest without and with IV contrast,1-10 mSv☢☢☢,3-10 mSv [ped]☢☢☢☢,Usually not appropriate
726,Thoracic,"Occupational lung disease, interstitial lung disease suspected on radiography, next imaging study",3164919,FDG-PET/CT skull base to mid-thigh,10-30 mSv☢☢☢☢,3-10 mSv [ped]☢☢☢☢,Usually not appropriate
727,Thoracic,"Occupational lung disease, thoracic neoplasm suspected",3164921,Image-guided transthoracic needle biopsy,Varies,Varies,Usually appropriate
728,Thoracic,"Occupational lung disease, thoracic neoplasm suspected",3164921,CT chest with IV contrast,1-10 mSv☢☢☢,3-10 mSv [ped]☢☢☢☢,Usually appropriate
729,Thoracic,"Occupational lung disease, thoracic neoplasm suspected",3164921,Radiography chest,<0.1 mSv☢,<0.03 mSv [ped]☢,May be appropriate
730,Thoracic,"Occupational lung disease, thoracic neoplasm suspected",3164921,MRI chest without and with IV contrast,0 mSvO,0 mSv [ped]O,May be appropriate
731,Thoracic,"Occupational lung disease, thoracic neoplasm suspected",3164921,MRI chest without IV contrast,0 mSvO,0 mSv [ped]O,May be appropriate
732,Thoracic,"Occupational lung disease, thoracic neoplasm suspected",3164921,CT chest without IV contrast,1-10 mSv☢☢☢,3-10 mSv [ped]☢☢☢☢,May be appropriate
733,Thoracic,"Occupational lung disease, thoracic neoplasm suspected",3164921,FDG-PET/CT skull base to mid-thigh,10-30 mSv☢☢☢☢,3-10 mSv [ped]☢☢☢☢,May be appropriate
734,Thoracic,"Occupational lung disease, thoracic neoplasm suspected",3164921,CT chest without and with IV contrast,1-10 mSv☢☢☢,3-10 mSv [ped]☢☢☢☢,Usually not appropriate
735,Thoracic,"Parapneumonic effusion suspected, recent pneumonia, initial imaging",3196695,Radiography chest,<0.1 mSv☢,<0.03 mSv [ped]☢,Usually appropriate
736,Thoracic,"Parapneumonic effusion suspected, recent pneumonia, initial imaging",3196695,CT chest with IV contrast,1-10 mSv☢☢☢,3-10 mSv [ped]☢☢☢☢,Usually appropriate
737,Thoracic,"Parapneumonic effusion suspected, recent pneumonia, initial imaging",3196695,US chest,0 mSvO,0 mSv [ped]O,May be appropriate (Disagreement)
738,Thoracic,"Parapneumonic effusion suspected, recent pneumonia, initial imaging",3196695,CT chest without IV contrast,1-10 mSv☢☢☢,3-10 mSv [ped]☢☢☢☢,May be appropriate
739,Thoracic,"Parapneumonic effusion suspected, recent pneumonia, initial imaging",3196695,MRI chest without and with IV contrast,0 mSvO,0 mSv [ped]O,Usually not appropriate
740,Thoracic,"Parapneumonic effusion suspected, recent pneumonia, initial imaging",3196695,MRI chest without IV contrast,0 mSvO,0 mSv [ped]O,Usually not appropriate
741,Thoracic,"Parapneumonic effusion suspected, recent pneumonia, initial imaging",3196695,CT chest without and with IV contrast,1-10 mSv☢☢☢,3-10 mSv [ped]☢☢☢☢,Usually not appropriate
742,Thoracic,"Parapneumonic effusion suspected, recent pneumonia, initial imaging",3196695,CTA chest with IV contrast,1-10 mSv☢☢☢,3-10 mSv [ped]☢☢☢☢,Usually not appropriate
743,Thoracic,"Pleural effusion suspected, noninfectious, chest pain, initial imaging",3196702,Radiography chest,<0.1 mSv☢,<0.03 mSv [ped]☢,Usually appropriate
744,Thoracic,"Pleural effusion suspected, noninfectious, chest pain, initial imaging",3196702,CT chest with IV contrast,1-10 mSv☢☢☢,3-10 mSv [ped]☢☢☢☢,Usually appropriate
745,Thoracic,"Pleural effusion suspected, noninfectious, chest pain, initial imaging",3196702,US chest,0 mSvO,0 mSv [ped]O,May be appropriate (Disagreement)
746,Thoracic,"Pleural effusion suspected, noninfectious, chest pain, initial imaging",3196702,CT chest without IV contrast,1-10 mSv☢☢☢,3-10 mSv [ped]☢☢☢☢,May be appropriate
747,Thoracic,"Pleural effusion suspected, noninfectious, chest pain, initial imaging",3196702,MRI chest without and with IV contrast,0 mSvO,0 mSv [ped]O,Usually not appropriate
748,Thoracic,"Pleural effusion suspected, noninfectious, chest pain, initial imaging",3196702,MRI chest without IV contrast,0 mSvO,0 mSv [ped]O,Usually not appropriate
749,Thoracic,"Pleural effusion suspected, noninfectious, chest pain, initial imaging",3196702,CT chest without and with IV contrast,1-10 mSv☢☢☢,3-10 mSv [ped]☢☢☢☢,Usually not appropriate
750,Thoracic,"Pleural effusion suspected, noninfectious, chest pain, initial imaging",3196702,CTA chest with IV contrast,1-10 mSv☢☢☢,3-10 mSv [ped]☢☢☢☢,Usually not appropriate
751,Thoracic,"Pleural effusion suspected, noninfectious, cough, initial imaging",3196701,Radiography chest,<0.1 mSv☢,<0.03 mSv [ped]☢,Usually appropriate
752,Thoracic,"Pleural effusion suspected, noninfectious, cough, initial imaging",3196701,CT chest with IV contrast,1-10 mSv☢☢☢,3-10 mSv [ped]☢☢☢☢,Usually appropriate
753,Thoracic,"Pleural effusion suspected, noninfectious, cough, initial imaging",3196701,US chest,0 mSvO,0 mSv [ped]O,May be appropriate (Disagreement)
754,Thoracic,"Pleural effusion suspected, noninfectious, cough, initial imaging",3196701,CT chest without IV contrast,1-10 mSv☢☢☢,3-10 mSv [ped]☢☢☢☢,May be appropriate
755,Thoracic,"Pleural effusion suspected, noninfectious, cough, initial imaging",3196701,MRI chest without and with IV contrast,0 mSvO,0 mSv [ped]O,Usually not appropriate
756,Thoracic,"Pleural effusion suspected, noninfectious, cough, initial imaging",3196701,MRI chest without IV contrast,0 mSvO,0 mSv [ped]O,Usually not appropriate
757,Thoracic,"Pleural effusion suspected, noninfectious, cough, initial imaging",3196701,CT chest without and with IV contrast,1-10 mSv☢☢☢,3-10 mSv [ped]☢☢☢☢,Usually not appropriate
758,Thoracic,"Pleural effusion suspected, noninfectious, cough, initial imaging",3196701,CTA chest with IV contrast,1-10 mSv☢☢☢,3-10 mSv [ped]☢☢☢☢,Usually not appropriate
759,Thoracic,"Pleural effusion suspected, noninfectious, dyspnea, initial imaging",3196700,Radiography chest,<0.1 mSv☢,<0.03 mSv [ped]☢,Usually appropriate
760,Thoracic,"Pleural effusion suspected, noninfectious, dyspnea, initial imaging",3196700,CT chest with IV contrast,1-10 mSv☢☢☢,3-10 mSv [ped]☢☢☢☢,Usually appropriate
761,Thoracic,"Pleural effusion suspected, noninfectious, dyspnea, initial imaging",3196700,US chest,0 mSvO,0 mSv [ped]O,May be appropriate (Disagreement)
762,Thoracic,"Pleural effusion suspected, noninfectious, dyspnea, initial imaging",3196700,CT chest without IV contrast,1-10 mSv☢☢☢,3-10 mSv [ped]☢☢☢☢,May be appropriate
763,Thoracic,"Pleural effusion suspected, noninfectious, dyspnea, initial imaging",3196700,MRI chest without and with IV contrast,0 mSvO,0 mSv [ped]O,Usually not appropriate
764,Thoracic,"Pleural effusion suspected, noninfectious, dyspnea, initial imaging",3196700,MRI chest without IV contrast,0 mSvO,0 mSv [ped]O,Usually not appropriate
765,Thoracic,"Pleural effusion suspected, noninfectious, dyspnea, initial imaging",3196700,CT chest without and with IV contrast,1-10 mSv☢☢☢,3-10 mSv [ped]☢☢☢☢,Usually not appropriate
766,Thoracic,"Pleural effusion suspected, noninfectious, dyspnea, initial imaging",3196700,CTA chest with IV contrast,1-10 mSv☢☢☢,3-10 mSv [ped]☢☢☢☢,Usually not appropriate
767,Thoracic,"Pleural effusion suspected, recent minor blunt trauma, initial imaging",3196698,Radiography chest,<0.1 mSv☢,<0.03 mSv [ped]☢,Usually appropriate
768,Thoracic,"Pleural effusion suspected, recent minor blunt trauma, initial imaging",3196698,CT chest with IV contrast,1-10 mSv☢☢☢,3-10 mSv [ped]☢☢☢☢,Usually appropriate
769,Thoracic,"Pleural effusion suspected, recent minor blunt trauma, initial imaging",3196698,US chest,0 mSvO,0 mSv [ped]O,May be appropriate (Disagreement)
770,Thoracic,"Pleural effusion suspected, recent minor blunt trauma, initial imaging",3196698,CT chest without IV contrast,1-10 mSv☢☢☢,3-10 mSv [ped]☢☢☢☢,May be appropriate
771,Thoracic,"Pleural effusion suspected, recent minor blunt trauma, initial imaging",3196698,CTA chest with IV contrast,1-10 mSv☢☢☢,3-10 mSv [ped]☢☢☢☢,May be appropriate (Disagreement)
772,Thoracic,"Pleural effusion suspected, recent minor blunt trauma, initial imaging",3196698,Image-guided aspiration chest,Varies,Varies,Usually not appropriate
773,Thoracic,"Pleural effusion suspected, recent minor blunt trauma, initial imaging",3196698,MRI chest without and with IV contrast,0 mSvO,0 mSv [ped]O,Usually not appropriate
774,Thoracic,"Pleural effusion suspected, recent minor blunt trauma, initial imaging",3196698,MRI chest without IV contrast,0 mSvO,0 mSv [ped]O,Usually not appropriate
775,Thoracic,"Pleural effusion suspected, recent minor blunt trauma, initial imaging",3196698,CT chest without and with IV contrast,1-10 mSv☢☢☢,3-10 mSv [ped]☢☢☢☢,Usually not appropriate
776,Thoracic,"Pleural effusion, incidental, incomplete thoracic imaging, next imaging study",3196704,US chest,0 mSvO,0 mSv [ped]O,May be appropriate (Disagreement)
777,Thoracic,"Pleural effusion, incidental, incomplete thoracic imaging, next imaging study",3196704,Radiography chest,<0.1 mSv☢,<0.03 mSv [ped]☢,May be appropriate (Disagreement)
778,Thoracic,"Pleural effusion, incidental, incomplete thoracic imaging, next imaging study",3196704,CT chest with IV contrast,1-10 mSv☢☢☢,3-10 mSv [ped]☢☢☢☢,May be appropriate (Disagreement)
779,Thoracic,"Pleural effusion, incidental, incomplete thoracic imaging, next imaging study",3196704,MRI chest without and with IV contrast,0 mSvO,0 mSv [ped]O,Usually not appropriate
780,Thoracic,"Pleural effusion, incidental, incomplete thoracic imaging, next imaging study",3196704,MRI chest without IV contrast,0 mSvO,0 mSv [ped]O,Usually not appropriate
781,Thoracic,"Pleural effusion, incidental, incomplete thoracic imaging, next imaging study",3196704,CT chest without and with IV contrast,1-10 mSv☢☢☢,3-10 mSv [ped]☢☢☢☢,Usually not appropriate
782,Thoracic,"Pleural effusion, incidental, incomplete thoracic imaging, next imaging study",3196704,CT chest without IV contrast,1-10 mSv☢☢☢,3-10 mSv [ped]☢☢☢☢,Usually not appropriate
783,Thoracic,"Pleural effusion, incidental, incomplete thoracic imaging, next imaging study",3196704,CTA chest with IV contrast,1-10 mSv☢☢☢,3-10 mSv [ped]☢☢☢☢,Usually not appropriate
784,Thoracic,"Respiratory illness, acute, immunocompetent, pneumonia, abscess suspected on chest radiography, next imaging study",3148168,CT chest with IV contrast,1-10 mSv☢☢☢,3-10 mSv [ped]☢☢☢☢,Usually appropriate
785,Thoracic,"Respiratory illness, acute, immunocompetent, pneumonia, abscess suspected on chest radiography, next imaging study",3148168,CT chest without IV contrast,1-10 mSv☢☢☢,3-10 mSv [ped]☢☢☢☢,Usually appropriate
786,Thoracic,"Respiratory illness, acute, immunocompetent, pneumonia, abscess suspected on chest radiography, next imaging study",3148168,US chest,0 mSvO,0 mSv [ped]O,May be appropriate
787,Thoracic,"Respiratory illness, acute, immunocompetent, pneumonia, abscess suspected on chest radiography, next imaging study",3148168,MRI chest without and with IV contrast,0 mSvO,0 mSv [ped]O,Usually not appropriate
788,Thoracic,"Respiratory illness, acute, immunocompetent, pneumonia, abscess suspected on chest radiography, next imaging study",3148168,MRI chest without IV contrast,0 mSvO,0 mSv [ped]O,Usually not appropriate
789,Thoracic,"Respiratory illness, acute, immunocompetent, pneumonia, abscess suspected on chest radiography, next imaging study",3148168,CT chest without and with IV contrast,1-10 mSv☢☢☢,3-10 mSv [ped]☢☢☢☢,Usually not appropriate
790,Thoracic,"Respiratory illness, acute, immunocompetent, pneumonia, abscess suspected on chest radiography, next imaging study",3148168,CTA chest with IV contrast,1-10 mSv☢☢☢,3-10 mSv [ped]☢☢☢☢,Usually not appropriate
791,Thoracic,"Respiratory illness, acute, immunocompetent, pneumonia, abscess suspected on chest radiography, next imaging study",3148168,V/Q scan lung,1-10 mSv☢☢☢,,Usually not appropriate
792,Thoracic,"Pulmonary embolism suspected, high pretest probability, initial imaging",3195265,CTA pulmonary arteries with IV contrast,1-10 mSv☢☢☢,,Usually appropriate
793,Thoracic,"Pulmonary embolism suspected, high pretest probability, initial imaging",3195265,V/Q scan lung,1-10 mSv☢☢☢,,Usually appropriate
794,Thoracic,"Pulmonary embolism suspected, high pretest probability, initial imaging",3195265,US duplex Doppler lower extremity,0 mSvO,0 mSv [ped]O,May be appropriate (Disagreement)
795,Thoracic,"Pulmonary embolism suspected, high pretest probability, initial imaging",3195265,US echocardiography transthoracic resting,0 mSvO,0 mSv [ped]O,May be appropriate
796,Thoracic,"Pulmonary embolism suspected, high pretest probability, initial imaging",3195265,MRA pulmonary arteries without and with IV contrast,0 mSvO,0 mSv [ped]O,May be appropriate
797,Thoracic,"Pulmonary embolism suspected, high pretest probability, initial imaging",3195265,US echocardiography transesophageal,0 mSvO,0 mSv [ped]O,Usually not appropriate
798,Thoracic,"Pulmonary embolism suspected, high pretest probability, initial imaging",3195265,Arteriography pulmonary with right heart catheterization,10-30 mSv☢☢☢☢,,Usually not appropriate
799,Thoracic,"Pulmonary embolism suspected, high pretest probability, initial imaging",3195265,MRA pulmonary arteries without IV contrast,0 mSvO,0 mSv [ped]O,Usually not appropriate
800,Thoracic,"Pulmonary embolism suspected, high pretest probability, initial imaging",3195265,CT chest with IV contrast,1-10 mSv☢☢☢,3-10 mSv [ped]☢☢☢☢,Usually not appropriate
801,Thoracic,"Pulmonary embolism suspected, high pretest probability, initial imaging",3195265,CT chest without and with IV contrast,1-10 mSv☢☢☢,3-10 mSv [ped]☢☢☢☢,Usually not appropriate
802,Thoracic,"Pulmonary embolism suspected, high pretest probability, initial imaging",3195265,CT chest without IV contrast,1-10 mSv☢☢☢,3-10 mSv [ped]☢☢☢☢,Usually not appropriate
803,Thoracic,"Pulmonary embolism suspected, high pretest probability, initial imaging",3195265,CTA chest with IV contrast with CTV lower extremities,1-10 mSv☢☢☢,,Usually not appropriate
804,Thoracic,"Pulmonary embolism suspected, high pretest probability, initial imaging",3195265,CTA triple rule out,1-10 mSv☢☢☢,,Usually not appropriate
805,Thoracic,"Pulmonary embolism suspected, intermediate pretest probability, negative D-dimer, initial imaging",3195260,US duplex Doppler lower extremity,0 mSvO,0 mSv [ped]O,Usually not appropriate
806,Thoracic,"Pulmonary embolism suspected, intermediate pretest probability, negative D-dimer, initial imaging",3195260,US echocardiography transesophageal,0 mSvO,0 mSv [ped]O,Usually not appropriate
807,Thoracic,"Pulmonary embolism suspected, intermediate pretest probability, negative D-dimer, initial imaging",3195260,US echocardiography transthoracic resting,0 mSvO,0 mSv [ped]O,Usually not appropriate
808,Thoracic,"Pulmonary embolism suspected, intermediate pretest probability, negative D-dimer, initial imaging",3195260,Arteriography pulmonary with right heart catheterization,10-30 mSv☢☢☢☢,,Usually not appropriate
809,Thoracic,"Pulmonary embolism suspected, intermediate pretest probability, negative D-dimer, initial imaging",3195260,MRA pulmonary arteries without and with IV contrast,0 mSvO,0 mSv [ped]O,Usually not appropriate
810,Thoracic,"Pulmonary embolism suspected, intermediate pretest probability, negative D-dimer, initial imaging",3195260,MRA pulmonary arteries without IV contrast,0 mSvO,0 mSv [ped]O,Usually not appropriate
811,Thoracic,"Pulmonary embolism suspected, intermediate pretest probability, negative D-dimer, initial imaging",3195260,CT chest with IV contrast,1-10 mSv☢☢☢,3-10 mSv [ped]☢☢☢☢,Usually not appropriate
812,Thoracic,"Pulmonary embolism suspected, intermediate pretest probability, negative D-dimer, initial imaging",3195260,CT chest without and with IV contrast,1-10 mSv☢☢☢,3-10 mSv [ped]☢☢☢☢,Usually not appropriate
813,Thoracic,"Pulmonary embolism suspected, intermediate pretest probability, negative D-dimer, initial imaging",3195260,CT chest without IV contrast,1-10 mSv☢☢☢,3-10 mSv [ped]☢☢☢☢,Usually not appropriate
814,Thoracic,"Pulmonary embolism suspected, intermediate pretest probability, negative D-dimer, initial imaging",3195260,CTA chest with IV contrast with CTV lower extremities,1-10 mSv☢☢☢,,Usually not appropriate
815,Thoracic,"Pulmonary embolism suspected, intermediate pretest probability, negative D-dimer, initial imaging",3195260,CTA pulmonary arteries with IV contrast,1-10 mSv☢☢☢,,Usually not appropriate
816,Thoracic,"Pulmonary embolism suspected, intermediate pretest probability, negative D-dimer, initial imaging",3195260,V/Q scan lung,1-10 mSv☢☢☢,,Usually not appropriate
817,Thoracic,"Pulmonary embolism suspected, intermediate pretest probability, positive D-dimer, initial imaging",3195263,CTA pulmonary arteries with IV contrast,1-10 mSv☢☢☢,,Usually appropriate
818,Thoracic,"Pulmonary embolism suspected, intermediate pretest probability, positive D-dimer, initial imaging",3195263,V/Q scan lung,1-10 mSv☢☢☢,,Usually appropriate
819,Thoracic,"Pulmonary embolism suspected, intermediate pretest probability, positive D-dimer, initial imaging",3195263,MRA pulmonary arteries without and with IV contrast,0 mSvO,0 mSv [ped]O,May be appropriate
820,Thoracic,"Pulmonary embolism suspected, intermediate pretest probability, positive D-dimer, initial imaging",3195263,CTA triple rule out,1-10 mSv☢☢☢,,May be appropriate (Disagreement)
821,Thoracic,"Pulmonary embolism suspected, intermediate pretest probability, positive D-dimer, initial imaging",3195263,US duplex Doppler lower extremity,0 mSvO,0 mSv [ped]O,Usually not appropriate
822,Thoracic,"Pulmonary embolism suspected, intermediate pretest probability, positive D-dimer, initial imaging",3195263,US echocardiography transesophageal,0 mSvO,0 mSv [ped]O,Usually not appropriate
823,Thoracic,"Pulmonary embolism suspected, intermediate pretest probability, positive D-dimer, initial imaging",3195263,US echocardiography transthoracic resting,0 mSvO,0 mSv [ped]O,Usually not appropriate
824,Thoracic,"Pulmonary embolism suspected, intermediate pretest probability, positive D-dimer, initial imaging",3195263,Arteriography pulmonary with right heart catheterization,10-30 mSv☢☢☢☢,,Usually not appropriate
825,Thoracic,"Pulmonary embolism suspected, intermediate pretest probability, positive D-dimer, initial imaging",3195263,MRA pulmonary arteries without IV contrast,0 mSvO,0 mSv [ped]O,Usually not appropriate
826,Thoracic,"Pulmonary embolism suspected, intermediate pretest probability, positive D-dimer, initial imaging",3195263,CT chest with IV contrast,1-10 mSv☢☢☢,3-10 mSv [ped]☢☢☢☢,Usually not appropriate
827,Thoracic,"Pulmonary embolism suspected, intermediate pretest probability, positive D-dimer, initial imaging",3195263,CT chest without and with IV contrast,1-10 mSv☢☢☢,3-10 mSv [ped]☢☢☢☢,Usually not appropriate
828,Thoracic,"Pulmonary embolism suspected, intermediate pretest probability, positive D-dimer, initial imaging",3195263,CT chest without IV contrast,1-10 mSv☢☢☢,3-10 mSv [ped]☢☢☢☢,Usually not appropriate
829,Thoracic,"Pulmonary embolism suspected, intermediate pretest probability, positive D-dimer, initial imaging",3195263,CTA chest with IV contrast with CTV lower extremities,1-10 mSv☢☢☢,,Usually not appropriate
830,Thoracic,"Pulmonary embolism suspected, low pretest probability, negative D-dimer, initial imaging",3195259,US duplex Doppler lower extremity,0 mSvO,0 mSv [ped]O,Usually not appropriate
831,Thoracic,"Pulmonary embolism suspected, low pretest probability, negative D-dimer, initial imaging",3195259,US echocardiography transesophageal,0 mSvO,0 mSv [ped]O,Usually not appropriate
832,Thoracic,"Pulmonary embolism suspected, low pretest probability, negative D-dimer, initial imaging",3195259,US echocardiography transthoracic resting,0 mSvO,0 mSv [ped]O,Usually not appropriate
833,Thoracic,"Pulmonary embolism suspected, low pretest probability, negative D-dimer, initial imaging",3195259,Arteriography pulmonary with right heart catheterization,10-30 mSv☢☢☢☢,,Usually not appropriate
834,Thoracic,"Pulmonary embolism suspected, low pretest probability, negative D-dimer, initial imaging",3195259,MRA pulmonary arteries without and with IV contrast,0 mSvO,0 mSv [ped]O,Usually not appropriate
835,Thoracic,"Pulmonary embolism suspected, low pretest probability, negative D-dimer, initial imaging",3195259,MRA pulmonary arteries without IV contrast,0 mSvO,0 mSv [ped]O,Usually not appropriate
836,Thoracic,"Pulmonary embolism suspected, low pretest probability, negative D-dimer, initial imaging",3195259,CT chest with IV contrast,1-10 mSv☢☢☢,3-10 mSv [ped]☢☢☢☢,Usually not appropriate
837,Thoracic,"Pulmonary embolism suspected, low pretest probability, negative D-dimer, initial imaging",3195259,CT chest without and with IV contrast,1-10 mSv☢☢☢,3-10 mSv [ped]☢☢☢☢,Usually not appropriate
838,Thoracic,"Pulmonary embolism suspected, low pretest probability, negative D-dimer, initial imaging",3195259,CT chest without IV contrast,1-10 mSv☢☢☢,3-10 mSv [ped]☢☢☢☢,Usually not appropriate
839,Thoracic,"Pulmonary embolism suspected, low pretest probability, negative D-dimer, initial imaging",3195259,CTA chest with IV contrast with CTV lower extremities,1-10 mSv☢☢☢,,Usually not appropriate
840,Thoracic,"Pulmonary embolism suspected, low pretest probability, negative D-dimer, initial imaging",3195259,CTA pulmonary arteries with IV contrast,1-10 mSv☢☢☢,,Usually not appropriate
841,Thoracic,"Pulmonary embolism suspected, low pretest probability, negative D-dimer, initial imaging",3195259,V/Q scan lung,1-10 mSv☢☢☢,,Usually not appropriate
842,Thoracic,"Pulmonary embolism suspected, low pretest probability, positive D-dimer, initial imaging",3195262,CTA pulmonary arteries with IV contrast,1-10 mSv☢☢☢,,Usually appropriate
843,Thoracic,"Pulmonary embolism suspected, low pretest probability, positive D-dimer, initial imaging",3195262,V/Q scan lung,1-10 mSv☢☢☢,,Usually appropriate
844,Thoracic,"Pulmonary embolism suspected, low pretest probability, positive D-dimer, initial imaging",3195262,MRA pulmonary arteries without and with IV contrast,0 mSvO,0 mSv [ped]O,May be appropriate
845,Thoracic,"Pulmonary embolism suspected, low pretest probability, positive D-dimer, initial imaging",3195262,CTA triple rule out,1-10 mSv☢☢☢,,May be appropriate (Disagreement)
846,Thoracic,"Pulmonary embolism suspected, low pretest probability, positive D-dimer, initial imaging",3195262,US duplex Doppler lower extremity,0 mSvO,0 mSv [ped]O,Usually not appropriate
847,Thoracic,"Pulmonary embolism suspected, low pretest probability, positive D-dimer, initial imaging",3195262,US echocardiography transesophageal,0 mSvO,0 mSv [ped]O,Usually not appropriate
848,Thoracic,"Pulmonary embolism suspected, low pretest probability, positive D-dimer, initial imaging",3195262,US echocardiography transthoracic resting,0 mSvO,0 mSv [ped]O,Usually not appropriate
849,Thoracic,"Pulmonary embolism suspected, low pretest probability, positive D-dimer, initial imaging",3195262,Arteriography pulmonary with right heart catheterization,10-30 mSv☢☢☢☢,,Usually not appropriate
850,Thoracic,"Pulmonary embolism suspected, low pretest probability, positive D-dimer, initial imaging",3195262,MRA pulmonary arteries without IV contrast,0 mSvO,0 mSv [ped]O,Usually not appropriate
851,Thoracic,"Pulmonary embolism suspected, low pretest probability, positive D-dimer, initial imaging",3195262,CT chest with IV contrast,1-10 mSv☢☢☢,3-10 mSv [ped]☢☢☢☢,Usually not appropriate
852,Thoracic,"Pulmonary embolism suspected, low pretest probability, positive D-dimer, initial imaging",3195262,CT chest without and with IV contrast,1-10 mSv☢☢☢,3-10 mSv [ped]☢☢☢☢,Usually not appropriate
853,Thoracic,"Pulmonary embolism suspected, low pretest probability, positive D-dimer, initial imaging",3195262,CT chest without IV contrast,1-10 mSv☢☢☢,3-10 mSv [ped]☢☢☢☢,Usually not appropriate
854,Thoracic,"Pulmonary embolism suspected, low pretest probability, positive D-dimer, initial imaging",3195262,CTA chest with IV contrast with CTV lower extremities,1-10 mSv☢☢☢,,Usually not appropriate
855,Thoracic,"Pulmonary embolism suspected, pregnant, initial imaging",3195266,US duplex Doppler lower extremity,0 mSvO,0 mSv [ped]O,Usually appropriate
856,Thoracic,"Pulmonary embolism suspected, pregnant, initial imaging",3195266,Radiography chest,<0.1 mSv☢,<0.03 mSv [ped]☢,Usually appropriate
857,Thoracic,"Pulmonary embolism suspected, pregnant, initial imaging",3195266,CTA pulmonary arteries with IV contrast,1-10 mSv☢☢☢,,Usually appropriate
858,Thoracic,"Pulmonary embolism suspected, pregnant, initial imaging",3195266,V/Q scan lung,1-10 mSv☢☢☢,,Usually appropriate
859,Thoracic,"Pulmonary embolism suspected, pregnant, initial imaging",3195266,US echocardiography transesophageal,0 mSvO,0 mSv [ped]O,Usually not appropriate
860,Thoracic,"Pulmonary embolism suspected, pregnant, initial imaging",3195266,US echocardiography transthoracic resting,0 mSvO,0 mSv [ped]O,Usually not appropriate
861,Thoracic,"Pulmonary embolism suspected, pregnant, initial imaging",3195266,Arteriography pulmonary with right heart catheterization,10-30 mSv☢☢☢☢,,Usually not appropriate
862,Thoracic,"Pulmonary embolism suspected, pregnant, initial imaging",3195266,MRA pulmonary arteries without and with IV contrast,0 mSvO,0 mSv [ped]O,Usually not appropriate
863,Thoracic,"Pulmonary embolism suspected, pregnant, initial imaging",3195266,MRA pulmonary arteries without IV contrast,0 mSvO,0 mSv [ped]O,Usually not appropriate
864,Thoracic,"Pulmonary embolism suspected, pregnant, initial imaging",3195266,CT chest with IV contrast,1-10 mSv☢☢☢,3-10 mSv [ped]☢☢☢☢,Usually not appropriate
865,Thoracic,"Pulmonary embolism suspected, pregnant, initial imaging",3195266,CT chest without and with IV contrast,1-10 mSv☢☢☢,3-10 mSv [ped]☢☢☢☢,Usually not appropriate
866,Thoracic,"Pulmonary embolism suspected, pregnant, initial imaging",3195266,CT chest without IV contrast,1-10 mSv☢☢☢,3-10 mSv [ped]☢☢☢☢,Usually not appropriate
867,Thoracic,"Pulmonary embolism suspected, pregnant, initial imaging",3195266,CTA chest with IV contrast with CTV lower extremities,1-10 mSv☢☢☢,,Usually not appropriate
868,Thoracic,"Pulmonary embolism suspected, pregnant, initial imaging",3195266,CTA triple rule out,1-10 mSv☢☢☢,,Usually not appropriate
869,Thoracic,"Pulmonary hypertension suspected, initial imaging",3195293,US echocardiography transthoracic resting,0 mSvO,0 mSv [ped]O,Usually appropriate
870,Thoracic,"Pulmonary hypertension suspected, initial imaging",3195293,Radiography chest,<0.1 mSv☢,<0.03 mSv [ped]☢,Usually appropriate
871,Thoracic,"Pulmonary hypertension suspected, initial imaging",3195293,CT chest with IV contrast,1-10 mSv☢☢☢,3-10 mSv [ped]☢☢☢☢,Usually appropriate
872,Thoracic,"Pulmonary hypertension suspected, initial imaging",3195293,CTA chest with IV contrast,1-10 mSv☢☢☢,3-10 mSv [ped]☢☢☢☢,Usually appropriate
873,Thoracic,"Pulmonary hypertension suspected, initial imaging",3195293,US echocardiography transesophageal,0 mSvO,0 mSv [ped]O,May be appropriate
874,Thoracic,"Pulmonary hypertension suspected, initial imaging",3195293,MRI heart function and morphology without and with IV contrast,0 mSvO,0 mSv [ped]O,May be appropriate
875,Thoracic,"Pulmonary hypertension suspected, initial imaging",3195293,MRI heart function and morphology without IV contrast,0 mSvO,0 mSv [ped]O,May be appropriate
876,Thoracic,"Pulmonary hypertension suspected, initial imaging",3195293,V/Q scan lung,1-10 mSv☢☢☢,,May be appropriate (Disagreement)
877,Thoracic,"Pulmonary hypertension suspected, initial imaging",3195293,Catheterization right heart,0.1-1mSv☢☢,,Usually not appropriate
878,Thoracic,"Pulmonary hypertension suspected, initial imaging",3195293,Arteriography pulmonary with right heart catheterization,10-30 mSv☢☢☢☢,,Usually not appropriate
879,Thoracic,"Pulmonary hypertension suspected, initial imaging",3195293,MRA chest without and with IV contrast,0 mSvO,0 mSv [ped]O,Usually not appropriate
880,Thoracic,"Pulmonary hypertension suspected, initial imaging",3195293,MRA chest without IV contrast,0 mSvO,0 mSv [ped]O,Usually not appropriate
881,Thoracic,"Pulmonary hypertension suspected, initial imaging",3195293,CT chest without and with IV contrast,1-10 mSv☢☢☢,3-10 mSv [ped]☢☢☢☢,Usually not appropriate
882,Thoracic,"Pulmonary hypertension suspected, initial imaging",3195293,CT chest without IV contrast,1-10 mSv☢☢☢,3-10 mSv [ped]☢☢☢☢,Usually not appropriate
883,Thoracic,"Pulmonary nodule on chest CT, incidental, indeterminate, <6mm, next imaging study",3196540,CT chest without IV contrast,1-10 mSv☢☢☢,3-10 mSv [ped]☢☢☢☢,May be appropriate
884,Thoracic,"Pulmonary nodule on chest CT, incidental, indeterminate, <6mm, next imaging study",3196540,Radiography chest,<0.1 mSv☢,<0.03 mSv [ped]☢,Usually not appropriate
885,Thoracic,"Pulmonary nodule on chest CT, incidental, indeterminate, <6mm, next imaging study",3196540,Image-guided transthoracic needle biopsy,Varies,Varies,Usually not appropriate
886,Thoracic,"Pulmonary nodule on chest CT, incidental, indeterminate, <6mm, next imaging study",3196540,MRI chest without and with IV contrast,0 mSvO,0 mSv [ped]O,Usually not appropriate
887,Thoracic,"Pulmonary nodule on chest CT, incidental, indeterminate, <6mm, next imaging study",3196540,MRI chest without IV contrast,0 mSvO,0 mSv [ped]O,Usually not appropriate
888,Thoracic,"Pulmonary nodule on chest CT, incidental, indeterminate, <6mm, next imaging study",3196540,CT chest with IV contrast,1-10 mSv☢☢☢,3-10 mSv [ped]☢☢☢☢,Usually not appropriate
889,Thoracic,"Pulmonary nodule on chest CT, incidental, indeterminate, <6mm, next imaging study",3196540,CT chest without and with IV contrast,1-10 mSv☢☢☢,3-10 mSv [ped]☢☢☢☢,Usually not appropriate
890,Thoracic,"Pulmonary nodule on chest CT, incidental, indeterminate, <6mm, next imaging study",3196540,FDG-PET/MRI whole body,1-10 mSv☢☢☢,3-10 mSv [ped]☢☢☢☢,Usually not appropriate
891,Thoracic,"Pulmonary nodule on chest CT, incidental, indeterminate, <6mm, next imaging study",3196540,FDG-PET/CT whole body,10-30 mSv☢☢☢☢,3-10 mSv [ped]☢☢☢☢,Usually not appropriate
892,Thoracic,"Pulmonary nodule on chest CT, incidental, indeterminate, >=6mm, next imaging study",3196542,CT chest without IV contrast,1-10 mSv☢☢☢,3-10 mSv [ped]☢☢☢☢,Usually appropriate
893,Thoracic,"Pulmonary nodule on chest CT, incidental, indeterminate, >=6mm, next imaging study",3196542,FDG-PET/CT whole body,10-30 mSv☢☢☢☢,3-10 mSv [ped]☢☢☢☢,Usually appropriate
894,Thoracic,"Pulmonary nodule on chest CT, incidental, indeterminate, >=6mm, next imaging study",3196542,Image-guided transthoracic needle biopsy,Varies,Varies,May be appropriate
895,Thoracic,"Pulmonary nodule on chest CT, incidental, indeterminate, >=6mm, next imaging study",3196542,Radiography chest,<0.1 mSv☢,<0.03 mSv [ped]☢,Usually not appropriate
896,Thoracic,"Pulmonary nodule on chest CT, incidental, indeterminate, >=6mm, next imaging study",3196542,MRI chest without and with IV contrast,0 mSvO,0 mSv [ped]O,Usually not appropriate
897,Thoracic,"Pulmonary nodule on chest CT, incidental, indeterminate, >=6mm, next imaging study",3196542,MRI chest without IV contrast,0 mSvO,0 mSv [ped]O,Usually not appropriate
898,Thoracic,"Pulmonary nodule on chest CT, incidental, indeterminate, >=6mm, next imaging study",3196542,CT chest with IV contrast,1-10 mSv☢☢☢,3-10 mSv [ped]☢☢☢☢,Usually not appropriate
899,Thoracic,"Pulmonary nodule on chest CT, incidental, indeterminate, >=6mm, next imaging study",3196542,CT chest without and with IV contrast,1-10 mSv☢☢☢,3-10 mSv [ped]☢☢☢☢,Usually not appropriate
900,Thoracic,"Pulmonary nodule on chest CT, incidental, indeterminate, >=6mm, next imaging study",3196542,FDG-PET/MRI whole body,1-10 mSv☢☢☢,3-10 mSv [ped]☢☢☢☢,Usually not appropriate
901,Thoracic,"Pulmonary nodule on chest radiography, incidental, indeterminate, next imaging study",3196538,CT chest without IV contrast,1-10 mSv☢☢☢,3-10 mSv [ped]☢☢☢☢,Usually appropriate
902,Thoracic,"Pulmonary nodule on chest radiography, incidental, indeterminate, next imaging study",3196538,Radiography chest,<0.1 mSv☢,<0.03 mSv [ped]☢,May be appropriate
903,Thoracic,"Pulmonary nodule on chest radiography, incidental, indeterminate, next imaging study",3196538,Image-guided transthoracic needle biopsy,Varies,Varies,Usually not appropriate
904,Thoracic,"Pulmonary nodule on chest radiography, incidental, indeterminate, next imaging study",3196538,MRI chest without and with IV contrast,0 mSvO,0 mSv [ped]O,Usually not appropriate
905,Thoracic,"Pulmonary nodule on chest radiography, incidental, indeterminate, next imaging study",3196538,MRI chest without IV contrast,0 mSvO,0 mSv [ped]O,Usually not appropriate
906,Thoracic,"Pulmonary nodule on chest radiography, incidental, indeterminate, next imaging study",3196538,CT chest with IV contrast,1-10 mSv☢☢☢,3-10 mSv [ped]☢☢☢☢,Usually not appropriate
907,Thoracic,"Pulmonary nodule on chest radiography, incidental, indeterminate, next imaging study",3196538,CT chest without and with IV contrast,1-10 mSv☢☢☢,3-10 mSv [ped]☢☢☢☢,Usually not appropriate
908,Thoracic,"Pulmonary nodule on chest radiography, incidental, indeterminate, next imaging study",3196538,FDG-PET/MRI whole body,1-10 mSv☢☢☢,3-10 mSv [ped]☢☢☢☢,Usually not appropriate
909,Thoracic,"Pulmonary nodule on chest radiography, incidental, indeterminate, next imaging study",3196538,FDG-PET/CT whole body,10-30 mSv☢☢☢☢,3-10 mSv [ped]☢☢☢☢,Usually not appropriate
910,Thoracic,"Pulmonary nodule on incomplete thoracic CT, incidental, indeterminate, next imaging study",3196544,CT chest without IV contrast,1-10 mSv☢☢☢,3-10 mSv [ped]☢☢☢☢,Usually appropriate
911,Thoracic,"Pulmonary nodule on incomplete thoracic CT, incidental, indeterminate, next imaging study",3196544,Radiography chest,<0.1 mSv☢,<0.03 mSv [ped]☢,Usually not appropriate
912,Thoracic,"Pulmonary nodule on incomplete thoracic CT, incidental, indeterminate, next imaging study",3196544,Image-guided transthoracic needle biopsy,Varies,Varies,Usually not appropriate
913,Thoracic,"Pulmonary nodule on incomplete thoracic CT, incidental, indeterminate, next imaging study",3196544,MRI chest without and with IV contrast,0 mSvO,0 mSv [ped]O,Usually not appropriate
914,Thoracic,"Pulmonary nodule on incomplete thoracic CT, incidental, indeterminate, next imaging study",3196544,MRI chest without IV contrast,0 mSvO,0 mSv [ped]O,Usually not appropriate
915,Thoracic,"Pulmonary nodule on incomplete thoracic CT, incidental, indeterminate, next imaging study",3196544,CT chest with IV contrast,1-10 mSv☢☢☢,3-10 mSv [ped]☢☢☢☢,Usually not appropriate
916,Thoracic,"Pulmonary nodule on incomplete thoracic CT, incidental, indeterminate, next imaging study",3196544,CT chest without and with IV contrast,1-10 mSv☢☢☢,3-10 mSv [ped]☢☢☢☢,Usually not appropriate
917,Thoracic,"Pulmonary nodule on incomplete thoracic CT, incidental, indeterminate, next imaging study",3196544,FDG-PET/CT whole body,10-30 mSv☢☢☢☢,3-10 mSv [ped]☢☢☢☢,Usually not appropriate
918,Thoracic,"Respiratory illness, acute, immunocompetent, physical exam positive, initial imaging",3148569,Radiography chest,<0.1 mSv☢,<0.03 mSv [ped]☢,Usually appropriate
919,Thoracic,"Respiratory illness, acute, immunocompetent, physical exam positive, initial imaging",3148569,US chest,0 mSvO,0 mSv [ped]O,Usually not appropriate
920,Thoracic,"Respiratory illness, acute, immunocompetent, physical exam positive, initial imaging",3148569,MRI chest without and with IV contrast,0 mSvO,0 mSv [ped]O,Usually not appropriate
921,Thoracic,"Respiratory illness, acute, immunocompetent, physical exam positive, initial imaging",3148569,MRI chest without IV contrast,0 mSvO,0 mSv [ped]O,Usually not appropriate
922,Thoracic,"Respiratory illness, acute, immunocompetent, physical exam positive, initial imaging",3148569,CT chest with IV contrast,1-10 mSv☢☢☢,3-10 mSv [ped]☢☢☢☢,Usually not appropriate
923,Thoracic,"Respiratory illness, acute, immunocompetent, physical exam positive, initial imaging",3148569,CT chest without and with IV contrast,1-10 mSv☢☢☢,3-10 mSv [ped]☢☢☢☢,Usually not appropriate
924,Thoracic,"Respiratory illness, acute, immunocompetent, physical exam positive, initial imaging",3148569,CT chest without IV contrast,1-10 mSv☢☢☢,3-10 mSv [ped]☢☢☢☢,Usually not appropriate
925,Thoracic,"Respiratory illness, acute, immunocompetent, physical exam positive, initial imaging",3148569,CTA chest with IV contrast,1-10 mSv☢☢☢,3-10 mSv [ped]☢☢☢☢,Usually not appropriate
926,Thoracic,"Respiratory illness, acute, immunocompetent, physical exam positive, initial imaging",3148569,V/Q scan lung,1-10 mSv☢☢☢,,Usually not appropriate
927,Thoracic,"Respiratory illness, acute, immunocompetent, organic brain disease, chest radiography indeterminate, next imaging study",3148573,CT chest with IV contrast,1-10 mSv☢☢☢,3-10 mSv [ped]☢☢☢☢,Usually appropriate
928,Thoracic,"Respiratory illness, acute, immunocompetent, organic brain disease, chest radiography indeterminate, next imaging study",3148573,CT chest without IV contrast,1-10 mSv☢☢☢,3-10 mSv [ped]☢☢☢☢,Usually appropriate
929,Thoracic,"Respiratory illness, acute, immunocompetent, organic brain disease, chest radiography indeterminate, next imaging study",3148573,CTA chest with IV contrast,1-10 mSv☢☢☢,3-10 mSv [ped]☢☢☢☢,May be appropriate
930,Thoracic,"Respiratory illness, acute, immunocompetent, organic brain disease, chest radiography indeterminate, next imaging study",3148573,US chest,0 mSvO,0 mSv [ped]O,Usually not appropriate
931,Thoracic,"Respiratory illness, acute, immunocompetent, organic brain disease, chest radiography indeterminate, next imaging study",3148573,MRI chest without and with IV contrast,0 mSvO,0 mSv [ped]O,Usually not appropriate
932,Thoracic,"Respiratory illness, acute, immunocompetent, organic brain disease, chest radiography indeterminate, next imaging study",3148573,MRI chest without IV contrast,0 mSvO,0 mSv [ped]O,Usually not appropriate
933,Thoracic,"Respiratory illness, acute, immunocompetent, organic brain disease, chest radiography indeterminate, next imaging study",3148573,CT chest without and with IV contrast,1-10 mSv☢☢☢,3-10 mSv [ped]☢☢☢☢,Usually not appropriate
934,Thoracic,"Respiratory illness, acute, immunocompetent, organic brain disease, chest radiography indeterminate, next imaging study",3148573,V/Q scan lung,1-10 mSv☢☢☢,,Usually not appropriate
935,Thoracic,"Respiratory illness, acute, immunodeficiency, infection suspected, radiography done",3074095,CT chest without IV contrast,1-10 mSv☢☢☢,3-10 mSv [ped]☢☢☢☢,Usually appropriate
936,Thoracic,"Respiratory illness, acute, immunodeficiency, infection suspected, radiography done",3074095,Image-guided transthoracic needle biopsy,Varies,Varies,May be appropriate
937,Thoracic,"Respiratory illness, acute, immunodeficiency, infection suspected, radiography done",3074095,MRI chest without and with IV contrast,0 mSvO,0 mSv [ped]O,May be appropriate
938,Thoracic,"Respiratory illness, acute, immunodeficiency, infection suspected, radiography done",3074095,MRI chest without IV contrast,0 mSvO,0 mSv [ped]O,May be appropriate
939,Thoracic,"Respiratory illness, acute, immunodeficiency, infection suspected, radiography done",3074095,CT chest with IV contrast,1-10 mSv☢☢☢,3-10 mSv [ped]☢☢☢☢,May be appropriate
940,Thoracic,"Respiratory illness, acute, immunodeficiency, infection suspected, radiography done",3074095,CT chest without and with IV contrast,1-10 mSv☢☢☢,3-10 mSv [ped]☢☢☢☢,Usually not appropriate
941,Thoracic,"Respiratory illness, acute, immunodeficiency, infection suspected, radiography done",3074095,FDG-PET/CT skull base to mid-thigh,10-30 mSv☢☢☢☢,3-10 mSv [ped]☢☢☢☢,Usually not appropriate
942,Thoracic,"Respiratory illness, acute, immunodeficiency, initial exam",3074093,Radiography chest,<0.1 mSv☢,<0.03 mSv [ped]☢,Usually appropriate
943,Thoracic,"Respiratory illness, acute, immunodeficiency, initial exam",3074093,CT chest with IV contrast,1-10 mSv☢☢☢,3-10 mSv [ped]☢☢☢☢,May be appropriate
944,Thoracic,"Respiratory illness, acute, immunodeficiency, initial exam",3074093,CT chest without IV contrast,1-10 mSv☢☢☢,3-10 mSv [ped]☢☢☢☢,May be appropriate
945,Thoracic,"Respiratory illness, acute, immunodeficiency, initial exam",3074093,MRI chest without and with IV contrast,0 mSvO,0 mSv [ped]O,Usually not appropriate
946,Thoracic,"Respiratory illness, acute, immunodeficiency, initial exam",3074093,MRI chest without IV contrast,0 mSvO,0 mSv [ped]O,Usually not appropriate
947,Thoracic,"Respiratory illness, acute, immunodeficiency, initial exam",3074093,CT chest without and with IV contrast,1-10 mSv☢☢☢,3-10 mSv [ped]☢☢☢☢,Usually not appropriate
948,Thoracic,"Respiratory illness, acute, immunodeficiency, initial exam",3074093,FDG-PET/CT skull base to mid-thigh,10-30 mSv☢☢☢☢,3-10 mSv [ped]☢☢☢☢,Usually not appropriate
949,Thoracic,"Respiratory illness, acute, immunodeficiency, nondiagnostic CXR",3158445,CT chest without IV contrast,1-10 mSv☢☢☢,3-10 mSv [ped]☢☢☢☢,Usually appropriate
950,Thoracic,"Respiratory illness, acute, immunodeficiency, nondiagnostic CXR",3158445,CT chest with IV contrast,1-10 mSv☢☢☢,3-10 mSv [ped]☢☢☢☢,May be appropriate
951,Thoracic,"Respiratory illness, acute, immunodeficiency, nondiagnostic CXR",3158445,MRI chest without and with IV contrast,0 mSvO,0 mSv [ped]O,Usually not appropriate
952,Thoracic,"Respiratory illness, acute, immunodeficiency, nondiagnostic CXR",3158445,MRI chest without IV contrast,0 mSvO,0 mSv [ped]O,Usually not appropriate
953,Thoracic,"Respiratory illness, acute, immunodeficiency, nondiagnostic CXR",3158445,CT chest without and with IV contrast,1-10 mSv☢☢☢,3-10 mSv [ped]☢☢☢☢,Usually not appropriate
954,Thoracic,"Respiratory illness, acute, immunodeficiency, nondiagnostic CXR",3158445,FDG-PET/CT skull base to mid-thigh,10-30 mSv☢☢☢☢,3-10 mSv [ped]☢☢☢☢,Usually not appropriate
955,Thoracic,"Respiratory illness, acute, immunodeficiency, noninfectious cause suspected, radiography done",3074097,CT chest without IV contrast,1-10 mSv☢☢☢,3-10 mSv [ped]☢☢☢☢,Usually appropriate
956,Thoracic,"Respiratory illness, acute, immunodeficiency, noninfectious cause suspected, radiography done",3074097,Image-guided transthoracic needle biopsy,Varies,Varies,May be appropriate
957,Thoracic,"Respiratory illness, acute, immunodeficiency, noninfectious cause suspected, radiography done",3074097,MRI chest without and with IV contrast,0 mSvO,0 mSv [ped]O,May be appropriate
958,Thoracic,"Respiratory illness, acute, immunodeficiency, noninfectious cause suspected, radiography done",3074097,MRI chest without IV contrast,0 mSvO,0 mSv [ped]O,May be appropriate
959,Thoracic,"Respiratory illness, acute, immunodeficiency, noninfectious cause suspected, radiography done",3074097,CT chest with IV contrast,1-10 mSv☢☢☢,3-10 mSv [ped]☢☢☢☢,May be appropriate
960,Thoracic,"Respiratory illness, acute, immunodeficiency, noninfectious cause suspected, radiography done",3074097,FDG-PET/CT skull base to mid-thigh,10-30 mSv☢☢☢☢,3-10 mSv [ped]☢☢☢☢,May be appropriate
961,Thoracic,"Respiratory illness, acute, immunodeficiency, noninfectious cause suspected, radiography done",3074097,CT chest without and with IV contrast,1-10 mSv☢☢☢,3-10 mSv [ped]☢☢☢☢,Usually not appropriate
962,Thoracic,"Respiratory illness, acute, immunodeficiency, normal CXR",3158446,CT chest without IV contrast,1-10 mSv☢☢☢,3-10 mSv [ped]☢☢☢☢,Usually appropriate
963,Thoracic,"Respiratory illness, acute, immunodeficiency, normal CXR",3158446,CT chest with IV contrast,1-10 mSv☢☢☢,3-10 mSv [ped]☢☢☢☢,May be appropriate
964,Thoracic,"Respiratory illness, acute, immunodeficiency, normal CXR",3158446,MRI chest without and with IV contrast,0 mSvO,0 mSv [ped]O,Usually not appropriate
965,Thoracic,"Respiratory illness, acute, immunodeficiency, normal CXR",3158446,MRI chest without IV contrast,0 mSvO,0 mSv [ped]O,Usually not appropriate
966,Thoracic,"Respiratory illness, acute, immunodeficiency, normal CXR",3158446,CT chest without and with IV contrast,1-10 mSv☢☢☢,3-10 mSv [ped]☢☢☢☢,Usually not appropriate
967,Thoracic,"Respiratory illness, acute, immunodeficiency, normal CXR",3158446,FDG-PET/CT skull base to mid-thigh,10-30 mSv☢☢☢☢,3-10 mSv [ped]☢☢☢☢,Usually not appropriate
968,Thoracic,"Respiratory illness, acute, immunocompetent, physical exam negative, normal vital signs, no other risk factors, initial imaging",3074083,Radiography chest,<0.1 mSv☢,<0.03 mSv [ped]☢,May be appropriate (Disagreement)
969,Thoracic,"Respiratory illness, acute, immunocompetent, physical exam negative, normal vital signs, no other risk factors, initial imaging",3074083,US chest,0 mSvO,0 mSv [ped]O,Usually not appropriate
970,Thoracic,"Respiratory illness, acute, immunocompetent, physical exam negative, normal vital signs, no other risk factors, initial imaging",3074083,MRI chest without and with IV contrast,0 mSvO,0 mSv [ped]O,Usually not appropriate
971,Thoracic,"Respiratory illness, acute, immunocompetent, physical exam negative, normal vital signs, no other risk factors, initial imaging",3074083,MRI chest without IV contrast,0 mSvO,0 mSv [ped]O,Usually not appropriate
972,Thoracic,"Respiratory illness, acute, immunocompetent, physical exam negative, normal vital signs, no other risk factors, initial imaging",3074083,CT chest with IV contrast,1-10 mSv☢☢☢,3-10 mSv [ped]☢☢☢☢,Usually not appropriate
973,Thoracic,"Respiratory illness, acute, immunocompetent, physical exam negative, normal vital signs, no other risk factors, initial imaging",3074083,CT chest without and with IV contrast,1-10 mSv☢☢☢,3-10 mSv [ped]☢☢☢☢,Usually not appropriate
974,Thoracic,"Respiratory illness, acute, immunocompetent, physical exam negative, normal vital signs, no other risk factors, initial imaging",3074083,CT chest without IV contrast,1-10 mSv☢☢☢,3-10 mSv [ped]☢☢☢☢,Usually not appropriate
975,Thoracic,"Respiratory illness, acute, immunocompetent, physical exam negative, normal vital signs, no other risk factors, initial imaging",3074083,CTA chest with IV contrast,1-10 mSv☢☢☢,3-10 mSv [ped]☢☢☢☢,Usually not appropriate
976,Thoracic,"Respiratory illness, acute, immunocompetent, physical exam negative, normal vital signs, no other risk factors, initial imaging",3074083,V/Q scan lung,1-10 mSv☢☢☢,,Usually not appropriate
977,Thoracic,"Respiratory illness, acute, immunocompetent, abnormal vital signs, initial imaging",3148570,Radiography chest,<0.1 mSv☢,<0.03 mSv [ped]☢,Usually appropriate
978,Thoracic,"Respiratory illness, acute, immunocompetent, abnormal vital signs, initial imaging",3148570,US chest,0 mSvO,0 mSv [ped]O,Usually not appropriate
979,Thoracic,"Respiratory illness, acute, immunocompetent, abnormal vital signs, initial imaging",3148570,MRI chest without and with IV contrast,0 mSvO,0 mSv [ped]O,Usually not appropriate
980,Thoracic,"Respiratory illness, acute, immunocompetent, abnormal vital signs, initial imaging",3148570,MRI chest without IV contrast,0 mSvO,0 mSv [ped]O,Usually not appropriate
981,Thoracic,"Respiratory illness, acute, immunocompetent, abnormal vital signs, initial imaging",3148570,CT chest with IV contrast,1-10 mSv☢☢☢,3-10 mSv [ped]☢☢☢☢,Usually not appropriate
982,Thoracic,"Respiratory illness, acute, immunocompetent, abnormal vital signs, initial imaging",3148570,CT chest without and with IV contrast,1-10 mSv☢☢☢,3-10 mSv [ped]☢☢☢☢,Usually not appropriate
983,Thoracic,"Respiratory illness, acute, immunocompetent, abnormal vital signs, initial imaging",3148570,CT chest without IV contrast,1-10 mSv☢☢☢,3-10 mSv [ped]☢☢☢☢,Usually not appropriate
984,Thoracic,"Respiratory illness, acute, immunocompetent, abnormal vital signs, initial imaging",3148570,CTA chest with IV contrast,1-10 mSv☢☢☢,3-10 mSv [ped]☢☢☢☢,Usually not appropriate
985,Thoracic,"Respiratory illness, acute, immunocompetent, abnormal vital signs, initial imaging",3148570,V/Q scan lung,1-10 mSv☢☢☢,,Usually not appropriate
986,Thoracic,"Respiratory illness, acute, immunocompetent, risk factors, chest radiography indeterminate, next imaging study",3148574,CT chest with IV contrast,1-10 mSv☢☢☢,3-10 mSv [ped]☢☢☢☢,Usually appropriate
987,Thoracic,"Respiratory illness, acute, immunocompetent, risk factors, chest radiography indeterminate, next imaging study",3148574,CT chest without IV contrast,1-10 mSv☢☢☢,3-10 mSv [ped]☢☢☢☢,Usually appropriate
988,Thoracic,"Respiratory illness, acute, immunocompetent, risk factors, chest radiography indeterminate, next imaging study",3148574,CTA chest with IV contrast,1-10 mSv☢☢☢,3-10 mSv [ped]☢☢☢☢,May be appropriate
989,Thoracic,"Respiratory illness, acute, immunocompetent, risk factors, chest radiography indeterminate, next imaging study",3148574,US chest,0 mSvO,0 mSv [ped]O,Usually not appropriate
990,Thoracic,"Respiratory illness, acute, immunocompetent, risk factors, chest radiography indeterminate, next imaging study",3148574,MRI chest without and with IV contrast,0 mSvO,0 mSv [ped]O,Usually not appropriate
991,Thoracic,"Respiratory illness, acute, immunocompetent, risk factors, chest radiography indeterminate, next imaging study",3148574,MRI chest without IV contrast,0 mSvO,0 mSv [ped]O,Usually not appropriate
992,Thoracic,"Respiratory illness, acute, immunocompetent, risk factors, chest radiography indeterminate, next imaging study",3148574,CT chest without and with IV contrast,1-10 mSv☢☢☢,3-10 mSv [ped]☢☢☢☢,Usually not appropriate
993,Thoracic,"Respiratory illness, acute, immunocompetent, risk factors, chest radiography indeterminate, next imaging study",3148574,V/Q scan lung,1-10 mSv☢☢☢,,Usually not appropriate
994,Thoracic,"Rib fracture suspected, after CPR",3074106,Radiography chest,<0.1 mSv☢,<0.03 mSv [ped]☢,Usually appropriate
995,Thoracic,"Rib fracture suspected, after CPR",3074106,Radiography rib views,1-10 mSv☢☢☢,,May be appropriate
996,Thoracic,"Rib fracture suspected, after CPR",3074106,CT chest without IV contrast,1-10 mSv☢☢☢,3-10 mSv [ped]☢☢☢☢,May be appropriate
997,Thoracic,"Rib fracture suspected, after CPR",3074106,US chest,0 mSvO,0 mSv [ped]O,Usually not appropriate
998,Thoracic,"Rib fracture suspected, after CPR",3074106,Bone scan whole body,1-10 mSv☢☢☢,3-10 mSv [ped]☢☢☢☢,Usually not appropriate
999,Thoracic,"Rib fracture suspected, after CPR",3074106,CT chest with IV contrast,1-10 mSv☢☢☢,3-10 mSv [ped]☢☢☢☢,Usually not appropriate
1000,Thoracic,"Rib fracture suspected, after CPR",3074106,CT chest without and with IV contrast,1-10 mSv☢☢☢,3-10 mSv [ped]☢☢☢☢,Usually not appropriate
1001,Thoracic,"Rib fracture suspected, pathological",3084031,Radiography chest,<0.1 mSv☢,<0.03 mSv [ped]☢,Usually appropriate
1002,Thoracic,"Rib fracture suspected, pathological",3084031,Bone scan whole body,1-10 mSv☢☢☢,3-10 mSv [ped]☢☢☢☢,Usually appropriate
1003,Thoracic,"Rib fracture suspected, pathological",3084031,CT chest without IV contrast,1-10 mSv☢☢☢,3-10 mSv [ped]☢☢☢☢,Usually appropriate
1004,Thoracic,"Rib fracture suspected, pathological",3084031,Radiography rib views,1-10 mSv☢☢☢,,May be appropriate
1005,Thoracic,"Rib fracture suspected, pathological",3084031,FDG-PET/CT skull base to mid-thigh,10-30 mSv☢☢☢☢,3-10 mSv [ped]☢☢☢☢,May be appropriate
1006,Thoracic,"Rib fracture suspected, pathological",3084031,US chest,0 mSvO,0 mSv [ped]O,Usually not appropriate
1007,Thoracic,"Rib fracture suspected, pathological",3084031,CT chest with IV contrast,1-10 mSv☢☢☢,3-10 mSv [ped]☢☢☢☢,Usually not appropriate
1008,Thoracic,"Rib fracture suspected, pathological",3084031,CT chest without and with IV contrast,1-10 mSv☢☢☢,3-10 mSv [ped]☢☢☢☢,Usually not appropriate
1009,Thoracic,"Routine chest imaging, hospital admission, no cardiopulmonary disease suspected, initial imaging",3196065,Radiography chest,<0.1 mSv☢,<0.03 mSv [ped]☢,Usually not appropriate
1010,Thoracic,"Routine chest imaging, hospital admission, no cardiopulmonary disease suspected, initial imaging",3196065,MRI chest without and with IV contrast,0 mSvO,0 mSv [ped]O,Usually not appropriate
1011,Thoracic,"Routine chest imaging, hospital admission, no cardiopulmonary disease suspected, initial imaging",3196065,MRI chest without IV contrast,0 mSvO,0 mSv [ped]O,Usually not appropriate
1012,Thoracic,"Routine chest imaging, hospital admission, no cardiopulmonary disease suspected, initial imaging",3196065,CT chest with IV contrast,1-10 mSv☢☢☢,3-10 mSv [ped]☢☢☢☢,Usually not appropriate
1013,Thoracic,"Routine chest imaging, hospital admission, no cardiopulmonary disease suspected, initial imaging",3196065,CT chest without and with IV contrast,1-10 mSv☢☢☢,3-10 mSv [ped]☢☢☢☢,Usually not appropriate
1014,Thoracic,"Routine chest imaging, hospital admission, no cardiopulmonary disease suspected, initial imaging",3196065,CT chest without IV contrast,1-10 mSv☢☢☢,3-10 mSv [ped]☢☢☢☢,Usually not appropriate
1015,Thoracic,"Routine chest imaging, hospital admission, no cardiopulmonary disease suspected, initial imaging",3196065,CTA chest with IV contrast,1-10 mSv☢☢☢,3-10 mSv [ped]☢☢☢☢,Usually not appropriate
1016,Thoracic,"Routine chest imaging, hospital admission, no cardiopulmonary disease suspected, initial imaging",3196065,CTA chest without and with IV contrast,1-10 mSv☢☢☢,,Usually not appropriate
1017,Thoracic,"Routine chest imaging, hospital admission, no cardiopulmonary disease suspected, initial imaging",3196065,FDG-PET/CT skull base to mid-thigh,10-30 mSv☢☢☢☢,3-10 mSv [ped]☢☢☢☢,Usually not appropriate
1018,Thoracic,"Routine chest imaging, hx of chronic cardiopulmonary disease, clinical findings stable, surveillance",3196072,Radiography chest,<0.1 mSv☢,<0.03 mSv [ped]☢,May be appropriate
1019,Thoracic,"Routine chest imaging, hx of chronic cardiopulmonary disease, clinical findings stable, surveillance",3196072,CT chest without IV contrast,1-10 mSv☢☢☢,3-10 mSv [ped]☢☢☢☢,May be appropriate
1020,Thoracic,"Routine chest imaging, hx of chronic cardiopulmonary disease, clinical findings stable, surveillance",3196072,MRI chest without and with IV contrast,0 mSvO,0 mSv [ped]O,Usually not appropriate
1021,Thoracic,"Routine chest imaging, hx of chronic cardiopulmonary disease, clinical findings stable, surveillance",3196072,MRI chest without IV contrast,0 mSvO,0 mSv [ped]O,Usually not appropriate
1022,Thoracic,"Routine chest imaging, hx of chronic cardiopulmonary disease, clinical findings stable, surveillance",3196072,CT chest with IV contrast,1-10 mSv☢☢☢,3-10 mSv [ped]☢☢☢☢,Usually not appropriate
1023,Thoracic,"Routine chest imaging, hx of chronic cardiopulmonary disease, clinical findings stable, surveillance",3196072,CT chest without and with IV contrast,1-10 mSv☢☢☢,3-10 mSv [ped]☢☢☢☢,Usually not appropriate
1024,Thoracic,"Routine chest imaging, hx of chronic cardiopulmonary disease, clinical findings stable, surveillance",3196072,CTA chest with IV contrast,1-10 mSv☢☢☢,3-10 mSv [ped]☢☢☢☢,Usually not appropriate
1025,Thoracic,"Routine chest imaging, hx of chronic cardiopulmonary disease, clinical findings stable, surveillance",3196072,CTA chest without and with IV contrast,1-10 mSv☢☢☢,,Usually not appropriate
1026,Thoracic,"Routine chest imaging, hx of chronic cardiopulmonary disease, clinical findings stable, surveillance",3196072,FDG-PET/CT skull base to mid-thigh,10-30 mSv☢☢☢☢,3-10 mSv [ped]☢☢☢☢,Usually not appropriate
1027,Thoracic,"Routine chest imaging, preop, noncardiothoracic surgery, hx of cardiothoracic surgery, initial imaging",3196069,Radiography chest,<0.1 mSv☢,<0.03 mSv [ped]☢,May be appropriate
1028,Thoracic,"Routine chest imaging, preop, noncardiothoracic surgery, hx of cardiothoracic surgery, initial imaging",3196069,MRI chest without and with IV contrast,0 mSvO,0 mSv [ped]O,Usually not appropriate
1029,Thoracic,"Routine chest imaging, preop, noncardiothoracic surgery, hx of cardiothoracic surgery, initial imaging",3196069,MRI chest without IV contrast,0 mSvO,0 mSv [ped]O,Usually not appropriate
1030,Thoracic,"Routine chest imaging, preop, noncardiothoracic surgery, hx of cardiothoracic surgery, initial imaging",3196069,CT chest with IV contrast,1-10 mSv☢☢☢,3-10 mSv [ped]☢☢☢☢,Usually not appropriate
1031,Thoracic,"Routine chest imaging, preop, noncardiothoracic surgery, hx of cardiothoracic surgery, initial imaging",3196069,CT chest without and with IV contrast,1-10 mSv☢☢☢,3-10 mSv [ped]☢☢☢☢,Usually not appropriate
1032,Thoracic,"Routine chest imaging, preop, noncardiothoracic surgery, hx of cardiothoracic surgery, initial imaging",3196069,CT chest without IV contrast,1-10 mSv☢☢☢,3-10 mSv [ped]☢☢☢☢,Usually not appropriate
1033,Thoracic,"Routine chest imaging, preop, noncardiothoracic surgery, hx of cardiothoracic surgery, initial imaging",3196069,CTA chest with IV contrast,1-10 mSv☢☢☢,3-10 mSv [ped]☢☢☢☢,Usually not appropriate
1034,Thoracic,"Routine chest imaging, preop, noncardiothoracic surgery, hx of cardiothoracic surgery, initial imaging",3196069,CTA chest without and with IV contrast,1-10 mSv☢☢☢,,Usually not appropriate
1035,Thoracic,"Routine chest imaging, preop, noncardiothoracic surgery, hx of cardiothoracic surgery, initial imaging",3196069,FDG-PET/CT skull base to mid-thigh,10-30 mSv☢☢☢☢,3-10 mSv [ped]☢☢☢☢,Usually not appropriate
1036,Thoracic,"Routine chest imaging, preop, noncardiothoracic surgery, hx of chronic cardiopulmonary disease, initial imaging",3196070,Radiography chest,<0.1 mSv☢,<0.03 mSv [ped]☢,May be appropriate
1037,Thoracic,"Routine chest imaging, preop, noncardiothoracic surgery, hx of chronic cardiopulmonary disease, initial imaging",3196070,MRI chest without and with IV contrast,0 mSvO,0 mSv [ped]O,Usually not appropriate
1038,Thoracic,"Routine chest imaging, preop, noncardiothoracic surgery, hx of chronic cardiopulmonary disease, initial imaging",3196070,MRI chest without IV contrast,0 mSvO,0 mSv [ped]O,Usually not appropriate
1039,Thoracic,"Routine chest imaging, preop, noncardiothoracic surgery, hx of chronic cardiopulmonary disease, initial imaging",3196070,CT chest with IV contrast,1-10 mSv☢☢☢,3-10 mSv [ped]☢☢☢☢,Usually not appropriate
1040,Thoracic,"Routine chest imaging, preop, noncardiothoracic surgery, hx of chronic cardiopulmonary disease, initial imaging",3196070,CT chest without and with IV contrast,1-10 mSv☢☢☢,3-10 mSv [ped]☢☢☢☢,Usually not appropriate
1041,Thoracic,"Routine chest imaging, preop, noncardiothoracic surgery, hx of chronic cardiopulmonary disease, initial imaging",3196070,CT chest without IV contrast,1-10 mSv☢☢☢,3-10 mSv [ped]☢☢☢☢,Usually not appropriate
1042,Thoracic,"Routine chest imaging, preop, noncardiothoracic surgery, hx of chronic cardiopulmonary disease, initial imaging",3196070,CTA chest with IV contrast,1-10 mSv☢☢☢,3-10 mSv [ped]☢☢☢☢,Usually not appropriate
1043,Thoracic,"Routine chest imaging, preop, noncardiothoracic surgery, hx of chronic cardiopulmonary disease, initial imaging",3196070,CTA chest without and with IV contrast,1-10 mSv☢☢☢,,Usually not appropriate
1044,Thoracic,"Routine chest imaging, preop, noncardiothoracic surgery, hx of chronic cardiopulmonary disease, initial imaging",3196070,FDG-PET/CT skull base to mid-thigh,10-30 mSv☢☢☢☢,3-10 mSv [ped]☢☢☢☢,Usually not appropriate
1045,Thoracic,"Routine chest imaging, preop, noncardiothoracic surgery, no hx of cardiothoracic surgery, initial imaging",3100881,Radiography chest,<0.1 mSv☢,<0.03 mSv [ped]☢,Usually not appropriate
1046,Thoracic,"Routine chest imaging, preop, noncardiothoracic surgery, no hx of cardiothoracic surgery, initial imaging",3100881,MRI chest without and with IV contrast,0 mSvO,0 mSv [ped]O,Usually not appropriate
1047,Thoracic,"Routine chest imaging, preop, noncardiothoracic surgery, no hx of cardiothoracic surgery, initial imaging",3100881,MRI chest without IV contrast,0 mSvO,0 mSv [ped]O,Usually not appropriate
1048,Thoracic,"Routine chest imaging, preop, noncardiothoracic surgery, no hx of cardiothoracic surgery, initial imaging",3100881,CT chest with IV contrast,1-10 mSv☢☢☢,3-10 mSv [ped]☢☢☢☢,Usually not appropriate
1049,Thoracic,"Routine chest imaging, preop, noncardiothoracic surgery, no hx of cardiothoracic surgery, initial imaging",3100881,CT chest without and with IV contrast,1-10 mSv☢☢☢,3-10 mSv [ped]☢☢☢☢,Usually not appropriate
1050,Thoracic,"Routine chest imaging, preop, noncardiothoracic surgery, no hx of cardiothoracic surgery, initial imaging",3100881,CT chest without IV contrast,1-10 mSv☢☢☢,3-10 mSv [ped]☢☢☢☢,Usually not appropriate
1051,Thoracic,"Routine chest imaging, preop, noncardiothoracic surgery, no hx of cardiothoracic surgery, initial imaging",3100881,CTA chest with IV contrast,1-10 mSv☢☢☢,3-10 mSv [ped]☢☢☢☢,Usually not appropriate
1052,Thoracic,"Routine chest imaging, preop, noncardiothoracic surgery, no hx of cardiothoracic surgery, initial imaging",3100881,CTA chest without and with IV contrast,1-10 mSv☢☢☢,,Usually not appropriate
1053,Thoracic,"Routine chest imaging, preop, noncardiothoracic surgery, no hx of cardiothoracic surgery, initial imaging",3100881,FDG-PET/CT skull base to mid-thigh,10-30 mSv☢☢☢☢,3-10 mSv [ped]☢☢☢☢,Usually not appropriate
1054,Thoracic,"Routine chest imaging, preop, noncardiothoracic surgery, no hx of chronic cardiopulmonary disease, initial imaging",3196067,Radiography chest,<0.1 mSv☢,<0.03 mSv [ped]☢,Usually not appropriate
1055,Thoracic,"Routine chest imaging, preop, noncardiothoracic surgery, no hx of chronic cardiopulmonary disease, initial imaging",3196067,MRI chest without and with IV contrast,0 mSvO,0 mSv [ped]O,Usually not appropriate
1056,Thoracic,"Routine chest imaging, preop, noncardiothoracic surgery, no hx of chronic cardiopulmonary disease, initial imaging",3196067,MRI chest without IV contrast,0 mSvO,0 mSv [ped]O,Usually not appropriate
1057,Thoracic,"Routine chest imaging, preop, noncardiothoracic surgery, no hx of chronic cardiopulmonary disease, initial imaging",3196067,CT chest with IV contrast,1-10 mSv☢☢☢,3-10 mSv [ped]☢☢☢☢,Usually not appropriate
1058,Thoracic,"Routine chest imaging, preop, noncardiothoracic surgery, no hx of chronic cardiopulmonary disease, initial imaging",3196067,CT chest without and with IV contrast,1-10 mSv☢☢☢,3-10 mSv [ped]☢☢☢☢,Usually not appropriate
1059,Thoracic,"Routine chest imaging, preop, noncardiothoracic surgery, no hx of chronic cardiopulmonary disease, initial imaging",3196067,CT chest without IV contrast,1-10 mSv☢☢☢,3-10 mSv [ped]☢☢☢☢,Usually not appropriate
1060,Thoracic,"Routine chest imaging, preop, noncardiothoracic surgery, no hx of chronic cardiopulmonary disease, initial imaging",3196067,CTA chest with IV contrast,1-10 mSv☢☢☢,3-10 mSv [ped]☢☢☢☢,Usually not appropriate
1061,Thoracic,"Routine chest imaging, preop, noncardiothoracic surgery, no hx of chronic cardiopulmonary disease, initial imaging",3196067,CTA chest without and with IV contrast,1-10 mSv☢☢☢,,Usually not appropriate
1062,Thoracic,"Routine chest imaging, preop, noncardiothoracic surgery, no hx of chronic cardiopulmonary disease, initial imaging",3196067,FDG-PET/CT skull base to mid-thigh,10-30 mSv☢☢☢☢,3-10 mSv [ped]☢☢☢☢,Usually not appropriate
1063,Thoracic,"Sepsis suspected, non specific symptoms, unknown origin, chest radiography equivocal, next imaging study",3196683,CT abdomen and pelvis with IV contrast,1-10 mSv☢☢☢,3-10 mSv [ped]☢☢☢☢,Usually appropriate
1064,Thoracic,"Sepsis suspected, non specific symptoms, unknown origin, chest radiography equivocal, next imaging study",3196683,US abdomen,0 mSvO,0 mSv [ped]O,May be appropriate
1065,Thoracic,"Sepsis suspected, non specific symptoms, unknown origin, chest radiography equivocal, next imaging study",3196683,CT abdomen and pelvis without IV contrast,1-10 mSv☢☢☢,3-10 mSv [ped]☢☢☢☢,May be appropriate (Disagreement)
1066,Thoracic,"Sepsis suspected, non specific symptoms, unknown origin, chest radiography equivocal, next imaging study",3196683,CT chest with IV contrast,1-10 mSv☢☢☢,3-10 mSv [ped]☢☢☢☢,May be appropriate
1067,Thoracic,"Sepsis suspected, non specific symptoms, unknown origin, chest radiography equivocal, next imaging study",3196683,CT chest without IV contrast,1-10 mSv☢☢☢,3-10 mSv [ped]☢☢☢☢,May be appropriate
1068,Thoracic,"Sepsis suspected, non specific symptoms, unknown origin, chest radiography equivocal, next imaging study",3196683,CT chest abdomen pelvis with IV contrast,10-30 mSv☢☢☢☢,3-10 mSv [ped]☢☢☢☢,May be appropriate (Disagreement)
1069,Thoracic,"Sepsis suspected, non specific symptoms, unknown origin, chest radiography equivocal, next imaging study",3196683,CT chest abdomen pelvis without IV contrast,10-30 mSv☢☢☢☢,3-10 mSv [ped]☢☢☢☢,May be appropriate (Disagreement)
1070,Thoracic,"Sepsis suspected, non specific symptoms, unknown origin, chest radiography equivocal, next imaging study",3196683,Radiography abdomen,0.1-1mSv☢☢,0.03-0.3 mSv [ped]☢☢,Usually not appropriate
1071,Thoracic,"Sepsis suspected, non specific symptoms, unknown origin, chest radiography equivocal, next imaging study",3196683,Fluoroscopy contrast enema,1-10 mSv☢☢☢,3-10 mSv [ped]☢☢☢☢,Usually not appropriate
1072,Thoracic,"Sepsis suspected, non specific symptoms, unknown origin, chest radiography equivocal, next imaging study",3196683,Fluoroscopy upper GI series with small bowel follow-through,1-10 mSv☢☢☢,3-10 mSv [ped]☢☢☢☢,Usually not appropriate
1073,Thoracic,"Sepsis suspected, non specific symptoms, unknown origin, chest radiography equivocal, next imaging study",3196683,MRI abdomen and pelvis without and with IV contrast,0 mSvO,0 mSv [ped]O,Usually not appropriate
1074,Thoracic,"Sepsis suspected, non specific symptoms, unknown origin, chest radiography equivocal, next imaging study",3196683,MRI abdomen and pelvis without IV contrast,0 mSvO,0 mSv [ped]O,Usually not appropriate
1075,Thoracic,"Sepsis suspected, non specific symptoms, unknown origin, chest radiography equivocal, next imaging study",3196683,MRI chest without and with IV contrast,0 mSvO,0 mSv [ped]O,Usually not appropriate
1076,Thoracic,"Sepsis suspected, non specific symptoms, unknown origin, chest radiography equivocal, next imaging study",3196683,MRI chest without IV contrast,0 mSvO,0 mSv [ped]O,Usually not appropriate
1077,Thoracic,"Sepsis suspected, non specific symptoms, unknown origin, chest radiography equivocal, next imaging study",3196683,Nuclear medicine scan gallbladder,0.1-1mSv☢☢,,Usually not appropriate
1078,Thoracic,"Sepsis suspected, non specific symptoms, unknown origin, chest radiography equivocal, next imaging study",3196683,CT chest without and with IV contrast,1-10 mSv☢☢☢,3-10 mSv [ped]☢☢☢☢,Usually not appropriate
1079,Thoracic,"Sepsis suspected, non specific symptoms, unknown origin, chest radiography equivocal, next imaging study",3196683,CT abdomen and pelvis without and with IV contrast,10-30 mSv☢☢☢☢,10-30 mSv [ped]☢☢☢☢☢,Usually not appropriate
1080,Thoracic,"Sepsis suspected, non specific symptoms, unknown origin, chest radiography equivocal, next imaging study",3196683,CT chest abdomen pelvis without and with IV contrast,10-30 mSv☢☢☢☢,10-30 mSv [ped]☢☢☢☢☢,Usually not appropriate
1081,Thoracic,"Sepsis suspected, non specific symptoms, unknown origin, chest radiography equivocal, next imaging study",3196683,FDG-PET/CT skull base to mid-thigh,10-30 mSv☢☢☢☢,3-10 mSv [ped]☢☢☢☢,Usually not appropriate
1082,Thoracic,"Sepsis suspected, non specific symptoms, unknown origin, chest radiography equivocal, next imaging study",3196683,WBC scan abdomen and pelvis,10-30 mSv☢☢☢☢,,Usually not appropriate
1083,Thoracic,"Sepsis suspected, non specific symptoms, unknown origin, chest radiography nonspecific, next imaging study",3196684,CT abdomen and pelvis with IV contrast,1-10 mSv☢☢☢,3-10 mSv [ped]☢☢☢☢,Usually appropriate
1084,Thoracic,"Sepsis suspected, non specific symptoms, unknown origin, chest radiography nonspecific, next imaging study",3196684,US abdomen,0 mSvO,0 mSv [ped]O,May be appropriate
1085,Thoracic,"Sepsis suspected, non specific symptoms, unknown origin, chest radiography nonspecific, next imaging study",3196684,CT abdomen and pelvis without IV contrast,1-10 mSv☢☢☢,3-10 mSv [ped]☢☢☢☢,May be appropriate (Disagreement)
1086,Thoracic,"Sepsis suspected, non specific symptoms, unknown origin, chest radiography nonspecific, next imaging study",3196684,CT chest with IV contrast,1-10 mSv☢☢☢,3-10 mSv [ped]☢☢☢☢,May be appropriate
1087,Thoracic,"Sepsis suspected, non specific symptoms, unknown origin, chest radiography nonspecific, next imaging study",3196684,CT chest without IV contrast,1-10 mSv☢☢☢,3-10 mSv [ped]☢☢☢☢,May be appropriate
1088,Thoracic,"Sepsis suspected, non specific symptoms, unknown origin, chest radiography nonspecific, next imaging study",3196684,CT chest abdomen pelvis with IV contrast,10-30 mSv☢☢☢☢,3-10 mSv [ped]☢☢☢☢,May be appropriate (Disagreement)
1089,Thoracic,"Sepsis suspected, non specific symptoms, unknown origin, chest radiography nonspecific, next imaging study",3196684,CT chest abdomen pelvis without IV contrast,10-30 mSv☢☢☢☢,3-10 mSv [ped]☢☢☢☢,May be appropriate (Disagreement)
1090,Thoracic,"Sepsis suspected, non specific symptoms, unknown origin, chest radiography nonspecific, next imaging study",3196684,Radiography abdomen,0.1-1mSv☢☢,0.03-0.3 mSv [ped]☢☢,Usually not appropriate
1091,Thoracic,"Sepsis suspected, non specific symptoms, unknown origin, chest radiography nonspecific, next imaging study",3196684,Fluoroscopy contrast enema,1-10 mSv☢☢☢,3-10 mSv [ped]☢☢☢☢,Usually not appropriate
1092,Thoracic,"Sepsis suspected, non specific symptoms, unknown origin, chest radiography nonspecific, next imaging study",3196684,Fluoroscopy upper GI series with small bowel follow-through,1-10 mSv☢☢☢,3-10 mSv [ped]☢☢☢☢,Usually not appropriate
1093,Thoracic,"Sepsis suspected, non specific symptoms, unknown origin, chest radiography nonspecific, next imaging study",3196684,MRI abdomen and pelvis without and with IV contrast,0 mSvO,0 mSv [ped]O,Usually not appropriate
1094,Thoracic,"Sepsis suspected, non specific symptoms, unknown origin, chest radiography nonspecific, next imaging study",3196684,MRI abdomen and pelvis without IV contrast,0 mSvO,0 mSv [ped]O,Usually not appropriate
1095,Thoracic,"Sepsis suspected, non specific symptoms, unknown origin, chest radiography nonspecific, next imaging study",3196684,MRI chest without and with IV contrast,0 mSvO,0 mSv [ped]O,Usually not appropriate
1096,Thoracic,"Sepsis suspected, non specific symptoms, unknown origin, chest radiography nonspecific, next imaging study",3196684,MRI chest without IV contrast,0 mSvO,0 mSv [ped]O,Usually not appropriate
1097,Thoracic,"Sepsis suspected, non specific symptoms, unknown origin, chest radiography nonspecific, next imaging study",3196684,Nuclear medicine scan gallbladder,0.1-1mSv☢☢,,Usually not appropriate
1098,Thoracic,"Sepsis suspected, non specific symptoms, unknown origin, chest radiography nonspecific, next imaging study",3196684,CT chest without and with IV contrast,1-10 mSv☢☢☢,3-10 mSv [ped]☢☢☢☢,Usually not appropriate
1099,Thoracic,"Sepsis suspected, non specific symptoms, unknown origin, chest radiography nonspecific, next imaging study",3196684,CT abdomen and pelvis without and with IV contrast,10-30 mSv☢☢☢☢,10-30 mSv [ped]☢☢☢☢☢,Usually not appropriate
1100,Thoracic,"Sepsis suspected, non specific symptoms, unknown origin, chest radiography nonspecific, next imaging study",3196684,CT chest abdomen pelvis without and with IV contrast,10-30 mSv☢☢☢☢,10-30 mSv [ped]☢☢☢☢☢,Usually not appropriate
1101,Thoracic,"Sepsis suspected, non specific symptoms, unknown origin, chest radiography nonspecific, next imaging study",3196684,FDG-PET/CT skull base to mid-thigh,10-30 mSv☢☢☢☢,3-10 mSv [ped]☢☢☢☢,Usually not appropriate
1102,Thoracic,"Sepsis suspected, non specific symptoms, unknown origin, chest radiography nonspecific, next imaging study",3196684,WBC scan abdomen and pelvis,10-30 mSv☢☢☢☢,,Usually not appropriate
1103,Thoracic,"Sepsis suspected, non specific symptoms, unknown origin, chest radiography normal, next imaging study",3196682,CT abdomen and pelvis with IV contrast,1-10 mSv☢☢☢,3-10 mSv [ped]☢☢☢☢,Usually appropriate
1104,Thoracic,"Sepsis suspected, non specific symptoms, unknown origin, chest radiography normal, next imaging study",3196682,US abdomen,0 mSvO,0 mSv [ped]O,May be appropriate
1105,Thoracic,"Sepsis suspected, non specific symptoms, unknown origin, chest radiography normal, next imaging study",3196682,CT abdomen and pelvis without IV contrast,1-10 mSv☢☢☢,3-10 mSv [ped]☢☢☢☢,May be appropriate (Disagreement)
1106,Thoracic,"Sepsis suspected, non specific symptoms, unknown origin, chest radiography normal, next imaging study",3196682,CT chest with IV contrast,1-10 mSv☢☢☢,3-10 mSv [ped]☢☢☢☢,May be appropriate
1107,Thoracic,"Sepsis suspected, non specific symptoms, unknown origin, chest radiography normal, next imaging study",3196682,CT chest without IV contrast,1-10 mSv☢☢☢,3-10 mSv [ped]☢☢☢☢,May be appropriate
1108,Thoracic,"Sepsis suspected, non specific symptoms, unknown origin, chest radiography normal, next imaging study",3196682,CT chest abdomen pelvis with IV contrast,10-30 mSv☢☢☢☢,3-10 mSv [ped]☢☢☢☢,May be appropriate (Disagreement)
1109,Thoracic,"Sepsis suspected, non specific symptoms, unknown origin, chest radiography normal, next imaging study",3196682,CT chest abdomen pelvis without IV contrast,10-30 mSv☢☢☢☢,3-10 mSv [ped]☢☢☢☢,May be appropriate (Disagreement)
1110,Thoracic,"Sepsis suspected, non specific symptoms, unknown origin, chest radiography normal, next imaging study",3196682,Radiography abdomen,0.1-1mSv☢☢,0.03-0.3 mSv [ped]☢☢,Usually not appropriate
1111,Thoracic,"Sepsis suspected, non specific symptoms, unknown origin, chest radiography normal, next imaging study",3196682,Fluoroscopy contrast enema,1-10 mSv☢☢☢,3-10 mSv [ped]☢☢☢☢,Usually not appropriate
1112,Thoracic,"Sepsis suspected, non specific symptoms, unknown origin, chest radiography normal, next imaging study",3196682,Fluoroscopy upper GI series with small bowel follow-through,1-10 mSv☢☢☢,3-10 mSv [ped]☢☢☢☢,Usually not appropriate
1113,Thoracic,"Sepsis suspected, non specific symptoms, unknown origin, chest radiography normal, next imaging study",3196682,MRI abdomen and pelvis without and with IV contrast,0 mSvO,0 mSv [ped]O,Usually not appropriate
1114,Thoracic,"Sepsis suspected, non specific symptoms, unknown origin, chest radiography normal, next imaging study",3196682,MRI abdomen and pelvis without IV contrast,0 mSvO,0 mSv [ped]O,Usually not appropriate
1115,Thoracic,"Sepsis suspected, non specific symptoms, unknown origin, chest radiography normal, next imaging study",3196682,MRI chest without and with IV contrast,0 mSvO,0 mSv [ped]O,Usually not appropriate
1116,Thoracic,"Sepsis suspected, non specific symptoms, unknown origin, chest radiography normal, next imaging study",3196682,MRI chest without IV contrast,0 mSvO,0 mSv [ped]O,Usually not appropriate
1117,Thoracic,"Sepsis suspected, non specific symptoms, unknown origin, chest radiography normal, next imaging study",3196682,Nuclear medicine scan gallbladder,0.1-1mSv☢☢,,Usually not appropriate
1118,Thoracic,"Sepsis suspected, non specific symptoms, unknown origin, chest radiography normal, next imaging study",3196682,CT chest without and with IV contrast,1-10 mSv☢☢☢,3-10 mSv [ped]☢☢☢☢,Usually not appropriate
1119,Thoracic,"Sepsis suspected, non specific symptoms, unknown origin, chest radiography normal, next imaging study",3196682,CT abdomen and pelvis without and with IV contrast,10-30 mSv☢☢☢☢,10-30 mSv [ped]☢☢☢☢☢,Usually not appropriate
1120,Thoracic,"Sepsis suspected, non specific symptoms, unknown origin, chest radiography normal, next imaging study",3196682,CT chest abdomen pelvis without and with IV contrast,10-30 mSv☢☢☢☢,10-30 mSv [ped]☢☢☢☢☢,Usually not appropriate
1121,Thoracic,"Sepsis suspected, non specific symptoms, unknown origin, chest radiography normal, next imaging study",3196682,FDG-PET/CT skull base to mid-thigh,10-30 mSv☢☢☢☢,3-10 mSv [ped]☢☢☢☢,Usually not appropriate
1122,Thoracic,"Sepsis suspected, non specific symptoms, unknown origin, chest radiography normal, next imaging study",3196682,WBC scan abdomen and pelvis,10-30 mSv☢☢☢☢,,Usually not appropriate
1123,Thoracic,"Sepsis suspected, acute abdominal pain, initial imaging",3196674,CT abdomen and pelvis with IV contrast,1-10 mSv☢☢☢,3-10 mSv [ped]☢☢☢☢,Usually appropriate
1124,Thoracic,"Sepsis suspected, acute abdominal pain, initial imaging",3196674,US abdomen,0 mSvO,0 mSv [ped]O,May be appropriate
1125,Thoracic,"Sepsis suspected, acute abdominal pain, initial imaging",3196674,CT abdomen and pelvis without IV contrast,1-10 mSv☢☢☢,3-10 mSv [ped]☢☢☢☢,May be appropriate (Disagreement)
1126,Thoracic,"Sepsis suspected, acute abdominal pain, initial imaging",3196674,Radiography abdomen,0.1-1mSv☢☢,0.03-0.3 mSv [ped]☢☢,Usually not appropriate
1127,Thoracic,"Sepsis suspected, acute abdominal pain, initial imaging",3196674,Fluoroscopy contrast enema,1-10 mSv☢☢☢,3-10 mSv [ped]☢☢☢☢,Usually not appropriate
1128,Thoracic,"Sepsis suspected, acute abdominal pain, initial imaging",3196674,Fluoroscopy upper GI series with small bowel follow-through,1-10 mSv☢☢☢,3-10 mSv [ped]☢☢☢☢,Usually not appropriate
1129,Thoracic,"Sepsis suspected, acute abdominal pain, initial imaging",3196674,MRI abdomen and pelvis without and with IV contrast,0 mSvO,0 mSv [ped]O,Usually not appropriate
1130,Thoracic,"Sepsis suspected, acute abdominal pain, initial imaging",3196674,MRI abdomen and pelvis without IV contrast,0 mSvO,0 mSv [ped]O,Usually not appropriate
1131,Thoracic,"Sepsis suspected, acute abdominal pain, initial imaging",3196674,Nuclear medicine scan gallbladder,0.1-1mSv☢☢,,Usually not appropriate
1132,Thoracic,"Sepsis suspected, acute abdominal pain, initial imaging",3196674,CT abdomen and pelvis without and with IV contrast,10-30 mSv☢☢☢☢,10-30 mSv [ped]☢☢☢☢☢,Usually not appropriate
1133,Thoracic,"Sepsis suspected, acute abdominal pain, initial imaging",3196674,FDG-PET/CT skull base to mid-thigh,10-30 mSv☢☢☢☢,3-10 mSv [ped]☢☢☢☢,Usually not appropriate
1134,Thoracic,"Sepsis suspected, acute abdominal pain, initial imaging",3196674,WBC scan abdomen and pelvis,10-30 mSv☢☢☢☢,,Usually not appropriate
1135,Thoracic,"Sepsis suspected, cannot assess symptoms, chest radiography equivocal, next imaging study",3196689,CT abdomen and pelvis with IV contrast,1-10 mSv☢☢☢,3-10 mSv [ped]☢☢☢☢,Usually appropriate
1136,Thoracic,"Sepsis suspected, cannot assess symptoms, chest radiography equivocal, next imaging study",3196689,US abdomen,0 mSvO,0 mSv [ped]O,May be appropriate
1137,Thoracic,"Sepsis suspected, cannot assess symptoms, chest radiography equivocal, next imaging study",3196689,CT abdomen and pelvis without IV contrast,1-10 mSv☢☢☢,3-10 mSv [ped]☢☢☢☢,May be appropriate (Disagreement)
1138,Thoracic,"Sepsis suspected, cannot assess symptoms, chest radiography equivocal, next imaging study",3196689,CT chest with IV contrast,1-10 mSv☢☢☢,3-10 mSv [ped]☢☢☢☢,May be appropriate
1139,Thoracic,"Sepsis suspected, cannot assess symptoms, chest radiography equivocal, next imaging study",3196689,CT chest without IV contrast,1-10 mSv☢☢☢,3-10 mSv [ped]☢☢☢☢,May be appropriate
1140,Thoracic,"Sepsis suspected, cannot assess symptoms, chest radiography equivocal, next imaging study",3196689,CT chest abdomen pelvis with IV contrast,10-30 mSv☢☢☢☢,3-10 mSv [ped]☢☢☢☢,May be appropriate (Disagreement)
1141,Thoracic,"Sepsis suspected, cannot assess symptoms, chest radiography equivocal, next imaging study",3196689,CT chest abdomen pelvis without IV contrast,10-30 mSv☢☢☢☢,3-10 mSv [ped]☢☢☢☢,May be appropriate (Disagreement)
1142,Thoracic,"Sepsis suspected, cannot assess symptoms, chest radiography equivocal, next imaging study",3196689,Radiography abdomen,0.1-1mSv☢☢,0.03-0.3 mSv [ped]☢☢,Usually not appropriate
1143,Thoracic,"Sepsis suspected, cannot assess symptoms, chest radiography equivocal, next imaging study",3196689,Fluoroscopy contrast enema,1-10 mSv☢☢☢,3-10 mSv [ped]☢☢☢☢,Usually not appropriate
1144,Thoracic,"Sepsis suspected, cannot assess symptoms, chest radiography equivocal, next imaging study",3196689,Fluoroscopy upper GI series with small bowel follow-through,1-10 mSv☢☢☢,3-10 mSv [ped]☢☢☢☢,Usually not appropriate
1145,Thoracic,"Sepsis suspected, cannot assess symptoms, chest radiography equivocal, next imaging study",3196689,MRI abdomen and pelvis without and with IV contrast,0 mSvO,0 mSv [ped]O,Usually not appropriate
1146,Thoracic,"Sepsis suspected, cannot assess symptoms, chest radiography equivocal, next imaging study",3196689,MRI abdomen and pelvis without IV contrast,0 mSvO,0 mSv [ped]O,Usually not appropriate
1147,Thoracic,"Sepsis suspected, cannot assess symptoms, chest radiography equivocal, next imaging study",3196689,MRI chest without and with IV contrast,0 mSvO,0 mSv [ped]O,Usually not appropriate
1148,Thoracic,"Sepsis suspected, cannot assess symptoms, chest radiography equivocal, next imaging study",3196689,MRI chest without IV contrast,0 mSvO,0 mSv [ped]O,Usually not appropriate
1149,Thoracic,"Sepsis suspected, cannot assess symptoms, chest radiography equivocal, next imaging study",3196689,Nuclear medicine scan gallbladder,0.1-1mSv☢☢,,Usually not appropriate
1150,Thoracic,"Sepsis suspected, cannot assess symptoms, chest radiography equivocal, next imaging study",3196689,CT chest without and with IV contrast,1-10 mSv☢☢☢,3-10 mSv [ped]☢☢☢☢,Usually not appropriate
1151,Thoracic,"Sepsis suspected, cannot assess symptoms, chest radiography equivocal, next imaging study",3196689,CT abdomen and pelvis without and with IV contrast,10-30 mSv☢☢☢☢,10-30 mSv [ped]☢☢☢☢☢,Usually not appropriate
1152,Thoracic,"Sepsis suspected, cannot assess symptoms, chest radiography equivocal, next imaging study",3196689,CT chest abdomen pelvis without and with IV contrast,10-30 mSv☢☢☢☢,10-30 mSv [ped]☢☢☢☢☢,Usually not appropriate
1153,Thoracic,"Sepsis suspected, cannot assess symptoms, chest radiography equivocal, next imaging study",3196689,FDG-PET/CT skull base to mid-thigh,10-30 mSv☢☢☢☢,3-10 mSv [ped]☢☢☢☢,Usually not appropriate
1154,Thoracic,"Sepsis suspected, cannot assess symptoms, chest radiography equivocal, next imaging study",3196689,WBC scan abdomen and pelvis,10-30 mSv☢☢☢☢,,Usually not appropriate
1155,Thoracic,"Sepsis suspected, cannot assess symptoms, chest radiography nonspecific, next imaging study",3196690,CT abdomen and pelvis with IV contrast,1-10 mSv☢☢☢,3-10 mSv [ped]☢☢☢☢,Usually appropriate
1156,Thoracic,"Sepsis suspected, cannot assess symptoms, chest radiography nonspecific, next imaging study",3196690,US abdomen,0 mSvO,0 mSv [ped]O,May be appropriate
1157,Thoracic,"Sepsis suspected, cannot assess symptoms, chest radiography nonspecific, next imaging study",3196690,CT abdomen and pelvis without IV contrast,1-10 mSv☢☢☢,3-10 mSv [ped]☢☢☢☢,May be appropriate (Disagreement)
1158,Thoracic,"Sepsis suspected, cannot assess symptoms, chest radiography nonspecific, next imaging study",3196690,CT chest with IV contrast,1-10 mSv☢☢☢,3-10 mSv [ped]☢☢☢☢,May be appropriate
1159,Thoracic,"Sepsis suspected, cannot assess symptoms, chest radiography nonspecific, next imaging study",3196690,CT chest without IV contrast,1-10 mSv☢☢☢,3-10 mSv [ped]☢☢☢☢,May be appropriate
1160,Thoracic,"Sepsis suspected, cannot assess symptoms, chest radiography nonspecific, next imaging study",3196690,CT chest abdomen pelvis with IV contrast,10-30 mSv☢☢☢☢,3-10 mSv [ped]☢☢☢☢,May be appropriate (Disagreement)
1161,Thoracic,"Sepsis suspected, cannot assess symptoms, chest radiography nonspecific, next imaging study",3196690,CT chest abdomen pelvis without IV contrast,10-30 mSv☢☢☢☢,3-10 mSv [ped]☢☢☢☢,May be appropriate (Disagreement)
1162,Thoracic,"Sepsis suspected, cannot assess symptoms, chest radiography nonspecific, next imaging study",3196690,Radiography abdomen,0.1-1mSv☢☢,0.03-0.3 mSv [ped]☢☢,Usually not appropriate
1163,Thoracic,"Sepsis suspected, cannot assess symptoms, chest radiography nonspecific, next imaging study",3196690,Fluoroscopy contrast enema,1-10 mSv☢☢☢,3-10 mSv [ped]☢☢☢☢,Usually not appropriate
1164,Thoracic,"Sepsis suspected, cannot assess symptoms, chest radiography nonspecific, next imaging study",3196690,Fluoroscopy upper GI series with small bowel follow-through,1-10 mSv☢☢☢,3-10 mSv [ped]☢☢☢☢,Usually not appropriate
1165,Thoracic,"Sepsis suspected, cannot assess symptoms, chest radiography nonspecific, next imaging study",3196690,MRI abdomen and pelvis without and with IV contrast,0 mSvO,0 mSv [ped]O,Usually not appropriate
1166,Thoracic,"Sepsis suspected, cannot assess symptoms, chest radiography nonspecific, next imaging study",3196690,MRI abdomen and pelvis without IV contrast,0 mSvO,0 mSv [ped]O,Usually not appropriate
1167,Thoracic,"Sepsis suspected, cannot assess symptoms, chest radiography nonspecific, next imaging study",3196690,MRI chest without and with IV contrast,0 mSvO,0 mSv [ped]O,Usually not appropriate
1168,Thoracic,"Sepsis suspected, cannot assess symptoms, chest radiography nonspecific, next imaging study",3196690,MRI chest without IV contrast,0 mSvO,0 mSv [ped]O,Usually not appropriate
1169,Thoracic,"Sepsis suspected, cannot assess symptoms, chest radiography nonspecific, next imaging study",3196690,Nuclear medicine scan gallbladder,0.1-1mSv☢☢,,Usually not appropriate
1170,Thoracic,"Sepsis suspected, cannot assess symptoms, chest radiography nonspecific, next imaging study",3196690,CT chest without and with IV contrast,1-10 mSv☢☢☢,3-10 mSv [ped]☢☢☢☢,Usually not appropriate
1171,Thoracic,"Sepsis suspected, cannot assess symptoms, chest radiography nonspecific, next imaging study",3196690,CT abdomen and pelvis without and with IV contrast,10-30 mSv☢☢☢☢,10-30 mSv [ped]☢☢☢☢☢,Usually not appropriate
1172,Thoracic,"Sepsis suspected, cannot assess symptoms, chest radiography nonspecific, next imaging study",3196690,CT chest abdomen pelvis without and with IV contrast,10-30 mSv☢☢☢☢,10-30 mSv [ped]☢☢☢☢☢,Usually not appropriate
1173,Thoracic,"Sepsis suspected, cannot assess symptoms, chest radiography nonspecific, next imaging study",3196690,FDG-PET/CT skull base to mid-thigh,10-30 mSv☢☢☢☢,3-10 mSv [ped]☢☢☢☢,Usually not appropriate
1174,Thoracic,"Sepsis suspected, cannot assess symptoms, chest radiography nonspecific, next imaging study",3196690,WBC scan abdomen and pelvis,10-30 mSv☢☢☢☢,,Usually not appropriate
1175,Thoracic,"Sepsis suspected, cannot assess symptoms, chest radiography normal, next imaging study",3196688,CT abdomen and pelvis with IV contrast,1-10 mSv☢☢☢,3-10 mSv [ped]☢☢☢☢,Usually appropriate
1176,Thoracic,"Sepsis suspected, cannot assess symptoms, chest radiography normal, next imaging study",3196688,US abdomen,0 mSvO,0 mSv [ped]O,May be appropriate
1177,Thoracic,"Sepsis suspected, cannot assess symptoms, chest radiography normal, next imaging study",3196688,CT abdomen and pelvis without IV contrast,1-10 mSv☢☢☢,3-10 mSv [ped]☢☢☢☢,May be appropriate (Disagreement)
1178,Thoracic,"Sepsis suspected, cannot assess symptoms, chest radiography normal, next imaging study",3196688,CT chest with IV contrast,1-10 mSv☢☢☢,3-10 mSv [ped]☢☢☢☢,May be appropriate
1179,Thoracic,"Sepsis suspected, cannot assess symptoms, chest radiography normal, next imaging study",3196688,CT chest without IV contrast,1-10 mSv☢☢☢,3-10 mSv [ped]☢☢☢☢,May be appropriate
1180,Thoracic,"Sepsis suspected, cannot assess symptoms, chest radiography normal, next imaging study",3196688,CT chest abdomen pelvis with IV contrast,10-30 mSv☢☢☢☢,3-10 mSv [ped]☢☢☢☢,May be appropriate (Disagreement)
1181,Thoracic,"Sepsis suspected, cannot assess symptoms, chest radiography normal, next imaging study",3196688,CT chest abdomen pelvis without IV contrast,10-30 mSv☢☢☢☢,3-10 mSv [ped]☢☢☢☢,May be appropriate (Disagreement)
1182,Thoracic,"Sepsis suspected, cannot assess symptoms, chest radiography normal, next imaging study",3196688,Radiography abdomen,0.1-1mSv☢☢,0.03-0.3 mSv [ped]☢☢,Usually not appropriate
1183,Thoracic,"Sepsis suspected, cannot assess symptoms, chest radiography normal, next imaging study",3196688,Fluoroscopy contrast enema,1-10 mSv☢☢☢,3-10 mSv [ped]☢☢☢☢,Usually not appropriate
1184,Thoracic,"Sepsis suspected, cannot assess symptoms, chest radiography normal, next imaging study",3196688,Fluoroscopy upper GI series with small bowel follow-through,1-10 mSv☢☢☢,3-10 mSv [ped]☢☢☢☢,Usually not appropriate
1185,Thoracic,"Sepsis suspected, cannot assess symptoms, chest radiography normal, next imaging study",3196688,MRI abdomen and pelvis without and with IV contrast,0 mSvO,0 mSv [ped]O,Usually not appropriate
1186,Thoracic,"Sepsis suspected, cannot assess symptoms, chest radiography normal, next imaging study",3196688,MRI abdomen and pelvis without IV contrast,0 mSvO,0 mSv [ped]O,Usually not appropriate
1187,Thoracic,"Sepsis suspected, cannot assess symptoms, chest radiography normal, next imaging study",3196688,MRI chest without and with IV contrast,0 mSvO,0 mSv [ped]O,Usually not appropriate
1188,Thoracic,"Sepsis suspected, cannot assess symptoms, chest radiography normal, next imaging study",3196688,MRI chest without IV contrast,0 mSvO,0 mSv [ped]O,Usually not appropriate
1189,Thoracic,"Sepsis suspected, cannot assess symptoms, chest radiography normal, next imaging study",3196688,Nuclear medicine scan gallbladder,0.1-1mSv☢☢,,Usually not appropriate
1190,Thoracic,"Sepsis suspected, cannot assess symptoms, chest radiography normal, next imaging study",3196688,CT chest without and with IV contrast,1-10 mSv☢☢☢,3-10 mSv [ped]☢☢☢☢,Usually not appropriate
1191,Thoracic,"Sepsis suspected, cannot assess symptoms, chest radiography normal, next imaging study",3196688,CT abdomen and pelvis without and with IV contrast,10-30 mSv☢☢☢☢,10-30 mSv [ped]☢☢☢☢☢,Usually not appropriate
1192,Thoracic,"Sepsis suspected, cannot assess symptoms, chest radiography normal, next imaging study",3196688,CT chest abdomen pelvis without and with IV contrast,10-30 mSv☢☢☢☢,10-30 mSv [ped]☢☢☢☢☢,Usually not appropriate
1193,Thoracic,"Sepsis suspected, cannot assess symptoms, chest radiography normal, next imaging study",3196688,FDG-PET/CT skull base to mid-thigh,10-30 mSv☢☢☢☢,3-10 mSv [ped]☢☢☢☢,Usually not appropriate
1194,Thoracic,"Sepsis suspected, cannot assess symptoms, chest radiography normal, next imaging study",3196688,WBC scan abdomen and pelvis,10-30 mSv☢☢☢☢,,Usually not appropriate
1195,Thoracic,"Sepsis suspected, cannot assess symptoms, initial imaging",3196679,Radiography chest,<0.1 mSv☢,<0.03 mSv [ped]☢,Usually appropriate
1196,Thoracic,"Sepsis suspected, cannot assess symptoms, initial imaging",3196679,US abdomen,0 mSvO,0 mSv [ped]O,May be appropriate
1197,Thoracic,"Sepsis suspected, cannot assess symptoms, initial imaging",3196679,CT abdomen and pelvis with IV contrast,1-10 mSv☢☢☢,3-10 mSv [ped]☢☢☢☢,May be appropriate
1198,Thoracic,"Sepsis suspected, cannot assess symptoms, initial imaging",3196679,CT chest with IV contrast,1-10 mSv☢☢☢,3-10 mSv [ped]☢☢☢☢,May be appropriate
1199,Thoracic,"Sepsis suspected, cannot assess symptoms, initial imaging",3196679,CT chest without IV contrast,1-10 mSv☢☢☢,3-10 mSv [ped]☢☢☢☢,May be appropriate
1200,Thoracic,"Sepsis suspected, cannot assess symptoms, initial imaging",3196679,CT chest abdomen pelvis with IV contrast,10-30 mSv☢☢☢☢,3-10 mSv [ped]☢☢☢☢,May be appropriate
1201,Thoracic,"Sepsis suspected, cannot assess symptoms, initial imaging",3196679,CT chest abdomen pelvis without IV contrast,10-30 mSv☢☢☢☢,3-10 mSv [ped]☢☢☢☢,May be appropriate (Disagreement)
1202,Thoracic,"Sepsis suspected, cannot assess symptoms, initial imaging",3196679,Radiography abdomen,0.1-1mSv☢☢,0.03-0.3 mSv [ped]☢☢,Usually not appropriate
1203,Thoracic,"Sepsis suspected, cannot assess symptoms, initial imaging",3196679,Fluoroscopy contrast enema,1-10 mSv☢☢☢,3-10 mSv [ped]☢☢☢☢,Usually not appropriate
1204,Thoracic,"Sepsis suspected, cannot assess symptoms, initial imaging",3196679,Fluoroscopy upper GI series with small bowel follow-through,1-10 mSv☢☢☢,3-10 mSv [ped]☢☢☢☢,Usually not appropriate
1205,Thoracic,"Sepsis suspected, cannot assess symptoms, initial imaging",3196679,MRI abdomen and pelvis without and with IV contrast,0 mSvO,0 mSv [ped]O,Usually not appropriate
1206,Thoracic,"Sepsis suspected, cannot assess symptoms, initial imaging",3196679,MRI abdomen and pelvis without IV contrast,0 mSvO,0 mSv [ped]O,Usually not appropriate
1207,Thoracic,"Sepsis suspected, cannot assess symptoms, initial imaging",3196679,MRI chest without and with IV contrast,0 mSvO,0 mSv [ped]O,Usually not appropriate
1208,Thoracic,"Sepsis suspected, cannot assess symptoms, initial imaging",3196679,MRI chest without IV contrast,0 mSvO,0 mSv [ped]O,Usually not appropriate
1209,Thoracic,"Sepsis suspected, cannot assess symptoms, initial imaging",3196679,Nuclear medicine scan gallbladder,0.1-1mSv☢☢,,Usually not appropriate
1210,Thoracic,"Sepsis suspected, cannot assess symptoms, initial imaging",3196679,CT abdomen and pelvis without IV contrast,1-10 mSv☢☢☢,3-10 mSv [ped]☢☢☢☢,Usually not appropriate
1211,Thoracic,"Sepsis suspected, cannot assess symptoms, initial imaging",3196679,CT chest without and with IV contrast,1-10 mSv☢☢☢,3-10 mSv [ped]☢☢☢☢,Usually not appropriate
1212,Thoracic,"Sepsis suspected, cannot assess symptoms, initial imaging",3196679,CT abdomen and pelvis without and with IV contrast,10-30 mSv☢☢☢☢,10-30 mSv [ped]☢☢☢☢☢,Usually not appropriate
1213,Thoracic,"Sepsis suspected, cannot assess symptoms, initial imaging",3196679,CT chest abdomen pelvis without and with IV contrast,10-30 mSv☢☢☢☢,10-30 mSv [ped]☢☢☢☢☢,Usually not appropriate
1214,Thoracic,"Sepsis suspected, cannot assess symptoms, initial imaging",3196679,FDG-PET/CT skull base to mid-thigh,10-30 mSv☢☢☢☢,3-10 mSv [ped]☢☢☢☢,Usually not appropriate
1215,Thoracic,"Sepsis suspected, cannot assess symptoms, initial imaging",3196679,WBC scan abdomen and pelvis,10-30 mSv☢☢☢☢,,Usually not appropriate
1216,Thoracic,"Sepsis suspected, chest pain, chest radiography equivocal, next imaging study",3196662,CT chest with IV contrast,1-10 mSv☢☢☢,3-10 mSv [ped]☢☢☢☢,Usually appropriate
1217,Thoracic,"Sepsis suspected, chest pain, chest radiography equivocal, next imaging study",3196662,CT chest without IV contrast,1-10 mSv☢☢☢,3-10 mSv [ped]☢☢☢☢,Usually appropriate
1218,Thoracic,"Sepsis suspected, chest pain, chest radiography equivocal, next imaging study",3196662,MRI chest without and with IV contrast,0 mSvO,0 mSv [ped]O,Usually not appropriate
1219,Thoracic,"Sepsis suspected, chest pain, chest radiography equivocal, next imaging study",3196662,MRI chest without IV contrast,0 mSvO,0 mSv [ped]O,Usually not appropriate
1220,Thoracic,"Sepsis suspected, chest pain, chest radiography equivocal, next imaging study",3196662,CT chest without and with IV contrast,1-10 mSv☢☢☢,3-10 mSv [ped]☢☢☢☢,Usually not appropriate
1221,Thoracic,"Sepsis suspected, chest pain, chest radiography equivocal, next imaging study",3196662,FDG-PET/CT skull base to mid-thigh,10-30 mSv☢☢☢☢,3-10 mSv [ped]☢☢☢☢,Usually not appropriate
1222,Thoracic,"Sepsis suspected, chest pain, chest radiography nonspecific, next imaging study",3196663,CT chest with IV contrast,1-10 mSv☢☢☢,3-10 mSv [ped]☢☢☢☢,Usually appropriate
1223,Thoracic,"Sepsis suspected, chest pain, chest radiography nonspecific, next imaging study",3196663,CT chest without IV contrast,1-10 mSv☢☢☢,3-10 mSv [ped]☢☢☢☢,Usually appropriate
1224,Thoracic,"Sepsis suspected, chest pain, chest radiography nonspecific, next imaging study",3196663,MRI chest without and with IV contrast,0 mSvO,0 mSv [ped]O,Usually not appropriate
1225,Thoracic,"Sepsis suspected, chest pain, chest radiography nonspecific, next imaging study",3196663,MRI chest without IV contrast,0 mSvO,0 mSv [ped]O,Usually not appropriate
1226,Thoracic,"Sepsis suspected, chest pain, chest radiography nonspecific, next imaging study",3196663,CT chest without and with IV contrast,1-10 mSv☢☢☢,3-10 mSv [ped]☢☢☢☢,Usually not appropriate
1227,Thoracic,"Sepsis suspected, chest pain, chest radiography nonspecific, next imaging study",3196663,FDG-PET/CT skull base to mid-thigh,10-30 mSv☢☢☢☢,3-10 mSv [ped]☢☢☢☢,Usually not appropriate
1228,Thoracic,"Sepsis suspected, chest pain, chest radiography normal, next imaging study",3196661,CT chest with IV contrast,1-10 mSv☢☢☢,3-10 mSv [ped]☢☢☢☢,Usually appropriate
1229,Thoracic,"Sepsis suspected, chest pain, chest radiography normal, next imaging study",3196661,CT chest without IV contrast,1-10 mSv☢☢☢,3-10 mSv [ped]☢☢☢☢,Usually appropriate
1230,Thoracic,"Sepsis suspected, chest pain, chest radiography normal, next imaging study",3196661,MRI chest without and with IV contrast,0 mSvO,0 mSv [ped]O,Usually not appropriate
1231,Thoracic,"Sepsis suspected, chest pain, chest radiography normal, next imaging study",3196661,MRI chest without IV contrast,0 mSvO,0 mSv [ped]O,Usually not appropriate
1232,Thoracic,"Sepsis suspected, chest pain, chest radiography normal, next imaging study",3196661,CT chest without and with IV contrast,1-10 mSv☢☢☢,3-10 mSv [ped]☢☢☢☢,Usually not appropriate
1233,Thoracic,"Sepsis suspected, chest pain, chest radiography normal, next imaging study",3196661,FDG-PET/CT skull base to mid-thigh,10-30 mSv☢☢☢☢,3-10 mSv [ped]☢☢☢☢,Usually not appropriate
1234,Thoracic,"Sepsis suspected, chest pain, initial imaging",3196650,Radiography chest,<0.1 mSv☢,<0.03 mSv [ped]☢,Usually appropriate
1235,Thoracic,"Sepsis suspected, chest pain, initial imaging",3196650,CT chest with IV contrast,1-10 mSv☢☢☢,3-10 mSv [ped]☢☢☢☢,May be appropriate
1236,Thoracic,"Sepsis suspected, chest pain, initial imaging",3196650,CT chest without IV contrast,1-10 mSv☢☢☢,3-10 mSv [ped]☢☢☢☢,May be appropriate
1237,Thoracic,"Sepsis suspected, chest pain, initial imaging",3196650,MRI chest without and with IV contrast,0 mSvO,0 mSv [ped]O,Usually not appropriate
1238,Thoracic,"Sepsis suspected, chest pain, initial imaging",3196650,MRI chest without IV contrast,0 mSvO,0 mSv [ped]O,Usually not appropriate
1239,Thoracic,"Sepsis suspected, chest pain, initial imaging",3196650,CT chest without and with IV contrast,1-10 mSv☢☢☢,3-10 mSv [ped]☢☢☢☢,Usually not appropriate
1240,Thoracic,"Sepsis suspected, chest pain, initial imaging",3196650,FDG-PET/CT skull base to mid-thigh,10-30 mSv☢☢☢☢,3-10 mSv [ped]☢☢☢☢,Usually not appropriate
1241,Thoracic,"Sepsis suspected, cough, chest radiography equivocal, next imaging study",3196656,CT chest with IV contrast,1-10 mSv☢☢☢,3-10 mSv [ped]☢☢☢☢,Usually appropriate
1242,Thoracic,"Sepsis suspected, cough, chest radiography equivocal, next imaging study",3196656,CT chest without IV contrast,1-10 mSv☢☢☢,3-10 mSv [ped]☢☢☢☢,Usually appropriate
1243,Thoracic,"Sepsis suspected, cough, chest radiography equivocal, next imaging study",3196656,MRI chest without and with IV contrast,0 mSvO,0 mSv [ped]O,Usually not appropriate
1244,Thoracic,"Sepsis suspected, cough, chest radiography equivocal, next imaging study",3196656,MRI chest without IV contrast,0 mSvO,0 mSv [ped]O,Usually not appropriate
1245,Thoracic,"Sepsis suspected, cough, chest radiography equivocal, next imaging study",3196656,CT chest without and with IV contrast,1-10 mSv☢☢☢,3-10 mSv [ped]☢☢☢☢,Usually not appropriate
1246,Thoracic,"Sepsis suspected, cough, chest radiography equivocal, next imaging study",3196656,FDG-PET/CT skull base to mid-thigh,10-30 mSv☢☢☢☢,3-10 mSv [ped]☢☢☢☢,Usually not appropriate
1247,Thoracic,"Sepsis suspected, cough, chest radiography nonspecific, next imaging study",3196657,CT chest with IV contrast,1-10 mSv☢☢☢,3-10 mSv [ped]☢☢☢☢,Usually appropriate
1248,Thoracic,"Sepsis suspected, cough, chest radiography nonspecific, next imaging study",3196657,CT chest without IV contrast,1-10 mSv☢☢☢,3-10 mSv [ped]☢☢☢☢,Usually appropriate
1249,Thoracic,"Sepsis suspected, cough, chest radiography nonspecific, next imaging study",3196657,MRI chest without and with IV contrast,0 mSvO,0 mSv [ped]O,Usually not appropriate
1250,Thoracic,"Sepsis suspected, cough, chest radiography nonspecific, next imaging study",3196657,MRI chest without IV contrast,0 mSvO,0 mSv [ped]O,Usually not appropriate
1251,Thoracic,"Sepsis suspected, cough, chest radiography nonspecific, next imaging study",3196657,CT chest without and with IV contrast,1-10 mSv☢☢☢,3-10 mSv [ped]☢☢☢☢,Usually not appropriate
1252,Thoracic,"Sepsis suspected, cough, chest radiography nonspecific, next imaging study",3196657,FDG-PET/CT skull base to mid-thigh,10-30 mSv☢☢☢☢,3-10 mSv [ped]☢☢☢☢,Usually not appropriate
1253,Thoracic,"Sepsis suspected, cough, chest radiography normal, next imaging study",3196655,CT chest with IV contrast,1-10 mSv☢☢☢,3-10 mSv [ped]☢☢☢☢,Usually appropriate
1254,Thoracic,"Sepsis suspected, cough, chest radiography normal, next imaging study",3196655,CT chest without IV contrast,1-10 mSv☢☢☢,3-10 mSv [ped]☢☢☢☢,Usually appropriate
1255,Thoracic,"Sepsis suspected, cough, chest radiography normal, next imaging study",3196655,MRI chest without and with IV contrast,0 mSvO,0 mSv [ped]O,Usually not appropriate
1256,Thoracic,"Sepsis suspected, cough, chest radiography normal, next imaging study",3196655,MRI chest without IV contrast,0 mSvO,0 mSv [ped]O,Usually not appropriate
1257,Thoracic,"Sepsis suspected, cough, chest radiography normal, next imaging study",3196655,CT chest without and with IV contrast,1-10 mSv☢☢☢,3-10 mSv [ped]☢☢☢☢,Usually not appropriate
1258,Thoracic,"Sepsis suspected, cough, chest radiography normal, next imaging study",3196655,FDG-PET/CT skull base to mid-thigh,10-30 mSv☢☢☢☢,3-10 mSv [ped]☢☢☢☢,Usually not appropriate
1259,Thoracic,"Sepsis suspected, cough, initial imaging",3196648,Radiography chest,<0.1 mSv☢,<0.03 mSv [ped]☢,Usually appropriate
1260,Thoracic,"Sepsis suspected, cough, initial imaging",3196648,CT chest with IV contrast,1-10 mSv☢☢☢,3-10 mSv [ped]☢☢☢☢,May be appropriate
1261,Thoracic,"Sepsis suspected, cough, initial imaging",3196648,CT chest without IV contrast,1-10 mSv☢☢☢,3-10 mSv [ped]☢☢☢☢,May be appropriate
1262,Thoracic,"Sepsis suspected, cough, initial imaging",3196648,MRI chest without and with IV contrast,0 mSvO,0 mSv [ped]O,Usually not appropriate
1263,Thoracic,"Sepsis suspected, cough, initial imaging",3196648,MRI chest without IV contrast,0 mSvO,0 mSv [ped]O,Usually not appropriate
1264,Thoracic,"Sepsis suspected, cough, initial imaging",3196648,CT chest without and with IV contrast,1-10 mSv☢☢☢,3-10 mSv [ped]☢☢☢☢,Usually not appropriate
1265,Thoracic,"Sepsis suspected, cough, initial imaging",3196648,FDG-PET/CT skull base to mid-thigh,10-30 mSv☢☢☢☢,3-10 mSv [ped]☢☢☢☢,Usually not appropriate
1266,Thoracic,"Sepsis suspected, dyspnea, chest radiography equivocal, next imaging study",3196659,CT chest with IV contrast,1-10 mSv☢☢☢,3-10 mSv [ped]☢☢☢☢,Usually appropriate
1267,Thoracic,"Sepsis suspected, dyspnea, chest radiography equivocal, next imaging study",3196659,CT chest without IV contrast,1-10 mSv☢☢☢,3-10 mSv [ped]☢☢☢☢,Usually appropriate
1268,Thoracic,"Sepsis suspected, dyspnea, chest radiography equivocal, next imaging study",3196659,MRI chest without and with IV contrast,0 mSvO,0 mSv [ped]O,Usually not appropriate
1269,Thoracic,"Sepsis suspected, dyspnea, chest radiography equivocal, next imaging study",3196659,MRI chest without IV contrast,0 mSvO,0 mSv [ped]O,Usually not appropriate
1270,Thoracic,"Sepsis suspected, dyspnea, chest radiography equivocal, next imaging study",3196659,CT chest without and with IV contrast,1-10 mSv☢☢☢,3-10 mSv [ped]☢☢☢☢,Usually not appropriate
1271,Thoracic,"Sepsis suspected, dyspnea, chest radiography equivocal, next imaging study",3196659,FDG-PET/CT skull base to mid-thigh,10-30 mSv☢☢☢☢,3-10 mSv [ped]☢☢☢☢,Usually not appropriate
1272,Thoracic,"Sepsis suspected, dyspnea, chest radiography nonspecific, next imaging study",3196660,CT chest with IV contrast,1-10 mSv☢☢☢,3-10 mSv [ped]☢☢☢☢,Usually appropriate
1273,Thoracic,"Sepsis suspected, dyspnea, chest radiography nonspecific, next imaging study",3196660,CT chest without IV contrast,1-10 mSv☢☢☢,3-10 mSv [ped]☢☢☢☢,Usually appropriate
1274,Thoracic,"Sepsis suspected, dyspnea, chest radiography nonspecific, next imaging study",3196660,MRI chest without and with IV contrast,0 mSvO,0 mSv [ped]O,Usually not appropriate
1275,Thoracic,"Sepsis suspected, dyspnea, chest radiography nonspecific, next imaging study",3196660,MRI chest without IV contrast,0 mSvO,0 mSv [ped]O,Usually not appropriate
1276,Thoracic,"Sepsis suspected, dyspnea, chest radiography nonspecific, next imaging study",3196660,CT chest without and with IV contrast,1-10 mSv☢☢☢,3-10 mSv [ped]☢☢☢☢,Usually not appropriate
1277,Thoracic,"Sepsis suspected, dyspnea, chest radiography nonspecific, next imaging study",3196660,FDG-PET/CT skull base to mid-thigh,10-30 mSv☢☢☢☢,3-10 mSv [ped]☢☢☢☢,Usually not appropriate
1278,Thoracic,"Sepsis suspected, dyspnea, chest radiography normal, next imaging study",3196658,CT chest with IV contrast,1-10 mSv☢☢☢,3-10 mSv [ped]☢☢☢☢,Usually appropriate
1279,Thoracic,"Sepsis suspected, dyspnea, chest radiography normal, next imaging study",3196658,CT chest without IV contrast,1-10 mSv☢☢☢,3-10 mSv [ped]☢☢☢☢,Usually appropriate
1280,Thoracic,"Sepsis suspected, dyspnea, chest radiography normal, next imaging study",3196658,MRI chest without and with IV contrast,0 mSvO,0 mSv [ped]O,Usually not appropriate
1281,Thoracic,"Sepsis suspected, dyspnea, chest radiography normal, next imaging study",3196658,MRI chest without IV contrast,0 mSvO,0 mSv [ped]O,Usually not appropriate
1282,Thoracic,"Sepsis suspected, dyspnea, chest radiography normal, next imaging study",3196658,CT chest without and with IV contrast,1-10 mSv☢☢☢,3-10 mSv [ped]☢☢☢☢,Usually not appropriate
1283,Thoracic,"Sepsis suspected, dyspnea, chest radiography normal, next imaging study",3196658,FDG-PET/CT skull base to mid-thigh,10-30 mSv☢☢☢☢,3-10 mSv [ped]☢☢☢☢,Usually not appropriate
1284,Thoracic,"Sepsis suspected, dyspnea, initial imaging",3196649,Radiography chest,<0.1 mSv☢,<0.03 mSv [ped]☢,Usually appropriate
1285,Thoracic,"Sepsis suspected, dyspnea, initial imaging",3196649,CT chest with IV contrast,1-10 mSv☢☢☢,3-10 mSv [ped]☢☢☢☢,May be appropriate
1286,Thoracic,"Sepsis suspected, dyspnea, initial imaging",3196649,CT chest without IV contrast,1-10 mSv☢☢☢,3-10 mSv [ped]☢☢☢☢,May be appropriate
1287,Thoracic,"Sepsis suspected, dyspnea, initial imaging",3196649,MRI chest without and with IV contrast,0 mSvO,0 mSv [ped]O,Usually not appropriate
1288,Thoracic,"Sepsis suspected, dyspnea, initial imaging",3196649,MRI chest without IV contrast,0 mSvO,0 mSv [ped]O,Usually not appropriate
1289,Thoracic,"Sepsis suspected, dyspnea, initial imaging",3196649,CT chest without and with IV contrast,1-10 mSv☢☢☢,3-10 mSv [ped]☢☢☢☢,Usually not appropriate
1290,Thoracic,"Sepsis suspected, dyspnea, initial imaging",3196649,FDG-PET/CT skull base to mid-thigh,10-30 mSv☢☢☢☢,3-10 mSv [ped]☢☢☢☢,Usually not appropriate
1291,Thoracic,"Sepsis suspected, non specific symptoms, unknown origin, initial imaging",3196677,Radiography chest,<0.1 mSv☢,<0.03 mSv [ped]☢,Usually appropriate
1292,Thoracic,"Sepsis suspected, non specific symptoms, unknown origin, initial imaging",3196677,US abdomen,0 mSvO,0 mSv [ped]O,May be appropriate
1293,Thoracic,"Sepsis suspected, non specific symptoms, unknown origin, initial imaging",3196677,CT abdomen and pelvis with IV contrast,1-10 mSv☢☢☢,3-10 mSv [ped]☢☢☢☢,May be appropriate
1294,Thoracic,"Sepsis suspected, non specific symptoms, unknown origin, initial imaging",3196677,CT chest with IV contrast,1-10 mSv☢☢☢,3-10 mSv [ped]☢☢☢☢,May be appropriate
1295,Thoracic,"Sepsis suspected, non specific symptoms, unknown origin, initial imaging",3196677,CT chest without IV contrast,1-10 mSv☢☢☢,3-10 mSv [ped]☢☢☢☢,May be appropriate
1296,Thoracic,"Sepsis suspected, non specific symptoms, unknown origin, initial imaging",3196677,CT chest abdomen pelvis with IV contrast,10-30 mSv☢☢☢☢,3-10 mSv [ped]☢☢☢☢,May be appropriate
1297,Thoracic,"Sepsis suspected, non specific symptoms, unknown origin, initial imaging",3196677,CT chest abdomen pelvis without IV contrast,10-30 mSv☢☢☢☢,3-10 mSv [ped]☢☢☢☢,May be appropriate (Disagreement)
1298,Thoracic,"Sepsis suspected, non specific symptoms, unknown origin, initial imaging",3196677,Radiography abdomen,0.1-1mSv☢☢,0.03-0.3 mSv [ped]☢☢,Usually not appropriate
1299,Thoracic,"Sepsis suspected, non specific symptoms, unknown origin, initial imaging",3196677,Fluoroscopy contrast enema,1-10 mSv☢☢☢,3-10 mSv [ped]☢☢☢☢,Usually not appropriate
1300,Thoracic,"Sepsis suspected, non specific symptoms, unknown origin, initial imaging",3196677,Fluoroscopy upper GI series with small bowel follow-through,1-10 mSv☢☢☢,3-10 mSv [ped]☢☢☢☢,Usually not appropriate
1301,Thoracic,"Sepsis suspected, non specific symptoms, unknown origin, initial imaging",3196677,MRI abdomen and pelvis without and with IV contrast,0 mSvO,0 mSv [ped]O,Usually not appropriate
1302,Thoracic,"Sepsis suspected, non specific symptoms, unknown origin, initial imaging",3196677,MRI abdomen and pelvis without IV contrast,0 mSvO,0 mSv [ped]O,Usually not appropriate
1303,Thoracic,"Sepsis suspected, non specific symptoms, unknown origin, initial imaging",3196677,MRI chest without and with IV contrast,0 mSvO,0 mSv [ped]O,Usually not appropriate
1304,Thoracic,"Sepsis suspected, non specific symptoms, unknown origin, initial imaging",3196677,MRI chest without IV contrast,0 mSvO,0 mSv [ped]O,Usually not appropriate
1305,Thoracic,"Sepsis suspected, non specific symptoms, unknown origin, initial imaging",3196677,Nuclear medicine scan gallbladder,0.1-1mSv☢☢,,Usually not appropriate
1306,Thoracic,"Sepsis suspected, non specific symptoms, unknown origin, initial imaging",3196677,CT abdomen and pelvis without IV contrast,1-10 mSv☢☢☢,3-10 mSv [ped]☢☢☢☢,Usually not appropriate
1307,Thoracic,"Sepsis suspected, non specific symptoms, unknown origin, initial imaging",3196677,CT chest without and with IV contrast,1-10 mSv☢☢☢,3-10 mSv [ped]☢☢☢☢,Usually not appropriate
1308,Thoracic,"Sepsis suspected, non specific symptoms, unknown origin, initial imaging",3196677,CT abdomen and pelvis without and with IV contrast,10-30 mSv☢☢☢☢,10-30 mSv [ped]☢☢☢☢☢,Usually not appropriate
1309,Thoracic,"Sepsis suspected, non specific symptoms, unknown origin, initial imaging",3196677,CT chest abdomen pelvis without and with IV contrast,10-30 mSv☢☢☢☢,10-30 mSv [ped]☢☢☢☢☢,Usually not appropriate
1310,Thoracic,"Sepsis suspected, non specific symptoms, unknown origin, initial imaging",3196677,FDG-PET/CT skull base to mid-thigh,10-30 mSv☢☢☢☢,3-10 mSv [ped]☢☢☢☢,Usually not appropriate
1311,Thoracic,"Sepsis suspected, non specific symptoms, unknown origin, initial imaging",3196677,WBC scan abdomen and pelvis,10-30 mSv☢☢☢☢,,Usually not appropriate
1312,Thoracic,"Sepsis, acute abdominal pain, initial imaging",3196675,CT abdomen and pelvis with IV contrast,1-10 mSv☢☢☢,3-10 mSv [ped]☢☢☢☢,Usually appropriate
1313,Thoracic,"Sepsis, acute abdominal pain, initial imaging",3196675,US abdomen,0 mSvO,0 mSv [ped]O,May be appropriate
1314,Thoracic,"Sepsis, acute abdominal pain, initial imaging",3196675,CT abdomen and pelvis without IV contrast,1-10 mSv☢☢☢,3-10 mSv [ped]☢☢☢☢,May be appropriate (Disagreement)
1315,Thoracic,"Sepsis, acute abdominal pain, initial imaging",3196675,Radiography abdomen,0.1-1mSv☢☢,0.03-0.3 mSv [ped]☢☢,Usually not appropriate
1316,Thoracic,"Sepsis, acute abdominal pain, initial imaging",3196675,Fluoroscopy contrast enema,1-10 mSv☢☢☢,3-10 mSv [ped]☢☢☢☢,Usually not appropriate
1317,Thoracic,"Sepsis, acute abdominal pain, initial imaging",3196675,Fluoroscopy upper GI series with small bowel follow-through,1-10 mSv☢☢☢,3-10 mSv [ped]☢☢☢☢,Usually not appropriate
1318,Thoracic,"Sepsis, acute abdominal pain, initial imaging",3196675,MRI abdomen and pelvis without and with IV contrast,0 mSvO,0 mSv [ped]O,Usually not appropriate
1319,Thoracic,"Sepsis, acute abdominal pain, initial imaging",3196675,MRI abdomen and pelvis without IV contrast,0 mSvO,0 mSv [ped]O,Usually not appropriate
1320,Thoracic,"Sepsis, acute abdominal pain, initial imaging",3196675,Nuclear medicine scan gallbladder,0.1-1mSv☢☢,,Usually not appropriate
1321,Thoracic,"Sepsis, acute abdominal pain, initial imaging",3196675,CT abdomen and pelvis without and with IV contrast,10-30 mSv☢☢☢☢,10-30 mSv [ped]☢☢☢☢☢,Usually not appropriate
1322,Thoracic,"Sepsis, acute abdominal pain, initial imaging",3196675,FDG-PET/CT skull base to mid-thigh,10-30 mSv☢☢☢☢,3-10 mSv [ped]☢☢☢☢,Usually not appropriate
1323,Thoracic,"Sepsis, acute abdominal pain, initial imaging",3196675,WBC scan abdomen and pelvis,10-30 mSv☢☢☢☢,,Usually not appropriate
1324,Thoracic,"Sepsis, cannot assess symptoms, chest radiography normal, next imaging study",3196691,CT abdomen and pelvis with IV contrast,1-10 mSv☢☢☢,3-10 mSv [ped]☢☢☢☢,Usually appropriate
1325,Thoracic,"Sepsis, cannot assess symptoms, chest radiography normal, next imaging study",3196691,US abdomen,0 mSvO,0 mSv [ped]O,May be appropriate
1326,Thoracic,"Sepsis, cannot assess symptoms, chest radiography normal, next imaging study",3196691,CT abdomen and pelvis without IV contrast,1-10 mSv☢☢☢,3-10 mSv [ped]☢☢☢☢,May be appropriate (Disagreement)
1327,Thoracic,"Sepsis, cannot assess symptoms, chest radiography normal, next imaging study",3196691,CT chest with IV contrast,1-10 mSv☢☢☢,3-10 mSv [ped]☢☢☢☢,May be appropriate
1328,Thoracic,"Sepsis, cannot assess symptoms, chest radiography normal, next imaging study",3196691,CT chest without IV contrast,1-10 mSv☢☢☢,3-10 mSv [ped]☢☢☢☢,May be appropriate
1329,Thoracic,"Sepsis, cannot assess symptoms, chest radiography normal, next imaging study",3196691,CT chest abdomen pelvis with IV contrast,10-30 mSv☢☢☢☢,3-10 mSv [ped]☢☢☢☢,May be appropriate (Disagreement)
1330,Thoracic,"Sepsis, cannot assess symptoms, chest radiography normal, next imaging study",3196691,CT chest abdomen pelvis without IV contrast,10-30 mSv☢☢☢☢,3-10 mSv [ped]☢☢☢☢,May be appropriate (Disagreement)
1331,Thoracic,"Sepsis, cannot assess symptoms, chest radiography normal, next imaging study",3196691,Radiography abdomen,0.1-1mSv☢☢,0.03-0.3 mSv [ped]☢☢,Usually not appropriate
1332,Thoracic,"Sepsis, cannot assess symptoms, chest radiography normal, next imaging study",3196691,Fluoroscopy contrast enema,1-10 mSv☢☢☢,3-10 mSv [ped]☢☢☢☢,Usually not appropriate
1333,Thoracic,"Sepsis, cannot assess symptoms, chest radiography normal, next imaging study",3196691,Fluoroscopy upper GI series with small bowel follow-through,1-10 mSv☢☢☢,3-10 mSv [ped]☢☢☢☢,Usually not appropriate
1334,Thoracic,"Sepsis, cannot assess symptoms, chest radiography normal, next imaging study",3196691,MRI abdomen and pelvis without and with IV contrast,0 mSvO,0 mSv [ped]O,Usually not appropriate
1335,Thoracic,"Sepsis, cannot assess symptoms, chest radiography normal, next imaging study",3196691,MRI abdomen and pelvis without IV contrast,0 mSvO,0 mSv [ped]O,Usually not appropriate
1336,Thoracic,"Sepsis, cannot assess symptoms, chest radiography normal, next imaging study",3196691,MRI chest without and with IV contrast,0 mSvO,0 mSv [ped]O,Usually not appropriate
1337,Thoracic,"Sepsis, cannot assess symptoms, chest radiography normal, next imaging study",3196691,MRI chest without IV contrast,0 mSvO,0 mSv [ped]O,Usually not appropriate
1338,Thoracic,"Sepsis, cannot assess symptoms, chest radiography normal, next imaging study",3196691,Nuclear medicine scan gallbladder,0.1-1mSv☢☢,,Usually not appropriate
1339,Thoracic,"Sepsis, cannot assess symptoms, chest radiography normal, next imaging study",3196691,CT chest without and with IV contrast,1-10 mSv☢☢☢,3-10 mSv [ped]☢☢☢☢,Usually not appropriate
1340,Thoracic,"Sepsis, cannot assess symptoms, chest radiography normal, next imaging study",3196691,CT abdomen and pelvis without and with IV contrast,10-30 mSv☢☢☢☢,10-30 mSv [ped]☢☢☢☢☢,Usually not appropriate
1341,Thoracic,"Sepsis, cannot assess symptoms, chest radiography normal, next imaging study",3196691,CT chest abdomen pelvis without and with IV contrast,10-30 mSv☢☢☢☢,10-30 mSv [ped]☢☢☢☢☢,Usually not appropriate
1342,Thoracic,"Sepsis, cannot assess symptoms, chest radiography normal, next imaging study",3196691,FDG-PET/CT skull base to mid-thigh,10-30 mSv☢☢☢☢,3-10 mSv [ped]☢☢☢☢,Usually not appropriate
1343,Thoracic,"Sepsis, cannot assess symptoms, chest radiography normal, next imaging study",3196691,WBC scan abdomen and pelvis,10-30 mSv☢☢☢☢,,Usually not appropriate
1344,Thoracic,"Sepsis, cannot assess symptoms, chest radiography equivocal, next imaging study",3196692,CT abdomen and pelvis with IV contrast,1-10 mSv☢☢☢,3-10 mSv [ped]☢☢☢☢,Usually appropriate
1345,Thoracic,"Sepsis, cannot assess symptoms, chest radiography equivocal, next imaging study",3196692,US abdomen,0 mSvO,0 mSv [ped]O,May be appropriate
1346,Thoracic,"Sepsis, cannot assess symptoms, chest radiography equivocal, next imaging study",3196692,CT abdomen and pelvis without IV contrast,1-10 mSv☢☢☢,3-10 mSv [ped]☢☢☢☢,May be appropriate (Disagreement)
1347,Thoracic,"Sepsis, cannot assess symptoms, chest radiography equivocal, next imaging study",3196692,CT chest with IV contrast,1-10 mSv☢☢☢,3-10 mSv [ped]☢☢☢☢,May be appropriate
1348,Thoracic,"Sepsis, cannot assess symptoms, chest radiography equivocal, next imaging study",3196692,CT chest without IV contrast,1-10 mSv☢☢☢,3-10 mSv [ped]☢☢☢☢,May be appropriate
1349,Thoracic,"Sepsis, cannot assess symptoms, chest radiography equivocal, next imaging study",3196692,CT chest abdomen pelvis with IV contrast,10-30 mSv☢☢☢☢,3-10 mSv [ped]☢☢☢☢,May be appropriate (Disagreement)
1350,Thoracic,"Sepsis, cannot assess symptoms, chest radiography equivocal, next imaging study",3196692,CT chest abdomen pelvis without IV contrast,10-30 mSv☢☢☢☢,3-10 mSv [ped]☢☢☢☢,May be appropriate (Disagreement)
1351,Thoracic,"Sepsis, cannot assess symptoms, chest radiography equivocal, next imaging study",3196692,Radiography abdomen,0.1-1mSv☢☢,0.03-0.3 mSv [ped]☢☢,Usually not appropriate
1352,Thoracic,"Sepsis, cannot assess symptoms, chest radiography equivocal, next imaging study",3196692,Fluoroscopy contrast enema,1-10 mSv☢☢☢,3-10 mSv [ped]☢☢☢☢,Usually not appropriate
1353,Thoracic,"Sepsis, cannot assess symptoms, chest radiography equivocal, next imaging study",3196692,Fluoroscopy upper GI series with small bowel follow-through,1-10 mSv☢☢☢,3-10 mSv [ped]☢☢☢☢,Usually not appropriate
1354,Thoracic,"Sepsis, cannot assess symptoms, chest radiography equivocal, next imaging study",3196692,MRI abdomen and pelvis without and with IV contrast,0 mSvO,0 mSv [ped]O,Usually not appropriate
1355,Thoracic,"Sepsis, cannot assess symptoms, chest radiography equivocal, next imaging study",3196692,MRI abdomen and pelvis without IV contrast,0 mSvO,0 mSv [ped]O,Usually not appropriate
1356,Thoracic,"Sepsis, cannot assess symptoms, chest radiography equivocal, next imaging study",3196692,MRI chest without and with IV contrast,0 mSvO,0 mSv [ped]O,Usually not appropriate
1357,Thoracic,"Sepsis, cannot assess symptoms, chest radiography equivocal, next imaging study",3196692,MRI chest without IV contrast,0 mSvO,0 mSv [ped]O,Usually not appropriate
1358,Thoracic,"Sepsis, cannot assess symptoms, chest radiography equivocal, next imaging study",3196692,Nuclear medicine scan gallbladder,0.1-1mSv☢☢,,Usually not appropriate
1359,Thoracic,"Sepsis, cannot assess symptoms, chest radiography equivocal, next imaging study",3196692,CT chest without and with IV contrast,1-10 mSv☢☢☢,3-10 mSv [ped]☢☢☢☢,Usually not appropriate
1360,Thoracic,"Sepsis, cannot assess symptoms, chest radiography equivocal, next imaging study",3196692,CT abdomen and pelvis without and with IV contrast,10-30 mSv☢☢☢☢,10-30 mSv [ped]☢☢☢☢☢,Usually not appropriate
1361,Thoracic,"Sepsis, cannot assess symptoms, chest radiography equivocal, next imaging study",3196692,CT chest abdomen pelvis without and with IV contrast,10-30 mSv☢☢☢☢,10-30 mSv [ped]☢☢☢☢☢,Usually not appropriate
1362,Thoracic,"Sepsis, cannot assess symptoms, chest radiography equivocal, next imaging study",3196692,FDG-PET/CT skull base to mid-thigh,10-30 mSv☢☢☢☢,3-10 mSv [ped]☢☢☢☢,Usually not appropriate
1363,Thoracic,"Sepsis, cannot assess symptoms, chest radiography equivocal, next imaging study",3196692,WBC scan abdomen and pelvis,10-30 mSv☢☢☢☢,,Usually not appropriate
1364,Thoracic,"Sepsis, cannot assess symptoms, chest radiography nonspecific, next imaging study",3196693,CT abdomen and pelvis with IV contrast,1-10 mSv☢☢☢,3-10 mSv [ped]☢☢☢☢,Usually appropriate
1365,Thoracic,"Sepsis, cannot assess symptoms, chest radiography nonspecific, next imaging study",3196693,US abdomen,0 mSvO,0 mSv [ped]O,May be appropriate
1366,Thoracic,"Sepsis, cannot assess symptoms, chest radiography nonspecific, next imaging study",3196693,CT abdomen and pelvis without IV contrast,1-10 mSv☢☢☢,3-10 mSv [ped]☢☢☢☢,May be appropriate (Disagreement)
1367,Thoracic,"Sepsis, cannot assess symptoms, chest radiography nonspecific, next imaging study",3196693,CT chest with IV contrast,1-10 mSv☢☢☢,3-10 mSv [ped]☢☢☢☢,May be appropriate
1368,Thoracic,"Sepsis, cannot assess symptoms, chest radiography nonspecific, next imaging study",3196693,CT chest without IV contrast,1-10 mSv☢☢☢,3-10 mSv [ped]☢☢☢☢,May be appropriate
1369,Thoracic,"Sepsis, cannot assess symptoms, chest radiography nonspecific, next imaging study",3196693,CT chest abdomen pelvis with IV contrast,10-30 mSv☢☢☢☢,3-10 mSv [ped]☢☢☢☢,May be appropriate (Disagreement)
1370,Thoracic,"Sepsis, cannot assess symptoms, chest radiography nonspecific, next imaging study",3196693,CT chest abdomen pelvis without IV contrast,10-30 mSv☢☢☢☢,3-10 mSv [ped]☢☢☢☢,May be appropriate (Disagreement)
1371,Thoracic,"Sepsis, cannot assess symptoms, chest radiography nonspecific, next imaging study",3196693,Radiography abdomen,0.1-1mSv☢☢,0.03-0.3 mSv [ped]☢☢,Usually not appropriate
1372,Thoracic,"Sepsis, cannot assess symptoms, chest radiography nonspecific, next imaging study",3196693,Fluoroscopy contrast enema,1-10 mSv☢☢☢,3-10 mSv [ped]☢☢☢☢,Usually not appropriate
1373,Thoracic,"Sepsis, cannot assess symptoms, chest radiography nonspecific, next imaging study",3196693,Fluoroscopy upper GI series with small bowel follow-through,1-10 mSv☢☢☢,3-10 mSv [ped]☢☢☢☢,Usually not appropriate
1374,Thoracic,"Sepsis, cannot assess symptoms, chest radiography nonspecific, next imaging study",3196693,MRI abdomen and pelvis without and with IV contrast,0 mSvO,0 mSv [ped]O,Usually not appropriate
1375,Thoracic,"Sepsis, cannot assess symptoms, chest radiography nonspecific, next imaging study",3196693,MRI abdomen and pelvis without IV contrast,0 mSvO,0 mSv [ped]O,Usually not appropriate
1376,Thoracic,"Sepsis, cannot assess symptoms, chest radiography nonspecific, next imaging study",3196693,MRI chest without and with IV contrast,0 mSvO,0 mSv [ped]O,Usually not appropriate
1377,Thoracic,"Sepsis, cannot assess symptoms, chest radiography nonspecific, next imaging study",3196693,MRI chest without IV contrast,0 mSvO,0 mSv [ped]O,Usually not appropriate
1378,Thoracic,"Sepsis, cannot assess symptoms, chest radiography nonspecific, next imaging study",3196693,Nuclear medicine scan gallbladder,0.1-1mSv☢☢,,Usually not appropriate
1379,Thoracic,"Sepsis, cannot assess symptoms, chest radiography nonspecific, next imaging study",3196693,CT chest without and with IV contrast,1-10 mSv☢☢☢,3-10 mSv [ped]☢☢☢☢,Usually not appropriate
1380,Thoracic,"Sepsis, cannot assess symptoms, chest radiography nonspecific, next imaging study",3196693,CT abdomen and pelvis without and with IV contrast,10-30 mSv☢☢☢☢,10-30 mSv [ped]☢☢☢☢☢,Usually not appropriate
1381,Thoracic,"Sepsis, cannot assess symptoms, chest radiography nonspecific, next imaging study",3196693,CT chest abdomen pelvis without and with IV contrast,10-30 mSv☢☢☢☢,10-30 mSv [ped]☢☢☢☢☢,Usually not appropriate
1382,Thoracic,"Sepsis, cannot assess symptoms, chest radiography nonspecific, next imaging study",3196693,FDG-PET/CT skull base to mid-thigh,10-30 mSv☢☢☢☢,3-10 mSv [ped]☢☢☢☢,Usually not appropriate
1383,Thoracic,"Sepsis, cannot assess symptoms, chest radiography nonspecific, next imaging study",3196693,WBC scan abdomen and pelvis,10-30 mSv☢☢☢☢,,Usually not appropriate
1384,Thoracic,"Sepsis, cannot assess symptoms, initial imaging",3196680,Radiography chest,<0.1 mSv☢,<0.03 mSv [ped]☢,Usually appropriate
1385,Thoracic,"Sepsis, cannot assess symptoms, initial imaging",3196680,US abdomen,0 mSvO,0 mSv [ped]O,May be appropriate
1386,Thoracic,"Sepsis, cannot assess symptoms, initial imaging",3196680,CT abdomen and pelvis with IV contrast,1-10 mSv☢☢☢,3-10 mSv [ped]☢☢☢☢,May be appropriate
1387,Thoracic,"Sepsis, cannot assess symptoms, initial imaging",3196680,CT chest with IV contrast,1-10 mSv☢☢☢,3-10 mSv [ped]☢☢☢☢,May be appropriate
1388,Thoracic,"Sepsis, cannot assess symptoms, initial imaging",3196680,CT chest without IV contrast,1-10 mSv☢☢☢,3-10 mSv [ped]☢☢☢☢,May be appropriate
1389,Thoracic,"Sepsis, cannot assess symptoms, initial imaging",3196680,CT chest abdomen pelvis with IV contrast,10-30 mSv☢☢☢☢,3-10 mSv [ped]☢☢☢☢,May be appropriate
1390,Thoracic,"Sepsis, cannot assess symptoms, initial imaging",3196680,CT chest abdomen pelvis without IV contrast,10-30 mSv☢☢☢☢,3-10 mSv [ped]☢☢☢☢,May be appropriate (Disagreement)
1391,Thoracic,"Sepsis, cannot assess symptoms, initial imaging",3196680,Radiography abdomen,0.1-1mSv☢☢,0.03-0.3 mSv [ped]☢☢,Usually not appropriate
1392,Thoracic,"Sepsis, cannot assess symptoms, initial imaging",3196680,Fluoroscopy contrast enema,1-10 mSv☢☢☢,3-10 mSv [ped]☢☢☢☢,Usually not appropriate
1393,Thoracic,"Sepsis, cannot assess symptoms, initial imaging",3196680,Fluoroscopy upper GI series with small bowel follow-through,1-10 mSv☢☢☢,3-10 mSv [ped]☢☢☢☢,Usually not appropriate
1394,Thoracic,"Sepsis, cannot assess symptoms, initial imaging",3196680,MRI abdomen and pelvis without and with IV contrast,0 mSvO,0 mSv [ped]O,Usually not appropriate
1395,Thoracic,"Sepsis, cannot assess symptoms, initial imaging",3196680,MRI abdomen and pelvis without IV contrast,0 mSvO,0 mSv [ped]O,Usually not appropriate
1396,Thoracic,"Sepsis, cannot assess symptoms, initial imaging",3196680,MRI chest without and with IV contrast,0 mSvO,0 mSv [ped]O,Usually not appropriate
1397,Thoracic,"Sepsis, cannot assess symptoms, initial imaging",3196680,MRI chest without IV contrast,0 mSvO,0 mSv [ped]O,Usually not appropriate
1398,Thoracic,"Sepsis, cannot assess symptoms, initial imaging",3196680,Nuclear medicine scan gallbladder,0.1-1mSv☢☢,,Usually not appropriate
1399,Thoracic,"Sepsis, cannot assess symptoms, initial imaging",3196680,CT abdomen and pelvis without IV contrast,1-10 mSv☢☢☢,3-10 mSv [ped]☢☢☢☢,Usually not appropriate
1400,Thoracic,"Sepsis, cannot assess symptoms, initial imaging",3196680,CT chest without and with IV contrast,1-10 mSv☢☢☢,3-10 mSv [ped]☢☢☢☢,Usually not appropriate
1401,Thoracic,"Sepsis, cannot assess symptoms, initial imaging",3196680,CT abdomen and pelvis without and with IV contrast,10-30 mSv☢☢☢☢,10-30 mSv [ped]☢☢☢☢☢,Usually not appropriate
1402,Thoracic,"Sepsis, cannot assess symptoms, initial imaging",3196680,CT chest abdomen pelvis without and with IV contrast,10-30 mSv☢☢☢☢,10-30 mSv [ped]☢☢☢☢☢,Usually not appropriate
1403,Thoracic,"Sepsis, cannot assess symptoms, initial imaging",3196680,FDG-PET/CT skull base to mid-thigh,10-30 mSv☢☢☢☢,3-10 mSv [ped]☢☢☢☢,Usually not appropriate
1404,Thoracic,"Sepsis, cannot assess symptoms, initial imaging",3196680,WBC scan abdomen and pelvis,10-30 mSv☢☢☢☢,,Usually not appropriate
1405,Thoracic,"Sepsis, chest pain, chest radiography , nonspecific, next imaging study",3196672,CT chest with IV contrast,1-10 mSv☢☢☢,3-10 mSv [ped]☢☢☢☢,Usually appropriate
1406,Thoracic,"Sepsis, chest pain, chest radiography , nonspecific, next imaging study",3196672,CT chest without IV contrast,1-10 mSv☢☢☢,3-10 mSv [ped]☢☢☢☢,Usually appropriate
1407,Thoracic,"Sepsis, chest pain, chest radiography , nonspecific, next imaging study",3196672,MRI chest without and with IV contrast,0 mSvO,0 mSv [ped]O,Usually not appropriate
1408,Thoracic,"Sepsis, chest pain, chest radiography , nonspecific, next imaging study",3196672,MRI chest without IV contrast,0 mSvO,0 mSv [ped]O,Usually not appropriate
1409,Thoracic,"Sepsis, chest pain, chest radiography , nonspecific, next imaging study",3196672,CT chest without and with IV contrast,1-10 mSv☢☢☢,3-10 mSv [ped]☢☢☢☢,Usually not appropriate
1410,Thoracic,"Sepsis, chest pain, chest radiography , nonspecific, next imaging study",3196672,FDG-PET/CT skull base to mid-thigh,10-30 mSv☢☢☢☢,3-10 mSv [ped]☢☢☢☢,Usually not appropriate
1411,Thoracic,"Sepsis, chest pain, chest radiography equivocal, next imaging study",3196671,CT chest with IV contrast,1-10 mSv☢☢☢,3-10 mSv [ped]☢☢☢☢,Usually appropriate
1412,Thoracic,"Sepsis, chest pain, chest radiography equivocal, next imaging study",3196671,CT chest without IV contrast,1-10 mSv☢☢☢,3-10 mSv [ped]☢☢☢☢,Usually appropriate
1413,Thoracic,"Sepsis, chest pain, chest radiography equivocal, next imaging study",3196671,MRI chest without and with IV contrast,0 mSvO,0 mSv [ped]O,Usually not appropriate
1414,Thoracic,"Sepsis, chest pain, chest radiography equivocal, next imaging study",3196671,MRI chest without IV contrast,0 mSvO,0 mSv [ped]O,Usually not appropriate
1415,Thoracic,"Sepsis, chest pain, chest radiography equivocal, next imaging study",3196671,CT chest without and with IV contrast,1-10 mSv☢☢☢,3-10 mSv [ped]☢☢☢☢,Usually not appropriate
1416,Thoracic,"Sepsis, chest pain, chest radiography equivocal, next imaging study",3196671,FDG-PET/CT skull base to mid-thigh,10-30 mSv☢☢☢☢,3-10 mSv [ped]☢☢☢☢,Usually not appropriate
1417,Thoracic,"Sepsis, chest pain, chest radiography normal, next imaging study",3196670,CT chest with IV contrast,1-10 mSv☢☢☢,3-10 mSv [ped]☢☢☢☢,Usually appropriate
1418,Thoracic,"Sepsis, chest pain, chest radiography normal, next imaging study",3196670,CT chest without IV contrast,1-10 mSv☢☢☢,3-10 mSv [ped]☢☢☢☢,Usually appropriate
1419,Thoracic,"Sepsis, chest pain, chest radiography normal, next imaging study",3196670,MRI chest without and with IV contrast,0 mSvO,0 mSv [ped]O,Usually not appropriate
1420,Thoracic,"Sepsis, chest pain, chest radiography normal, next imaging study",3196670,MRI chest without IV contrast,0 mSvO,0 mSv [ped]O,Usually not appropriate
1421,Thoracic,"Sepsis, chest pain, chest radiography normal, next imaging study",3196670,CT chest without and with IV contrast,1-10 mSv☢☢☢,3-10 mSv [ped]☢☢☢☢,Usually not appropriate
1422,Thoracic,"Sepsis, chest pain, chest radiography normal, next imaging study",3196670,FDG-PET/CT skull base to mid-thigh,10-30 mSv☢☢☢☢,3-10 mSv [ped]☢☢☢☢,Usually not appropriate
1423,Thoracic,"Sepsis, chest pain, initial imaging",3196653,Radiography chest,<0.1 mSv☢,<0.03 mSv [ped]☢,Usually appropriate
1424,Thoracic,"Sepsis, chest pain, initial imaging",3196653,CT chest with IV contrast,1-10 mSv☢☢☢,3-10 mSv [ped]☢☢☢☢,May be appropriate
1425,Thoracic,"Sepsis, chest pain, initial imaging",3196653,CT chest without IV contrast,1-10 mSv☢☢☢,3-10 mSv [ped]☢☢☢☢,May be appropriate
1426,Thoracic,"Sepsis, chest pain, initial imaging",3196653,MRI chest without and with IV contrast,0 mSvO,0 mSv [ped]O,Usually not appropriate
1427,Thoracic,"Sepsis, chest pain, initial imaging",3196653,MRI chest without IV contrast,0 mSvO,0 mSv [ped]O,Usually not appropriate
1428,Thoracic,"Sepsis, chest pain, initial imaging",3196653,CT chest without and with IV contrast,1-10 mSv☢☢☢,3-10 mSv [ped]☢☢☢☢,Usually not appropriate
1429,Thoracic,"Sepsis, chest pain, initial imaging",3196653,FDG-PET/CT skull base to mid-thigh,10-30 mSv☢☢☢☢,3-10 mSv [ped]☢☢☢☢,Usually not appropriate
1430,Thoracic,"Sepsis, cough, chest radiography equivocal, next imaging study",3196665,CT chest with IV contrast,1-10 mSv☢☢☢,3-10 mSv [ped]☢☢☢☢,Usually appropriate
1431,Thoracic,"Sepsis, cough, chest radiography equivocal, next imaging study",3196665,CT chest without IV contrast,1-10 mSv☢☢☢,3-10 mSv [ped]☢☢☢☢,Usually appropriate
1432,Thoracic,"Sepsis, cough, chest radiography equivocal, next imaging study",3196665,MRI chest without and with IV contrast,0 mSvO,0 mSv [ped]O,Usually not appropriate
1433,Thoracic,"Sepsis, cough, chest radiography equivocal, next imaging study",3196665,MRI chest without IV contrast,0 mSvO,0 mSv [ped]O,Usually not appropriate
1434,Thoracic,"Sepsis, cough, chest radiography equivocal, next imaging study",3196665,CT chest without and with IV contrast,1-10 mSv☢☢☢,3-10 mSv [ped]☢☢☢☢,Usually not appropriate
1435,Thoracic,"Sepsis, cough, chest radiography equivocal, next imaging study",3196665,FDG-PET/CT skull base to mid-thigh,10-30 mSv☢☢☢☢,3-10 mSv [ped]☢☢☢☢,Usually not appropriate
1436,Thoracic,"Sepsis, cough, chest radiography nonspecific, next imaging study",3196666,CT chest with IV contrast,1-10 mSv☢☢☢,3-10 mSv [ped]☢☢☢☢,Usually appropriate
1437,Thoracic,"Sepsis, cough, chest radiography nonspecific, next imaging study",3196666,CT chest without IV contrast,1-10 mSv☢☢☢,3-10 mSv [ped]☢☢☢☢,Usually appropriate
1438,Thoracic,"Sepsis, cough, chest radiography nonspecific, next imaging study",3196666,MRI chest without and with IV contrast,0 mSvO,0 mSv [ped]O,Usually not appropriate
1439,Thoracic,"Sepsis, cough, chest radiography nonspecific, next imaging study",3196666,MRI chest without IV contrast,0 mSvO,0 mSv [ped]O,Usually not appropriate
1440,Thoracic,"Sepsis, cough, chest radiography nonspecific, next imaging study",3196666,CT chest without and with IV contrast,1-10 mSv☢☢☢,3-10 mSv [ped]☢☢☢☢,Usually not appropriate
1441,Thoracic,"Sepsis, cough, chest radiography nonspecific, next imaging study",3196666,FDG-PET/CT skull base to mid-thigh,10-30 mSv☢☢☢☢,3-10 mSv [ped]☢☢☢☢,Usually not appropriate
1442,Thoracic,"Sepsis, cough, chest radiography normal, next imaging study",3196664,CT chest with IV contrast,1-10 mSv☢☢☢,3-10 mSv [ped]☢☢☢☢,Usually appropriate
1443,Thoracic,"Sepsis, cough, chest radiography normal, next imaging study",3196664,CT chest without IV contrast,1-10 mSv☢☢☢,3-10 mSv [ped]☢☢☢☢,Usually appropriate
1444,Thoracic,"Sepsis, cough, chest radiography normal, next imaging study",3196664,MRI chest without and with IV contrast,0 mSvO,0 mSv [ped]O,Usually not appropriate
1445,Thoracic,"Sepsis, cough, chest radiography normal, next imaging study",3196664,MRI chest without IV contrast,0 mSvO,0 mSv [ped]O,Usually not appropriate
1446,Thoracic,"Sepsis, cough, chest radiography normal, next imaging study",3196664,CT chest without and with IV contrast,1-10 mSv☢☢☢,3-10 mSv [ped]☢☢☢☢,Usually not appropriate
1447,Thoracic,"Sepsis, cough, chest radiography normal, next imaging study",3196664,FDG-PET/CT skull base to mid-thigh,10-30 mSv☢☢☢☢,3-10 mSv [ped]☢☢☢☢,Usually not appropriate
1448,Thoracic,"Sepsis, cough, initial imaging",3196651,Radiography chest,<0.1 mSv☢,<0.03 mSv [ped]☢,Usually appropriate
1449,Thoracic,"Sepsis, cough, initial imaging",3196651,CT chest with IV contrast,1-10 mSv☢☢☢,3-10 mSv [ped]☢☢☢☢,May be appropriate
1450,Thoracic,"Sepsis, cough, initial imaging",3196651,CT chest without IV contrast,1-10 mSv☢☢☢,3-10 mSv [ped]☢☢☢☢,May be appropriate
1451,Thoracic,"Sepsis, cough, initial imaging",3196651,MRI chest without and with IV contrast,0 mSvO,0 mSv [ped]O,Usually not appropriate
1452,Thoracic,"Sepsis, cough, initial imaging",3196651,MRI chest without IV contrast,0 mSvO,0 mSv [ped]O,Usually not appropriate
1453,Thoracic,"Sepsis, cough, initial imaging",3196651,CT chest without and with IV contrast,1-10 mSv☢☢☢,3-10 mSv [ped]☢☢☢☢,Usually not appropriate
1454,Thoracic,"Sepsis, cough, initial imaging",3196651,FDG-PET/CT skull base to mid-thigh,10-30 mSv☢☢☢☢,3-10 mSv [ped]☢☢☢☢,Usually not appropriate
1455,Thoracic,"Sepsis, dyspnea, chest radiography equivocal, next imaging study",3196668,CT chest with IV contrast,1-10 mSv☢☢☢,3-10 mSv [ped]☢☢☢☢,Usually appropriate
1456,Thoracic,"Sepsis, dyspnea, chest radiography equivocal, next imaging study",3196668,CT chest without IV contrast,1-10 mSv☢☢☢,3-10 mSv [ped]☢☢☢☢,Usually appropriate
1457,Thoracic,"Sepsis, dyspnea, chest radiography equivocal, next imaging study",3196668,MRI chest without and with IV contrast,0 mSvO,0 mSv [ped]O,Usually not appropriate
1458,Thoracic,"Sepsis, dyspnea, chest radiography equivocal, next imaging study",3196668,MRI chest without IV contrast,0 mSvO,0 mSv [ped]O,Usually not appropriate
1459,Thoracic,"Sepsis, dyspnea, chest radiography equivocal, next imaging study",3196668,CT chest without and with IV contrast,1-10 mSv☢☢☢,3-10 mSv [ped]☢☢☢☢,Usually not appropriate
1460,Thoracic,"Sepsis, dyspnea, chest radiography equivocal, next imaging study",3196668,FDG-PET/CT skull base to mid-thigh,10-30 mSv☢☢☢☢,3-10 mSv [ped]☢☢☢☢,Usually not appropriate
1461,Thoracic,"Sepsis, dyspnea, chest radiography nonspecific, next imaging study",3196669,CT chest with IV contrast,1-10 mSv☢☢☢,3-10 mSv [ped]☢☢☢☢,Usually appropriate
1462,Thoracic,"Sepsis, dyspnea, chest radiography nonspecific, next imaging study",3196669,CT chest without IV contrast,1-10 mSv☢☢☢,3-10 mSv [ped]☢☢☢☢,Usually appropriate
1463,Thoracic,"Sepsis, dyspnea, chest radiography nonspecific, next imaging study",3196669,MRI chest without and with IV contrast,0 mSvO,0 mSv [ped]O,Usually not appropriate
1464,Thoracic,"Sepsis, dyspnea, chest radiography nonspecific, next imaging study",3196669,MRI chest without IV contrast,0 mSvO,0 mSv [ped]O,Usually not appropriate
1465,Thoracic,"Sepsis, dyspnea, chest radiography nonspecific, next imaging study",3196669,CT chest without and with IV contrast,1-10 mSv☢☢☢,3-10 mSv [ped]☢☢☢☢,Usually not appropriate
1466,Thoracic,"Sepsis, dyspnea, chest radiography nonspecific, next imaging study",3196669,FDG-PET/CT skull base to mid-thigh,10-30 mSv☢☢☢☢,3-10 mSv [ped]☢☢☢☢,Usually not appropriate
1467,Thoracic,"Sepsis, dyspnea, chest radiography normal, next imaging study",3196667,CT chest with IV contrast,1-10 mSv☢☢☢,3-10 mSv [ped]☢☢☢☢,Usually appropriate
1468,Thoracic,"Sepsis, dyspnea, chest radiography normal, next imaging study",3196667,CT chest without IV contrast,1-10 mSv☢☢☢,3-10 mSv [ped]☢☢☢☢,Usually appropriate
1469,Thoracic,"Sepsis, dyspnea, chest radiography normal, next imaging study",3196667,MRI chest without and with IV contrast,0 mSvO,0 mSv [ped]O,Usually not appropriate
1470,Thoracic,"Sepsis, dyspnea, chest radiography normal, next imaging study",3196667,MRI chest without IV contrast,0 mSvO,0 mSv [ped]O,Usually not appropriate
1471,Thoracic,"Sepsis, dyspnea, chest radiography normal, next imaging study",3196667,CT chest without and with IV contrast,1-10 mSv☢☢☢,3-10 mSv [ped]☢☢☢☢,Usually not appropriate
1472,Thoracic,"Sepsis, dyspnea, chest radiography normal, next imaging study",3196667,FDG-PET/CT skull base to mid-thigh,10-30 mSv☢☢☢☢,3-10 mSv [ped]☢☢☢☢,Usually not appropriate
1473,Thoracic,"Sepsis, dyspnea, initial imaging",3196652,Radiography chest,<0.1 mSv☢,<0.03 mSv [ped]☢,Usually appropriate
1474,Thoracic,"Sepsis, dyspnea, initial imaging",3196652,CT chest with IV contrast,1-10 mSv☢☢☢,3-10 mSv [ped]☢☢☢☢,May be appropriate
1475,Thoracic,"Sepsis, dyspnea, initial imaging",3196652,CT chest without IV contrast,1-10 mSv☢☢☢,3-10 mSv [ped]☢☢☢☢,May be appropriate
1476,Thoracic,"Sepsis, dyspnea, initial imaging",3196652,MRI chest without and with IV contrast,0 mSvO,0 mSv [ped]O,Usually not appropriate
1477,Thoracic,"Sepsis, dyspnea, initial imaging",3196652,MRI chest without IV contrast,0 mSvO,0 mSv [ped]O,Usually not appropriate
1478,Thoracic,"Sepsis, dyspnea, initial imaging",3196652,CT chest without and with IV contrast,1-10 mSv☢☢☢,3-10 mSv [ped]☢☢☢☢,Usually not appropriate
1479,Thoracic,"Sepsis, dyspnea, initial imaging",3196652,FDG-PET/CT skull base to mid-thigh,10-30 mSv☢☢☢☢,3-10 mSv [ped]☢☢☢☢,Usually not appropriate
1480,Thoracic,"Sepsis, non specific symptoms, unknown origin, chest radiography equivocal, next imaging study",3196686,CT abdomen and pelvis with IV contrast,1-10 mSv☢☢☢,3-10 mSv [ped]☢☢☢☢,Usually appropriate
1481,Thoracic,"Sepsis, non specific symptoms, unknown origin, chest radiography equivocal, next imaging study",3196686,US abdomen,0 mSvO,0 mSv [ped]O,May be appropriate
1482,Thoracic,"Sepsis, non specific symptoms, unknown origin, chest radiography equivocal, next imaging study",3196686,CT abdomen and pelvis without IV contrast,1-10 mSv☢☢☢,3-10 mSv [ped]☢☢☢☢,May be appropriate (Disagreement)
1483,Thoracic,"Sepsis, non specific symptoms, unknown origin, chest radiography equivocal, next imaging study",3196686,CT chest with IV contrast,1-10 mSv☢☢☢,3-10 mSv [ped]☢☢☢☢,May be appropriate
1484,Thoracic,"Sepsis, non specific symptoms, unknown origin, chest radiography equivocal, next imaging study",3196686,CT chest without IV contrast,1-10 mSv☢☢☢,3-10 mSv [ped]☢☢☢☢,May be appropriate
1485,Thoracic,"Sepsis, non specific symptoms, unknown origin, chest radiography equivocal, next imaging study",3196686,CT chest abdomen pelvis with IV contrast,10-30 mSv☢☢☢☢,3-10 mSv [ped]☢☢☢☢,May be appropriate (Disagreement)
1486,Thoracic,"Sepsis, non specific symptoms, unknown origin, chest radiography equivocal, next imaging study",3196686,CT chest abdomen pelvis without IV contrast,10-30 mSv☢☢☢☢,3-10 mSv [ped]☢☢☢☢,May be appropriate (Disagreement)
1487,Thoracic,"Sepsis, non specific symptoms, unknown origin, chest radiography equivocal, next imaging study",3196686,Radiography abdomen,0.1-1mSv☢☢,0.03-0.3 mSv [ped]☢☢,Usually not appropriate
1488,Thoracic,"Sepsis, non specific symptoms, unknown origin, chest radiography equivocal, next imaging study",3196686,Fluoroscopy contrast enema,1-10 mSv☢☢☢,3-10 mSv [ped]☢☢☢☢,Usually not appropriate
1489,Thoracic,"Sepsis, non specific symptoms, unknown origin, chest radiography equivocal, next imaging study",3196686,Fluoroscopy upper GI series with small bowel follow-through,1-10 mSv☢☢☢,3-10 mSv [ped]☢☢☢☢,Usually not appropriate
1490,Thoracic,"Sepsis, non specific symptoms, unknown origin, chest radiography equivocal, next imaging study",3196686,MRI abdomen and pelvis without and with IV contrast,0 mSvO,0 mSv [ped]O,Usually not appropriate
1491,Thoracic,"Sepsis, non specific symptoms, unknown origin, chest radiography equivocal, next imaging study",3196686,MRI abdomen and pelvis without IV contrast,0 mSvO,0 mSv [ped]O,Usually not appropriate
1492,Thoracic,"Sepsis, non specific symptoms, unknown origin, chest radiography equivocal, next imaging study",3196686,MRI chest without and with IV contrast,0 mSvO,0 mSv [ped]O,Usually not appropriate
1493,Thoracic,"Sepsis, non specific symptoms, unknown origin, chest radiography equivocal, next imaging study",3196686,MRI chest without IV contrast,0 mSvO,0 mSv [ped]O,Usually not appropriate
1494,Thoracic,"Sepsis, non specific symptoms, unknown origin, chest radiography equivocal, next imaging study",3196686,Nuclear medicine scan gallbladder,0.1-1mSv☢☢,,Usually not appropriate
1495,Thoracic,"Sepsis, non specific symptoms, unknown origin, chest radiography equivocal, next imaging study",3196686,CT chest without and with IV contrast,1-10 mSv☢☢☢,3-10 mSv [ped]☢☢☢☢,Usually not appropriate
1496,Thoracic,"Sepsis, non specific symptoms, unknown origin, chest radiography equivocal, next imaging study",3196686,CT abdomen and pelvis without and with IV contrast,10-30 mSv☢☢☢☢,10-30 mSv [ped]☢☢☢☢☢,Usually not appropriate
1497,Thoracic,"Sepsis, non specific symptoms, unknown origin, chest radiography equivocal, next imaging study",3196686,CT chest abdomen pelvis without and with IV contrast,10-30 mSv☢☢☢☢,10-30 mSv [ped]☢☢☢☢☢,Usually not appropriate
1498,Thoracic,"Sepsis, non specific symptoms, unknown origin, chest radiography equivocal, next imaging study",3196686,FDG-PET/CT skull base to mid-thigh,10-30 mSv☢☢☢☢,3-10 mSv [ped]☢☢☢☢,Usually not appropriate
1499,Thoracic,"Sepsis, non specific symptoms, unknown origin, chest radiography equivocal, next imaging study",3196686,WBC scan abdomen and pelvis,10-30 mSv☢☢☢☢,,Usually not appropriate
1500,Thoracic,"Sepsis, non specific symptoms, unknown origin, chest radiography nonspecific, next imaging study",3196687,CT abdomen and pelvis with IV contrast,1-10 mSv☢☢☢,3-10 mSv [ped]☢☢☢☢,Usually appropriate
1501,Thoracic,"Sepsis, non specific symptoms, unknown origin, chest radiography nonspecific, next imaging study",3196687,US abdomen,0 mSvO,0 mSv [ped]O,May be appropriate
1502,Thoracic,"Sepsis, non specific symptoms, unknown origin, chest radiography nonspecific, next imaging study",3196687,CT abdomen and pelvis without IV contrast,1-10 mSv☢☢☢,3-10 mSv [ped]☢☢☢☢,May be appropriate (Disagreement)
1503,Thoracic,"Sepsis, non specific symptoms, unknown origin, chest radiography nonspecific, next imaging study",3196687,CT chest with IV contrast,1-10 mSv☢☢☢,3-10 mSv [ped]☢☢☢☢,May be appropriate
1504,Thoracic,"Sepsis, non specific symptoms, unknown origin, chest radiography nonspecific, next imaging study",3196687,CT chest without IV contrast,1-10 mSv☢☢☢,3-10 mSv [ped]☢☢☢☢,May be appropriate
1505,Thoracic,"Sepsis, non specific symptoms, unknown origin, chest radiography nonspecific, next imaging study",3196687,CT chest abdomen pelvis with IV contrast,10-30 mSv☢☢☢☢,3-10 mSv [ped]☢☢☢☢,May be appropriate (Disagreement)
1506,Thoracic,"Sepsis, non specific symptoms, unknown origin, chest radiography nonspecific, next imaging study",3196687,CT chest abdomen pelvis without IV contrast,10-30 mSv☢☢☢☢,3-10 mSv [ped]☢☢☢☢,May be appropriate (Disagreement)
1507,Thoracic,"Sepsis, non specific symptoms, unknown origin, chest radiography nonspecific, next imaging study",3196687,Radiography abdomen,0.1-1mSv☢☢,0.03-0.3 mSv [ped]☢☢,Usually not appropriate
1508,Thoracic,"Sepsis, non specific symptoms, unknown origin, chest radiography nonspecific, next imaging study",3196687,Fluoroscopy contrast enema,1-10 mSv☢☢☢,3-10 mSv [ped]☢☢☢☢,Usually not appropriate
1509,Thoracic,"Sepsis, non specific symptoms, unknown origin, chest radiography nonspecific, next imaging study",3196687,Fluoroscopy upper GI series with small bowel follow-through,1-10 mSv☢☢☢,3-10 mSv [ped]☢☢☢☢,Usually not appropriate
1510,Thoracic,"Sepsis, non specific symptoms, unknown origin, chest radiography nonspecific, next imaging study",3196687,MRI abdomen and pelvis without and with IV contrast,0 mSvO,0 mSv [ped]O,Usually not appropriate
1511,Thoracic,"Sepsis, non specific symptoms, unknown origin, chest radiography nonspecific, next imaging study",3196687,MRI abdomen and pelvis without IV contrast,0 mSvO,0 mSv [ped]O,Usually not appropriate
1512,Thoracic,"Sepsis, non specific symptoms, unknown origin, chest radiography nonspecific, next imaging study",3196687,MRI chest without and with IV contrast,0 mSvO,0 mSv [ped]O,Usually not appropriate
1513,Thoracic,"Sepsis, non specific symptoms, unknown origin, chest radiography nonspecific, next imaging study",3196687,MRI chest without IV contrast,0 mSvO,0 mSv [ped]O,Usually not appropriate
1514,Thoracic,"Sepsis, non specific symptoms, unknown origin, chest radiography nonspecific, next imaging study",3196687,Nuclear medicine scan gallbladder,0.1-1mSv☢☢,,Usually not appropriate
1515,Thoracic,"Sepsis, non specific symptoms, unknown origin, chest radiography nonspecific, next imaging study",3196687,CT chest without and with IV contrast,1-10 mSv☢☢☢,3-10 mSv [ped]☢☢☢☢,Usually not appropriate
1516,Thoracic,"Sepsis, non specific symptoms, unknown origin, chest radiography nonspecific, next imaging study",3196687,CT abdomen and pelvis without and with IV contrast,10-30 mSv☢☢☢☢,10-30 mSv [ped]☢☢☢☢☢,Usually not appropriate
1517,Thoracic,"Sepsis, non specific symptoms, unknown origin, chest radiography nonspecific, next imaging study",3196687,CT chest abdomen pelvis without and with IV contrast,10-30 mSv☢☢☢☢,10-30 mSv [ped]☢☢☢☢☢,Usually not appropriate
1518,Thoracic,"Sepsis, non specific symptoms, unknown origin, chest radiography nonspecific, next imaging study",3196687,FDG-PET/CT skull base to mid-thigh,10-30 mSv☢☢☢☢,3-10 mSv [ped]☢☢☢☢,Usually not appropriate
1519,Thoracic,"Sepsis, non specific symptoms, unknown origin, chest radiography nonspecific, next imaging study",3196687,WBC scan abdomen and pelvis,10-30 mSv☢☢☢☢,,Usually not appropriate
1520,Thoracic,"Sepsis, non specific symptoms, unknown origin, chest radiography normal, next imaging study",3196685,CT abdomen and pelvis with IV contrast,1-10 mSv☢☢☢,3-10 mSv [ped]☢☢☢☢,Usually appropriate
1521,Thoracic,"Sepsis, non specific symptoms, unknown origin, chest radiography normal, next imaging study",3196685,US abdomen,0 mSvO,0 mSv [ped]O,May be appropriate
1522,Thoracic,"Sepsis, non specific symptoms, unknown origin, chest radiography normal, next imaging study",3196685,CT abdomen and pelvis without IV contrast,1-10 mSv☢☢☢,3-10 mSv [ped]☢☢☢☢,May be appropriate (Disagreement)
1523,Thoracic,"Sepsis, non specific symptoms, unknown origin, chest radiography normal, next imaging study",3196685,CT chest with IV contrast,1-10 mSv☢☢☢,3-10 mSv [ped]☢☢☢☢,May be appropriate
1524,Thoracic,"Sepsis, non specific symptoms, unknown origin, chest radiography normal, next imaging study",3196685,CT chest without IV contrast,1-10 mSv☢☢☢,3-10 mSv [ped]☢☢☢☢,May be appropriate
1525,Thoracic,"Sepsis, non specific symptoms, unknown origin, chest radiography normal, next imaging study",3196685,CT chest abdomen pelvis with IV contrast,10-30 mSv☢☢☢☢,3-10 mSv [ped]☢☢☢☢,May be appropriate (Disagreement)
1526,Thoracic,"Sepsis, non specific symptoms, unknown origin, chest radiography normal, next imaging study",3196685,CT chest abdomen pelvis without IV contrast,10-30 mSv☢☢☢☢,3-10 mSv [ped]☢☢☢☢,May be appropriate (Disagreement)
1527,Thoracic,"Sepsis, non specific symptoms, unknown origin, chest radiography normal, next imaging study",3196685,Radiography abdomen,0.1-1mSv☢☢,0.03-0.3 mSv [ped]☢☢,Usually not appropriate
1528,Thoracic,"Sepsis, non specific symptoms, unknown origin, chest radiography normal, next imaging study",3196685,Fluoroscopy contrast enema,1-10 mSv☢☢☢,3-10 mSv [ped]☢☢☢☢,Usually not appropriate
1529,Thoracic,"Sepsis, non specific symptoms, unknown origin, chest radiography normal, next imaging study",3196685,Fluoroscopy upper GI series with small bowel follow-through,1-10 mSv☢☢☢,3-10 mSv [ped]☢☢☢☢,Usually not appropriate
1530,Thoracic,"Sepsis, non specific symptoms, unknown origin, chest radiography normal, next imaging study",3196685,MRI abdomen and pelvis without and with IV contrast,0 mSvO,0 mSv [ped]O,Usually not appropriate
1531,Thoracic,"Sepsis, non specific symptoms, unknown origin, chest radiography normal, next imaging study",3196685,MRI abdomen and pelvis without IV contrast,0 mSvO,0 mSv [ped]O,Usually not appropriate
1532,Thoracic,"Sepsis, non specific symptoms, unknown origin, chest radiography normal, next imaging study",3196685,MRI chest without and with IV contrast,0 mSvO,0 mSv [ped]O,Usually not appropriate
1533,Thoracic,"Sepsis, non specific symptoms, unknown origin, chest radiography normal, next imaging study",3196685,MRI chest without IV contrast,0 mSvO,0 mSv [ped]O,Usually not appropriate
1534,Thoracic,"Sepsis, non specific symptoms, unknown origin, chest radiography normal, next imaging study",3196685,Nuclear medicine scan gallbladder,0.1-1mSv☢☢,,Usually not appropriate
1535,Thoracic,"Sepsis, non specific symptoms, unknown origin, chest radiography normal, next imaging study",3196685,CT chest without and with IV contrast,1-10 mSv☢☢☢,3-10 mSv [ped]☢☢☢☢,Usually not appropriate
1536,Thoracic,"Sepsis, non specific symptoms, unknown origin, chest radiography normal, next imaging study",3196685,CT abdomen and pelvis without and with IV contrast,10-30 mSv☢☢☢☢,10-30 mSv [ped]☢☢☢☢☢,Usually not appropriate
1537,Thoracic,"Sepsis, non specific symptoms, unknown origin, chest radiography normal, next imaging study",3196685,CT chest abdomen pelvis without and with IV contrast,10-30 mSv☢☢☢☢,10-30 mSv [ped]☢☢☢☢☢,Usually not appropriate
1538,Thoracic,"Sepsis, non specific symptoms, unknown origin, chest radiography normal, next imaging study",3196685,FDG-PET/CT skull base to mid-thigh,10-30 mSv☢☢☢☢,3-10 mSv [ped]☢☢☢☢,Usually not appropriate
1539,Thoracic,"Sepsis, non specific symptoms, unknown origin, chest radiography normal, next imaging study",3196685,WBC scan abdomen and pelvis,10-30 mSv☢☢☢☢,,Usually not appropriate
1540,Thoracic,"Sepsis, non specific symptoms, unknown origin, initial imaging",3196678,Radiography chest,<0.1 mSv☢,<0.03 mSv [ped]☢,Usually appropriate
1541,Thoracic,"Sepsis, non specific symptoms, unknown origin, initial imaging",3196678,US abdomen,0 mSvO,0 mSv [ped]O,May be appropriate
1542,Thoracic,"Sepsis, non specific symptoms, unknown origin, initial imaging",3196678,CT abdomen and pelvis with IV contrast,1-10 mSv☢☢☢,3-10 mSv [ped]☢☢☢☢,May be appropriate
1543,Thoracic,"Sepsis, non specific symptoms, unknown origin, initial imaging",3196678,CT chest with IV contrast,1-10 mSv☢☢☢,3-10 mSv [ped]☢☢☢☢,May be appropriate
1544,Thoracic,"Sepsis, non specific symptoms, unknown origin, initial imaging",3196678,CT chest without IV contrast,1-10 mSv☢☢☢,3-10 mSv [ped]☢☢☢☢,May be appropriate
1545,Thoracic,"Sepsis, non specific symptoms, unknown origin, initial imaging",3196678,CT chest abdomen pelvis with IV contrast,10-30 mSv☢☢☢☢,3-10 mSv [ped]☢☢☢☢,May be appropriate
1546,Thoracic,"Sepsis, non specific symptoms, unknown origin, initial imaging",3196678,CT chest abdomen pelvis without IV contrast,10-30 mSv☢☢☢☢,3-10 mSv [ped]☢☢☢☢,May be appropriate (Disagreement)
1547,Thoracic,"Sepsis, non specific symptoms, unknown origin, initial imaging",3196678,Radiography abdomen,0.1-1mSv☢☢,0.03-0.3 mSv [ped]☢☢,Usually not appropriate
1548,Thoracic,"Sepsis, non specific symptoms, unknown origin, initial imaging",3196678,Fluoroscopy contrast enema,1-10 mSv☢☢☢,3-10 mSv [ped]☢☢☢☢,Usually not appropriate
1549,Thoracic,"Sepsis, non specific symptoms, unknown origin, initial imaging",3196678,Fluoroscopy upper GI series with small bowel follow-through,1-10 mSv☢☢☢,3-10 mSv [ped]☢☢☢☢,Usually not appropriate
1550,Thoracic,"Sepsis, non specific symptoms, unknown origin, initial imaging",3196678,MRI abdomen and pelvis without and with IV contrast,0 mSvO,0 mSv [ped]O,Usually not appropriate
1551,Thoracic,"Sepsis, non specific symptoms, unknown origin, initial imaging",3196678,MRI abdomen and pelvis without IV contrast,0 mSvO,0 mSv [ped]O,Usually not appropriate
1552,Thoracic,"Sepsis, non specific symptoms, unknown origin, initial imaging",3196678,MRI chest without and with IV contrast,0 mSvO,0 mSv [ped]O,Usually not appropriate
1553,Thoracic,"Sepsis, non specific symptoms, unknown origin, initial imaging",3196678,MRI chest without IV contrast,0 mSvO,0 mSv [ped]O,Usually not appropriate
1554,Thoracic,"Sepsis, non specific symptoms, unknown origin, initial imaging",3196678,Nuclear medicine scan gallbladder,0.1-1mSv☢☢,,Usually not appropriate
1555,Thoracic,"Sepsis, non specific symptoms, unknown origin, initial imaging",3196678,CT abdomen and pelvis without IV contrast,1-10 mSv☢☢☢,3-10 mSv [ped]☢☢☢☢,Usually not appropriate
1556,Thoracic,"Sepsis, non specific symptoms, unknown origin, initial imaging",3196678,CT chest without and with IV contrast,1-10 mSv☢☢☢,3-10 mSv [ped]☢☢☢☢,Usually not appropriate
1557,Thoracic,"Sepsis, non specific symptoms, unknown origin, initial imaging",3196678,CT abdomen and pelvis without and with IV contrast,10-30 mSv☢☢☢☢,10-30 mSv [ped]☢☢☢☢☢,Usually not appropriate
1558,Thoracic,"Sepsis, non specific symptoms, unknown origin, initial imaging",3196678,CT chest abdomen pelvis without and with IV contrast,10-30 mSv☢☢☢☢,10-30 mSv [ped]☢☢☢☢☢,Usually not appropriate
1559,Thoracic,"Sepsis, non specific symptoms, unknown origin, initial imaging",3196678,FDG-PET/CT skull base to mid-thigh,10-30 mSv☢☢☢☢,3-10 mSv [ped]☢☢☢☢,Usually not appropriate
1560,Thoracic,"Sepsis, non specific symptoms, unknown origin, initial imaging",3196678,WBC scan abdomen and pelvis,10-30 mSv☢☢☢☢,,Usually not appropriate
1561,Thoracic,"Thoracic outlet syndrome, arterial, imaging after surgery or intervention",3180670,US duplex Doppler subclavian artery and vein,0 mSvO,0 mSv [ped]O,Usually appropriate
1562,Thoracic,"Thoracic outlet syndrome, arterial, imaging after surgery or intervention",3180670,Arteriography upper extremity,<0.1 mSv☢,,Usually appropriate
1563,Thoracic,"Thoracic outlet syndrome, arterial, imaging after surgery or intervention",3180670,Radiography chest,<0.1 mSv☢,<0.03 mSv [ped]☢,Usually appropriate
1564,Thoracic,"Thoracic outlet syndrome, arterial, imaging after surgery or intervention",3180670,MRA chest without and with IV contrast,0 mSvO,0 mSv [ped]O,Usually appropriate
1565,Thoracic,"Thoracic outlet syndrome, arterial, imaging after surgery or intervention",3180670,CTA chest with IV contrast,1-10 mSv☢☢☢,3-10 mSv [ped]☢☢☢☢,Usually appropriate
1566,Thoracic,"Thoracic outlet syndrome, arterial, imaging after surgery or intervention",3180670,MRA chest without IV contrast,0 mSvO,0 mSv [ped]O,May be appropriate
1567,Thoracic,"Thoracic outlet syndrome, arterial, imaging after surgery or intervention",3180670,MRI chest without and with IV contrast,0 mSvO,0 mSv [ped]O,May be appropriate
1568,Thoracic,"Thoracic outlet syndrome, arterial, imaging after surgery or intervention",3180670,MRI chest without IV contrast,0 mSvO,0 mSv [ped]O,May be appropriate
1569,Thoracic,"Thoracic outlet syndrome, arterial, imaging after surgery or intervention",3180670,CT chest with IV contrast,1-10 mSv☢☢☢,3-10 mSv [ped]☢☢☢☢,May be appropriate
1570,Thoracic,"Thoracic outlet syndrome, arterial, imaging after surgery or intervention",3180670,CT chest without IV contrast,1-10 mSv☢☢☢,3-10 mSv [ped]☢☢☢☢,May be appropriate
1571,Thoracic,"Thoracic outlet syndrome, arterial, imaging after surgery or intervention",3180670,Catheter venography upper extremity,1-10 mSv☢☢☢,,Usually not appropriate
1572,Thoracic,"Thoracic outlet syndrome, arterial, imaging after surgery or intervention",3180670,MRV chest without and with IV contrast,0 mSvO,0 mSv [ped]O,Usually not appropriate
1573,Thoracic,"Thoracic outlet syndrome, arterial, imaging after surgery or intervention",3180670,MRV chest without IV contrast,0 mSvO,0 mSv [ped]O,Usually not appropriate
1574,Thoracic,"Thoracic outlet syndrome, arterial, imaging after surgery or intervention",3180670,CT chest without and with IV contrast,1-10 mSv☢☢☢,3-10 mSv [ped]☢☢☢☢,Usually not appropriate
1575,Thoracic,"Thoracic outlet syndrome, arterial, imaging after surgery or intervention",3180670,CTV chest with IV contrast,10-30 mSv☢☢☢☢,,Usually not appropriate
1576,Thoracic,"Thoracic outlet syndrome, arterial, initial imaging",3180669,US duplex Doppler subclavian artery and vein,0 mSvO,0 mSv [ped]O,Usually appropriate
1577,Thoracic,"Thoracic outlet syndrome, arterial, initial imaging",3180669,Arteriography upper extremity,<0.1 mSv☢,,Usually appropriate
1578,Thoracic,"Thoracic outlet syndrome, arterial, initial imaging",3180669,Radiography chest,<0.1 mSv☢,<0.03 mSv [ped]☢,Usually appropriate
1579,Thoracic,"Thoracic outlet syndrome, arterial, initial imaging",3180669,MRA chest without and with IV contrast,0 mSvO,0 mSv [ped]O,Usually appropriate
1580,Thoracic,"Thoracic outlet syndrome, arterial, initial imaging",3180669,CTA chest with IV contrast,1-10 mSv☢☢☢,3-10 mSv [ped]☢☢☢☢,Usually appropriate
1581,Thoracic,"Thoracic outlet syndrome, arterial, initial imaging",3180669,MRA chest without IV contrast,0 mSvO,0 mSv [ped]O,May be appropriate
1582,Thoracic,"Thoracic outlet syndrome, arterial, initial imaging",3180669,MRI chest without and with IV contrast,0 mSvO,0 mSv [ped]O,May be appropriate
1583,Thoracic,"Thoracic outlet syndrome, arterial, initial imaging",3180669,MRI chest without IV contrast,0 mSvO,0 mSv [ped]O,May be appropriate
1584,Thoracic,"Thoracic outlet syndrome, arterial, initial imaging",3180669,CT chest with IV contrast,1-10 mSv☢☢☢,3-10 mSv [ped]☢☢☢☢,May be appropriate
1585,Thoracic,"Thoracic outlet syndrome, arterial, initial imaging",3180669,CT chest without IV contrast,1-10 mSv☢☢☢,3-10 mSv [ped]☢☢☢☢,May be appropriate
1586,Thoracic,"Thoracic outlet syndrome, arterial, initial imaging",3180669,Catheter venography upper extremity,1-10 mSv☢☢☢,,Usually not appropriate
1587,Thoracic,"Thoracic outlet syndrome, arterial, initial imaging",3180669,MRV chest without and with IV contrast,0 mSvO,0 mSv [ped]O,Usually not appropriate
1588,Thoracic,"Thoracic outlet syndrome, arterial, initial imaging",3180669,MRV chest without IV contrast,0 mSvO,0 mSv [ped]O,Usually not appropriate
1589,Thoracic,"Thoracic outlet syndrome, arterial, initial imaging",3180669,CT chest without and with IV contrast,1-10 mSv☢☢☢,3-10 mSv [ped]☢☢☢☢,Usually not appropriate
1590,Thoracic,"Thoracic outlet syndrome, arterial, initial imaging",3180669,CTV chest with IV contrast,10-30 mSv☢☢☢☢,,Usually not appropriate
1591,Thoracic,"Thoracic outlet syndrome, neurogenic, imaging after surgery or intervention",3180666,Radiography chest,<0.1 mSv☢,<0.03 mSv [ped]☢,Usually appropriate
1592,Thoracic,"Thoracic outlet syndrome, neurogenic, imaging after surgery or intervention",3180666,MRI chest without and with IV contrast,0 mSvO,0 mSv [ped]O,Usually appropriate
1593,Thoracic,"Thoracic outlet syndrome, neurogenic, imaging after surgery or intervention",3180666,MRI chest without IV contrast,0 mSvO,0 mSv [ped]O,Usually appropriate
1594,Thoracic,"Thoracic outlet syndrome, neurogenic, imaging after surgery or intervention",3180666,US duplex Doppler subclavian artery and vein,0 mSvO,0 mSv [ped]O,May be appropriate
1595,Thoracic,"Thoracic outlet syndrome, neurogenic, imaging after surgery or intervention",3180666,CT chest with IV contrast,1-10 mSv☢☢☢,3-10 mSv [ped]☢☢☢☢,May be appropriate
1596,Thoracic,"Thoracic outlet syndrome, neurogenic, imaging after surgery or intervention",3180666,CTA chest with IV contrast,1-10 mSv☢☢☢,3-10 mSv [ped]☢☢☢☢,May be appropriate
1597,Thoracic,"Thoracic outlet syndrome, neurogenic, imaging after surgery or intervention",3180666,Arteriography upper extremity,<0.1 mSv☢,,Usually not appropriate
1598,Thoracic,"Thoracic outlet syndrome, neurogenic, imaging after surgery or intervention",3180666,Catheter venography upper extremity,1-10 mSv☢☢☢,,Usually not appropriate
1599,Thoracic,"Thoracic outlet syndrome, neurogenic, imaging after surgery or intervention",3180666,MRA chest without and with IV contrast,0 mSvO,0 mSv [ped]O,Usually not appropriate
1600,Thoracic,"Thoracic outlet syndrome, neurogenic, imaging after surgery or intervention",3180666,MRA chest without IV contrast,0 mSvO,0 mSv [ped]O,Usually not appropriate
1601,Thoracic,"Thoracic outlet syndrome, neurogenic, imaging after surgery or intervention",3180666,MRV chest without and with IV contrast,0 mSvO,0 mSv [ped]O,Usually not appropriate
1602,Thoracic,"Thoracic outlet syndrome, neurogenic, imaging after surgery or intervention",3180666,MRV chest without IV contrast,0 mSvO,0 mSv [ped]O,Usually not appropriate
1603,Thoracic,"Thoracic outlet syndrome, neurogenic, imaging after surgery or intervention",3180666,CT chest without and with IV contrast,1-10 mSv☢☢☢,3-10 mSv [ped]☢☢☢☢,Usually not appropriate
1604,Thoracic,"Thoracic outlet syndrome, neurogenic, imaging after surgery or intervention",3180666,CT chest without IV contrast,1-10 mSv☢☢☢,3-10 mSv [ped]☢☢☢☢,Usually not appropriate
1605,Thoracic,"Thoracic outlet syndrome, neurogenic, imaging after surgery or intervention",3180666,CTV chest with IV contrast,10-30 mSv☢☢☢☢,,Usually not appropriate
1606,Thoracic,"Thoracic outlet syndrome, neurogenic, initial imaging",3180665,Radiography chest,<0.1 mSv☢,<0.03 mSv [ped]☢,Usually appropriate
1607,Thoracic,"Thoracic outlet syndrome, neurogenic, initial imaging",3180665,MRI chest without and with IV contrast,0 mSvO,0 mSv [ped]O,Usually appropriate
1608,Thoracic,"Thoracic outlet syndrome, neurogenic, initial imaging",3180665,MRI chest without IV contrast,0 mSvO,0 mSv [ped]O,Usually appropriate
1609,Thoracic,"Thoracic outlet syndrome, neurogenic, initial imaging",3180665,US duplex Doppler subclavian artery and vein,0 mSvO,0 mSv [ped]O,May be appropriate
1610,Thoracic,"Thoracic outlet syndrome, neurogenic, initial imaging",3180665,CT chest with IV contrast,1-10 mSv☢☢☢,3-10 mSv [ped]☢☢☢☢,May be appropriate
1611,Thoracic,"Thoracic outlet syndrome, neurogenic, initial imaging",3180665,CTA chest with IV contrast,1-10 mSv☢☢☢,3-10 mSv [ped]☢☢☢☢,May be appropriate
1612,Thoracic,"Thoracic outlet syndrome, neurogenic, initial imaging",3180665,Arteriography upper extremity,<0.1 mSv☢,,Usually not appropriate
1613,Thoracic,"Thoracic outlet syndrome, neurogenic, initial imaging",3180665,Catheter venography upper extremity,1-10 mSv☢☢☢,,Usually not appropriate
1614,Thoracic,"Thoracic outlet syndrome, neurogenic, initial imaging",3180665,MRA chest without and with IV contrast,0 mSvO,0 mSv [ped]O,Usually not appropriate
1615,Thoracic,"Thoracic outlet syndrome, neurogenic, initial imaging",3180665,MRA chest without IV contrast,0 mSvO,0 mSv [ped]O,Usually not appropriate
1616,Thoracic,"Thoracic outlet syndrome, neurogenic, initial imaging",3180665,MRV chest without and with IV contrast,0 mSvO,0 mSv [ped]O,Usually not appropriate
1617,Thoracic,"Thoracic outlet syndrome, neurogenic, initial imaging",3180665,MRV chest without IV contrast,0 mSvO,0 mSv [ped]O,Usually not appropriate
1618,Thoracic,"Thoracic outlet syndrome, neurogenic, initial imaging",3180665,CT chest without and with IV contrast,1-10 mSv☢☢☢,3-10 mSv [ped]☢☢☢☢,Usually not appropriate
1619,Thoracic,"Thoracic outlet syndrome, neurogenic, initial imaging",3180665,CT chest without IV contrast,1-10 mSv☢☢☢,3-10 mSv [ped]☢☢☢☢,Usually not appropriate
1620,Thoracic,"Thoracic outlet syndrome, neurogenic, initial imaging",3180665,CTV chest with IV contrast,10-30 mSv☢☢☢☢,,Usually not appropriate
1621,Thoracic,"Thoracic outlet syndrome, venous, imaging after surgery or intervention",3180668,US duplex Doppler subclavian artery and vein,0 mSvO,0 mSv [ped]O,Usually appropriate
1622,Thoracic,"Thoracic outlet syndrome, venous, imaging after surgery or intervention",3180668,Radiography chest,<0.1 mSv☢,<0.03 mSv [ped]☢,Usually appropriate
1623,Thoracic,"Thoracic outlet syndrome, venous, imaging after surgery or intervention",3180668,Catheter venography upper extremity,1-10 mSv☢☢☢,,Usually appropriate
1624,Thoracic,"Thoracic outlet syndrome, venous, imaging after surgery or intervention",3180668,CT chest with IV contrast,1-10 mSv☢☢☢,3-10 mSv [ped]☢☢☢☢,Usually appropriate
1625,Thoracic,"Thoracic outlet syndrome, venous, imaging after surgery or intervention",3180668,MRA chest without and with IV contrast,0 mSvO,0 mSv [ped]O,May be appropriate
1626,Thoracic,"Thoracic outlet syndrome, venous, imaging after surgery or intervention",3180668,MRA chest without IV contrast,0 mSvO,0 mSv [ped]O,May be appropriate (Disagreement)
1627,Thoracic,"Thoracic outlet syndrome, venous, imaging after surgery or intervention",3180668,MRI chest without and with IV contrast,0 mSvO,0 mSv [ped]O,May be appropriate
1628,Thoracic,"Thoracic outlet syndrome, venous, imaging after surgery or intervention",3180668,MRI chest without IV contrast,0 mSvO,0 mSv [ped]O,May be appropriate
1629,Thoracic,"Thoracic outlet syndrome, venous, imaging after surgery or intervention",3180668,MRV chest without and with IV contrast,0 mSvO,0 mSv [ped]O,May be appropriate
1630,Thoracic,"Thoracic outlet syndrome, venous, imaging after surgery or intervention",3180668,MRV chest without IV contrast,0 mSvO,0 mSv [ped]O,May be appropriate
1631,Thoracic,"Thoracic outlet syndrome, venous, imaging after surgery or intervention",3180668,CT chest without IV contrast,1-10 mSv☢☢☢,3-10 mSv [ped]☢☢☢☢,May be appropriate
1632,Thoracic,"Thoracic outlet syndrome, venous, imaging after surgery or intervention",3180668,CTV chest with IV contrast,10-30 mSv☢☢☢☢,,May be appropriate
1633,Thoracic,"Thoracic outlet syndrome, venous, imaging after surgery or intervention",3180668,Arteriography upper extremity,<0.1 mSv☢,,Usually not appropriate
1634,Thoracic,"Thoracic outlet syndrome, venous, imaging after surgery or intervention",3180668,CT chest without and with IV contrast,1-10 mSv☢☢☢,3-10 mSv [ped]☢☢☢☢,Usually not appropriate
1635,Thoracic,"Thoracic outlet syndrome, venous, imaging after surgery or intervention",3180668,CTA chest with IV contrast,1-10 mSv☢☢☢,3-10 mSv [ped]☢☢☢☢,Usually not appropriate
1636,Thoracic,"Thoracic outlet syndrome, venous, initial imaging",3180667,US duplex Doppler subclavian artery and vein,0 mSvO,0 mSv [ped]O,Usually appropriate
1637,Thoracic,"Thoracic outlet syndrome, venous, initial imaging",3180667,Radiography chest,<0.1 mSv☢,<0.03 mSv [ped]☢,Usually appropriate
1638,Thoracic,"Thoracic outlet syndrome, venous, initial imaging",3180667,Catheter venography upper extremity,1-10 mSv☢☢☢,,Usually appropriate
1639,Thoracic,"Thoracic outlet syndrome, venous, initial imaging",3180667,CT chest with IV contrast,1-10 mSv☢☢☢,3-10 mSv [ped]☢☢☢☢,Usually appropriate
1640,Thoracic,"Thoracic outlet syndrome, venous, initial imaging",3180667,MRA chest without and with IV contrast,0 mSvO,0 mSv [ped]O,May be appropriate
1641,Thoracic,"Thoracic outlet syndrome, venous, initial imaging",3180667,MRA chest without IV contrast,0 mSvO,0 mSv [ped]O,May be appropriate (Disagreement)
1642,Thoracic,"Thoracic outlet syndrome, venous, initial imaging",3180667,MRI chest without and with IV contrast,0 mSvO,0 mSv [ped]O,May be appropriate
1643,Thoracic,"Thoracic outlet syndrome, venous, initial imaging",3180667,MRI chest without IV contrast,0 mSvO,0 mSv [ped]O,May be appropriate
1644,Thoracic,"Thoracic outlet syndrome, venous, initial imaging",3180667,MRV chest without and with IV contrast,0 mSvO,0 mSv [ped]O,May be appropriate
1645,Thoracic,"Thoracic outlet syndrome, venous, initial imaging",3180667,MRV chest without IV contrast,0 mSvO,0 mSv [ped]O,May be appropriate
1646,Thoracic,"Thoracic outlet syndrome, venous, initial imaging",3180667,CT chest without IV contrast,1-10 mSv☢☢☢,3-10 mSv [ped]☢☢☢☢,May be appropriate
1647,Thoracic,"Thoracic outlet syndrome, venous, initial imaging",3180667,CTV chest with IV contrast,10-30 mSv☢☢☢☢,,May be appropriate
1648,Thoracic,"Thoracic outlet syndrome, venous, initial imaging",3180667,Arteriography upper extremity,<0.1 mSv☢,,Usually not appropriate
1649,Thoracic,"Thoracic outlet syndrome, venous, initial imaging",3180667,CT chest without and with IV contrast,1-10 mSv☢☢☢,3-10 mSv [ped]☢☢☢☢,Usually not appropriate
1650,Thoracic,"Thoracic outlet syndrome, venous, initial imaging",3180667,CTA chest with IV contrast,1-10 mSv☢☢☢,3-10 mSv [ped]☢☢☢☢,Usually not appropriate
1651,Thoracic,"Tracheal stenosis suspected, initial imaging",3197459,Radiography chest,<0.1 mSv☢,<0.03 mSv [ped]☢,Usually appropriate
1652,Thoracic,"Tracheal stenosis suspected, initial imaging",3197459,CT chest with IV contrast,1-10 mSv☢☢☢,3-10 mSv [ped]☢☢☢☢,Usually appropriate
1653,Thoracic,"Tracheal stenosis suspected, initial imaging",3197459,CT chest without IV contrast,1-10 mSv☢☢☢,3-10 mSv [ped]☢☢☢☢,Usually appropriate
1654,Thoracic,"Tracheal stenosis suspected, initial imaging",3197459,CTA chest with IV contrast,1-10 mSv☢☢☢,3-10 mSv [ped]☢☢☢☢,May be appropriate
1655,Thoracic,"Tracheal stenosis suspected, initial imaging",3197459,CT neck and chest with IV contrast,10-30 mSv☢☢☢☢,3-10 mSv [ped]☢☢☢☢,May be appropriate
1656,Thoracic,"Tracheal stenosis suspected, initial imaging",3197459,CT neck and chest without IV contrast,10-30 mSv☢☢☢☢,3-10 mSv [ped]☢☢☢☢,May be appropriate
1657,Thoracic,"Tracheal stenosis suspected, initial imaging",3197459,Radiography neck,0.1-1mSv☢☢,,Usually not appropriate
1658,Thoracic,"Tracheal stenosis suspected, initial imaging",3197459,MRI chest without and with IV contrast,0 mSvO,0 mSv [ped]O,Usually not appropriate
1659,Thoracic,"Tracheal stenosis suspected, initial imaging",3197459,MRI chest without IV contrast,0 mSvO,0 mSv [ped]O,Usually not appropriate
1660,Thoracic,"Tracheal stenosis suspected, initial imaging",3197459,CT chest without and with IV contrast,1-10 mSv☢☢☢,3-10 mSv [ped]☢☢☢☢,Usually not appropriate
1661,Thoracic,"Tracheal stenosis suspected, initial imaging",3197459,CT neck with IV contrast,1-10 mSv☢☢☢,0.3-3 mSv [ped]☢☢☢,Usually not appropriate
1662,Thoracic,"Tracheal stenosis suspected, initial imaging",3197459,CT neck without and with IV contrast,1-10 mSv☢☢☢,3-10 mSv [ped]☢☢☢☢,Usually not appropriate
1663,Thoracic,"Tracheal stenosis suspected, initial imaging",3197459,CT neck without IV contrast,1-10 mSv☢☢☢,0.3-3 mSv [ped]☢☢☢,Usually not appropriate
1664,Thoracic,"Tracheal stenosis suspected, initial imaging",3197459,CT neck and chest without and with IV contrast,10-30 mSv☢☢☢☢,3-10 mSv [ped]☢☢☢☢,Usually not appropriate
1665,Thoracic,"Tracheal stenosis suspected, initial imaging",3197459,FDG-PET/CT skull base to mid-thigh,10-30 mSv☢☢☢☢,3-10 mSv [ped]☢☢☢☢,Usually not appropriate
1666,Thoracic,"Tracheal stenosis, posttreatment assessment",3197465,Radiography chest,<0.1 mSv☢,<0.03 mSv [ped]☢,Usually appropriate
1667,Thoracic,"Tracheal stenosis, posttreatment assessment",3197465,CT chest with IV contrast,1-10 mSv☢☢☢,3-10 mSv [ped]☢☢☢☢,Usually appropriate
1668,Thoracic,"Tracheal stenosis, posttreatment assessment",3197465,CT chest without IV contrast,1-10 mSv☢☢☢,3-10 mSv [ped]☢☢☢☢,Usually appropriate
1669,Thoracic,"Tracheal stenosis, posttreatment assessment",3197465,CT neck without IV contrast,1-10 mSv☢☢☢,0.3-3 mSv [ped]☢☢☢,May be appropriate (Disagreement)
1670,Thoracic,"Tracheal stenosis, posttreatment assessment",3197465,CTA chest with IV contrast,1-10 mSv☢☢☢,3-10 mSv [ped]☢☢☢☢,May be appropriate
1671,Thoracic,"Tracheal stenosis, posttreatment assessment",3197465,CT neck and chest with IV contrast,10-30 mSv☢☢☢☢,3-10 mSv [ped]☢☢☢☢,May be appropriate
1672,Thoracic,"Tracheal stenosis, posttreatment assessment",3197465,CT neck and chest without IV contrast,10-30 mSv☢☢☢☢,3-10 mSv [ped]☢☢☢☢,May be appropriate
1673,Thoracic,"Tracheal stenosis, posttreatment assessment",3197465,FDG-PET/CT skull base to mid-thigh,10-30 mSv☢☢☢☢,3-10 mSv [ped]☢☢☢☢,May be appropriate
1674,Thoracic,"Tracheal stenosis, posttreatment assessment",3197465,Radiography neck,0.1-1mSv☢☢,,Usually not appropriate
1675,Thoracic,"Tracheal stenosis, posttreatment assessment",3197465,MRI chest without and with IV contrast,0 mSvO,0 mSv [ped]O,Usually not appropriate
1676,Thoracic,"Tracheal stenosis, posttreatment assessment",3197465,MRI chest without IV contrast,0 mSvO,0 mSv [ped]O,Usually not appropriate
1677,Thoracic,"Tracheal stenosis, posttreatment assessment",3197465,CT chest without and with IV contrast,1-10 mSv☢☢☢,3-10 mSv [ped]☢☢☢☢,Usually not appropriate
1678,Thoracic,"Tracheal stenosis, posttreatment assessment",3197465,CT neck with IV contrast,1-10 mSv☢☢☢,0.3-3 mSv [ped]☢☢☢,Usually not appropriate
1679,Thoracic,"Tracheal stenosis, posttreatment assessment",3197465,CT neck without and with IV contrast,1-10 mSv☢☢☢,3-10 mSv [ped]☢☢☢☢,Usually not appropriate
1680,Thoracic,"Tracheal stenosis, posttreatment assessment",3197465,CT neck and chest without and with IV contrast,10-30 mSv☢☢☢☢,3-10 mSv [ped]☢☢☢☢,Usually not appropriate
1681,Thoracic,"Tracheal stenosis, pretreatment assessment",3197464,Radiography chest,<0.1 mSv☢,<0.03 mSv [ped]☢,Usually appropriate
1682,Thoracic,"Tracheal stenosis, pretreatment assessment",3197464,CT chest with IV contrast,1-10 mSv☢☢☢,3-10 mSv [ped]☢☢☢☢,Usually appropriate
1683,Thoracic,"Tracheal stenosis, pretreatment assessment",3197464,CT chest without IV contrast,1-10 mSv☢☢☢,3-10 mSv [ped]☢☢☢☢,Usually appropriate
1684,Thoracic,"Tracheal stenosis, pretreatment assessment",3197464,CT neck without IV contrast,1-10 mSv☢☢☢,0.3-3 mSv [ped]☢☢☢,May be appropriate (Disagreement)
1685,Thoracic,"Tracheal stenosis, pretreatment assessment",3197464,CTA chest with IV contrast,1-10 mSv☢☢☢,3-10 mSv [ped]☢☢☢☢,May be appropriate
1686,Thoracic,"Tracheal stenosis, pretreatment assessment",3197464,CT neck and chest with IV contrast,10-30 mSv☢☢☢☢,3-10 mSv [ped]☢☢☢☢,May be appropriate
1687,Thoracic,"Tracheal stenosis, pretreatment assessment",3197464,CT neck and chest without IV contrast,10-30 mSv☢☢☢☢,3-10 mSv [ped]☢☢☢☢,May be appropriate
1688,Thoracic,"Tracheal stenosis, pretreatment assessment",3197464,FDG-PET/CT skull base to mid-thigh,10-30 mSv☢☢☢☢,3-10 mSv [ped]☢☢☢☢,May be appropriate
1689,Thoracic,"Tracheal stenosis, pretreatment assessment",3197464,Radiography neck,0.1-1mSv☢☢,,Usually not appropriate
1690,Thoracic,"Tracheal stenosis, pretreatment assessment",3197464,MRI chest without and with IV contrast,0 mSvO,0 mSv [ped]O,Usually not appropriate
1691,Thoracic,"Tracheal stenosis, pretreatment assessment",3197464,MRI chest without IV contrast,0 mSvO,0 mSv [ped]O,Usually not appropriate
1692,Thoracic,"Tracheal stenosis, pretreatment assessment",3197464,CT chest without and with IV contrast,1-10 mSv☢☢☢,3-10 mSv [ped]☢☢☢☢,Usually not appropriate
1693,Thoracic,"Tracheal stenosis, pretreatment assessment",3197464,CT neck with IV contrast,1-10 mSv☢☢☢,0.3-3 mSv [ped]☢☢☢,Usually not appropriate
1694,Thoracic,"Tracheal stenosis, pretreatment assessment",3197464,CT neck without and with IV contrast,1-10 mSv☢☢☢,3-10 mSv [ped]☢☢☢☢,Usually not appropriate
1695,Thoracic,"Tracheal stenosis, pretreatment assessment",3197464,CT neck and chest without and with IV contrast,10-30 mSv☢☢☢☢,3-10 mSv [ped]☢☢☢☢,Usually not appropriate
1696,Thoracic,"Tracheomalacia suspected, initial imaging",3197467,CT chest without IV contrast,1-10 mSv☢☢☢,3-10 mSv [ped]☢☢☢☢,Usually appropriate
1697,Thoracic,"Tracheomalacia suspected, initial imaging",3197467,Radiography chest,<0.1 mSv☢,<0.03 mSv [ped]☢,May be appropriate (Disagreement)
1698,Thoracic,"Tracheomalacia suspected, initial imaging",3197467,CT neck and chest without IV contrast,10-30 mSv☢☢☢☢,3-10 mSv [ped]☢☢☢☢,May be appropriate (Disagreement)
1699,Thoracic,"Tracheomalacia suspected, initial imaging",3197467,Radiography neck,0.1-1mSv☢☢,,Usually not appropriate
1700,Thoracic,"Tracheomalacia suspected, initial imaging",3197467,MRI chest without and with IV contrast,0 mSvO,0 mSv [ped]O,Usually not appropriate
1701,Thoracic,"Tracheomalacia suspected, initial imaging",3197467,MRI chest without IV contrast,0 mSvO,0 mSv [ped]O,Usually not appropriate
1702,Thoracic,"Tracheomalacia suspected, initial imaging",3197467,CT chest with IV contrast,1-10 mSv☢☢☢,3-10 mSv [ped]☢☢☢☢,Usually not appropriate
1703,Thoracic,"Tracheomalacia suspected, initial imaging",3197467,CT chest without and with IV contrast,1-10 mSv☢☢☢,3-10 mSv [ped]☢☢☢☢,Usually not appropriate
1704,Thoracic,"Tracheomalacia suspected, initial imaging",3197467,CT neck with IV contrast,1-10 mSv☢☢☢,0.3-3 mSv [ped]☢☢☢,Usually not appropriate
1705,Thoracic,"Tracheomalacia suspected, initial imaging",3197467,CT neck without and with IV contrast,1-10 mSv☢☢☢,3-10 mSv [ped]☢☢☢☢,Usually not appropriate
1706,Thoracic,"Tracheomalacia suspected, initial imaging",3197467,CT neck without IV contrast,1-10 mSv☢☢☢,0.3-3 mSv [ped]☢☢☢,Usually not appropriate
1707,Thoracic,"Tracheomalacia suspected, initial imaging",3197467,CTA chest with IV contrast,1-10 mSv☢☢☢,3-10 mSv [ped]☢☢☢☢,Usually not appropriate
1708,Thoracic,"Tracheomalacia suspected, initial imaging",3197467,CT neck and chest with IV contrast,10-30 mSv☢☢☢☢,3-10 mSv [ped]☢☢☢☢,Usually not appropriate
1709,Thoracic,"Tracheomalacia suspected, initial imaging",3197467,CT neck and chest without and with IV contrast,10-30 mSv☢☢☢☢,3-10 mSv [ped]☢☢☢☢,Usually not appropriate
1710,Thoracic,"Tracheomalacia suspected, initial imaging",3197467,FDG-PET/CT skull base to mid-thigh,10-30 mSv☢☢☢☢,3-10 mSv [ped]☢☢☢☢,Usually not appropriate
1711,Thoracic,"Tracheomalacia, posttreatment assessment",3197473,CT chest without IV contrast,1-10 mSv☢☢☢,3-10 mSv [ped]☢☢☢☢,Usually appropriate
1712,Thoracic,"Tracheomalacia, posttreatment assessment",3197473,CT chest with IV contrast,1-10 mSv☢☢☢,3-10 mSv [ped]☢☢☢☢,May be appropriate
1713,Thoracic,"Tracheomalacia, posttreatment assessment",3197473,CTA chest with IV contrast,1-10 mSv☢☢☢,3-10 mSv [ped]☢☢☢☢,May be appropriate
1714,Thoracic,"Tracheomalacia, posttreatment assessment",3197473,CT neck and chest with IV contrast,10-30 mSv☢☢☢☢,3-10 mSv [ped]☢☢☢☢,May be appropriate
1715,Thoracic,"Tracheomalacia, posttreatment assessment",3197473,CT neck and chest without IV contrast,10-30 mSv☢☢☢☢,3-10 mSv [ped]☢☢☢☢,May be appropriate
1716,Thoracic,"Tracheomalacia, posttreatment assessment",3197473,Radiography chest,<0.1 mSv☢,<0.03 mSv [ped]☢,Usually not appropriate
1717,Thoracic,"Tracheomalacia, posttreatment assessment",3197473,Radiography neck,0.1-1mSv☢☢,,Usually not appropriate
1718,Thoracic,"Tracheomalacia, posttreatment assessment",3197473,MRI chest without and with IV contrast,0 mSvO,0 mSv [ped]O,Usually not appropriate
1719,Thoracic,"Tracheomalacia, posttreatment assessment",3197473,MRI chest without IV contrast,0 mSvO,0 mSv [ped]O,Usually not appropriate
1720,Thoracic,"Tracheomalacia, posttreatment assessment",3197473,CT chest without and with IV contrast,1-10 mSv☢☢☢,3-10 mSv [ped]☢☢☢☢,Usually not appropriate
1721,Thoracic,"Tracheomalacia, posttreatment assessment",3197473,CT neck with IV contrast,1-10 mSv☢☢☢,0.3-3 mSv [ped]☢☢☢,Usually not appropriate
1722,Thoracic,"Tracheomalacia, posttreatment assessment",3197473,CT neck without and with IV contrast,1-10 mSv☢☢☢,3-10 mSv [ped]☢☢☢☢,Usually not appropriate
1723,Thoracic,"Tracheomalacia, posttreatment assessment",3197473,CT neck without IV contrast,1-10 mSv☢☢☢,0.3-3 mSv [ped]☢☢☢,Usually not appropriate
1724,Thoracic,"Tracheomalacia, posttreatment assessment",3197473,CT neck and chest without and with IV contrast,10-30 mSv☢☢☢☢,3-10 mSv [ped]☢☢☢☢,Usually not appropriate
1725,Thoracic,"Tracheomalacia, posttreatment assessment",3197473,FDG-PET/CT skull base to mid-thigh,10-30 mSv☢☢☢☢,3-10 mSv [ped]☢☢☢☢,Usually not appropriate
1726,Thoracic,"Tracheomalacia, pretreatment assessment",3197472,CT chest without IV contrast,1-10 mSv☢☢☢,3-10 mSv [ped]☢☢☢☢,Usually appropriate
1727,Thoracic,"Tracheomalacia, pretreatment assessment",3197472,CT chest with IV contrast,1-10 mSv☢☢☢,3-10 mSv [ped]☢☢☢☢,May be appropriate
1728,Thoracic,"Tracheomalacia, pretreatment assessment",3197472,CTA chest with IV contrast,1-10 mSv☢☢☢,3-10 mSv [ped]☢☢☢☢,May be appropriate
1729,Thoracic,"Tracheomalacia, pretreatment assessment",3197472,CT neck and chest with IV contrast,10-30 mSv☢☢☢☢,3-10 mSv [ped]☢☢☢☢,May be appropriate
1730,Thoracic,"Tracheomalacia, pretreatment assessment",3197472,CT neck and chest without IV contrast,10-30 mSv☢☢☢☢,3-10 mSv [ped]☢☢☢☢,May be appropriate
1731,Thoracic,"Tracheomalacia, pretreatment assessment",3197472,Radiography chest,<0.1 mSv☢,<0.03 mSv [ped]☢,Usually not appropriate
1732,Thoracic,"Tracheomalacia, pretreatment assessment",3197472,Radiography neck,0.1-1mSv☢☢,,Usually not appropriate
1733,Thoracic,"Tracheomalacia, pretreatment assessment",3197472,MRI chest without and with IV contrast,0 mSvO,0 mSv [ped]O,Usually not appropriate
1734,Thoracic,"Tracheomalacia, pretreatment assessment",3197472,MRI chest without IV contrast,0 mSvO,0 mSv [ped]O,Usually not appropriate
1735,Thoracic,"Tracheomalacia, pretreatment assessment",3197472,CT chest without and with IV contrast,1-10 mSv☢☢☢,3-10 mSv [ped]☢☢☢☢,Usually not appropriate
1736,Thoracic,"Tracheomalacia, pretreatment assessment",3197472,CT neck with IV contrast,1-10 mSv☢☢☢,0.3-3 mSv [ped]☢☢☢,Usually not appropriate
1737,Thoracic,"Tracheomalacia, pretreatment assessment",3197472,CT neck without and with IV contrast,1-10 mSv☢☢☢,3-10 mSv [ped]☢☢☢☢,Usually not appropriate
1738,Thoracic,"Tracheomalacia, pretreatment assessment",3197472,CT neck without IV contrast,1-10 mSv☢☢☢,0.3-3 mSv [ped]☢☢☢,Usually not appropriate
1739,Thoracic,"Tracheomalacia, pretreatment assessment",3197472,CT neck and chest without and with IV contrast,10-30 mSv☢☢☢☢,3-10 mSv [ped]☢☢☢☢,Usually not appropriate
1740,Thoracic,"Tracheomalacia, pretreatment assessment",3197472,FDG-PET/CT skull base to mid-thigh,10-30 mSv☢☢☢☢,3-10 mSv [ped]☢☢☢☢,Usually not appropriate
1741,Thoracic,"Tuberculosis screening, no PPD, facility placement, asymptomatic",3102189,Radiography chest,<0.1 mSv☢,<0.03 mSv [ped]☢,Usually appropriate
1742,Thoracic,"Tuberculosis screening, no PPD, facility placement, asymptomatic",3102189,MRI chest without and with IV contrast,0 mSvO,0 mSv [ped]O,Usually not appropriate
1743,Thoracic,"Tuberculosis screening, no PPD, facility placement, asymptomatic",3102189,MRI chest without IV contrast,0 mSvO,0 mSv [ped]O,Usually not appropriate
1744,Thoracic,"Tuberculosis screening, no PPD, facility placement, asymptomatic",3102189,CT chest with IV contrast,1-10 mSv☢☢☢,3-10 mSv [ped]☢☢☢☢,Usually not appropriate
1745,Thoracic,"Tuberculosis screening, no PPD, facility placement, asymptomatic",3102189,CT chest without and with IV contrast,1-10 mSv☢☢☢,3-10 mSv [ped]☢☢☢☢,Usually not appropriate
1746,Thoracic,"Tuberculosis screening, no PPD, facility placement, asymptomatic",3102189,CT chest without IV contrast,1-10 mSv☢☢☢,3-10 mSv [ped]☢☢☢☢,Usually not appropriate
1747,Thoracic,"Tuberculosis screening, pos PPD or IGRA, asymptomatic",3102188,Radiography chest,<0.1 mSv☢,<0.03 mSv [ped]☢,Usually appropriate
1748,Thoracic,"Tuberculosis screening, pos PPD or IGRA, asymptomatic",3102188,CT chest with IV contrast,1-10 mSv☢☢☢,3-10 mSv [ped]☢☢☢☢,May be appropriate
1749,Thoracic,"Tuberculosis screening, pos PPD or IGRA, asymptomatic",3102188,MRI chest without and with IV contrast,0 mSvO,0 mSv [ped]O,Usually not appropriate
1750,Thoracic,"Tuberculosis screening, pos PPD or IGRA, asymptomatic",3102188,MRI chest without IV contrast,0 mSvO,0 mSv [ped]O,Usually not appropriate
1751,Thoracic,"Tuberculosis screening, pos PPD or IGRA, asymptomatic",3102188,CT chest without and with IV contrast,1-10 mSv☢☢☢,3-10 mSv [ped]☢☢☢☢,Usually not appropriate
1752,Thoracic,"Tuberculosis screening, pos PPD or IGRA, asymptomatic",3102188,CT chest without IV contrast,1-10 mSv☢☢☢,3-10 mSv [ped]☢☢☢☢,Usually not appropriate
1753,Thoracic,"Tuberculosis, active suspected",3102187,Radiography chest,<0.1 mSv☢,<0.03 mSv [ped]☢,Usually appropriate
1754,Thoracic,"Tuberculosis, active suspected",3102187,CT chest without IV contrast,1-10 mSv☢☢☢,3-10 mSv [ped]☢☢☢☢,Usually appropriate
1755,Thoracic,"Tuberculosis, active suspected",3102187,CT chest with IV contrast,1-10 mSv☢☢☢,3-10 mSv [ped]☢☢☢☢,May be appropriate
1756,Thoracic,"Tuberculosis, active suspected",3102187,MRI chest without and with IV contrast,0 mSvO,0 mSv [ped]O,Usually not appropriate
1757,Thoracic,"Tuberculosis, active suspected",3102187,MRI chest without IV contrast,0 mSvO,0 mSv [ped]O,Usually not appropriate
1758,Thoracic,"Tuberculosis, active suspected",3102187,CT chest without and with IV contrast,1-10 mSv☢☢☢,3-10 mSv [ped]☢☢☢☢,Usually not appropriate
