,panel,scenario-text,scenario-id,procedure,adult-rrl,peds-rrl,appropriateness
0,Urologic,"UTI, lower urinary tract, recurrent, risk factors",3191907,MRU without and with IV contrast,0 mSvO,0 mSv [ped]O,Usually appropriate
1,Urologic,"UTI, lower urinary tract, recurrent, risk factors",3191907,CTU without and with IV contrast,10-30 mSv☢☢☢☢,10-30 mSv [ped]☢☢☢☢☢,Usually appropriate
2,Urologic,"UTI, lower urinary tract, recurrent, risk factors",3191907,US kidneys and bladder retroperitoneal,0 mSvO,0 mSv [ped]O,May be appropriate
3,Urologic,"UTI, lower urinary tract, recurrent, risk factors",3191907,Fluoroscopy voiding cystourethrography,0.1-1mSv☢☢,0.03-0.3 mSv [ped]☢☢,May be appropriate
4,Urologic,"UTI, lower urinary tract, recurrent, risk factors",3191907,Fluoroscopy cystography,1-10 mSv☢☢☢,,May be appropriate
5,Urologic,"UTI, lower urinary tract, recurrent, risk factors",3191907,MRI abdomen and pelvis without and with IV contrast,0 mSvO,0 mSv [ped]O,May be appropriate
6,Urologic,"UTI, lower urinary tract, recurrent, risk factors",3191907,MRI abdomen and pelvis without IV contrast,0 mSvO,0 mSv [ped]O,May be appropriate
7,Urologic,"UTI, lower urinary tract, recurrent, risk factors",3191907,CT abdomen and pelvis with IV contrast,1-10 mSv☢☢☢,3-10 mSv [ped]☢☢☢☢,May be appropriate
8,Urologic,"UTI, lower urinary tract, recurrent, risk factors",3191907,CT abdomen and pelvis without IV contrast,1-10 mSv☢☢☢,3-10 mSv [ped]☢☢☢☢,May be appropriate
9,Urologic,"UTI, lower urinary tract, recurrent, risk factors",3191907,CT abdomen and pelvis without and with IV contrast,10-30 mSv☢☢☢☢,10-30 mSv [ped]☢☢☢☢☢,May be appropriate
10,Urologic,"UTI, lower urinary tract, recurrent, risk factors",3191907,CT pelvis with bladder contrast (CT cystography),10-30 mSv☢☢☢☢,3-10 mSv [ped]☢☢☢☢,May be appropriate
11,Urologic,"UTI, lower urinary tract, recurrent, risk factors",3191907,Fluoroscopy urethrography double balloon,0.1-1mSv☢☢,,Usually not appropriate
12,Urologic,"UTI, lower urinary tract, recurrent, risk factors",3191907,Radiography abdomen,0.1-1mSv☢☢,0.03-0.3 mSv [ped]☢☢,Usually not appropriate
13,Urologic,"UTI, lower urinary tract, recurrent, risk factors",3191907,Fluoroscopy contrast enema,1-10 mSv☢☢☢,3-10 mSv [ped]☢☢☢☢,Usually not appropriate
14,Urologic,"UTI, lower urinary tract, recurrent, risk factors",3191907,Radiography intravenous urography,1-10 mSv☢☢☢,0.3-3 mSv [ped]☢☢☢,Usually not appropriate
15,Urologic,"Adrenal mass, <4cm on imaging, no benign features, hx of malignancy, adrenal specific follow up imaging",3194270,MRI abdomen without and with IV contrast,0 mSvO,0 mSv [ped]O,Usually appropriate
16,Urologic,"Adrenal mass, <4cm on imaging, no benign features, hx of malignancy, adrenal specific follow up imaging",3194270,CT abdomen without and with IV contrast,10-30 mSv☢☢☢☢,10-30 mSv [ped]☢☢☢☢☢,Usually appropriate
17,Urologic,"Adrenal mass, <4cm on imaging, no benign features, hx of malignancy, adrenal specific follow up imaging",3194270,FDG-PET/CT skull base to mid-thigh,10-30 mSv☢☢☢☢,3-10 mSv [ped]☢☢☢☢,Usually appropriate
18,Urologic,"Adrenal mass, <4cm on imaging, no benign features, hx of malignancy, adrenal specific follow up imaging",3194270,Image-guided biopsy adrenal gland,Varies,Varies,May be appropriate
19,Urologic,"Adrenal mass, <4cm on imaging, no benign features, hx of malignancy, adrenal specific follow up imaging",3194270,MRI abdomen without IV contrast,0 mSvO,0 mSv [ped]O,May be appropriate
20,Urologic,"Adrenal mass, <4cm on imaging, no benign features, hx of malignancy, adrenal specific follow up imaging",3194270,CT abdomen without IV contrast,1-10 mSv☢☢☢,3-10 mSv [ped]☢☢☢☢,May be appropriate
21,Urologic,"Adrenal mass, <4cm on imaging, no benign features, hx of malignancy, adrenal specific follow up imaging",3194270,CT abdomen with IV contrast,1-10 mSv☢☢☢,3-10 mSv [ped]☢☢☢☢,Usually not appropriate
22,Urologic,"Adrenal mass, >=4cm on imaging, no benign features, hx of malignancy, adrenal specific follow-up imaging",3194272,Image-guided biopsy adrenal gland,Varies,Varies,Usually appropriate
23,Urologic,"Adrenal mass, >=4cm on imaging, no benign features, hx of malignancy, adrenal specific follow-up imaging",3194272,FDG-PET/CT skull base to mid-thigh,10-30 mSv☢☢☢☢,3-10 mSv [ped]☢☢☢☢,Usually appropriate
24,Urologic,"Adrenal mass, >=4cm on imaging, no benign features, hx of malignancy, adrenal specific follow-up imaging",3194272,MRI abdomen without and with IV contrast,0 mSvO,0 mSv [ped]O,Usually not appropriate
25,Urologic,"Adrenal mass, >=4cm on imaging, no benign features, hx of malignancy, adrenal specific follow-up imaging",3194272,MRI abdomen without IV contrast,0 mSvO,0 mSv [ped]O,Usually not appropriate
26,Urologic,"Adrenal mass, >=4cm on imaging, no benign features, hx of malignancy, adrenal specific follow-up imaging",3194272,CT abdomen with IV contrast,1-10 mSv☢☢☢,3-10 mSv [ped]☢☢☢☢,Usually not appropriate
27,Urologic,"Adrenal mass, >=4cm on imaging, no benign features, hx of malignancy, adrenal specific follow-up imaging",3194272,CT abdomen without IV contrast,1-10 mSv☢☢☢,3-10 mSv [ped]☢☢☢☢,Usually not appropriate
28,Urologic,"Adrenal mass, >=4cm on imaging, no benign features, hx of malignancy, adrenal specific follow-up imaging",3194272,CT abdomen without and with IV contrast,10-30 mSv☢☢☢☢,10-30 mSv [ped]☢☢☢☢☢,Usually not appropriate
29,Urologic,"Adrenal mass, indeterminate, <1cm on imaging, no benign features, no hx of malignancy, follow up imaging",3194262,Image-guided biopsy adrenal gland,Varies,Varies,Usually not appropriate
30,Urologic,"Adrenal mass, indeterminate, <1cm on imaging, no benign features, no hx of malignancy, follow up imaging",3194262,MRI abdomen without and with IV contrast,0 mSvO,0 mSv [ped]O,Usually not appropriate
31,Urologic,"Adrenal mass, indeterminate, <1cm on imaging, no benign features, no hx of malignancy, follow up imaging",3194262,MRI abdomen without IV contrast,0 mSvO,0 mSv [ped]O,Usually not appropriate
32,Urologic,"Adrenal mass, indeterminate, <1cm on imaging, no benign features, no hx of malignancy, follow up imaging",3194262,CT abdomen with IV contrast,1-10 mSv☢☢☢,3-10 mSv [ped]☢☢☢☢,Usually not appropriate
33,Urologic,"Adrenal mass, indeterminate, <1cm on imaging, no benign features, no hx of malignancy, follow up imaging",3194262,CT abdomen without IV contrast,1-10 mSv☢☢☢,3-10 mSv [ped]☢☢☢☢,Usually not appropriate
34,Urologic,"Adrenal mass, indeterminate, <1cm on imaging, no benign features, no hx of malignancy, follow up imaging",3194262,CT abdomen without and with IV contrast,10-30 mSv☢☢☢☢,10-30 mSv [ped]☢☢☢☢☢,Usually not appropriate
35,Urologic,"Adrenal mass, indeterminate, <1cm on imaging, no benign features, no hx of malignancy, follow up imaging",3194262,FDG-PET/CT skull base to mid-thigh,10-30 mSv☢☢☢☢,3-10 mSv [ped]☢☢☢☢,Usually not appropriate
36,Urologic,"Adrenal mass, indeterminate, >=4cm on imaging, no benign features, no hx of malignancy, adrenal specific follow up imaging",3194268,Image-guided biopsy adrenal gland,Varies,Varies,Usually not appropriate
37,Urologic,"Adrenal mass, indeterminate, >=4cm on imaging, no benign features, no hx of malignancy, adrenal specific follow up imaging",3194268,MRI abdomen without and with IV contrast,0 mSvO,0 mSv [ped]O,Usually not appropriate
38,Urologic,"Adrenal mass, indeterminate, >=4cm on imaging, no benign features, no hx of malignancy, adrenal specific follow up imaging",3194268,MRI abdomen without IV contrast,0 mSvO,0 mSv [ped]O,Usually not appropriate
39,Urologic,"Adrenal mass, indeterminate, >=4cm on imaging, no benign features, no hx of malignancy, adrenal specific follow up imaging",3194268,CT abdomen with IV contrast,1-10 mSv☢☢☢,3-10 mSv [ped]☢☢☢☢,Usually not appropriate
40,Urologic,"Adrenal mass, indeterminate, >=4cm on imaging, no benign features, no hx of malignancy, adrenal specific follow up imaging",3194268,CT abdomen without IV contrast,1-10 mSv☢☢☢,3-10 mSv [ped]☢☢☢☢,Usually not appropriate
41,Urologic,"Adrenal mass, indeterminate, >=4cm on imaging, no benign features, no hx of malignancy, adrenal specific follow up imaging",3194268,CT abdomen without and with IV contrast,10-30 mSv☢☢☢☢,10-30 mSv [ped]☢☢☢☢☢,Usually not appropriate
42,Urologic,"Adrenal mass, indeterminate, >=4cm on imaging, no benign features, no hx of malignancy, adrenal specific follow up imaging",3194268,FDG-PET/CT skull base to mid-thigh,10-30 mSv☢☢☢☢,3-10 mSv [ped]☢☢☢☢,Usually not appropriate
43,Urologic,"Adrenal mass, indeterminate, >2cm and <4cm on imaging, no benign features, no hx of malignancy, adrenal specific follow up imaging",3194266,MRI abdomen without and with IV contrast,0 mSvO,0 mSv [ped]O,Usually appropriate
44,Urologic,"Adrenal mass, indeterminate, >2cm and <4cm on imaging, no benign features, no hx of malignancy, adrenal specific follow up imaging",3194266,MRI abdomen without IV contrast,0 mSvO,0 mSv [ped]O,Usually appropriate
45,Urologic,"Adrenal mass, indeterminate, >2cm and <4cm on imaging, no benign features, no hx of malignancy, adrenal specific follow up imaging",3194266,CT abdomen without and with IV contrast,10-30 mSv☢☢☢☢,10-30 mSv [ped]☢☢☢☢☢,Usually appropriate
46,Urologic,"Adrenal mass, indeterminate, >2cm and <4cm on imaging, no benign features, no hx of malignancy, adrenal specific follow up imaging",3194266,CT abdomen without IV contrast,1-10 mSv☢☢☢,3-10 mSv [ped]☢☢☢☢,May be appropriate
47,Urologic,"Adrenal mass, indeterminate, >2cm and <4cm on imaging, no benign features, no hx of malignancy, adrenal specific follow up imaging",3194266,Image-guided biopsy adrenal gland,Varies,Varies,Usually not appropriate
48,Urologic,"Adrenal mass, indeterminate, >2cm and <4cm on imaging, no benign features, no hx of malignancy, adrenal specific follow up imaging",3194266,CT abdomen with IV contrast,1-10 mSv☢☢☢,3-10 mSv [ped]☢☢☢☢,Usually not appropriate
49,Urologic,"Adrenal mass, indeterminate, >2cm and <4cm on imaging, no benign features, no hx of malignancy, adrenal specific follow up imaging",3194266,FDG-PET/CT skull base to mid-thigh,10-30 mSv☢☢☢☢,3-10 mSv [ped]☢☢☢☢,Usually not appropriate
50,Urologic,"Adrenal mass, indeterminate, 1-2cm on imaging, no benign features, no hx of malignancy, follow up imaging in 12 mos",3194264,MRI abdomen without IV contrast,0 mSvO,0 mSv [ped]O,Usually appropriate
51,Urologic,"Adrenal mass, indeterminate, 1-2cm on imaging, no benign features, no hx of malignancy, follow up imaging in 12 mos",3194264,CT abdomen without IV contrast,1-10 mSv☢☢☢,3-10 mSv [ped]☢☢☢☢,Usually appropriate
52,Urologic,"Adrenal mass, indeterminate, 1-2cm on imaging, no benign features, no hx of malignancy, follow up imaging in 12 mos",3194264,CT abdomen without and with IV contrast,10-30 mSv☢☢☢☢,10-30 mSv [ped]☢☢☢☢☢,Usually appropriate
53,Urologic,"Adrenal mass, indeterminate, 1-2cm on imaging, no benign features, no hx of malignancy, follow up imaging in 12 mos",3194264,MRI abdomen without and with IV contrast,0 mSvO,0 mSv [ped]O,May be appropriate
54,Urologic,"Adrenal mass, indeterminate, 1-2cm on imaging, no benign features, no hx of malignancy, follow up imaging in 12 mos",3194264,Image-guided biopsy adrenal gland,Varies,Varies,Usually not appropriate
55,Urologic,"Adrenal mass, indeterminate, 1-2cm on imaging, no benign features, no hx of malignancy, follow up imaging in 12 mos",3194264,CT abdomen with IV contrast,1-10 mSv☢☢☢,3-10 mSv [ped]☢☢☢☢,Usually not appropriate
56,Urologic,"Adrenal mass, indeterminate, 1-2cm on imaging, no benign features, no hx of malignancy, follow up imaging in 12 mos",3194264,FDG-PET/CT skull base to mid-thigh,10-30 mSv☢☢☢☢,3-10 mSv [ped]☢☢☢☢,Usually not appropriate
57,Urologic,Benign prostatic hyperplasia (BPH) suspected,3073701,US kidneys retroperitoneal,0 mSvO,0 mSv [ped]O,May be appropriate
58,Urologic,Benign prostatic hyperplasia (BPH) suspected,3073701,US pelvis (bladder and prostate) transabdominal,0 mSvO,0 mSv [ped]O,May be appropriate
59,Urologic,Benign prostatic hyperplasia (BPH) suspected,3073701,TRUS prostate,0 mSvO,0 mSv [ped]O,Usually not appropriate
60,Urologic,Benign prostatic hyperplasia (BPH) suspected,3073701,Fluoroscopy voiding cystourethrography,0.1-1mSv☢☢,0.03-0.3 mSv [ped]☢☢,Usually not appropriate
61,Urologic,Benign prostatic hyperplasia (BPH) suspected,3073701,Radiography abdomen,0.1-1mSv☢☢,0.03-0.3 mSv [ped]☢☢,Usually not appropriate
62,Urologic,Benign prostatic hyperplasia (BPH) suspected,3073701,Fluoroscopy retrograde urethrography,1-10 mSv☢☢☢,0.3-3 mSv [ped]☢☢☢,Usually not appropriate
63,Urologic,Benign prostatic hyperplasia (BPH) suspected,3073701,Radiography intravenous urography,1-10 mSv☢☢☢,0.3-3 mSv [ped]☢☢☢,Usually not appropriate
64,Urologic,Benign prostatic hyperplasia (BPH) suspected,3073701,MRI pelvis without and with IV contrast,0 mSvO,0 mSv [ped]O,Usually not appropriate
65,Urologic,Benign prostatic hyperplasia (BPH) suspected,3073701,MRI pelvis without IV contrast,0 mSvO,0 mSv [ped]O,Usually not appropriate
66,Urologic,Benign prostatic hyperplasia (BPH) suspected,3073701,CT abdomen and pelvis with IV contrast,1-10 mSv☢☢☢,3-10 mSv [ped]☢☢☢☢,Usually not appropriate
67,Urologic,Benign prostatic hyperplasia (BPH) suspected,3073701,CT abdomen and pelvis without IV contrast,1-10 mSv☢☢☢,3-10 mSv [ped]☢☢☢☢,Usually not appropriate
68,Urologic,Benign prostatic hyperplasia (BPH) suspected,3073701,CT abdomen and pelvis without and with IV contrast,10-30 mSv☢☢☢☢,10-30 mSv [ped]☢☢☢☢☢,Usually not appropriate
69,Urologic,"Bladder cancer, muscle invasive, pretreatment staging",3197597,Radiography chest,<0.1 mSv☢,<0.03 mSv [ped]☢,Usually appropriate
70,Urologic,"Bladder cancer, muscle invasive, pretreatment staging",3197597,MRI abdomen and pelvis without and with IV contrast,0 mSvO,0 mSv [ped]O,Usually appropriate
71,Urologic,"Bladder cancer, muscle invasive, pretreatment staging",3197597,MRI pelvis without and with IV contrast,0 mSvO,0 mSv [ped]O,Usually appropriate
72,Urologic,"Bladder cancer, muscle invasive, pretreatment staging",3197597,MRU without and with IV contrast,0 mSvO,0 mSv [ped]O,Usually appropriate
73,Urologic,"Bladder cancer, muscle invasive, pretreatment staging",3197597,MRU without IV contrast,0 mSvO,0 mSv [ped]O,Usually appropriate
74,Urologic,"Bladder cancer, muscle invasive, pretreatment staging",3197597,CT abdomen and pelvis with IV contrast,1-10 mSv☢☢☢,3-10 mSv [ped]☢☢☢☢,Usually appropriate
75,Urologic,"Bladder cancer, muscle invasive, pretreatment staging",3197597,CT chest with IV contrast,1-10 mSv☢☢☢,3-10 mSv [ped]☢☢☢☢,Usually appropriate
76,Urologic,"Bladder cancer, muscle invasive, pretreatment staging",3197597,CTU without and with IV contrast,10-30 mSv☢☢☢☢,10-30 mSv [ped]☢☢☢☢☢,Usually appropriate
77,Urologic,"Bladder cancer, muscle invasive, pretreatment staging",3197597,FDG-PET/CT skull base to mid-thigh,10-30 mSv☢☢☢☢,3-10 mSv [ped]☢☢☢☢,Usually appropriate
78,Urologic,"Bladder cancer, muscle invasive, pretreatment staging",3197597,US pelvis (bladder),0 mSvO,0 mSv [ped]O,May be appropriate
79,Urologic,"Bladder cancer, muscle invasive, pretreatment staging",3197597,MRI abdomen and pelvis without IV contrast,0 mSvO,0 mSv [ped]O,May be appropriate
80,Urologic,"Bladder cancer, muscle invasive, pretreatment staging",3197597,MRI pelvis without IV contrast,0 mSvO,0 mSv [ped]O,May be appropriate
81,Urologic,"Bladder cancer, muscle invasive, pretreatment staging",3197597,Bone scan whole body,1-10 mSv☢☢☢,3-10 mSv [ped]☢☢☢☢,May be appropriate
82,Urologic,"Bladder cancer, muscle invasive, pretreatment staging",3197597,CT chest without IV contrast,1-10 mSv☢☢☢,3-10 mSv [ped]☢☢☢☢,May be appropriate
83,Urologic,"Bladder cancer, muscle invasive, pretreatment staging",3197597,FDG-PET/MRI skull base to mid-thigh,1-10 mSv☢☢☢,,May be appropriate
84,Urologic,"Bladder cancer, muscle invasive, pretreatment staging",3197597,CT abdomen and pelvis without and with IV contrast,10-30 mSv☢☢☢☢,10-30 mSv [ped]☢☢☢☢☢,May be appropriate (Disagreement)
85,Urologic,"Bladder cancer, muscle invasive, pretreatment staging",3197597,US kidneys and bladder retroperitoneal,0 mSvO,0 mSv [ped]O,Usually not appropriate
86,Urologic,"Bladder cancer, muscle invasive, pretreatment staging",3197597,Radiography intravenous urography,1-10 mSv☢☢☢,0.3-3 mSv [ped]☢☢☢,Usually not appropriate
87,Urologic,"Bladder cancer, muscle invasive, pretreatment staging",3197597,MRI abdomen without and with IV contrast,0 mSvO,0 mSv [ped]O,Usually not appropriate
88,Urologic,"Bladder cancer, muscle invasive, pretreatment staging",3197597,MRI abdomen without IV contrast,0 mSvO,0 mSv [ped]O,Usually not appropriate
89,Urologic,"Bladder cancer, muscle invasive, pretreatment staging",3197597,MRI head without and with IV contrast,0 mSvO,0 mSv [ped]O,Usually not appropriate
90,Urologic,"Bladder cancer, muscle invasive, pretreatment staging",3197597,MRI head without IV contrast,0 mSvO,0 mSv [ped]O,Usually not appropriate
91,Urologic,"Bladder cancer, muscle invasive, pretreatment staging",3197597,CT abdomen and pelvis without IV contrast,1-10 mSv☢☢☢,3-10 mSv [ped]☢☢☢☢,Usually not appropriate
92,Urologic,"Bladder cancer, muscle invasive, pretreatment staging",3197597,CT abdomen with IV contrast,1-10 mSv☢☢☢,3-10 mSv [ped]☢☢☢☢,Usually not appropriate
93,Urologic,"Bladder cancer, muscle invasive, pretreatment staging",3197597,CT abdomen without IV contrast,1-10 mSv☢☢☢,3-10 mSv [ped]☢☢☢☢,Usually not appropriate
94,Urologic,"Bladder cancer, muscle invasive, pretreatment staging",3197597,CT chest without and with IV contrast,1-10 mSv☢☢☢,3-10 mSv [ped]☢☢☢☢,Usually not appropriate
95,Urologic,"Bladder cancer, muscle invasive, pretreatment staging",3197597,CT pelvis with IV contrast,1-10 mSv☢☢☢,3-10 mSv [ped]☢☢☢☢,Usually not appropriate
96,Urologic,"Bladder cancer, muscle invasive, pretreatment staging",3197597,CT pelvis without IV contrast,1-10 mSv☢☢☢,3-10 mSv [ped]☢☢☢☢,Usually not appropriate
97,Urologic,"Bladder cancer, muscle invasive, pretreatment staging",3197597,CT abdomen without and with IV contrast,10-30 mSv☢☢☢☢,10-30 mSv [ped]☢☢☢☢☢,Usually not appropriate
98,Urologic,"Bladder cancer, muscle invasive, pretreatment staging",3197597,CT pelvis without and with IV contrast,10-30 mSv☢☢☢☢,3-10 mSv [ped]☢☢☢☢,Usually not appropriate
99,Urologic,"Bladder cancer, muscle invasive, treated, surveillance",3073692,Radiography chest,<0.1 mSv☢,<0.03 mSv [ped]☢,Usually appropriate
100,Urologic,"Bladder cancer, muscle invasive, treated, surveillance",3073692,Fluoroscopy abdomen loopogram,1-10 mSv☢☢☢,,Usually appropriate
101,Urologic,"Bladder cancer, muscle invasive, treated, surveillance",3073692,MRI abdomen and pelvis without and with IV contrast,0 mSvO,0 mSv [ped]O,Usually appropriate
102,Urologic,"Bladder cancer, muscle invasive, treated, surveillance",3073692,MRU without and with IV contrast,0 mSvO,0 mSv [ped]O,Usually appropriate
103,Urologic,"Bladder cancer, muscle invasive, treated, surveillance",3073692,CT abdomen and pelvis with IV contrast,1-10 mSv☢☢☢,3-10 mSv [ped]☢☢☢☢,Usually appropriate
104,Urologic,"Bladder cancer, muscle invasive, treated, surveillance",3073692,CTU without and with IV contrast,10-30 mSv☢☢☢☢,10-30 mSv [ped]☢☢☢☢☢,Usually appropriate
105,Urologic,"Bladder cancer, muscle invasive, treated, surveillance",3073692,MRI abdomen and pelvis without IV contrast,0 mSvO,0 mSv [ped]O,May be appropriate (Disagreement)
106,Urologic,"Bladder cancer, muscle invasive, treated, surveillance",3073692,CT chest with IV contrast,1-10 mSv☢☢☢,3-10 mSv [ped]☢☢☢☢,May be appropriate
107,Urologic,"Bladder cancer, muscle invasive, treated, surveillance",3073692,CT chest without IV contrast,1-10 mSv☢☢☢,3-10 mSv [ped]☢☢☢☢,May be appropriate
108,Urologic,"Bladder cancer, muscle invasive, treated, surveillance",3073692,CT abdomen and pelvis without and with IV contrast,10-30 mSv☢☢☢☢,10-30 mSv [ped]☢☢☢☢☢,May be appropriate (Disagreement)
109,Urologic,"Bladder cancer, muscle invasive, treated, surveillance",3073692,FDG-PET/CT skull base to mid-thigh,10-30 mSv☢☢☢☢,3-10 mSv [ped]☢☢☢☢,May be appropriate
110,Urologic,"Bladder cancer, muscle invasive, treated, surveillance",3073692,US pelvis (bladder),0 mSvO,0 mSv [ped]O,Usually not appropriate
111,Urologic,"Bladder cancer, muscle invasive, treated, surveillance",3073692,Radiography intravenous urography,1-10 mSv☢☢☢,0.3-3 mSv [ped]☢☢☢,Usually not appropriate
112,Urologic,"Bladder cancer, muscle invasive, treated, surveillance",3073692,CT abdomen and pelvis without IV contrast,1-10 mSv☢☢☢,3-10 mSv [ped]☢☢☢☢,Usually not appropriate
113,Urologic,"Bladder cancer, muscle invasive, treated, surveillance",3073692,CT chest without and with IV contrast,1-10 mSv☢☢☢,3-10 mSv [ped]☢☢☢☢,Usually not appropriate
114,Urologic,"Bladder cancer, nonmuscle invasive, pretreatment staging",3197596,MRI pelvis without and with IV contrast,0 mSvO,0 mSv [ped]O,Usually appropriate
115,Urologic,"Bladder cancer, nonmuscle invasive, pretreatment staging",3197596,MRU without and with IV contrast,0 mSvO,0 mSv [ped]O,Usually appropriate
116,Urologic,"Bladder cancer, nonmuscle invasive, pretreatment staging",3197596,CT abdomen and pelvis with IV contrast,1-10 mSv☢☢☢,3-10 mSv [ped]☢☢☢☢,Usually appropriate
117,Urologic,"Bladder cancer, nonmuscle invasive, pretreatment staging",3197596,CTU without and with IV contrast,10-30 mSv☢☢☢☢,10-30 mSv [ped]☢☢☢☢☢,Usually appropriate
118,Urologic,"Bladder cancer, nonmuscle invasive, pretreatment staging",3197596,US pelvis (bladder),0 mSvO,0 mSv [ped]O,May be appropriate
119,Urologic,"Bladder cancer, nonmuscle invasive, pretreatment staging",3197596,MRI abdomen and pelvis without and with IV contrast,0 mSvO,0 mSv [ped]O,May be appropriate
120,Urologic,"Bladder cancer, nonmuscle invasive, pretreatment staging",3197596,MRI abdomen and pelvis without IV contrast,0 mSvO,0 mSv [ped]O,May be appropriate
121,Urologic,"Bladder cancer, nonmuscle invasive, pretreatment staging",3197596,MRI pelvis without IV contrast,0 mSvO,0 mSv [ped]O,May be appropriate
122,Urologic,"Bladder cancer, nonmuscle invasive, pretreatment staging",3197596,MRU without IV contrast,0 mSvO,0 mSv [ped]O,May be appropriate
123,Urologic,"Bladder cancer, nonmuscle invasive, pretreatment staging",3197596,CT chest with IV contrast,1-10 mSv☢☢☢,3-10 mSv [ped]☢☢☢☢,May be appropriate
124,Urologic,"Bladder cancer, nonmuscle invasive, pretreatment staging",3197596,CT abdomen and pelvis without and with IV contrast,10-30 mSv☢☢☢☢,10-30 mSv [ped]☢☢☢☢☢,May be appropriate
125,Urologic,"Bladder cancer, nonmuscle invasive, pretreatment staging",3197596,US kidneys and bladder retroperitoneal,0 mSvO,0 mSv [ped]O,Usually not appropriate
126,Urologic,"Bladder cancer, nonmuscle invasive, pretreatment staging",3197596,Radiography chest,<0.1 mSv☢,<0.03 mSv [ped]☢,Usually not appropriate
127,Urologic,"Bladder cancer, nonmuscle invasive, pretreatment staging",3197596,Radiography intravenous urography,1-10 mSv☢☢☢,0.3-3 mSv [ped]☢☢☢,Usually not appropriate
128,Urologic,"Bladder cancer, nonmuscle invasive, pretreatment staging",3197596,MRI abdomen without and with IV contrast,0 mSvO,0 mSv [ped]O,Usually not appropriate
129,Urologic,"Bladder cancer, nonmuscle invasive, pretreatment staging",3197596,MRI abdomen without IV contrast,0 mSvO,0 mSv [ped]O,Usually not appropriate
130,Urologic,"Bladder cancer, nonmuscle invasive, pretreatment staging",3197596,MRI head without and with IV contrast,0 mSvO,0 mSv [ped]O,Usually not appropriate
131,Urologic,"Bladder cancer, nonmuscle invasive, pretreatment staging",3197596,MRI head without IV contrast,0 mSvO,0 mSv [ped]O,Usually not appropriate
132,Urologic,"Bladder cancer, nonmuscle invasive, pretreatment staging",3197596,Bone scan whole body,1-10 mSv☢☢☢,3-10 mSv [ped]☢☢☢☢,Usually not appropriate
133,Urologic,"Bladder cancer, nonmuscle invasive, pretreatment staging",3197596,CT abdomen and pelvis without IV contrast,1-10 mSv☢☢☢,3-10 mSv [ped]☢☢☢☢,Usually not appropriate
134,Urologic,"Bladder cancer, nonmuscle invasive, pretreatment staging",3197596,CT abdomen with IV contrast,1-10 mSv☢☢☢,3-10 mSv [ped]☢☢☢☢,Usually not appropriate
135,Urologic,"Bladder cancer, nonmuscle invasive, pretreatment staging",3197596,CT abdomen without IV contrast,1-10 mSv☢☢☢,3-10 mSv [ped]☢☢☢☢,Usually not appropriate
136,Urologic,"Bladder cancer, nonmuscle invasive, pretreatment staging",3197596,CT chest without and with IV contrast,1-10 mSv☢☢☢,3-10 mSv [ped]☢☢☢☢,Usually not appropriate
137,Urologic,"Bladder cancer, nonmuscle invasive, pretreatment staging",3197596,CT chest without IV contrast,1-10 mSv☢☢☢,3-10 mSv [ped]☢☢☢☢,Usually not appropriate
138,Urologic,"Bladder cancer, nonmuscle invasive, pretreatment staging",3197596,CT pelvis with IV contrast,1-10 mSv☢☢☢,3-10 mSv [ped]☢☢☢☢,Usually not appropriate
139,Urologic,"Bladder cancer, nonmuscle invasive, pretreatment staging",3197596,CT pelvis without IV contrast,1-10 mSv☢☢☢,3-10 mSv [ped]☢☢☢☢,Usually not appropriate
140,Urologic,"Bladder cancer, nonmuscle invasive, pretreatment staging",3197596,FDG-PET/MRI skull base to mid-thigh,1-10 mSv☢☢☢,,Usually not appropriate
141,Urologic,"Bladder cancer, nonmuscle invasive, pretreatment staging",3197596,CT abdomen without and with IV contrast,10-30 mSv☢☢☢☢,10-30 mSv [ped]☢☢☢☢☢,Usually not appropriate
142,Urologic,"Bladder cancer, nonmuscle invasive, pretreatment staging",3197596,CT pelvis without and with IV contrast,10-30 mSv☢☢☢☢,3-10 mSv [ped]☢☢☢☢,Usually not appropriate
143,Urologic,"Bladder cancer, nonmuscle invasive, pretreatment staging",3197596,FDG-PET/CT skull base to mid-thigh,10-30 mSv☢☢☢☢,3-10 mSv [ped]☢☢☢☢,Usually not appropriate
144,Urologic,"Bladder cancer, nonmuscle invasive, treated, asymptomatic, surveillance",3194027,US pelvis (bladder),0 mSvO,0 mSv [ped]O,Usually not appropriate
145,Urologic,"Bladder cancer, nonmuscle invasive, treated, asymptomatic, surveillance",3194027,Radiography chest,<0.1 mSv☢,<0.03 mSv [ped]☢,Usually not appropriate
146,Urologic,"Bladder cancer, nonmuscle invasive, treated, asymptomatic, surveillance",3194027,Radiography intravenous urography,1-10 mSv☢☢☢,0.3-3 mSv [ped]☢☢☢,Usually not appropriate
147,Urologic,"Bladder cancer, nonmuscle invasive, treated, asymptomatic, surveillance",3194027,MRI abdomen and pelvis without and with IV contrast,0 mSvO,0 mSv [ped]O,Usually not appropriate
148,Urologic,"Bladder cancer, nonmuscle invasive, treated, asymptomatic, surveillance",3194027,MRI abdomen and pelvis without IV contrast,0 mSvO,0 mSv [ped]O,Usually not appropriate
149,Urologic,"Bladder cancer, nonmuscle invasive, treated, asymptomatic, surveillance",3194027,MRU without and with IV contrast,0 mSvO,0 mSv [ped]O,Usually not appropriate
150,Urologic,"Bladder cancer, nonmuscle invasive, treated, asymptomatic, surveillance",3194027,CT abdomen and pelvis with IV contrast,1-10 mSv☢☢☢,3-10 mSv [ped]☢☢☢☢,Usually not appropriate
151,Urologic,"Bladder cancer, nonmuscle invasive, treated, asymptomatic, surveillance",3194027,CT abdomen and pelvis without IV contrast,1-10 mSv☢☢☢,3-10 mSv [ped]☢☢☢☢,Usually not appropriate
152,Urologic,"Bladder cancer, nonmuscle invasive, treated, asymptomatic, surveillance",3194027,CT chest with IV contrast,1-10 mSv☢☢☢,3-10 mSv [ped]☢☢☢☢,Usually not appropriate
153,Urologic,"Bladder cancer, nonmuscle invasive, treated, asymptomatic, surveillance",3194027,CT chest without and with IV contrast,1-10 mSv☢☢☢,3-10 mSv [ped]☢☢☢☢,Usually not appropriate
154,Urologic,"Bladder cancer, nonmuscle invasive, treated, asymptomatic, surveillance",3194027,CT chest without IV contrast,1-10 mSv☢☢☢,3-10 mSv [ped]☢☢☢☢,Usually not appropriate
155,Urologic,"Bladder cancer, nonmuscle invasive, treated, asymptomatic, surveillance",3194027,CT abdomen and pelvis without and with IV contrast,10-30 mSv☢☢☢☢,10-30 mSv [ped]☢☢☢☢☢,Usually not appropriate
156,Urologic,"Bladder cancer, nonmuscle invasive, treated, asymptomatic, surveillance",3194027,CTU without and with IV contrast,10-30 mSv☢☢☢☢,10-30 mSv [ped]☢☢☢☢☢,Usually not appropriate
157,Urologic,"Bladder cancer, nonmuscle invasive, treated, asymptomatic, surveillance",3194027,FDG-PET/CT skull base to mid-thigh,10-30 mSv☢☢☢☢,3-10 mSv [ped]☢☢☢☢,Usually not appropriate
158,Urologic,"Bladder cancer, nonmuscle invasive, treated, no risk factors, surveillance",3194028,US pelvis (bladder),0 mSvO,0 mSv [ped]O,Usually not appropriate
159,Urologic,"Bladder cancer, nonmuscle invasive, treated, no risk factors, surveillance",3194028,Radiography chest,<0.1 mSv☢,<0.03 mSv [ped]☢,Usually not appropriate
160,Urologic,"Bladder cancer, nonmuscle invasive, treated, no risk factors, surveillance",3194028,Radiography intravenous urography,1-10 mSv☢☢☢,0.3-3 mSv [ped]☢☢☢,Usually not appropriate
161,Urologic,"Bladder cancer, nonmuscle invasive, treated, no risk factors, surveillance",3194028,MRI abdomen and pelvis without and with IV contrast,0 mSvO,0 mSv [ped]O,Usually not appropriate
162,Urologic,"Bladder cancer, nonmuscle invasive, treated, no risk factors, surveillance",3194028,MRI abdomen and pelvis without IV contrast,0 mSvO,0 mSv [ped]O,Usually not appropriate
163,Urologic,"Bladder cancer, nonmuscle invasive, treated, no risk factors, surveillance",3194028,MRU without and with IV contrast,0 mSvO,0 mSv [ped]O,Usually not appropriate
164,Urologic,"Bladder cancer, nonmuscle invasive, treated, no risk factors, surveillance",3194028,CT abdomen and pelvis with IV contrast,1-10 mSv☢☢☢,3-10 mSv [ped]☢☢☢☢,Usually not appropriate
165,Urologic,"Bladder cancer, nonmuscle invasive, treated, no risk factors, surveillance",3194028,CT abdomen and pelvis without IV contrast,1-10 mSv☢☢☢,3-10 mSv [ped]☢☢☢☢,Usually not appropriate
166,Urologic,"Bladder cancer, nonmuscle invasive, treated, no risk factors, surveillance",3194028,CT chest with IV contrast,1-10 mSv☢☢☢,3-10 mSv [ped]☢☢☢☢,Usually not appropriate
167,Urologic,"Bladder cancer, nonmuscle invasive, treated, no risk factors, surveillance",3194028,CT chest without and with IV contrast,1-10 mSv☢☢☢,3-10 mSv [ped]☢☢☢☢,Usually not appropriate
168,Urologic,"Bladder cancer, nonmuscle invasive, treated, no risk factors, surveillance",3194028,CT chest without IV contrast,1-10 mSv☢☢☢,3-10 mSv [ped]☢☢☢☢,Usually not appropriate
169,Urologic,"Bladder cancer, nonmuscle invasive, treated, no risk factors, surveillance",3194028,CT abdomen and pelvis without and with IV contrast,10-30 mSv☢☢☢☢,10-30 mSv [ped]☢☢☢☢☢,Usually not appropriate
170,Urologic,"Bladder cancer, nonmuscle invasive, treated, no risk factors, surveillance",3194028,CTU without and with IV contrast,10-30 mSv☢☢☢☢,10-30 mSv [ped]☢☢☢☢☢,Usually not appropriate
171,Urologic,"Bladder cancer, nonmuscle invasive, treated, no risk factors, surveillance",3194028,FDG-PET/CT skull base to mid-thigh,10-30 mSv☢☢☢☢,3-10 mSv [ped]☢☢☢☢,Usually not appropriate
172,Urologic,"Bladder cancer, nonmuscle invasive, treated, symptomatic, surveillance",3194029,MRU without and with IV contrast,0 mSvO,0 mSv [ped]O,Usually appropriate
173,Urologic,"Bladder cancer, nonmuscle invasive, treated, symptomatic, surveillance",3194029,CTU without and with IV contrast,10-30 mSv☢☢☢☢,10-30 mSv [ped]☢☢☢☢☢,Usually appropriate
174,Urologic,"Bladder cancer, nonmuscle invasive, treated, symptomatic, surveillance",3194029,Radiography chest,<0.1 mSv☢,<0.03 mSv [ped]☢,May be appropriate
175,Urologic,"Bladder cancer, nonmuscle invasive, treated, symptomatic, surveillance",3194029,MRI abdomen and pelvis without and with IV contrast,0 mSvO,0 mSv [ped]O,May be appropriate
176,Urologic,"Bladder cancer, nonmuscle invasive, treated, symptomatic, surveillance",3194029,CT abdomen and pelvis with IV contrast,1-10 mSv☢☢☢,3-10 mSv [ped]☢☢☢☢,May be appropriate
177,Urologic,"Bladder cancer, nonmuscle invasive, treated, symptomatic, surveillance",3194029,US pelvis (bladder),0 mSvO,0 mSv [ped]O,Usually not appropriate
178,Urologic,"Bladder cancer, nonmuscle invasive, treated, symptomatic, surveillance",3194029,Radiography intravenous urography,1-10 mSv☢☢☢,0.3-3 mSv [ped]☢☢☢,Usually not appropriate
179,Urologic,"Bladder cancer, nonmuscle invasive, treated, symptomatic, surveillance",3194029,MRI abdomen and pelvis without IV contrast,0 mSvO,0 mSv [ped]O,Usually not appropriate
180,Urologic,"Bladder cancer, nonmuscle invasive, treated, symptomatic, surveillance",3194029,CT abdomen and pelvis without IV contrast,1-10 mSv☢☢☢,3-10 mSv [ped]☢☢☢☢,Usually not appropriate
181,Urologic,"Bladder cancer, nonmuscle invasive, treated, symptomatic, surveillance",3194029,CT chest with IV contrast,1-10 mSv☢☢☢,3-10 mSv [ped]☢☢☢☢,Usually not appropriate
182,Urologic,"Bladder cancer, nonmuscle invasive, treated, symptomatic, surveillance",3194029,CT chest without and with IV contrast,1-10 mSv☢☢☢,3-10 mSv [ped]☢☢☢☢,Usually not appropriate
183,Urologic,"Bladder cancer, nonmuscle invasive, treated, symptomatic, surveillance",3194029,CT chest without IV contrast,1-10 mSv☢☢☢,3-10 mSv [ped]☢☢☢☢,Usually not appropriate
184,Urologic,"Bladder cancer, nonmuscle invasive, treated, symptomatic, surveillance",3194029,CT abdomen and pelvis without and with IV contrast,10-30 mSv☢☢☢☢,10-30 mSv [ped]☢☢☢☢☢,Usually not appropriate
185,Urologic,"Bladder cancer, nonmuscle invasive, treated, symptomatic, surveillance",3194029,FDG-PET/CT skull base to mid-thigh,10-30 mSv☢☢☢☢,3-10 mSv [ped]☢☢☢☢,Usually not appropriate
186,Urologic,"Bladder cancer, nonmuscle, invasive, treated, risk factors, surveillance",3194030,MRU without and with IV contrast,0 mSvO,0 mSv [ped]O,Usually appropriate
187,Urologic,"Bladder cancer, nonmuscle, invasive, treated, risk factors, surveillance",3194030,CTU without and with IV contrast,10-30 mSv☢☢☢☢,10-30 mSv [ped]☢☢☢☢☢,Usually appropriate
188,Urologic,"Bladder cancer, nonmuscle, invasive, treated, risk factors, surveillance",3194030,Radiography chest,<0.1 mSv☢,<0.03 mSv [ped]☢,May be appropriate
189,Urologic,"Bladder cancer, nonmuscle, invasive, treated, risk factors, surveillance",3194030,MRI abdomen and pelvis without and with IV contrast,0 mSvO,0 mSv [ped]O,May be appropriate
190,Urologic,"Bladder cancer, nonmuscle, invasive, treated, risk factors, surveillance",3194030,CT abdomen and pelvis with IV contrast,1-10 mSv☢☢☢,3-10 mSv [ped]☢☢☢☢,May be appropriate
191,Urologic,"Bladder cancer, nonmuscle, invasive, treated, risk factors, surveillance",3194030,US pelvis (bladder),0 mSvO,0 mSv [ped]O,Usually not appropriate
192,Urologic,"Bladder cancer, nonmuscle, invasive, treated, risk factors, surveillance",3194030,Radiography intravenous urography,1-10 mSv☢☢☢,0.3-3 mSv [ped]☢☢☢,Usually not appropriate
193,Urologic,"Bladder cancer, nonmuscle, invasive, treated, risk factors, surveillance",3194030,MRI abdomen and pelvis without IV contrast,0 mSvO,0 mSv [ped]O,Usually not appropriate
194,Urologic,"Bladder cancer, nonmuscle, invasive, treated, risk factors, surveillance",3194030,CT abdomen and pelvis without IV contrast,1-10 mSv☢☢☢,3-10 mSv [ped]☢☢☢☢,Usually not appropriate
195,Urologic,"Bladder cancer, nonmuscle, invasive, treated, risk factors, surveillance",3194030,CT chest with IV contrast,1-10 mSv☢☢☢,3-10 mSv [ped]☢☢☢☢,Usually not appropriate
196,Urologic,"Bladder cancer, nonmuscle, invasive, treated, risk factors, surveillance",3194030,CT chest without and with IV contrast,1-10 mSv☢☢☢,3-10 mSv [ped]☢☢☢☢,Usually not appropriate
197,Urologic,"Bladder cancer, nonmuscle, invasive, treated, risk factors, surveillance",3194030,CT chest without IV contrast,1-10 mSv☢☢☢,3-10 mSv [ped]☢☢☢☢,Usually not appropriate
198,Urologic,"Bladder cancer, nonmuscle, invasive, treated, risk factors, surveillance",3194030,CT abdomen and pelvis without and with IV contrast,10-30 mSv☢☢☢☢,10-30 mSv [ped]☢☢☢☢☢,Usually not appropriate
199,Urologic,"Bladder cancer, nonmuscle, invasive, treated, risk factors, surveillance",3194030,FDG-PET/CT skull base to mid-thigh,10-30 mSv☢☢☢☢,3-10 mSv [ped]☢☢☢☢,Usually not appropriate
200,Urologic,"Flank pain, acute, stone disease on recent imaging, recurrent symptoms, follow-up imaging",3196626,CT abdomen and pelvis without IV contrast,1-10 mSv☢☢☢,3-10 mSv [ped]☢☢☢☢,Usually appropriate
201,Urologic,"Flank pain, acute, stone disease on recent imaging, recurrent symptoms, follow-up imaging",3196626,US color Doppler kidneys and bladder retroperitoneal,0 mSvO,0 mSv [ped]O,May be appropriate (Disagreement)
202,Urologic,"Flank pain, acute, stone disease on recent imaging, recurrent symptoms, follow-up imaging",3196626,US kidneys and bladder retroperitoneal,0 mSvO,0 mSv [ped]O,May be appropriate
203,Urologic,"Flank pain, acute, stone disease on recent imaging, recurrent symptoms, follow-up imaging",3196626,Radiography abdomen and pelvis,1-10 mSv☢☢☢,0.3-3 mSv [ped]☢☢☢,May be appropriate
204,Urologic,"Flank pain, acute, stone disease on recent imaging, recurrent symptoms, follow-up imaging",3196626,CT abdomen and pelvis with IV contrast,1-10 mSv☢☢☢,3-10 mSv [ped]☢☢☢☢,May be appropriate
205,Urologic,"Flank pain, acute, stone disease on recent imaging, recurrent symptoms, follow-up imaging",3196626,Radiography intravenous urography,1-10 mSv☢☢☢,0.3-3 mSv [ped]☢☢☢,Usually not appropriate
206,Urologic,"Flank pain, acute, stone disease on recent imaging, recurrent symptoms, follow-up imaging",3196626,MRI abdomen and pelvis without and with IV contrast,0 mSvO,0 mSv [ped]O,Usually not appropriate
207,Urologic,"Flank pain, acute, stone disease on recent imaging, recurrent symptoms, follow-up imaging",3196626,MRI abdomen and pelvis without IV contrast,0 mSvO,0 mSv [ped]O,Usually not appropriate
208,Urologic,"Flank pain, acute, stone disease on recent imaging, recurrent symptoms, follow-up imaging",3196626,MRU without and with IV contrast,0 mSvO,0 mSv [ped]O,Usually not appropriate
209,Urologic,"Flank pain, acute, stone disease on recent imaging, recurrent symptoms, follow-up imaging",3196626,MRU without IV contrast,0 mSvO,0 mSv [ped]O,Usually not appropriate
210,Urologic,"Flank pain, acute, stone disease on recent imaging, recurrent symptoms, follow-up imaging",3196626,CT abdomen and pelvis without and with IV contrast,10-30 mSv☢☢☢☢,10-30 mSv [ped]☢☢☢☢☢,Usually not appropriate
211,Urologic,"Flank pain, acute, stone disease on recent imaging, recurrent symptoms, follow-up imaging",3196626,CTU without and with IV contrast,10-30 mSv☢☢☢☢,10-30 mSv [ped]☢☢☢☢☢,Usually not appropriate
212,Urologic,"Flank pain, acute, stone disease suspected, CT without contrast inconclusive for stones, next imaging study",3196631,MRU without and with IV contrast,0 mSvO,0 mSv [ped]O,May be appropriate
213,Urologic,"Flank pain, acute, stone disease suspected, CT without contrast inconclusive for stones, next imaging study",3196631,CT abdomen and pelvis with IV contrast,1-10 mSv☢☢☢,3-10 mSv [ped]☢☢☢☢,May be appropriate
214,Urologic,"Flank pain, acute, stone disease suspected, CT without contrast inconclusive for stones, next imaging study",3196631,CTU without and with IV contrast,10-30 mSv☢☢☢☢,10-30 mSv [ped]☢☢☢☢☢,May be appropriate
215,Urologic,"Flank pain, acute, stone disease suspected, CT without contrast inconclusive for stones, next imaging study",3196631,US color Doppler kidneys and bladder retroperitoneal,0 mSvO,0 mSv [ped]O,Usually not appropriate
216,Urologic,"Flank pain, acute, stone disease suspected, CT without contrast inconclusive for stones, next imaging study",3196631,US kidneys and bladder retroperitoneal,0 mSvO,0 mSv [ped]O,Usually not appropriate
217,Urologic,"Flank pain, acute, stone disease suspected, CT without contrast inconclusive for stones, next imaging study",3196631,Radiography abdomen and pelvis,1-10 mSv☢☢☢,0.3-3 mSv [ped]☢☢☢,Usually not appropriate
218,Urologic,"Flank pain, acute, stone disease suspected, CT without contrast inconclusive for stones, next imaging study",3196631,Radiography intravenous urography,1-10 mSv☢☢☢,0.3-3 mSv [ped]☢☢☢,Usually not appropriate
219,Urologic,"Flank pain, acute, stone disease suspected, CT without contrast inconclusive for stones, next imaging study",3196631,MRI abdomen and pelvis without and with IV contrast,0 mSvO,0 mSv [ped]O,Usually not appropriate
220,Urologic,"Flank pain, acute, stone disease suspected, CT without contrast inconclusive for stones, next imaging study",3196631,MRI abdomen and pelvis without IV contrast,0 mSvO,0 mSv [ped]O,Usually not appropriate
221,Urologic,"Flank pain, acute, stone disease suspected, CT without contrast inconclusive for stones, next imaging study",3196631,MRU without IV contrast,0 mSvO,0 mSv [ped]O,Usually not appropriate
222,Urologic,"Flank pain, acute, stone disease suspected, CT without contrast inconclusive for stones, next imaging study",3196631,CT abdomen and pelvis without IV contrast,1-10 mSv☢☢☢,3-10 mSv [ped]☢☢☢☢,Usually not appropriate
223,Urologic,"Flank pain, acute, stone disease suspected, CT without contrast inconclusive for stones, next imaging study",3196631,CT abdomen and pelvis without and with IV contrast,10-30 mSv☢☢☢☢,10-30 mSv [ped]☢☢☢☢☢,Usually not appropriate
224,Urologic,"Flank pain, acute, stone disease suspected, no hx of stone disease, initial imaging",3196624,CT abdomen and pelvis without IV contrast,1-10 mSv☢☢☢,3-10 mSv [ped]☢☢☢☢,Usually appropriate
225,Urologic,"Flank pain, acute, stone disease suspected, no hx of stone disease, initial imaging",3196624,US color Doppler kidneys and bladder retroperitoneal,0 mSvO,0 mSv [ped]O,May be appropriate (Disagreement)
226,Urologic,"Flank pain, acute, stone disease suspected, no hx of stone disease, initial imaging",3196624,US kidneys and bladder retroperitoneal,0 mSvO,0 mSv [ped]O,May be appropriate (Disagreement)
227,Urologic,"Flank pain, acute, stone disease suspected, no hx of stone disease, initial imaging",3196624,Radiography abdomen and pelvis,1-10 mSv☢☢☢,0.3-3 mSv [ped]☢☢☢,May be appropriate
228,Urologic,"Flank pain, acute, stone disease suspected, no hx of stone disease, initial imaging",3196624,Radiography intravenous urography,1-10 mSv☢☢☢,0.3-3 mSv [ped]☢☢☢,Usually not appropriate
229,Urologic,"Flank pain, acute, stone disease suspected, no hx of stone disease, initial imaging",3196624,MRI abdomen and pelvis without and with IV contrast,0 mSvO,0 mSv [ped]O,Usually not appropriate
230,Urologic,"Flank pain, acute, stone disease suspected, no hx of stone disease, initial imaging",3196624,MRI abdomen and pelvis without IV contrast,0 mSvO,0 mSv [ped]O,Usually not appropriate
231,Urologic,"Flank pain, acute, stone disease suspected, no hx of stone disease, initial imaging",3196624,MRU without and with IV contrast,0 mSvO,0 mSv [ped]O,Usually not appropriate
232,Urologic,"Flank pain, acute, stone disease suspected, no hx of stone disease, initial imaging",3196624,MRU without IV contrast,0 mSvO,0 mSv [ped]O,Usually not appropriate
233,Urologic,"Flank pain, acute, stone disease suspected, no hx of stone disease, initial imaging",3196624,CT abdomen and pelvis with IV contrast,1-10 mSv☢☢☢,3-10 mSv [ped]☢☢☢☢,Usually not appropriate
234,Urologic,"Flank pain, acute, stone disease suspected, no hx of stone disease, initial imaging",3196624,CT abdomen and pelvis without and with IV contrast,10-30 mSv☢☢☢☢,10-30 mSv [ped]☢☢☢☢☢,Usually not appropriate
235,Urologic,"Flank pain, acute, stone disease suspected, no hx of stone disease, initial imaging",3196624,CTU without and with IV contrast,10-30 mSv☢☢☢☢,10-30 mSv [ped]☢☢☢☢☢,Usually not appropriate
236,Urologic,"Flank pain, acute, stone disease suspected, pregnant, follow-up imaging",3196628,US kidneys and bladder retroperitoneal,0 mSvO,0 mSv [ped]O,Usually appropriate
237,Urologic,"Flank pain, acute, stone disease suspected, pregnant, follow-up imaging",3196628,US color Doppler kidneys and bladder retroperitoneal,0 mSvO,0 mSv [ped]O,May be appropriate (Disagreement)
238,Urologic,"Flank pain, acute, stone disease suspected, pregnant, follow-up imaging",3196628,MRU without IV contrast,0 mSvO,0 mSv [ped]O,May be appropriate
239,Urologic,"Flank pain, acute, stone disease suspected, pregnant, follow-up imaging",3196628,CT abdomen and pelvis without IV contrast,1-10 mSv☢☢☢,3-10 mSv [ped]☢☢☢☢,May be appropriate
240,Urologic,"Flank pain, acute, stone disease suspected, pregnant, follow-up imaging",3196628,Radiography abdomen and pelvis,1-10 mSv☢☢☢,0.3-3 mSv [ped]☢☢☢,Usually not appropriate
241,Urologic,"Flank pain, acute, stone disease suspected, pregnant, follow-up imaging",3196628,Radiography intravenous urography,1-10 mSv☢☢☢,0.3-3 mSv [ped]☢☢☢,Usually not appropriate
242,Urologic,"Flank pain, acute, stone disease suspected, pregnant, follow-up imaging",3196628,MRI abdomen and pelvis without and with IV contrast,0 mSvO,0 mSv [ped]O,Usually not appropriate
243,Urologic,"Flank pain, acute, stone disease suspected, pregnant, follow-up imaging",3196628,MRI abdomen and pelvis without IV contrast,0 mSvO,0 mSv [ped]O,Usually not appropriate
244,Urologic,"Flank pain, acute, stone disease suspected, pregnant, follow-up imaging",3196628,MRU without and with IV contrast,0 mSvO,0 mSv [ped]O,Usually not appropriate
245,Urologic,"Flank pain, acute, stone disease suspected, pregnant, follow-up imaging",3196628,CT abdomen and pelvis with IV contrast,1-10 mSv☢☢☢,3-10 mSv [ped]☢☢☢☢,Usually not appropriate
246,Urologic,"Flank pain, acute, stone disease suspected, pregnant, follow-up imaging",3196628,CT abdomen and pelvis without and with IV contrast,10-30 mSv☢☢☢☢,10-30 mSv [ped]☢☢☢☢☢,Usually not appropriate
247,Urologic,"Flank pain, acute, stone disease suspected, pregnant, follow-up imaging",3196628,CTU without and with IV contrast,10-30 mSv☢☢☢☢,10-30 mSv [ped]☢☢☢☢☢,Usually not appropriate
248,Urologic,"Flank pain, acute, stone disease suspected, pregnant, initial imaging",3196629,US kidneys and bladder retroperitoneal,0 mSvO,0 mSv [ped]O,Usually appropriate
249,Urologic,"Flank pain, acute, stone disease suspected, pregnant, initial imaging",3196629,US color Doppler kidneys and bladder retroperitoneal,0 mSvO,0 mSv [ped]O,May be appropriate (Disagreement)
250,Urologic,"Flank pain, acute, stone disease suspected, pregnant, initial imaging",3196629,MRU without IV contrast,0 mSvO,0 mSv [ped]O,May be appropriate
251,Urologic,"Flank pain, acute, stone disease suspected, pregnant, initial imaging",3196629,CT abdomen and pelvis without IV contrast,1-10 mSv☢☢☢,3-10 mSv [ped]☢☢☢☢,May be appropriate
252,Urologic,"Flank pain, acute, stone disease suspected, pregnant, initial imaging",3196629,Radiography abdomen and pelvis,1-10 mSv☢☢☢,0.3-3 mSv [ped]☢☢☢,Usually not appropriate
253,Urologic,"Flank pain, acute, stone disease suspected, pregnant, initial imaging",3196629,Radiography intravenous urography,1-10 mSv☢☢☢,0.3-3 mSv [ped]☢☢☢,Usually not appropriate
254,Urologic,"Flank pain, acute, stone disease suspected, pregnant, initial imaging",3196629,MRI abdomen and pelvis without and with IV contrast,0 mSvO,0 mSv [ped]O,Usually not appropriate
255,Urologic,"Flank pain, acute, stone disease suspected, pregnant, initial imaging",3196629,MRI abdomen and pelvis without IV contrast,0 mSvO,0 mSv [ped]O,Usually not appropriate
256,Urologic,"Flank pain, acute, stone disease suspected, pregnant, initial imaging",3196629,MRU without and with IV contrast,0 mSvO,0 mSv [ped]O,Usually not appropriate
257,Urologic,"Flank pain, acute, stone disease suspected, pregnant, initial imaging",3196629,CT abdomen and pelvis with IV contrast,1-10 mSv☢☢☢,3-10 mSv [ped]☢☢☢☢,Usually not appropriate
258,Urologic,"Flank pain, acute, stone disease suspected, pregnant, initial imaging",3196629,CT abdomen and pelvis without and with IV contrast,10-30 mSv☢☢☢☢,10-30 mSv [ped]☢☢☢☢☢,Usually not appropriate
259,Urologic,"Flank pain, acute, stone disease suspected, pregnant, initial imaging",3196629,CTU without and with IV contrast,10-30 mSv☢☢☢☢,10-30 mSv [ped]☢☢☢☢☢,Usually not appropriate
260,Urologic,"Flank pain, acute, stone disease suspected, remote hx of stone disease, initial imaging",3196623,CT abdomen and pelvis without IV contrast,1-10 mSv☢☢☢,3-10 mSv [ped]☢☢☢☢,Usually appropriate
261,Urologic,"Flank pain, acute, stone disease suspected, remote hx of stone disease, initial imaging",3196623,US color Doppler kidneys and bladder retroperitoneal,0 mSvO,0 mSv [ped]O,May be appropriate (Disagreement)
262,Urologic,"Flank pain, acute, stone disease suspected, remote hx of stone disease, initial imaging",3196623,US kidneys and bladder retroperitoneal,0 mSvO,0 mSv [ped]O,May be appropriate (Disagreement)
263,Urologic,"Flank pain, acute, stone disease suspected, remote hx of stone disease, initial imaging",3196623,Radiography abdomen and pelvis,1-10 mSv☢☢☢,0.3-3 mSv [ped]☢☢☢,May be appropriate
264,Urologic,"Flank pain, acute, stone disease suspected, remote hx of stone disease, initial imaging",3196623,Radiography intravenous urography,1-10 mSv☢☢☢,0.3-3 mSv [ped]☢☢☢,Usually not appropriate
265,Urologic,"Flank pain, acute, stone disease suspected, remote hx of stone disease, initial imaging",3196623,MRI abdomen and pelvis without and with IV contrast,0 mSvO,0 mSv [ped]O,Usually not appropriate
266,Urologic,"Flank pain, acute, stone disease suspected, remote hx of stone disease, initial imaging",3196623,MRI abdomen and pelvis without IV contrast,0 mSvO,0 mSv [ped]O,Usually not appropriate
267,Urologic,"Flank pain, acute, stone disease suspected, remote hx of stone disease, initial imaging",3196623,MRU without and with IV contrast,0 mSvO,0 mSv [ped]O,Usually not appropriate
268,Urologic,"Flank pain, acute, stone disease suspected, remote hx of stone disease, initial imaging",3196623,MRU without IV contrast,0 mSvO,0 mSv [ped]O,Usually not appropriate
269,Urologic,"Flank pain, acute, stone disease suspected, remote hx of stone disease, initial imaging",3196623,CT abdomen and pelvis with IV contrast,1-10 mSv☢☢☢,3-10 mSv [ped]☢☢☢☢,Usually not appropriate
270,Urologic,"Flank pain, acute, stone disease suspected, remote hx of stone disease, initial imaging",3196623,CT abdomen and pelvis without and with IV contrast,10-30 mSv☢☢☢☢,10-30 mSv [ped]☢☢☢☢☢,Usually not appropriate
271,Urologic,"Flank pain, acute, stone disease suspected, remote hx of stone disease, initial imaging",3196623,CTU without and with IV contrast,10-30 mSv☢☢☢☢,10-30 mSv [ped]☢☢☢☢☢,Usually not appropriate
272,Urologic,"Hematospermia, >=40 years",3102572,TRUS prostate,0 mSvO,0 mSv [ped]O,Usually appropriate
273,Urologic,"Hematospermia, >=40 years",3102572,MRI pelvis without and with IV contrast,0 mSvO,0 mSv [ped]O,Usually appropriate
274,Urologic,"Hematospermia, >=40 years",3102572,MRI pelvis without IV contrast,0 mSvO,0 mSv [ped]O,Usually appropriate
275,Urologic,"Hematospermia, >=40 years",3102572,Arteriography pelvis,10-30 mSv☢☢☢☢,,Usually not appropriate
276,Urologic,"Hematospermia, >=40 years",3102572,CT pelvis with IV contrast,1-10 mSv☢☢☢,3-10 mSv [ped]☢☢☢☢,Usually not appropriate
277,Urologic,"Hematospermia, >=40 years",3102572,CT pelvis without IV contrast,1-10 mSv☢☢☢,3-10 mSv [ped]☢☢☢☢,Usually not appropriate
278,Urologic,"Hematospermia, >=40 years",3102572,CT pelvis without and with IV contrast,10-30 mSv☢☢☢☢,3-10 mSv [ped]☢☢☢☢,Usually not appropriate
279,Urologic,"Hematospermia, persistent",3102571,TRUS prostate,0 mSvO,0 mSv [ped]O,Usually appropriate
280,Urologic,"Hematospermia, persistent",3102571,MRI pelvis without and with IV contrast,0 mSvO,0 mSv [ped]O,Usually appropriate
281,Urologic,"Hematospermia, persistent",3102571,MRI pelvis without IV contrast,0 mSvO,0 mSv [ped]O,Usually appropriate
282,Urologic,"Hematospermia, persistent",3102571,Arteriography pelvis,10-30 mSv☢☢☢☢,,Usually not appropriate
283,Urologic,"Hematospermia, persistent",3102571,CT pelvis with IV contrast,1-10 mSv☢☢☢,3-10 mSv [ped]☢☢☢☢,Usually not appropriate
284,Urologic,"Hematospermia, persistent",3102571,CT pelvis without IV contrast,1-10 mSv☢☢☢,3-10 mSv [ped]☢☢☢☢,Usually not appropriate
285,Urologic,"Hematospermia, persistent",3102571,CT pelvis without and with IV contrast,10-30 mSv☢☢☢☢,3-10 mSv [ped]☢☢☢☢,Usually not appropriate
286,Urologic,"Hematospermia, transient/episodic, <40 years, no other signs/symptoms",3079764,TRUS prostate,0 mSvO,0 mSv [ped]O,Usually not appropriate
287,Urologic,"Hematospermia, transient/episodic, <40 years, no other signs/symptoms",3079764,Arteriography pelvis,10-30 mSv☢☢☢☢,,Usually not appropriate
288,Urologic,"Hematospermia, transient/episodic, <40 years, no other signs/symptoms",3079764,MRI pelvis without and with IV contrast,0 mSvO,0 mSv [ped]O,Usually not appropriate
289,Urologic,"Hematospermia, transient/episodic, <40 years, no other signs/symptoms",3079764,MRI pelvis without IV contrast,0 mSvO,0 mSv [ped]O,Usually not appropriate
290,Urologic,"Hematospermia, transient/episodic, <40 years, no other signs/symptoms",3079764,CT pelvis with IV contrast,1-10 mSv☢☢☢,3-10 mSv [ped]☢☢☢☢,Usually not appropriate
291,Urologic,"Hematospermia, transient/episodic, <40 years, no other signs/symptoms",3079764,CT pelvis without IV contrast,1-10 mSv☢☢☢,3-10 mSv [ped]☢☢☢☢,Usually not appropriate
292,Urologic,"Hematospermia, transient/episodic, <40 years, no other signs/symptoms",3079764,CT pelvis without and with IV contrast,10-30 mSv☢☢☢☢,3-10 mSv [ped]☢☢☢☢,Usually not appropriate
293,Urologic,"Hematospermia, w/ associated signs or symptoms of disease",3102573,TRUS prostate,0 mSvO,0 mSv [ped]O,Usually appropriate
294,Urologic,"Hematospermia, w/ associated signs or symptoms of disease",3102573,MRI pelvis without and with IV contrast,0 mSvO,0 mSv [ped]O,Usually appropriate
295,Urologic,"Hematospermia, w/ associated signs or symptoms of disease",3102573,MRI pelvis without IV contrast,0 mSvO,0 mSv [ped]O,Usually appropriate
296,Urologic,"Hematospermia, w/ associated signs or symptoms of disease",3102573,Arteriography pelvis,10-30 mSv☢☢☢☢,,Usually not appropriate
297,Urologic,"Hematospermia, w/ associated signs or symptoms of disease",3102573,CT pelvis with IV contrast,1-10 mSv☢☢☢,3-10 mSv [ped]☢☢☢☢,Usually not appropriate
298,Urologic,"Hematospermia, w/ associated signs or symptoms of disease",3102573,CT pelvis without IV contrast,1-10 mSv☢☢☢,3-10 mSv [ped]☢☢☢☢,Usually not appropriate
299,Urologic,"Hematospermia, w/ associated signs or symptoms of disease",3102573,CT pelvis without and with IV contrast,10-30 mSv☢☢☢☢,3-10 mSv [ped]☢☢☢☢,Usually not appropriate
300,Urologic,"Hematuria, current or recent menses, initial imaging",3183765,CT abdomen and pelvis without IV contrast,1-10 mSv☢☢☢,3-10 mSv [ped]☢☢☢☢,May be appropriate
301,Urologic,"Hematuria, current or recent menses, initial imaging",3183765,US kidneys and bladder retroperitoneal,0 mSvO,0 mSv [ped]O,Usually not appropriate
302,Urologic,"Hematuria, current or recent menses, initial imaging",3183765,Arteriography kidney,1-10 mSv☢☢☢,,Usually not appropriate
303,Urologic,"Hematuria, current or recent menses, initial imaging",3183765,Radiography abdomen and pelvis,1-10 mSv☢☢☢,0.3-3 mSv [ped]☢☢☢,Usually not appropriate
304,Urologic,"Hematuria, current or recent menses, initial imaging",3183765,Radiography intravenous urography,1-10 mSv☢☢☢,0.3-3 mSv [ped]☢☢☢,Usually not appropriate
305,Urologic,"Hematuria, current or recent menses, initial imaging",3183765,MRI abdomen and pelvis without and with IV contrast,0 mSvO,0 mSv [ped]O,Usually not appropriate
306,Urologic,"Hematuria, current or recent menses, initial imaging",3183765,MRI abdomen and pelvis without IV contrast,0 mSvO,0 mSv [ped]O,Usually not appropriate
307,Urologic,"Hematuria, current or recent menses, initial imaging",3183765,MRU without and with IV contrast,0 mSvO,0 mSv [ped]O,Usually not appropriate
308,Urologic,"Hematuria, current or recent menses, initial imaging",3183765,CT abdomen and pelvis with IV contrast,1-10 mSv☢☢☢,3-10 mSv [ped]☢☢☢☢,Usually not appropriate
309,Urologic,"Hematuria, current or recent menses, initial imaging",3183765,CT abdomen and pelvis without and with IV contrast,10-30 mSv☢☢☢☢,10-30 mSv [ped]☢☢☢☢☢,Usually not appropriate
310,Urologic,"Hematuria, current or recent menses, initial imaging",3183765,CTU without and with IV contrast,10-30 mSv☢☢☢☢,10-30 mSv [ped]☢☢☢☢☢,Usually not appropriate
311,Urologic,"Hematuria, gross, initial imaging",3181245,MRU without and with IV contrast,0 mSvO,0 mSv [ped]O,Usually appropriate
312,Urologic,"Hematuria, gross, initial imaging",3181245,CTU without and with IV contrast,10-30 mSv☢☢☢☢,10-30 mSv [ped]☢☢☢☢☢,Usually appropriate
313,Urologic,"Hematuria, gross, initial imaging",3181245,US kidneys and bladder retroperitoneal,0 mSvO,0 mSv [ped]O,May be appropriate
314,Urologic,"Hematuria, gross, initial imaging",3181245,MRI abdomen and pelvis without and with IV contrast,0 mSvO,0 mSv [ped]O,May be appropriate
315,Urologic,"Hematuria, gross, initial imaging",3181245,MRI abdomen and pelvis without IV contrast,0 mSvO,0 mSv [ped]O,May be appropriate
316,Urologic,"Hematuria, gross, initial imaging",3181245,CT abdomen and pelvis with IV contrast,1-10 mSv☢☢☢,3-10 mSv [ped]☢☢☢☢,May be appropriate
317,Urologic,"Hematuria, gross, initial imaging",3181245,CT abdomen and pelvis without IV contrast,1-10 mSv☢☢☢,3-10 mSv [ped]☢☢☢☢,May be appropriate
318,Urologic,"Hematuria, gross, initial imaging",3181245,CT abdomen and pelvis without and with IV contrast,10-30 mSv☢☢☢☢,10-30 mSv [ped]☢☢☢☢☢,May be appropriate
319,Urologic,"Hematuria, gross, initial imaging",3181245,Arteriography kidney,1-10 mSv☢☢☢,,Usually not appropriate
320,Urologic,"Hematuria, gross, initial imaging",3181245,Radiography abdomen and pelvis,1-10 mSv☢☢☢,0.3-3 mSv [ped]☢☢☢,Usually not appropriate
321,Urologic,"Hematuria, gross, initial imaging",3181245,Radiography intravenous urography,1-10 mSv☢☢☢,0.3-3 mSv [ped]☢☢☢,Usually not appropriate
322,Urologic,"Hematuria, microscopic, infection or viral illness, initial imaging",3183764,CT abdomen and pelvis without IV contrast,1-10 mSv☢☢☢,3-10 mSv [ped]☢☢☢☢,May be appropriate
323,Urologic,"Hematuria, microscopic, infection or viral illness, initial imaging",3183764,US kidneys and bladder retroperitoneal,0 mSvO,0 mSv [ped]O,Usually not appropriate
324,Urologic,"Hematuria, microscopic, infection or viral illness, initial imaging",3183764,Arteriography kidney,1-10 mSv☢☢☢,,Usually not appropriate
325,Urologic,"Hematuria, microscopic, infection or viral illness, initial imaging",3183764,Radiography abdomen and pelvis,1-10 mSv☢☢☢,0.3-3 mSv [ped]☢☢☢,Usually not appropriate
326,Urologic,"Hematuria, microscopic, infection or viral illness, initial imaging",3183764,Radiography intravenous urography,1-10 mSv☢☢☢,0.3-3 mSv [ped]☢☢☢,Usually not appropriate
327,Urologic,"Hematuria, microscopic, infection or viral illness, initial imaging",3183764,MRI abdomen and pelvis without and with IV contrast,0 mSvO,0 mSv [ped]O,Usually not appropriate
328,Urologic,"Hematuria, microscopic, infection or viral illness, initial imaging",3183764,MRI abdomen and pelvis without IV contrast,0 mSvO,0 mSv [ped]O,Usually not appropriate
329,Urologic,"Hematuria, microscopic, infection or viral illness, initial imaging",3183764,MRU without and with IV contrast,0 mSvO,0 mSv [ped]O,Usually not appropriate
330,Urologic,"Hematuria, microscopic, infection or viral illness, initial imaging",3183764,CT abdomen and pelvis with IV contrast,1-10 mSv☢☢☢,3-10 mSv [ped]☢☢☢☢,Usually not appropriate
331,Urologic,"Hematuria, microscopic, infection or viral illness, initial imaging",3183764,CT abdomen and pelvis without and with IV contrast,10-30 mSv☢☢☢☢,10-30 mSv [ped]☢☢☢☢☢,Usually not appropriate
332,Urologic,"Hematuria, microscopic, infection or viral illness, initial imaging",3183764,CTU without and with IV contrast,10-30 mSv☢☢☢☢,10-30 mSv [ped]☢☢☢☢☢,Usually not appropriate
333,Urologic,"Hematuria, microscopic, no risk factors, initial imaging",3183762,CT abdomen and pelvis without IV contrast,1-10 mSv☢☢☢,3-10 mSv [ped]☢☢☢☢,May be appropriate
334,Urologic,"Hematuria, microscopic, no risk factors, initial imaging",3183762,US kidneys and bladder retroperitoneal,0 mSvO,0 mSv [ped]O,Usually not appropriate
335,Urologic,"Hematuria, microscopic, no risk factors, initial imaging",3183762,Arteriography kidney,1-10 mSv☢☢☢,,Usually not appropriate
336,Urologic,"Hematuria, microscopic, no risk factors, initial imaging",3183762,Radiography abdomen and pelvis,1-10 mSv☢☢☢,0.3-3 mSv [ped]☢☢☢,Usually not appropriate
337,Urologic,"Hematuria, microscopic, no risk factors, initial imaging",3183762,Radiography intravenous urography,1-10 mSv☢☢☢,0.3-3 mSv [ped]☢☢☢,Usually not appropriate
338,Urologic,"Hematuria, microscopic, no risk factors, initial imaging",3183762,MRI abdomen and pelvis without and with IV contrast,0 mSvO,0 mSv [ped]O,Usually not appropriate
339,Urologic,"Hematuria, microscopic, no risk factors, initial imaging",3183762,MRI abdomen and pelvis without IV contrast,0 mSvO,0 mSv [ped]O,Usually not appropriate
340,Urologic,"Hematuria, microscopic, no risk factors, initial imaging",3183762,MRU without and with IV contrast,0 mSvO,0 mSv [ped]O,Usually not appropriate
341,Urologic,"Hematuria, microscopic, no risk factors, initial imaging",3183762,CT abdomen and pelvis with IV contrast,1-10 mSv☢☢☢,3-10 mSv [ped]☢☢☢☢,Usually not appropriate
342,Urologic,"Hematuria, microscopic, no risk factors, initial imaging",3183762,CT abdomen and pelvis without and with IV contrast,10-30 mSv☢☢☢☢,10-30 mSv [ped]☢☢☢☢☢,Usually not appropriate
343,Urologic,"Hematuria, microscopic, no risk factors, initial imaging",3183762,CTU without and with IV contrast,10-30 mSv☢☢☢☢,10-30 mSv [ped]☢☢☢☢☢,Usually not appropriate
344,Urologic,"Hematuria, microscopic, pregnant, initial imaging",3181244,US kidneys and bladder retroperitoneal,0 mSvO,0 mSv [ped]O,Usually appropriate
345,Urologic,"Hematuria, microscopic, pregnant, initial imaging",3181244,MRU without IV contrast,0 mSvO,0 mSv [ped]O,May be appropriate
346,Urologic,"Hematuria, microscopic, pregnant, initial imaging",3181244,Arteriography kidney,1-10 mSv☢☢☢,,Usually not appropriate
347,Urologic,"Hematuria, microscopic, pregnant, initial imaging",3181244,Radiography abdomen and pelvis,1-10 mSv☢☢☢,0.3-3 mSv [ped]☢☢☢,Usually not appropriate
348,Urologic,"Hematuria, microscopic, pregnant, initial imaging",3181244,Radiography intravenous urography,1-10 mSv☢☢☢,0.3-3 mSv [ped]☢☢☢,Usually not appropriate
349,Urologic,"Hematuria, microscopic, pregnant, initial imaging",3181244,MRI abdomen and pelvis without and with IV contrast,0 mSvO,0 mSv [ped]O,Usually not appropriate
350,Urologic,"Hematuria, microscopic, pregnant, initial imaging",3181244,MRI abdomen and pelvis without IV contrast,0 mSvO,0 mSv [ped]O,Usually not appropriate
351,Urologic,"Hematuria, microscopic, pregnant, initial imaging",3181244,MRU without and with IV contrast,0 mSvO,0 mSv [ped]O,Usually not appropriate
352,Urologic,"Hematuria, microscopic, pregnant, initial imaging",3181244,CT abdomen and pelvis with IV contrast,1-10 mSv☢☢☢,3-10 mSv [ped]☢☢☢☢,Usually not appropriate
353,Urologic,"Hematuria, microscopic, pregnant, initial imaging",3181244,CT abdomen and pelvis without IV contrast,1-10 mSv☢☢☢,3-10 mSv [ped]☢☢☢☢,Usually not appropriate
354,Urologic,"Hematuria, microscopic, pregnant, initial imaging",3181244,CT abdomen and pelvis without and with IV contrast,10-30 mSv☢☢☢☢,10-30 mSv [ped]☢☢☢☢☢,Usually not appropriate
355,Urologic,"Hematuria, microscopic, pregnant, initial imaging",3181244,CTU without and with IV contrast,10-30 mSv☢☢☢☢,10-30 mSv [ped]☢☢☢☢☢,Usually not appropriate
356,Urologic,"Hematuria, microscopic, recent vigorous exercise, initial imaging",3183763,CT abdomen and pelvis without IV contrast,1-10 mSv☢☢☢,3-10 mSv [ped]☢☢☢☢,May be appropriate
357,Urologic,"Hematuria, microscopic, recent vigorous exercise, initial imaging",3183763,US kidneys and bladder retroperitoneal,0 mSvO,0 mSv [ped]O,Usually not appropriate
358,Urologic,"Hematuria, microscopic, recent vigorous exercise, initial imaging",3183763,Arteriography kidney,1-10 mSv☢☢☢,,Usually not appropriate
359,Urologic,"Hematuria, microscopic, recent vigorous exercise, initial imaging",3183763,Radiography abdomen and pelvis,1-10 mSv☢☢☢,0.3-3 mSv [ped]☢☢☢,Usually not appropriate
360,Urologic,"Hematuria, microscopic, recent vigorous exercise, initial imaging",3183763,Radiography intravenous urography,1-10 mSv☢☢☢,0.3-3 mSv [ped]☢☢☢,Usually not appropriate
361,Urologic,"Hematuria, microscopic, recent vigorous exercise, initial imaging",3183763,MRI abdomen and pelvis without and with IV contrast,0 mSvO,0 mSv [ped]O,Usually not appropriate
362,Urologic,"Hematuria, microscopic, recent vigorous exercise, initial imaging",3183763,MRI abdomen and pelvis without IV contrast,0 mSvO,0 mSv [ped]O,Usually not appropriate
363,Urologic,"Hematuria, microscopic, recent vigorous exercise, initial imaging",3183763,MRU without and with IV contrast,0 mSvO,0 mSv [ped]O,Usually not appropriate
364,Urologic,"Hematuria, microscopic, recent vigorous exercise, initial imaging",3183763,CT abdomen and pelvis with IV contrast,1-10 mSv☢☢☢,3-10 mSv [ped]☢☢☢☢,Usually not appropriate
365,Urologic,"Hematuria, microscopic, recent vigorous exercise, initial imaging",3183763,CT abdomen and pelvis without and with IV contrast,10-30 mSv☢☢☢☢,10-30 mSv [ped]☢☢☢☢☢,Usually not appropriate
366,Urologic,"Hematuria, microscopic, recent vigorous exercise, initial imaging",3183763,CTU without and with IV contrast,10-30 mSv☢☢☢☢,10-30 mSv [ped]☢☢☢☢☢,Usually not appropriate
367,Urologic,"Hematuria, microscopic, risk factors, no current or recent menses, initial imaging",3183768,CTU without and with IV contrast,10-30 mSv☢☢☢☢,10-30 mSv [ped]☢☢☢☢☢,Usually appropriate
368,Urologic,"Hematuria, microscopic, risk factors, no current or recent menses, initial imaging",3183768,US kidneys and bladder retroperitoneal,0 mSvO,0 mSv [ped]O,May be appropriate
369,Urologic,"Hematuria, microscopic, risk factors, no current or recent menses, initial imaging",3183768,MRU without and with IV contrast,0 mSvO,0 mSv [ped]O,May be appropriate
370,Urologic,"Hematuria, microscopic, risk factors, no current or recent menses, initial imaging",3183768,CT abdomen and pelvis without IV contrast,1-10 mSv☢☢☢,3-10 mSv [ped]☢☢☢☢,May be appropriate
371,Urologic,"Hematuria, microscopic, risk factors, no current or recent menses, initial imaging",3183768,CT abdomen and pelvis without and with IV contrast,10-30 mSv☢☢☢☢,10-30 mSv [ped]☢☢☢☢☢,May be appropriate
372,Urologic,"Hematuria, microscopic, risk factors, no current or recent menses, initial imaging",3183768,Arteriography kidney,1-10 mSv☢☢☢,,Usually not appropriate
373,Urologic,"Hematuria, microscopic, risk factors, no current or recent menses, initial imaging",3183768,Radiography abdomen and pelvis,1-10 mSv☢☢☢,0.3-3 mSv [ped]☢☢☢,Usually not appropriate
374,Urologic,"Hematuria, microscopic, risk factors, no current or recent menses, initial imaging",3183768,Radiography intravenous urography,1-10 mSv☢☢☢,0.3-3 mSv [ped]☢☢☢,Usually not appropriate
375,Urologic,"Hematuria, microscopic, risk factors, no current or recent menses, initial imaging",3183768,MRI abdomen and pelvis without and with IV contrast,0 mSvO,0 mSv [ped]O,Usually not appropriate
376,Urologic,"Hematuria, microscopic, risk factors, no current or recent menses, initial imaging",3183768,MRI abdomen and pelvis without IV contrast,0 mSvO,0 mSv [ped]O,Usually not appropriate
377,Urologic,"Hematuria, microscopic, risk factors, no current or recent menses, initial imaging",3183768,CT abdomen and pelvis with IV contrast,1-10 mSv☢☢☢,3-10 mSv [ped]☢☢☢☢,Usually not appropriate
378,Urologic,"Hematuria, microscopic, risk factors, no infection or viral illness, initial imaging",3183767,CTU without and with IV contrast,10-30 mSv☢☢☢☢,10-30 mSv [ped]☢☢☢☢☢,Usually appropriate
379,Urologic,"Hematuria, microscopic, risk factors, no infection or viral illness, initial imaging",3183767,US kidneys and bladder retroperitoneal,0 mSvO,0 mSv [ped]O,May be appropriate
380,Urologic,"Hematuria, microscopic, risk factors, no infection or viral illness, initial imaging",3183767,MRU without and with IV contrast,0 mSvO,0 mSv [ped]O,May be appropriate
381,Urologic,"Hematuria, microscopic, risk factors, no infection or viral illness, initial imaging",3183767,CT abdomen and pelvis without IV contrast,1-10 mSv☢☢☢,3-10 mSv [ped]☢☢☢☢,May be appropriate
382,Urologic,"Hematuria, microscopic, risk factors, no infection or viral illness, initial imaging",3183767,CT abdomen and pelvis without and with IV contrast,10-30 mSv☢☢☢☢,10-30 mSv [ped]☢☢☢☢☢,May be appropriate
383,Urologic,"Hematuria, microscopic, risk factors, no infection or viral illness, initial imaging",3183767,Arteriography kidney,1-10 mSv☢☢☢,,Usually not appropriate
384,Urologic,"Hematuria, microscopic, risk factors, no infection or viral illness, initial imaging",3183767,Radiography abdomen and pelvis,1-10 mSv☢☢☢,0.3-3 mSv [ped]☢☢☢,Usually not appropriate
385,Urologic,"Hematuria, microscopic, risk factors, no infection or viral illness, initial imaging",3183767,Radiography intravenous urography,1-10 mSv☢☢☢,0.3-3 mSv [ped]☢☢☢,Usually not appropriate
386,Urologic,"Hematuria, microscopic, risk factors, no infection or viral illness, initial imaging",3183767,MRI abdomen and pelvis without and with IV contrast,0 mSvO,0 mSv [ped]O,Usually not appropriate
387,Urologic,"Hematuria, microscopic, risk factors, no infection or viral illness, initial imaging",3183767,MRI abdomen and pelvis without IV contrast,0 mSvO,0 mSv [ped]O,Usually not appropriate
388,Urologic,"Hematuria, microscopic, risk factors, no infection or viral illness, initial imaging",3183767,CT abdomen and pelvis with IV contrast,1-10 mSv☢☢☢,3-10 mSv [ped]☢☢☢☢,Usually not appropriate
389,Urologic,"Hematuria, microscopic, risk factors, no recent vigorous exercise, initial imaging",3183766,CTU without and with IV contrast,10-30 mSv☢☢☢☢,10-30 mSv [ped]☢☢☢☢☢,Usually appropriate
390,Urologic,"Hematuria, microscopic, risk factors, no recent vigorous exercise, initial imaging",3183766,US kidneys and bladder retroperitoneal,0 mSvO,0 mSv [ped]O,May be appropriate
391,Urologic,"Hematuria, microscopic, risk factors, no recent vigorous exercise, initial imaging",3183766,MRU without and with IV contrast,0 mSvO,0 mSv [ped]O,May be appropriate
392,Urologic,"Hematuria, microscopic, risk factors, no recent vigorous exercise, initial imaging",3183766,CT abdomen and pelvis without IV contrast,1-10 mSv☢☢☢,3-10 mSv [ped]☢☢☢☢,May be appropriate
393,Urologic,"Hematuria, microscopic, risk factors, no recent vigorous exercise, initial imaging",3183766,CT abdomen and pelvis without and with IV contrast,10-30 mSv☢☢☢☢,10-30 mSv [ped]☢☢☢☢☢,May be appropriate
394,Urologic,"Hematuria, microscopic, risk factors, no recent vigorous exercise, initial imaging",3183766,Arteriography kidney,1-10 mSv☢☢☢,,Usually not appropriate
395,Urologic,"Hematuria, microscopic, risk factors, no recent vigorous exercise, initial imaging",3183766,Radiography abdomen and pelvis,1-10 mSv☢☢☢,0.3-3 mSv [ped]☢☢☢,Usually not appropriate
396,Urologic,"Hematuria, microscopic, risk factors, no recent vigorous exercise, initial imaging",3183766,Radiography intravenous urography,1-10 mSv☢☢☢,0.3-3 mSv [ped]☢☢☢,Usually not appropriate
397,Urologic,"Hematuria, microscopic, risk factors, no recent vigorous exercise, initial imaging",3183766,MRI abdomen and pelvis without and with IV contrast,0 mSvO,0 mSv [ped]O,Usually not appropriate
398,Urologic,"Hematuria, microscopic, risk factors, no recent vigorous exercise, initial imaging",3183766,MRI abdomen and pelvis without IV contrast,0 mSvO,0 mSv [ped]O,Usually not appropriate
399,Urologic,"Hematuria, microscopic, risk factors, no recent vigorous exercise, initial imaging",3183766,CT abdomen and pelvis with IV contrast,1-10 mSv☢☢☢,3-10 mSv [ped]☢☢☢☢,Usually not appropriate
400,Urologic,"Hematuria, microscopic, risk factors, no renal parenchymal disease, initial imaging",3183769,CTU without and with IV contrast,10-30 mSv☢☢☢☢,10-30 mSv [ped]☢☢☢☢☢,Usually appropriate
401,Urologic,"Hematuria, microscopic, risk factors, no renal parenchymal disease, initial imaging",3183769,US kidneys and bladder retroperitoneal,0 mSvO,0 mSv [ped]O,May be appropriate
402,Urologic,"Hematuria, microscopic, risk factors, no renal parenchymal disease, initial imaging",3183769,MRU without and with IV contrast,0 mSvO,0 mSv [ped]O,May be appropriate
403,Urologic,"Hematuria, microscopic, risk factors, no renal parenchymal disease, initial imaging",3183769,CT abdomen and pelvis without IV contrast,1-10 mSv☢☢☢,3-10 mSv [ped]☢☢☢☢,May be appropriate
404,Urologic,"Hematuria, microscopic, risk factors, no renal parenchymal disease, initial imaging",3183769,CT abdomen and pelvis without and with IV contrast,10-30 mSv☢☢☢☢,10-30 mSv [ped]☢☢☢☢☢,May be appropriate
405,Urologic,"Hematuria, microscopic, risk factors, no renal parenchymal disease, initial imaging",3183769,Arteriography kidney,1-10 mSv☢☢☢,,Usually not appropriate
406,Urologic,"Hematuria, microscopic, risk factors, no renal parenchymal disease, initial imaging",3183769,Radiography abdomen and pelvis,1-10 mSv☢☢☢,0.3-3 mSv [ped]☢☢☢,Usually not appropriate
407,Urologic,"Hematuria, microscopic, risk factors, no renal parenchymal disease, initial imaging",3183769,Radiography intravenous urography,1-10 mSv☢☢☢,0.3-3 mSv [ped]☢☢☢,Usually not appropriate
408,Urologic,"Hematuria, microscopic, risk factors, no renal parenchymal disease, initial imaging",3183769,MRI abdomen and pelvis without and with IV contrast,0 mSvO,0 mSv [ped]O,Usually not appropriate
409,Urologic,"Hematuria, microscopic, risk factors, no renal parenchymal disease, initial imaging",3183769,MRI abdomen and pelvis without IV contrast,0 mSvO,0 mSv [ped]O,Usually not appropriate
410,Urologic,"Hematuria, microscopic, risk factors, no renal parenchymal disease, initial imaging",3183769,CT abdomen and pelvis with IV contrast,1-10 mSv☢☢☢,3-10 mSv [ped]☢☢☢☢,Usually not appropriate
411,Urologic,"HTN, high suspicion renal vascular, decreased renal function",3106361,US duplex Doppler kidneys retroperitoneal,0 mSvO,0 mSv [ped]O,Usually appropriate
412,Urologic,"HTN, high suspicion renal vascular, decreased renal function",3106361,MRA abdomen without IV contrast,0 mSvO,0 mSv [ped]O,Usually appropriate
413,Urologic,"HTN, high suspicion renal vascular, decreased renal function",3106361,CTA abdomen with IV contrast,1-10 mSv☢☢☢,,May be appropriate
414,Urologic,"HTN, high suspicion renal vascular, decreased renal function",3106361,Arteriography kidney,1-10 mSv☢☢☢,,Usually not appropriate
415,Urologic,"HTN, high suspicion renal vascular, decreased renal function",3106361,Venography with renal vein sampling,Varies,Varies,Usually not appropriate
416,Urologic,"HTN, high suspicion renal vascular, decreased renal function",3106361,MRA abdomen without and with IV contrast,0 mSvO,0 mSv [ped]O,Usually not appropriate
417,Urologic,"HTN, high suspicion renal vascular, decreased renal function",3106361,ACE-inhibitor renography,1-10 mSv☢☢☢,,Usually not appropriate
418,Urologic,"HTN, high suspicion renal vascular, normal renal function",3073720,US duplex Doppler kidneys retroperitoneal,0 mSvO,0 mSv [ped]O,Usually appropriate
419,Urologic,"HTN, high suspicion renal vascular, normal renal function",3073720,MRA abdomen without and with IV contrast,0 mSvO,0 mSv [ped]O,Usually appropriate
420,Urologic,"HTN, high suspicion renal vascular, normal renal function",3073720,CTA abdomen with IV contrast,1-10 mSv☢☢☢,,Usually appropriate
421,Urologic,"HTN, high suspicion renal vascular, normal renal function",3073720,MRA abdomen without IV contrast,0 mSvO,0 mSv [ped]O,May be appropriate
422,Urologic,"HTN, high suspicion renal vascular, normal renal function",3073720,ACE-inhibitor renography,1-10 mSv☢☢☢,,May be appropriate
423,Urologic,"HTN, high suspicion renal vascular, normal renal function",3073720,Arteriography kidney,1-10 mSv☢☢☢,,Usually not appropriate
424,Urologic,"HTN, high suspicion renal vascular, normal renal function",3073720,Venography with renal vein sampling,Varies,Varies,Usually not appropriate
425,Urologic,"Hydronephrosis, unknown cause, asymptomatic, pregnant, initial imaging",3197013,US color Doppler kidneys and bladder retroperitoneal,0 mSvO,0 mSv [ped]O,Usually appropriate
426,Urologic,"Hydronephrosis, unknown cause, asymptomatic, pregnant, initial imaging",3197013,US abdomen,0 mSvO,0 mSv [ped]O,May be appropriate
427,Urologic,"Hydronephrosis, unknown cause, asymptomatic, pregnant, initial imaging",3197013,MRI abdomen and pelvis without IV contrast,0 mSvO,0 mSv [ped]O,May be appropriate (Disagreement)
428,Urologic,"Hydronephrosis, unknown cause, asymptomatic, pregnant, initial imaging",3197013,MRU without IV contrast,0 mSvO,0 mSv [ped]O,May be appropriate
429,Urologic,"Hydronephrosis, unknown cause, asymptomatic, pregnant, initial imaging",3197013,Fluoroscopy voiding cystourethrography,0.1-1mSv☢☢,0.03-0.3 mSv [ped]☢☢,Usually not appropriate
430,Urologic,"Hydronephrosis, unknown cause, asymptomatic, pregnant, initial imaging",3197013,Fluoroscopy antegrade pyelography,1-10 mSv☢☢☢,,Usually not appropriate
431,Urologic,"Hydronephrosis, unknown cause, asymptomatic, pregnant, initial imaging",3197013,Radiography abdomen and pelvis,1-10 mSv☢☢☢,0.3-3 mSv [ped]☢☢☢,Usually not appropriate
432,Urologic,"Hydronephrosis, unknown cause, asymptomatic, pregnant, initial imaging",3197013,Radiography intravenous urography,1-10 mSv☢☢☢,0.3-3 mSv [ped]☢☢☢,Usually not appropriate
433,Urologic,"Hydronephrosis, unknown cause, asymptomatic, pregnant, initial imaging",3197013,MRI abdomen and pelvis without and with IV contrast,0 mSvO,0 mSv [ped]O,Usually not appropriate
434,Urologic,"Hydronephrosis, unknown cause, asymptomatic, pregnant, initial imaging",3197013,MRI abdomen without and with IV contrast,0 mSvO,0 mSv [ped]O,Usually not appropriate
435,Urologic,"Hydronephrosis, unknown cause, asymptomatic, pregnant, initial imaging",3197013,MRI abdomen without IV contrast,0 mSvO,0 mSv [ped]O,Usually not appropriate
436,Urologic,"Hydronephrosis, unknown cause, asymptomatic, pregnant, initial imaging",3197013,MRU without and with IV contrast,0 mSvO,0 mSv [ped]O,Usually not appropriate
437,Urologic,"Hydronephrosis, unknown cause, asymptomatic, pregnant, initial imaging",3197013,CT abdomen and pelvis with IV contrast,1-10 mSv☢☢☢,3-10 mSv [ped]☢☢☢☢,Usually not appropriate
438,Urologic,"Hydronephrosis, unknown cause, asymptomatic, pregnant, initial imaging",3197013,CT abdomen and pelvis without IV contrast,1-10 mSv☢☢☢,3-10 mSv [ped]☢☢☢☢,Usually not appropriate
439,Urologic,"Hydronephrosis, unknown cause, asymptomatic, pregnant, initial imaging",3197013,CT abdomen with IV contrast,1-10 mSv☢☢☢,3-10 mSv [ped]☢☢☢☢,Usually not appropriate
440,Urologic,"Hydronephrosis, unknown cause, asymptomatic, pregnant, initial imaging",3197013,CT abdomen without IV contrast,1-10 mSv☢☢☢,3-10 mSv [ped]☢☢☢☢,Usually not appropriate
441,Urologic,"Hydronephrosis, unknown cause, asymptomatic, pregnant, initial imaging",3197013,DTPA renal scan,1-10 mSv☢☢☢,0.3-3 mSv [ped]☢☢☢,Usually not appropriate
442,Urologic,"Hydronephrosis, unknown cause, asymptomatic, pregnant, initial imaging",3197013,MAG3 renal scan,1-10 mSv☢☢☢,0.3-3 mSv [ped]☢☢☢,Usually not appropriate
443,Urologic,"Hydronephrosis, unknown cause, asymptomatic, pregnant, initial imaging",3197013,CT abdomen and pelvis without and with IV contrast,10-30 mSv☢☢☢☢,10-30 mSv [ped]☢☢☢☢☢,Usually not appropriate
444,Urologic,"Hydronephrosis, unknown cause, asymptomatic, pregnant, initial imaging",3197013,CT abdomen without and with IV contrast,10-30 mSv☢☢☢☢,10-30 mSv [ped]☢☢☢☢☢,Usually not appropriate
445,Urologic,"Hydronephrosis, unknown cause, asymptomatic, pregnant, initial imaging",3197013,CTU without and with IV contrast,10-30 mSv☢☢☢☢,10-30 mSv [ped]☢☢☢☢☢,Usually not appropriate
446,Urologic,"Hydronephrosis, unknown cause, bilateral, asymptomatic, initial imaging",3197008,MRU without and with IV contrast,0 mSvO,0 mSv [ped]O,Usually appropriate
447,Urologic,"Hydronephrosis, unknown cause, bilateral, asymptomatic, initial imaging",3197008,MAG3 renal scan,1-10 mSv☢☢☢,0.3-3 mSv [ped]☢☢☢,Usually appropriate
448,Urologic,"Hydronephrosis, unknown cause, bilateral, asymptomatic, initial imaging",3197008,MRU without IV contrast,0 mSvO,0 mSv [ped]O,May be appropriate
449,Urologic,"Hydronephrosis, unknown cause, bilateral, asymptomatic, initial imaging",3197008,CT abdomen and pelvis with IV contrast,1-10 mSv☢☢☢,3-10 mSv [ped]☢☢☢☢,May be appropriate (Disagreement)
450,Urologic,"Hydronephrosis, unknown cause, bilateral, asymptomatic, initial imaging",3197008,CT abdomen and pelvis without IV contrast,1-10 mSv☢☢☢,3-10 mSv [ped]☢☢☢☢,May be appropriate
451,Urologic,"Hydronephrosis, unknown cause, bilateral, asymptomatic, initial imaging",3197008,DTPA renal scan,1-10 mSv☢☢☢,0.3-3 mSv [ped]☢☢☢,May be appropriate (Disagreement)
452,Urologic,"Hydronephrosis, unknown cause, bilateral, asymptomatic, initial imaging",3197008,CTU without and with IV contrast,10-30 mSv☢☢☢☢,10-30 mSv [ped]☢☢☢☢☢,May be appropriate (Disagreement)
453,Urologic,"Hydronephrosis, unknown cause, bilateral, asymptomatic, initial imaging",3197008,US abdomen,0 mSvO,0 mSv [ped]O,Usually not appropriate
454,Urologic,"Hydronephrosis, unknown cause, bilateral, asymptomatic, initial imaging",3197008,US color Doppler kidneys and bladder retroperitoneal,0 mSvO,0 mSv [ped]O,Usually not appropriate
455,Urologic,"Hydronephrosis, unknown cause, bilateral, asymptomatic, initial imaging",3197008,Fluoroscopy voiding cystourethrography,0.1-1mSv☢☢,0.03-0.3 mSv [ped]☢☢,Usually not appropriate
456,Urologic,"Hydronephrosis, unknown cause, bilateral, asymptomatic, initial imaging",3197008,Fluoroscopy antegrade pyelography,1-10 mSv☢☢☢,,Usually not appropriate
457,Urologic,"Hydronephrosis, unknown cause, bilateral, asymptomatic, initial imaging",3197008,Radiography abdomen and pelvis,1-10 mSv☢☢☢,0.3-3 mSv [ped]☢☢☢,Usually not appropriate
458,Urologic,"Hydronephrosis, unknown cause, bilateral, asymptomatic, initial imaging",3197008,Radiography intravenous urography,1-10 mSv☢☢☢,0.3-3 mSv [ped]☢☢☢,Usually not appropriate
459,Urologic,"Hydronephrosis, unknown cause, bilateral, asymptomatic, initial imaging",3197008,MRI abdomen and pelvis without and with IV contrast,0 mSvO,0 mSv [ped]O,Usually not appropriate
460,Urologic,"Hydronephrosis, unknown cause, bilateral, asymptomatic, initial imaging",3197008,MRI abdomen and pelvis without IV contrast,0 mSvO,0 mSv [ped]O,Usually not appropriate
461,Urologic,"Hydronephrosis, unknown cause, bilateral, asymptomatic, initial imaging",3197008,MRI abdomen without and with IV contrast,0 mSvO,0 mSv [ped]O,Usually not appropriate
462,Urologic,"Hydronephrosis, unknown cause, bilateral, asymptomatic, initial imaging",3197008,MRI abdomen without IV contrast,0 mSvO,0 mSv [ped]O,Usually not appropriate
463,Urologic,"Hydronephrosis, unknown cause, bilateral, asymptomatic, initial imaging",3197008,CT abdomen with IV contrast,1-10 mSv☢☢☢,3-10 mSv [ped]☢☢☢☢,Usually not appropriate
464,Urologic,"Hydronephrosis, unknown cause, bilateral, asymptomatic, initial imaging",3197008,CT abdomen without IV contrast,1-10 mSv☢☢☢,3-10 mSv [ped]☢☢☢☢,Usually not appropriate
465,Urologic,"Hydronephrosis, unknown cause, bilateral, asymptomatic, initial imaging",3197008,CT abdomen and pelvis without and with IV contrast,10-30 mSv☢☢☢☢,10-30 mSv [ped]☢☢☢☢☢,Usually not appropriate
466,Urologic,"Hydronephrosis, unknown cause, bilateral, asymptomatic, initial imaging",3197008,CT abdomen without and with IV contrast,10-30 mSv☢☢☢☢,10-30 mSv [ped]☢☢☢☢☢,Usually not appropriate
467,Urologic,"Hydronephrosis, unknown cause, solitary kidney, asymptomatic, initial imaging",3197009,MRU without and with IV contrast,0 mSvO,0 mSv [ped]O,Usually appropriate
468,Urologic,"Hydronephrosis, unknown cause, solitary kidney, asymptomatic, initial imaging",3197009,MAG3 renal scan,1-10 mSv☢☢☢,0.3-3 mSv [ped]☢☢☢,Usually appropriate
469,Urologic,"Hydronephrosis, unknown cause, solitary kidney, asymptomatic, initial imaging",3197009,MRU without IV contrast,0 mSvO,0 mSv [ped]O,May be appropriate
470,Urologic,"Hydronephrosis, unknown cause, solitary kidney, asymptomatic, initial imaging",3197009,CT abdomen and pelvis with IV contrast,1-10 mSv☢☢☢,3-10 mSv [ped]☢☢☢☢,May be appropriate (Disagreement)
471,Urologic,"Hydronephrosis, unknown cause, solitary kidney, asymptomatic, initial imaging",3197009,CT abdomen and pelvis without IV contrast,1-10 mSv☢☢☢,3-10 mSv [ped]☢☢☢☢,May be appropriate
472,Urologic,"Hydronephrosis, unknown cause, solitary kidney, asymptomatic, initial imaging",3197009,DTPA renal scan,1-10 mSv☢☢☢,0.3-3 mSv [ped]☢☢☢,May be appropriate (Disagreement)
473,Urologic,"Hydronephrosis, unknown cause, solitary kidney, asymptomatic, initial imaging",3197009,CTU without and with IV contrast,10-30 mSv☢☢☢☢,10-30 mSv [ped]☢☢☢☢☢,May be appropriate (Disagreement)
474,Urologic,"Hydronephrosis, unknown cause, solitary kidney, asymptomatic, initial imaging",3197009,US abdomen,0 mSvO,0 mSv [ped]O,Usually not appropriate
475,Urologic,"Hydronephrosis, unknown cause, solitary kidney, asymptomatic, initial imaging",3197009,US color Doppler kidneys and bladder retroperitoneal,0 mSvO,0 mSv [ped]O,Usually not appropriate
476,Urologic,"Hydronephrosis, unknown cause, solitary kidney, asymptomatic, initial imaging",3197009,Fluoroscopy voiding cystourethrography,0.1-1mSv☢☢,0.03-0.3 mSv [ped]☢☢,Usually not appropriate
477,Urologic,"Hydronephrosis, unknown cause, solitary kidney, asymptomatic, initial imaging",3197009,Fluoroscopy antegrade pyelography,1-10 mSv☢☢☢,,Usually not appropriate
478,Urologic,"Hydronephrosis, unknown cause, solitary kidney, asymptomatic, initial imaging",3197009,Radiography abdomen and pelvis,1-10 mSv☢☢☢,0.3-3 mSv [ped]☢☢☢,Usually not appropriate
479,Urologic,"Hydronephrosis, unknown cause, solitary kidney, asymptomatic, initial imaging",3197009,Radiography intravenous urography,1-10 mSv☢☢☢,0.3-3 mSv [ped]☢☢☢,Usually not appropriate
480,Urologic,"Hydronephrosis, unknown cause, solitary kidney, asymptomatic, initial imaging",3197009,MRI abdomen and pelvis without and with IV contrast,0 mSvO,0 mSv [ped]O,Usually not appropriate
481,Urologic,"Hydronephrosis, unknown cause, solitary kidney, asymptomatic, initial imaging",3197009,MRI abdomen and pelvis without IV contrast,0 mSvO,0 mSv [ped]O,Usually not appropriate
482,Urologic,"Hydronephrosis, unknown cause, solitary kidney, asymptomatic, initial imaging",3197009,MRI abdomen without and with IV contrast,0 mSvO,0 mSv [ped]O,Usually not appropriate
483,Urologic,"Hydronephrosis, unknown cause, solitary kidney, asymptomatic, initial imaging",3197009,MRI abdomen without IV contrast,0 mSvO,0 mSv [ped]O,Usually not appropriate
484,Urologic,"Hydronephrosis, unknown cause, solitary kidney, asymptomatic, initial imaging",3197009,CT abdomen with IV contrast,1-10 mSv☢☢☢,3-10 mSv [ped]☢☢☢☢,Usually not appropriate
485,Urologic,"Hydronephrosis, unknown cause, solitary kidney, asymptomatic, initial imaging",3197009,CT abdomen without IV contrast,1-10 mSv☢☢☢,3-10 mSv [ped]☢☢☢☢,Usually not appropriate
486,Urologic,"Hydronephrosis, unknown cause, solitary kidney, asymptomatic, initial imaging",3197009,CT abdomen and pelvis without and with IV contrast,10-30 mSv☢☢☢☢,10-30 mSv [ped]☢☢☢☢☢,Usually not appropriate
487,Urologic,"Hydronephrosis, unknown cause, solitary kidney, asymptomatic, initial imaging",3197009,CT abdomen without and with IV contrast,10-30 mSv☢☢☢☢,10-30 mSv [ped]☢☢☢☢☢,Usually not appropriate
488,Urologic,"Hydronephrosis, unknown cause, symptomatic, initial imaging",3197011,US color Doppler kidneys and bladder retroperitoneal,0 mSvO,0 mSv [ped]O,Usually appropriate
489,Urologic,"Hydronephrosis, unknown cause, symptomatic, initial imaging",3197011,MRU without and with IV contrast,0 mSvO,0 mSv [ped]O,Usually appropriate
490,Urologic,"Hydronephrosis, unknown cause, symptomatic, initial imaging",3197011,MAG3 renal scan,1-10 mSv☢☢☢,0.3-3 mSv [ped]☢☢☢,Usually appropriate
491,Urologic,"Hydronephrosis, unknown cause, symptomatic, initial imaging",3197011,CTU without and with IV contrast,10-30 mSv☢☢☢☢,10-30 mSv [ped]☢☢☢☢☢,Usually appropriate
492,Urologic,"Hydronephrosis, unknown cause, symptomatic, initial imaging",3197011,US abdomen,0 mSvO,0 mSv [ped]O,May be appropriate (Disagreement)
493,Urologic,"Hydronephrosis, unknown cause, symptomatic, initial imaging",3197011,MRI abdomen and pelvis without and with IV contrast,0 mSvO,0 mSv [ped]O,May be appropriate
494,Urologic,"Hydronephrosis, unknown cause, symptomatic, initial imaging",3197011,MRI abdomen and pelvis without IV contrast,0 mSvO,0 mSv [ped]O,May be appropriate
495,Urologic,"Hydronephrosis, unknown cause, symptomatic, initial imaging",3197011,MRU without IV contrast,0 mSvO,0 mSv [ped]O,May be appropriate
496,Urologic,"Hydronephrosis, unknown cause, symptomatic, initial imaging",3197011,CT abdomen and pelvis with IV contrast,1-10 mSv☢☢☢,3-10 mSv [ped]☢☢☢☢,May be appropriate
497,Urologic,"Hydronephrosis, unknown cause, symptomatic, initial imaging",3197011,CT abdomen and pelvis without IV contrast,1-10 mSv☢☢☢,3-10 mSv [ped]☢☢☢☢,May be appropriate
498,Urologic,"Hydronephrosis, unknown cause, symptomatic, initial imaging",3197011,DTPA renal scan,1-10 mSv☢☢☢,0.3-3 mSv [ped]☢☢☢,May be appropriate
499,Urologic,"Hydronephrosis, unknown cause, symptomatic, initial imaging",3197011,Fluoroscopy voiding cystourethrography,0.1-1mSv☢☢,0.03-0.3 mSv [ped]☢☢,Usually not appropriate
500,Urologic,"Hydronephrosis, unknown cause, symptomatic, initial imaging",3197011,Fluoroscopy antegrade pyelography,1-10 mSv☢☢☢,,Usually not appropriate
501,Urologic,"Hydronephrosis, unknown cause, symptomatic, initial imaging",3197011,Radiography abdomen and pelvis,1-10 mSv☢☢☢,0.3-3 mSv [ped]☢☢☢,Usually not appropriate
502,Urologic,"Hydronephrosis, unknown cause, symptomatic, initial imaging",3197011,Radiography intravenous urography,1-10 mSv☢☢☢,0.3-3 mSv [ped]☢☢☢,Usually not appropriate
503,Urologic,"Hydronephrosis, unknown cause, symptomatic, initial imaging",3197011,MRI abdomen without and with IV contrast,0 mSvO,0 mSv [ped]O,Usually not appropriate
504,Urologic,"Hydronephrosis, unknown cause, symptomatic, initial imaging",3197011,MRI abdomen without IV contrast,0 mSvO,0 mSv [ped]O,Usually not appropriate
505,Urologic,"Hydronephrosis, unknown cause, symptomatic, initial imaging",3197011,CT abdomen with IV contrast,1-10 mSv☢☢☢,3-10 mSv [ped]☢☢☢☢,Usually not appropriate
506,Urologic,"Hydronephrosis, unknown cause, symptomatic, initial imaging",3197011,CT abdomen without IV contrast,1-10 mSv☢☢☢,3-10 mSv [ped]☢☢☢☢,Usually not appropriate
507,Urologic,"Hydronephrosis, unknown cause, symptomatic, initial imaging",3197011,CT abdomen and pelvis without and with IV contrast,10-30 mSv☢☢☢☢,10-30 mSv [ped]☢☢☢☢☢,Usually not appropriate
508,Urologic,"Hydronephrosis, unknown cause, symptomatic, initial imaging",3197011,CT abdomen without and with IV contrast,10-30 mSv☢☢☢☢,10-30 mSv [ped]☢☢☢☢☢,Usually not appropriate
509,Urologic,"Hydronephrosis, unknown cause, symptomatic, pregnant, initial imaging",3197015,US color Doppler kidneys and bladder retroperitoneal,0 mSvO,0 mSv [ped]O,Usually appropriate
510,Urologic,"Hydronephrosis, unknown cause, symptomatic, pregnant, initial imaging",3197015,MRU without IV contrast,0 mSvO,0 mSv [ped]O,Usually appropriate
511,Urologic,"Hydronephrosis, unknown cause, symptomatic, pregnant, initial imaging",3197015,US abdomen,0 mSvO,0 mSv [ped]O,May be appropriate
512,Urologic,"Hydronephrosis, unknown cause, symptomatic, pregnant, initial imaging",3197015,MRI abdomen and pelvis without IV contrast,0 mSvO,0 mSv [ped]O,May be appropriate
513,Urologic,"Hydronephrosis, unknown cause, symptomatic, pregnant, initial imaging",3197015,CT abdomen and pelvis without IV contrast,1-10 mSv☢☢☢,3-10 mSv [ped]☢☢☢☢,May be appropriate
514,Urologic,"Hydronephrosis, unknown cause, symptomatic, pregnant, initial imaging",3197015,Fluoroscopy voiding cystourethrography,0.1-1mSv☢☢,0.03-0.3 mSv [ped]☢☢,Usually not appropriate
515,Urologic,"Hydronephrosis, unknown cause, symptomatic, pregnant, initial imaging",3197015,Fluoroscopy antegrade pyelography,1-10 mSv☢☢☢,,Usually not appropriate
516,Urologic,"Hydronephrosis, unknown cause, symptomatic, pregnant, initial imaging",3197015,Radiography abdomen and pelvis,1-10 mSv☢☢☢,0.3-3 mSv [ped]☢☢☢,Usually not appropriate
517,Urologic,"Hydronephrosis, unknown cause, symptomatic, pregnant, initial imaging",3197015,Radiography intravenous urography,1-10 mSv☢☢☢,0.3-3 mSv [ped]☢☢☢,Usually not appropriate
518,Urologic,"Hydronephrosis, unknown cause, symptomatic, pregnant, initial imaging",3197015,MRI abdomen and pelvis without and with IV contrast,0 mSvO,0 mSv [ped]O,Usually not appropriate
519,Urologic,"Hydronephrosis, unknown cause, symptomatic, pregnant, initial imaging",3197015,MRI abdomen without and with IV contrast,0 mSvO,0 mSv [ped]O,Usually not appropriate
520,Urologic,"Hydronephrosis, unknown cause, symptomatic, pregnant, initial imaging",3197015,MRI abdomen without IV contrast,0 mSvO,0 mSv [ped]O,Usually not appropriate
521,Urologic,"Hydronephrosis, unknown cause, symptomatic, pregnant, initial imaging",3197015,MRU without and with IV contrast,0 mSvO,0 mSv [ped]O,Usually not appropriate
522,Urologic,"Hydronephrosis, unknown cause, symptomatic, pregnant, initial imaging",3197015,CT abdomen and pelvis with IV contrast,1-10 mSv☢☢☢,3-10 mSv [ped]☢☢☢☢,Usually not appropriate
523,Urologic,"Hydronephrosis, unknown cause, symptomatic, pregnant, initial imaging",3197015,CT abdomen with IV contrast,1-10 mSv☢☢☢,3-10 mSv [ped]☢☢☢☢,Usually not appropriate
524,Urologic,"Hydronephrosis, unknown cause, symptomatic, pregnant, initial imaging",3197015,CT abdomen without IV contrast,1-10 mSv☢☢☢,3-10 mSv [ped]☢☢☢☢,Usually not appropriate
525,Urologic,"Hydronephrosis, unknown cause, symptomatic, pregnant, initial imaging",3197015,DTPA renal scan,1-10 mSv☢☢☢,0.3-3 mSv [ped]☢☢☢,Usually not appropriate
526,Urologic,"Hydronephrosis, unknown cause, symptomatic, pregnant, initial imaging",3197015,MAG3 renal scan,1-10 mSv☢☢☢,0.3-3 mSv [ped]☢☢☢,Usually not appropriate
527,Urologic,"Hydronephrosis, unknown cause, symptomatic, pregnant, initial imaging",3197015,CT abdomen and pelvis without and with IV contrast,10-30 mSv☢☢☢☢,10-30 mSv [ped]☢☢☢☢☢,Usually not appropriate
528,Urologic,"Hydronephrosis, unknown cause, symptomatic, pregnant, initial imaging",3197015,CT abdomen without and with IV contrast,10-30 mSv☢☢☢☢,10-30 mSv [ped]☢☢☢☢☢,Usually not appropriate
529,Urologic,"Hydronephrosis, unknown cause, symptomatic, pregnant, initial imaging",3197015,CTU without and with IV contrast,10-30 mSv☢☢☢☢,10-30 mSv [ped]☢☢☢☢☢,Usually not appropriate
530,Urologic,"Hydronephrosis, unknown cause, unilateral, asymptomatic, initial imaging",3197006,MRU without and with IV contrast,0 mSvO,0 mSv [ped]O,Usually appropriate
531,Urologic,"Hydronephrosis, unknown cause, unilateral, asymptomatic, initial imaging",3197006,MAG3 renal scan,1-10 mSv☢☢☢,0.3-3 mSv [ped]☢☢☢,Usually appropriate
532,Urologic,"Hydronephrosis, unknown cause, unilateral, asymptomatic, initial imaging",3197006,CTU without and with IV contrast,10-30 mSv☢☢☢☢,10-30 mSv [ped]☢☢☢☢☢,Usually appropriate
533,Urologic,"Hydronephrosis, unknown cause, unilateral, asymptomatic, initial imaging",3197006,US color Doppler kidneys and bladder retroperitoneal,0 mSvO,0 mSv [ped]O,May be appropriate
534,Urologic,"Hydronephrosis, unknown cause, unilateral, asymptomatic, initial imaging",3197006,MRU without IV contrast,0 mSvO,0 mSv [ped]O,May be appropriate
535,Urologic,"Hydronephrosis, unknown cause, unilateral, asymptomatic, initial imaging",3197006,CT abdomen and pelvis with IV contrast,1-10 mSv☢☢☢,3-10 mSv [ped]☢☢☢☢,May be appropriate (Disagreement)
536,Urologic,"Hydronephrosis, unknown cause, unilateral, asymptomatic, initial imaging",3197006,CT abdomen and pelvis without IV contrast,1-10 mSv☢☢☢,3-10 mSv [ped]☢☢☢☢,May be appropriate
537,Urologic,"Hydronephrosis, unknown cause, unilateral, asymptomatic, initial imaging",3197006,DTPA renal scan,1-10 mSv☢☢☢,0.3-3 mSv [ped]☢☢☢,May be appropriate (Disagreement)
538,Urologic,"Hydronephrosis, unknown cause, unilateral, asymptomatic, initial imaging",3197006,US abdomen,0 mSvO,0 mSv [ped]O,Usually not appropriate
539,Urologic,"Hydronephrosis, unknown cause, unilateral, asymptomatic, initial imaging",3197006,Fluoroscopy voiding cystourethrography,0.1-1mSv☢☢,0.03-0.3 mSv [ped]☢☢,Usually not appropriate
540,Urologic,"Hydronephrosis, unknown cause, unilateral, asymptomatic, initial imaging",3197006,Fluoroscopy antegrade pyelography,1-10 mSv☢☢☢,,Usually not appropriate
541,Urologic,"Hydronephrosis, unknown cause, unilateral, asymptomatic, initial imaging",3197006,Radiography abdomen and pelvis,1-10 mSv☢☢☢,0.3-3 mSv [ped]☢☢☢,Usually not appropriate
542,Urologic,"Hydronephrosis, unknown cause, unilateral, asymptomatic, initial imaging",3197006,Radiography intravenous urography,1-10 mSv☢☢☢,0.3-3 mSv [ped]☢☢☢,Usually not appropriate
543,Urologic,"Hydronephrosis, unknown cause, unilateral, asymptomatic, initial imaging",3197006,MRI abdomen and pelvis without and with IV contrast,0 mSvO,0 mSv [ped]O,Usually not appropriate
544,Urologic,"Hydronephrosis, unknown cause, unilateral, asymptomatic, initial imaging",3197006,MRI abdomen and pelvis without IV contrast,0 mSvO,0 mSv [ped]O,Usually not appropriate
545,Urologic,"Hydronephrosis, unknown cause, unilateral, asymptomatic, initial imaging",3197006,MRI abdomen without and with IV contrast,0 mSvO,0 mSv [ped]O,Usually not appropriate
546,Urologic,"Hydronephrosis, unknown cause, unilateral, asymptomatic, initial imaging",3197006,MRI abdomen without IV contrast,0 mSvO,0 mSv [ped]O,Usually not appropriate
547,Urologic,"Hydronephrosis, unknown cause, unilateral, asymptomatic, initial imaging",3197006,CT abdomen with IV contrast,1-10 mSv☢☢☢,3-10 mSv [ped]☢☢☢☢,Usually not appropriate
548,Urologic,"Hydronephrosis, unknown cause, unilateral, asymptomatic, initial imaging",3197006,CT abdomen without IV contrast,1-10 mSv☢☢☢,3-10 mSv [ped]☢☢☢☢,Usually not appropriate
549,Urologic,"Hydronephrosis, unknown cause, unilateral, asymptomatic, initial imaging",3197006,CT abdomen and pelvis without and with IV contrast,10-30 mSv☢☢☢☢,10-30 mSv [ped]☢☢☢☢☢,Usually not appropriate
550,Urologic,"Hydronephrosis, unknown cause, unilateral, asymptomatic, initial imaging",3197006,CT abdomen without and with IV contrast,10-30 mSv☢☢☢☢,10-30 mSv [ped]☢☢☢☢☢,Usually not appropriate
551,Urologic,"Lower abdominal trauma, penetrating, urinary tract injury suspected",3073724,Fluoroscopy retrograde cystography,1-10 mSv☢☢☢,,Usually appropriate
552,Urologic,"Lower abdominal trauma, penetrating, urinary tract injury suspected",3073724,CT pelvis with bladder contrast (CT cystography),10-30 mSv☢☢☢☢,3-10 mSv [ped]☢☢☢☢,Usually appropriate
553,Urologic,"Lower abdominal trauma, penetrating, urinary tract injury suspected",3073724,Radiography pelvis,0.1-1mSv☢☢,0.03-0.3 mSv [ped]☢☢,May be appropriate
554,Urologic,"Lower abdominal trauma, penetrating, urinary tract injury suspected",3073724,Fluoroscopy retrograde urethrography,1-10 mSv☢☢☢,0.3-3 mSv [ped]☢☢☢,May be appropriate
555,Urologic,"Lower abdominal trauma, penetrating, urinary tract injury suspected",3073724,CT pelvis with IV contrast,1-10 mSv☢☢☢,3-10 mSv [ped]☢☢☢☢,May be appropriate
556,Urologic,"Lower abdominal trauma, penetrating, urinary tract injury suspected",3073724,CT pelvis without IV contrast,1-10 mSv☢☢☢,3-10 mSv [ped]☢☢☢☢,May be appropriate
557,Urologic,"Lower abdominal trauma, penetrating, urinary tract injury suspected",3073724,US pelvis (bladder and urethra),0 mSvO,0 mSv [ped]O,Usually not appropriate
558,Urologic,"Lower abdominal trauma, penetrating, urinary tract injury suspected",3073724,Radiography intravenous urography,1-10 mSv☢☢☢,0.3-3 mSv [ped]☢☢☢,Usually not appropriate
559,Urologic,"Lower abdominal trauma, penetrating, urinary tract injury suspected",3073724,Arteriography with possible embolization abdomen and pelvis,Varies,Varies,Usually not appropriate
560,Urologic,"Lower abdominal trauma, penetrating, urinary tract injury suspected",3073724,MRI pelvis without and with IV contrast,0 mSvO,0 mSv [ped]O,Usually not appropriate
561,Urologic,"Lower abdominal trauma, penetrating, urinary tract injury suspected",3073724,MRI pelvis without IV contrast,0 mSvO,0 mSv [ped]O,Usually not appropriate
562,Urologic,"Lower abdominal trauma, penetrating, urinary tract injury suspected",3073724,MAG3 renal scan,1-10 mSv☢☢☢,0.3-3 mSv [ped]☢☢☢,Usually not appropriate
563,Urologic,"Lower abdominal trauma, penetrating, urinary tract injury suspected",3073724,CT pelvis without and with IV contrast,10-30 mSv☢☢☢☢,3-10 mSv [ped]☢☢☢☢,Usually not appropriate
564,Urologic,"Prostate cancer suspected, no prior biopsy, initial diagnosis, initial imaging",3196073,MRI-targeted biopsy prostate,0 mSvO,0 mSv [ped]O,Usually appropriate
565,Urologic,"Prostate cancer suspected, no prior biopsy, initial diagnosis, initial imaging",3196073,TRUS-guided biopsy prostate,0 mSvO,0 mSv [ped]O,Usually appropriate
566,Urologic,"Prostate cancer suspected, no prior biopsy, initial diagnosis, initial imaging",3196073,MRI pelvis without and with IV contrast,0 mSvO,0 mSv [ped]O,Usually appropriate
567,Urologic,"Prostate cancer suspected, no prior biopsy, initial diagnosis, initial imaging",3196073,MRI pelvis without IV contrast,0 mSvO,0 mSv [ped]O,Usually appropriate
568,Urologic,"Prostate cancer suspected, no prior biopsy, initial diagnosis, initial imaging",3196073,TRUS prostate,0 mSvO,0 mSv [ped]O,Usually not appropriate
569,Urologic,"Prostate cancer suspected, no prior biopsy, initial diagnosis, initial imaging",3196073,MRI abdomen and pelvis without and with IV contrast,0 mSvO,0 mSv [ped]O,Usually not appropriate
570,Urologic,"Prostate cancer suspected, no prior biopsy, initial diagnosis, initial imaging",3196073,MRI abdomen and pelvis without IV contrast,0 mSvO,0 mSv [ped]O,Usually not appropriate
571,Urologic,"Prostate cancer suspected, no prior biopsy, initial diagnosis, initial imaging",3196073,MRI whole body without and with IV contrast,0 mSvO,0 mSv [ped]O,Usually not appropriate
572,Urologic,"Prostate cancer suspected, no prior biopsy, initial diagnosis, initial imaging",3196073,MRI whole body without IV contrast,0 mSvO,0 mSv [ped]O,Usually not appropriate
573,Urologic,"Prostate cancer suspected, no prior biopsy, initial diagnosis, initial imaging",3196073,Bone scan whole body,1-10 mSv☢☢☢,3-10 mSv [ped]☢☢☢☢,Usually not appropriate
574,Urologic,"Prostate cancer suspected, no prior biopsy, initial diagnosis, initial imaging",3196073,Choline PET/CT skull base to mid-thigh,1-10 mSv☢☢☢,,Usually not appropriate
575,Urologic,"Prostate cancer suspected, no prior biopsy, initial diagnosis, initial imaging",3196073,Choline PET/MRI skull base to mid-thigh,1-10 mSv☢☢☢,,Usually not appropriate
576,Urologic,"Prostate cancer suspected, no prior biopsy, initial diagnosis, initial imaging",3196073,CT abdomen and pelvis with IV contrast,1-10 mSv☢☢☢,3-10 mSv [ped]☢☢☢☢,Usually not appropriate
577,Urologic,"Prostate cancer suspected, no prior biopsy, initial diagnosis, initial imaging",3196073,CT abdomen and pelvis without IV contrast,1-10 mSv☢☢☢,3-10 mSv [ped]☢☢☢☢,Usually not appropriate
578,Urologic,"Prostate cancer suspected, no prior biopsy, initial diagnosis, initial imaging",3196073,FDG-PET/MRI skull base to mid-thigh,1-10 mSv☢☢☢,,Usually not appropriate
579,Urologic,"Prostate cancer suspected, no prior biopsy, initial diagnosis, initial imaging",3196073,Fluciclovine PET/MRI skull base to mid-thigh,1-10 mSv☢☢☢,,Usually not appropriate
580,Urologic,"Prostate cancer suspected, no prior biopsy, initial diagnosis, initial imaging",3196073,CT abdomen and pelvis without and with IV contrast,10-30 mSv☢☢☢☢,10-30 mSv [ped]☢☢☢☢☢,Usually not appropriate
581,Urologic,"Prostate cancer suspected, no prior biopsy, initial diagnosis, initial imaging",3196073,CT chest abdomen pelvis with IV contrast,10-30 mSv☢☢☢☢,3-10 mSv [ped]☢☢☢☢,Usually not appropriate
582,Urologic,"Prostate cancer suspected, no prior biopsy, initial diagnosis, initial imaging",3196073,CT chest abdomen pelvis without and with IV contrast,10-30 mSv☢☢☢☢,10-30 mSv [ped]☢☢☢☢☢,Usually not appropriate
583,Urologic,"Prostate cancer suspected, no prior biopsy, initial diagnosis, initial imaging",3196073,CT chest abdomen pelvis without IV contrast,10-30 mSv☢☢☢☢,3-10 mSv [ped]☢☢☢☢,Usually not appropriate
584,Urologic,"Prostate cancer suspected, no prior biopsy, initial diagnosis, initial imaging",3196073,FDG-PET/CT whole body,10-30 mSv☢☢☢☢,3-10 mSv [ped]☢☢☢☢,Usually not appropriate
585,Urologic,"Prostate cancer suspected, no prior biopsy, initial diagnosis, initial imaging",3196073,Fluciclovine PET/CT skull base to mid-thigh,10-30 mSv☢☢☢☢,,Usually not appropriate
586,Urologic,"Prostate cancer suspected, no prior biopsy, initial diagnosis, initial imaging",3196073,Fluoride PET/CT whole body,10-30 mSv☢☢☢☢,3-10 mSv [ped]☢☢☢☢,Usually not appropriate
587,Urologic,"Prostate cancer suspected, no prior biopsy, initial diagnosis, initial imaging",3196073,PSMA PET/CT skull base to mid-thigh,10-30 mSv☢☢☢☢,,Usually not appropriate
588,Urologic,"Prostate cancer suspected, TRUS guided biopsy negative, initial diagnosis, next imaging study",3196074,MRI-targeted biopsy prostate,0 mSvO,0 mSv [ped]O,Usually appropriate
589,Urologic,"Prostate cancer suspected, TRUS guided biopsy negative, initial diagnosis, next imaging study",3196074,TRUS-guided biopsy prostate,0 mSvO,0 mSv [ped]O,Usually appropriate
590,Urologic,"Prostate cancer suspected, TRUS guided biopsy negative, initial diagnosis, next imaging study",3196074,MRI pelvis without and with IV contrast,0 mSvO,0 mSv [ped]O,Usually appropriate
591,Urologic,"Prostate cancer suspected, TRUS guided biopsy negative, initial diagnosis, next imaging study",3196074,MRI pelvis without IV contrast,0 mSvO,0 mSv [ped]O,Usually appropriate
592,Urologic,"Prostate cancer suspected, TRUS guided biopsy negative, initial diagnosis, next imaging study",3196074,TRUS prostate,0 mSvO,0 mSv [ped]O,Usually not appropriate
593,Urologic,"Prostate cancer suspected, TRUS guided biopsy negative, initial diagnosis, next imaging study",3196074,MRI abdomen and pelvis without and with IV contrast,0 mSvO,0 mSv [ped]O,Usually not appropriate
594,Urologic,"Prostate cancer suspected, TRUS guided biopsy negative, initial diagnosis, next imaging study",3196074,MRI abdomen and pelvis without IV contrast,0 mSvO,0 mSv [ped]O,Usually not appropriate
595,Urologic,"Prostate cancer suspected, TRUS guided biopsy negative, initial diagnosis, next imaging study",3196074,MRI whole body without and with IV contrast,0 mSvO,0 mSv [ped]O,Usually not appropriate
596,Urologic,"Prostate cancer suspected, TRUS guided biopsy negative, initial diagnosis, next imaging study",3196074,MRI whole body without IV contrast,0 mSvO,0 mSv [ped]O,Usually not appropriate
597,Urologic,"Prostate cancer suspected, TRUS guided biopsy negative, initial diagnosis, next imaging study",3196074,Bone scan whole body,1-10 mSv☢☢☢,3-10 mSv [ped]☢☢☢☢,Usually not appropriate
598,Urologic,"Prostate cancer suspected, TRUS guided biopsy negative, initial diagnosis, next imaging study",3196074,Choline PET/CT skull base to mid-thigh,1-10 mSv☢☢☢,,Usually not appropriate
599,Urologic,"Prostate cancer suspected, TRUS guided biopsy negative, initial diagnosis, next imaging study",3196074,Choline PET/MRI skull base to mid-thigh,1-10 mSv☢☢☢,,Usually not appropriate
600,Urologic,"Prostate cancer suspected, TRUS guided biopsy negative, initial diagnosis, next imaging study",3196074,CT abdomen and pelvis with IV contrast,1-10 mSv☢☢☢,3-10 mSv [ped]☢☢☢☢,Usually not appropriate
601,Urologic,"Prostate cancer suspected, TRUS guided biopsy negative, initial diagnosis, next imaging study",3196074,CT abdomen and pelvis without IV contrast,1-10 mSv☢☢☢,3-10 mSv [ped]☢☢☢☢,Usually not appropriate
602,Urologic,"Prostate cancer suspected, TRUS guided biopsy negative, initial diagnosis, next imaging study",3196074,FDG-PET/MRI skull base to mid-thigh,1-10 mSv☢☢☢,,Usually not appropriate
603,Urologic,"Prostate cancer suspected, TRUS guided biopsy negative, initial diagnosis, next imaging study",3196074,Fluciclovine PET/MRI skull base to mid-thigh,1-10 mSv☢☢☢,,Usually not appropriate
604,Urologic,"Prostate cancer suspected, TRUS guided biopsy negative, initial diagnosis, next imaging study",3196074,CT abdomen and pelvis without and with IV contrast,10-30 mSv☢☢☢☢,10-30 mSv [ped]☢☢☢☢☢,Usually not appropriate
605,Urologic,"Prostate cancer suspected, TRUS guided biopsy negative, initial diagnosis, next imaging study",3196074,CT chest abdomen pelvis with IV contrast,10-30 mSv☢☢☢☢,3-10 mSv [ped]☢☢☢☢,Usually not appropriate
606,Urologic,"Prostate cancer suspected, TRUS guided biopsy negative, initial diagnosis, next imaging study",3196074,CT chest abdomen pelvis without and with IV contrast,10-30 mSv☢☢☢☢,10-30 mSv [ped]☢☢☢☢☢,Usually not appropriate
607,Urologic,"Prostate cancer suspected, TRUS guided biopsy negative, initial diagnosis, next imaging study",3196074,CT chest abdomen pelvis without IV contrast,10-30 mSv☢☢☢☢,3-10 mSv [ped]☢☢☢☢,Usually not appropriate
608,Urologic,"Prostate cancer suspected, TRUS guided biopsy negative, initial diagnosis, next imaging study",3196074,FDG-PET/CT whole body,10-30 mSv☢☢☢☢,3-10 mSv [ped]☢☢☢☢,Usually not appropriate
609,Urologic,"Prostate cancer suspected, TRUS guided biopsy negative, initial diagnosis, next imaging study",3196074,Fluciclovine PET/CT skull base to mid-thigh,10-30 mSv☢☢☢☢,,Usually not appropriate
610,Urologic,"Prostate cancer suspected, TRUS guided biopsy negative, initial diagnosis, next imaging study",3196074,Fluoride PET/CT whole body,10-30 mSv☢☢☢☢,3-10 mSv [ped]☢☢☢☢,Usually not appropriate
611,Urologic,"Prostate cancer suspected, TRUS guided biopsy negative, initial diagnosis, next imaging study",3196074,PSMA PET/CT skull base to mid-thigh,10-30 mSv☢☢☢☢,,Usually not appropriate
612,Urologic,"Prostate cancer, high risk, staging",3196078,MRI abdomen and pelvis without and with IV contrast,0 mSvO,0 mSv [ped]O,Usually appropriate
613,Urologic,"Prostate cancer, high risk, staging",3196078,MRI pelvis without and with IV contrast,0 mSvO,0 mSv [ped]O,Usually appropriate
614,Urologic,"Prostate cancer, high risk, staging",3196078,Bone scan whole body,1-10 mSv☢☢☢,3-10 mSv [ped]☢☢☢☢,Usually appropriate
615,Urologic,"Prostate cancer, high risk, staging",3196078,Choline PET/CT skull base to mid-thigh,1-10 mSv☢☢☢,,Usually appropriate
616,Urologic,"Prostate cancer, high risk, staging",3196078,Choline PET/MRI skull base to mid-thigh,1-10 mSv☢☢☢,,Usually appropriate
617,Urologic,"Prostate cancer, high risk, staging",3196078,CT abdomen and pelvis with IV contrast,1-10 mSv☢☢☢,3-10 mSv [ped]☢☢☢☢,Usually appropriate
618,Urologic,"Prostate cancer, high risk, staging",3196078,Fluciclovine PET/MRI skull base to mid-thigh,1-10 mSv☢☢☢,,Usually appropriate
619,Urologic,"Prostate cancer, high risk, staging",3196078,CT chest abdomen pelvis with IV contrast,10-30 mSv☢☢☢☢,3-10 mSv [ped]☢☢☢☢,Usually appropriate
620,Urologic,"Prostate cancer, high risk, staging",3196078,Fluciclovine PET/CT skull base to mid-thigh,10-30 mSv☢☢☢☢,,Usually appropriate
621,Urologic,"Prostate cancer, high risk, staging",3196078,Fluoride PET/CT whole body,10-30 mSv☢☢☢☢,3-10 mSv [ped]☢☢☢☢,Usually appropriate
622,Urologic,"Prostate cancer, high risk, staging",3196078,PSMA PET/CT skull base to mid-thigh,10-30 mSv☢☢☢☢,,Usually appropriate
623,Urologic,"Prostate cancer, high risk, staging",3196078,MRI abdomen and pelvis without IV contrast,0 mSvO,0 mSv [ped]O,May be appropriate
624,Urologic,"Prostate cancer, high risk, staging",3196078,MRI pelvis without IV contrast,0 mSvO,0 mSv [ped]O,May be appropriate
625,Urologic,"Prostate cancer, high risk, staging",3196078,MRI whole body without and with IV contrast,0 mSvO,0 mSv [ped]O,May be appropriate
626,Urologic,"Prostate cancer, high risk, staging",3196078,MRI whole body without IV contrast,0 mSvO,0 mSv [ped]O,May be appropriate
627,Urologic,"Prostate cancer, high risk, staging",3196078,CT abdomen and pelvis without IV contrast,1-10 mSv☢☢☢,3-10 mSv [ped]☢☢☢☢,May be appropriate
628,Urologic,"Prostate cancer, high risk, staging",3196078,CT abdomen and pelvis without and with IV contrast,10-30 mSv☢☢☢☢,10-30 mSv [ped]☢☢☢☢☢,May be appropriate (Disagreement)
629,Urologic,"Prostate cancer, high risk, staging",3196078,CT chest abdomen pelvis without IV contrast,10-30 mSv☢☢☢☢,3-10 mSv [ped]☢☢☢☢,May be appropriate
630,Urologic,"Prostate cancer, high risk, staging",3196078,MRI-targeted biopsy prostate,0 mSvO,0 mSv [ped]O,Usually not appropriate
631,Urologic,"Prostate cancer, high risk, staging",3196078,TRUS prostate,0 mSvO,0 mSv [ped]O,Usually not appropriate
632,Urologic,"Prostate cancer, high risk, staging",3196078,TRUS-guided biopsy prostate,0 mSvO,0 mSv [ped]O,Usually not appropriate
633,Urologic,"Prostate cancer, high risk, staging",3196078,FDG-PET/MRI skull base to mid-thigh,1-10 mSv☢☢☢,,Usually not appropriate
634,Urologic,"Prostate cancer, high risk, staging",3196078,CT chest abdomen pelvis without and with IV contrast,10-30 mSv☢☢☢☢,10-30 mSv [ped]☢☢☢☢☢,Usually not appropriate
635,Urologic,"Prostate cancer, high risk, staging",3196078,FDG-PET/CT whole body,10-30 mSv☢☢☢☢,3-10 mSv [ped]☢☢☢☢,Usually not appropriate
636,Urologic,"Prostate cancer, intermediate risk, active surveillance",3196076,MRI-targeted biopsy prostate,0 mSvO,0 mSv [ped]O,Usually appropriate
637,Urologic,"Prostate cancer, intermediate risk, active surveillance",3196076,MRI abdomen and pelvis without and with IV contrast,0 mSvO,0 mSv [ped]O,Usually appropriate
638,Urologic,"Prostate cancer, intermediate risk, active surveillance",3196076,MRI pelvis without and with IV contrast,0 mSvO,0 mSv [ped]O,Usually appropriate
639,Urologic,"Prostate cancer, intermediate risk, active surveillance",3196076,CT abdomen and pelvis with IV contrast,1-10 mSv☢☢☢,3-10 mSv [ped]☢☢☢☢,Usually appropriate
640,Urologic,"Prostate cancer, intermediate risk, active surveillance",3196076,CT chest abdomen pelvis with IV contrast,10-30 mSv☢☢☢☢,3-10 mSv [ped]☢☢☢☢,Usually appropriate
641,Urologic,"Prostate cancer, intermediate risk, active surveillance",3196076,Fluciclovine PET/CT skull base to mid-thigh,10-30 mSv☢☢☢☢,,Usually appropriate
642,Urologic,"Prostate cancer, intermediate risk, active surveillance",3196076,PSMA PET/CT skull base to mid-thigh,10-30 mSv☢☢☢☢,,Usually appropriate
643,Urologic,"Prostate cancer, intermediate risk, active surveillance",3196076,TRUS-guided biopsy prostate,0 mSvO,0 mSv [ped]O,May be appropriate
644,Urologic,"Prostate cancer, intermediate risk, active surveillance",3196076,MRI abdomen and pelvis without IV contrast,0 mSvO,0 mSv [ped]O,May be appropriate
645,Urologic,"Prostate cancer, intermediate risk, active surveillance",3196076,MRI pelvis without IV contrast,0 mSvO,0 mSv [ped]O,May be appropriate
646,Urologic,"Prostate cancer, intermediate risk, active surveillance",3196076,MRI whole body without and with IV contrast,0 mSvO,0 mSv [ped]O,May be appropriate (Disagreement)
647,Urologic,"Prostate cancer, intermediate risk, active surveillance",3196076,MRI whole body without IV contrast,0 mSvO,0 mSv [ped]O,May be appropriate (Disagreement)
648,Urologic,"Prostate cancer, intermediate risk, active surveillance",3196076,Bone scan whole body,1-10 mSv☢☢☢,3-10 mSv [ped]☢☢☢☢,May be appropriate
649,Urologic,"Prostate cancer, intermediate risk, active surveillance",3196076,Choline PET/CT skull base to mid-thigh,1-10 mSv☢☢☢,,May be appropriate
650,Urologic,"Prostate cancer, intermediate risk, active surveillance",3196076,Choline PET/MRI skull base to mid-thigh,1-10 mSv☢☢☢,,May be appropriate
651,Urologic,"Prostate cancer, intermediate risk, active surveillance",3196076,CT abdomen and pelvis without IV contrast,1-10 mSv☢☢☢,3-10 mSv [ped]☢☢☢☢,May be appropriate
652,Urologic,"Prostate cancer, intermediate risk, active surveillance",3196076,Fluciclovine PET/MRI skull base to mid-thigh,1-10 mSv☢☢☢,,May be appropriate
653,Urologic,"Prostate cancer, intermediate risk, active surveillance",3196076,CT abdomen and pelvis without and with IV contrast,10-30 mSv☢☢☢☢,10-30 mSv [ped]☢☢☢☢☢,May be appropriate (Disagreement)
654,Urologic,"Prostate cancer, intermediate risk, active surveillance",3196076,CT chest abdomen pelvis without IV contrast,10-30 mSv☢☢☢☢,3-10 mSv [ped]☢☢☢☢,May be appropriate
655,Urologic,"Prostate cancer, intermediate risk, active surveillance",3196076,Fluoride PET/CT whole body,10-30 mSv☢☢☢☢,3-10 mSv [ped]☢☢☢☢,May be appropriate
656,Urologic,"Prostate cancer, intermediate risk, active surveillance",3196076,TRUS prostate,0 mSvO,0 mSv [ped]O,Usually not appropriate
657,Urologic,"Prostate cancer, intermediate risk, active surveillance",3196076,FDG-PET/MRI skull base to mid-thigh,1-10 mSv☢☢☢,,Usually not appropriate
658,Urologic,"Prostate cancer, intermediate risk, active surveillance",3196076,CT chest abdomen pelvis without and with IV contrast,10-30 mSv☢☢☢☢,10-30 mSv [ped]☢☢☢☢☢,Usually not appropriate
659,Urologic,"Prostate cancer, intermediate risk, active surveillance",3196076,FDG-PET/CT whole body,10-30 mSv☢☢☢☢,3-10 mSv [ped]☢☢☢☢,Usually not appropriate
660,Urologic,"Prostate cancer, intermediate risk, staging",3196077,MRI-targeted biopsy prostate,0 mSvO,0 mSv [ped]O,Usually appropriate
661,Urologic,"Prostate cancer, intermediate risk, staging",3196077,MRI abdomen and pelvis without and with IV contrast,0 mSvO,0 mSv [ped]O,Usually appropriate
662,Urologic,"Prostate cancer, intermediate risk, staging",3196077,MRI pelvis without and with IV contrast,0 mSvO,0 mSv [ped]O,Usually appropriate
663,Urologic,"Prostate cancer, intermediate risk, staging",3196077,CT abdomen and pelvis with IV contrast,1-10 mSv☢☢☢,3-10 mSv [ped]☢☢☢☢,Usually appropriate
664,Urologic,"Prostate cancer, intermediate risk, staging",3196077,CT chest abdomen pelvis with IV contrast,10-30 mSv☢☢☢☢,3-10 mSv [ped]☢☢☢☢,Usually appropriate
665,Urologic,"Prostate cancer, intermediate risk, staging",3196077,Fluciclovine PET/CT skull base to mid-thigh,10-30 mSv☢☢☢☢,,Usually appropriate
666,Urologic,"Prostate cancer, intermediate risk, staging",3196077,PSMA PET/CT skull base to mid-thigh,10-30 mSv☢☢☢☢,,Usually appropriate
667,Urologic,"Prostate cancer, intermediate risk, staging",3196077,TRUS-guided biopsy prostate,0 mSvO,0 mSv [ped]O,May be appropriate
668,Urologic,"Prostate cancer, intermediate risk, staging",3196077,MRI abdomen and pelvis without IV contrast,0 mSvO,0 mSv [ped]O,May be appropriate
669,Urologic,"Prostate cancer, intermediate risk, staging",3196077,MRI pelvis without IV contrast,0 mSvO,0 mSv [ped]O,May be appropriate
670,Urologic,"Prostate cancer, intermediate risk, staging",3196077,MRI whole body without and with IV contrast,0 mSvO,0 mSv [ped]O,May be appropriate (Disagreement)
671,Urologic,"Prostate cancer, intermediate risk, staging",3196077,MRI whole body without IV contrast,0 mSvO,0 mSv [ped]O,May be appropriate (Disagreement)
672,Urologic,"Prostate cancer, intermediate risk, staging",3196077,Bone scan whole body,1-10 mSv☢☢☢,3-10 mSv [ped]☢☢☢☢,May be appropriate
673,Urologic,"Prostate cancer, intermediate risk, staging",3196077,Choline PET/CT skull base to mid-thigh,1-10 mSv☢☢☢,,May be appropriate
674,Urologic,"Prostate cancer, intermediate risk, staging",3196077,Choline PET/MRI skull base to mid-thigh,1-10 mSv☢☢☢,,May be appropriate
675,Urologic,"Prostate cancer, intermediate risk, staging",3196077,CT abdomen and pelvis without IV contrast,1-10 mSv☢☢☢,3-10 mSv [ped]☢☢☢☢,May be appropriate
676,Urologic,"Prostate cancer, intermediate risk, staging",3196077,Fluciclovine PET/MRI skull base to mid-thigh,1-10 mSv☢☢☢,,May be appropriate
677,Urologic,"Prostate cancer, intermediate risk, staging",3196077,CT abdomen and pelvis without and with IV contrast,10-30 mSv☢☢☢☢,10-30 mSv [ped]☢☢☢☢☢,May be appropriate (Disagreement)
678,Urologic,"Prostate cancer, intermediate risk, staging",3196077,CT chest abdomen pelvis without IV contrast,10-30 mSv☢☢☢☢,3-10 mSv [ped]☢☢☢☢,May be appropriate
679,Urologic,"Prostate cancer, intermediate risk, staging",3196077,Fluoride PET/CT whole body,10-30 mSv☢☢☢☢,3-10 mSv [ped]☢☢☢☢,May be appropriate
680,Urologic,"Prostate cancer, intermediate risk, staging",3196077,TRUS prostate,0 mSvO,0 mSv [ped]O,Usually not appropriate
681,Urologic,"Prostate cancer, intermediate risk, staging",3196077,FDG-PET/MRI skull base to mid-thigh,1-10 mSv☢☢☢,,Usually not appropriate
682,Urologic,"Prostate cancer, intermediate risk, staging",3196077,CT chest abdomen pelvis without and with IV contrast,10-30 mSv☢☢☢☢,10-30 mSv [ped]☢☢☢☢☢,Usually not appropriate
683,Urologic,"Prostate cancer, intermediate risk, staging",3196077,FDG-PET/CT whole body,10-30 mSv☢☢☢☢,3-10 mSv [ped]☢☢☢☢,Usually not appropriate
684,Urologic,"Prostate cancer, low risk, active surveillance",3196075,MRI-targeted biopsy prostate,0 mSvO,0 mSv [ped]O,Usually appropriate
685,Urologic,"Prostate cancer, low risk, active surveillance",3196075,TRUS-guided biopsy prostate,0 mSvO,0 mSv [ped]O,Usually appropriate
686,Urologic,"Prostate cancer, low risk, active surveillance",3196075,MRI pelvis without and with IV contrast,0 mSvO,0 mSv [ped]O,Usually appropriate
687,Urologic,"Prostate cancer, low risk, active surveillance",3196075,MRI pelvis without IV contrast,0 mSvO,0 mSv [ped]O,Usually appropriate
688,Urologic,"Prostate cancer, low risk, active surveillance",3196075,TRUS prostate,0 mSvO,0 mSv [ped]O,Usually not appropriate
689,Urologic,"Prostate cancer, low risk, active surveillance",3196075,MRI abdomen and pelvis without and with IV contrast,0 mSvO,0 mSv [ped]O,Usually not appropriate
690,Urologic,"Prostate cancer, low risk, active surveillance",3196075,MRI abdomen and pelvis without IV contrast,0 mSvO,0 mSv [ped]O,Usually not appropriate
691,Urologic,"Prostate cancer, low risk, active surveillance",3196075,MRI whole body without and with IV contrast,0 mSvO,0 mSv [ped]O,Usually not appropriate
692,Urologic,"Prostate cancer, low risk, active surveillance",3196075,MRI whole body without IV contrast,0 mSvO,0 mSv [ped]O,Usually not appropriate
693,Urologic,"Prostate cancer, low risk, active surveillance",3196075,Bone scan whole body,1-10 mSv☢☢☢,3-10 mSv [ped]☢☢☢☢,Usually not appropriate
694,Urologic,"Prostate cancer, low risk, active surveillance",3196075,Choline PET/CT skull base to mid-thigh,1-10 mSv☢☢☢,,Usually not appropriate
695,Urologic,"Prostate cancer, low risk, active surveillance",3196075,Choline PET/MRI skull base to mid-thigh,1-10 mSv☢☢☢,,Usually not appropriate
696,Urologic,"Prostate cancer, low risk, active surveillance",3196075,CT abdomen and pelvis with IV contrast,1-10 mSv☢☢☢,3-10 mSv [ped]☢☢☢☢,Usually not appropriate
697,Urologic,"Prostate cancer, low risk, active surveillance",3196075,CT abdomen and pelvis without IV contrast,1-10 mSv☢☢☢,3-10 mSv [ped]☢☢☢☢,Usually not appropriate
698,Urologic,"Prostate cancer, low risk, active surveillance",3196075,FDG-PET/MRI skull base to mid-thigh,1-10 mSv☢☢☢,,Usually not appropriate
699,Urologic,"Prostate cancer, low risk, active surveillance",3196075,Fluciclovine PET/MRI skull base to mid-thigh,1-10 mSv☢☢☢,,Usually not appropriate
700,Urologic,"Prostate cancer, low risk, active surveillance",3196075,CT abdomen and pelvis without and with IV contrast,10-30 mSv☢☢☢☢,10-30 mSv [ped]☢☢☢☢☢,Usually not appropriate
701,Urologic,"Prostate cancer, low risk, active surveillance",3196075,CT chest abdomen pelvis with IV contrast,10-30 mSv☢☢☢☢,3-10 mSv [ped]☢☢☢☢,Usually not appropriate
702,Urologic,"Prostate cancer, low risk, active surveillance",3196075,CT chest abdomen pelvis without and with IV contrast,10-30 mSv☢☢☢☢,10-30 mSv [ped]☢☢☢☢☢,Usually not appropriate
703,Urologic,"Prostate cancer, low risk, active surveillance",3196075,CT chest abdomen pelvis without IV contrast,10-30 mSv☢☢☢☢,3-10 mSv [ped]☢☢☢☢,Usually not appropriate
704,Urologic,"Prostate cancer, low risk, active surveillance",3196075,FDG-PET/CT whole body,10-30 mSv☢☢☢☢,3-10 mSv [ped]☢☢☢☢,Usually not appropriate
705,Urologic,"Prostate cancer, low risk, active surveillance",3196075,Fluciclovine PET/CT skull base to mid-thigh,10-30 mSv☢☢☢☢,,Usually not appropriate
706,Urologic,"Prostate cancer, low risk, active surveillance",3196075,Fluoride PET/CT whole body,10-30 mSv☢☢☢☢,3-10 mSv [ped]☢☢☢☢,Usually not appropriate
707,Urologic,"Prostate cancer, low risk, active surveillance",3196075,PSMA PET/CT skull base to mid-thigh,10-30 mSv☢☢☢☢,,Usually not appropriate
708,Urologic,"Prostate cancer, metastatic, post androgen deprivation therapy, follow-up imaging",3195948,Bone scan whole body,1-10 mSv☢☢☢,3-10 mSv [ped]☢☢☢☢,Usually appropriate
709,Urologic,"Prostate cancer, metastatic, post androgen deprivation therapy, follow-up imaging",3195948,Choline PET/CT skull base to mid-thigh,1-10 mSv☢☢☢,,Usually appropriate
710,Urologic,"Prostate cancer, metastatic, post androgen deprivation therapy, follow-up imaging",3195948,Choline PET/MRI skull base to mid-thigh,1-10 mSv☢☢☢,,Usually appropriate
711,Urologic,"Prostate cancer, metastatic, post androgen deprivation therapy, follow-up imaging",3195948,CT abdomen and pelvis with IV contrast,1-10 mSv☢☢☢,3-10 mSv [ped]☢☢☢☢,Usually appropriate
712,Urologic,"Prostate cancer, metastatic, post androgen deprivation therapy, follow-up imaging",3195948,Fluciclovine PET/MRI skull base to mid-thigh,1-10 mSv☢☢☢,,Usually appropriate
713,Urologic,"Prostate cancer, metastatic, post androgen deprivation therapy, follow-up imaging",3195948,CT chest abdomen pelvis with IV contrast,10-30 mSv☢☢☢☢,3-10 mSv [ped]☢☢☢☢,Usually appropriate
714,Urologic,"Prostate cancer, metastatic, post androgen deprivation therapy, follow-up imaging",3195948,DCFPyL PET/CT skull base to mid-thigh,10-30 mSv☢☢☢☢,,Usually appropriate
715,Urologic,"Prostate cancer, metastatic, post androgen deprivation therapy, follow-up imaging",3195948,Fluciclovine PET/CT skull base to mid-thigh,10-30 mSv☢☢☢☢,,Usually appropriate
716,Urologic,"Prostate cancer, metastatic, post androgen deprivation therapy, follow-up imaging",3195948,PSMA PET/CT skull base to mid-thigh,10-30 mSv☢☢☢☢,,Usually appropriate
717,Urologic,"Prostate cancer, metastatic, post androgen deprivation therapy, follow-up imaging",3195948,MRI abdomen and pelvis without and with IV contrast,0 mSvO,0 mSv [ped]O,May be appropriate
718,Urologic,"Prostate cancer, metastatic, post androgen deprivation therapy, follow-up imaging",3195948,MRI abdomen and pelvis without IV contrast,0 mSvO,0 mSv [ped]O,May be appropriate (Disagreement)
719,Urologic,"Prostate cancer, metastatic, post androgen deprivation therapy, follow-up imaging",3195948,MRI pelvis without and with IV contrast,0 mSvO,0 mSv [ped]O,May be appropriate
720,Urologic,"Prostate cancer, metastatic, post androgen deprivation therapy, follow-up imaging",3195948,CT abdomen and pelvis without IV contrast,1-10 mSv☢☢☢,3-10 mSv [ped]☢☢☢☢,May be appropriate
721,Urologic,"Prostate cancer, metastatic, post androgen deprivation therapy, follow-up imaging",3195948,CT chest abdomen pelvis without IV contrast,10-30 mSv☢☢☢☢,3-10 mSv [ped]☢☢☢☢,May be appropriate
722,Urologic,"Prostate cancer, metastatic, post androgen deprivation therapy, follow-up imaging",3195948,FDG-PET/CT skull base to mid-thigh,10-30 mSv☢☢☢☢,3-10 mSv [ped]☢☢☢☢,May be appropriate
723,Urologic,"Prostate cancer, metastatic, post androgen deprivation therapy, follow-up imaging",3195948,Fluoride PET/CT whole body,10-30 mSv☢☢☢☢,3-10 mSv [ped]☢☢☢☢,May be appropriate (Disagreement)
724,Urologic,"Prostate cancer, metastatic, post androgen deprivation therapy, follow-up imaging",3195948,MRI-targeted biopsy prostatectomy bed,0 mSvO,0 mSv [ped]O,Usually not appropriate
725,Urologic,"Prostate cancer, metastatic, post androgen deprivation therapy, follow-up imaging",3195948,TRUS prostatectomy bed,0 mSvO,0 mSv [ped]O,Usually not appropriate
726,Urologic,"Prostate cancer, metastatic, post androgen deprivation therapy, follow-up imaging",3195948,TRUS-guided biopsy prostatectomy bed,0 mSvO,0 mSv [ped]O,Usually not appropriate
727,Urologic,"Prostate cancer, metastatic, post androgen deprivation therapy, follow-up imaging",3195948,Radiography skeletal survey,1-10 mSv☢☢☢,0.3-3 mSv [ped]☢☢☢,Usually not appropriate
728,Urologic,"Prostate cancer, metastatic, post androgen deprivation therapy, follow-up imaging",3195948,MRI pelvis without IV contrast,0 mSvO,0 mSv [ped]O,Usually not appropriate
729,Urologic,"Prostate cancer, metastatic, post androgen deprivation therapy, follow-up imaging",3195948,CT abdomen and pelvis without and with IV contrast,10-30 mSv☢☢☢☢,10-30 mSv [ped]☢☢☢☢☢,Usually not appropriate
730,Urologic,"Prostate cancer, metastatic, post androgen deprivation therapy, follow-up imaging",3195948,CT chest abdomen pelvis without and with IV contrast,10-30 mSv☢☢☢☢,10-30 mSv [ped]☢☢☢☢☢,Usually not appropriate
731,Urologic,"Prostate cancer, metastatic, post chemotherapy, follow-up imaging",3195947,Bone scan whole body,1-10 mSv☢☢☢,3-10 mSv [ped]☢☢☢☢,Usually appropriate
732,Urologic,"Prostate cancer, metastatic, post chemotherapy, follow-up imaging",3195947,Choline PET/CT skull base to mid-thigh,1-10 mSv☢☢☢,,Usually appropriate
733,Urologic,"Prostate cancer, metastatic, post chemotherapy, follow-up imaging",3195947,Choline PET/MRI skull base to mid-thigh,1-10 mSv☢☢☢,,Usually appropriate
734,Urologic,"Prostate cancer, metastatic, post chemotherapy, follow-up imaging",3195947,CT abdomen and pelvis with IV contrast,1-10 mSv☢☢☢,3-10 mSv [ped]☢☢☢☢,Usually appropriate
735,Urologic,"Prostate cancer, metastatic, post chemotherapy, follow-up imaging",3195947,Fluciclovine PET/MRI skull base to mid-thigh,1-10 mSv☢☢☢,,Usually appropriate
736,Urologic,"Prostate cancer, metastatic, post chemotherapy, follow-up imaging",3195947,CT chest abdomen pelvis with IV contrast,10-30 mSv☢☢☢☢,3-10 mSv [ped]☢☢☢☢,Usually appropriate
737,Urologic,"Prostate cancer, metastatic, post chemotherapy, follow-up imaging",3195947,DCFPyL PET/CT skull base to mid-thigh,10-30 mSv☢☢☢☢,,Usually appropriate
738,Urologic,"Prostate cancer, metastatic, post chemotherapy, follow-up imaging",3195947,Fluciclovine PET/CT skull base to mid-thigh,10-30 mSv☢☢☢☢,,Usually appropriate
739,Urologic,"Prostate cancer, metastatic, post chemotherapy, follow-up imaging",3195947,PSMA PET/CT skull base to mid-thigh,10-30 mSv☢☢☢☢,,Usually appropriate
740,Urologic,"Prostate cancer, metastatic, post chemotherapy, follow-up imaging",3195947,MRI abdomen and pelvis without and with IV contrast,0 mSvO,0 mSv [ped]O,May be appropriate
741,Urologic,"Prostate cancer, metastatic, post chemotherapy, follow-up imaging",3195947,MRI abdomen and pelvis without IV contrast,0 mSvO,0 mSv [ped]O,May be appropriate (Disagreement)
742,Urologic,"Prostate cancer, metastatic, post chemotherapy, follow-up imaging",3195947,MRI pelvis without and with IV contrast,0 mSvO,0 mSv [ped]O,May be appropriate
743,Urologic,"Prostate cancer, metastatic, post chemotherapy, follow-up imaging",3195947,CT abdomen and pelvis without IV contrast,1-10 mSv☢☢☢,3-10 mSv [ped]☢☢☢☢,May be appropriate
744,Urologic,"Prostate cancer, metastatic, post chemotherapy, follow-up imaging",3195947,CT chest abdomen pelvis without IV contrast,10-30 mSv☢☢☢☢,3-10 mSv [ped]☢☢☢☢,May be appropriate
745,Urologic,"Prostate cancer, metastatic, post chemotherapy, follow-up imaging",3195947,FDG-PET/CT skull base to mid-thigh,10-30 mSv☢☢☢☢,3-10 mSv [ped]☢☢☢☢,May be appropriate
746,Urologic,"Prostate cancer, metastatic, post chemotherapy, follow-up imaging",3195947,Fluoride PET/CT whole body,10-30 mSv☢☢☢☢,3-10 mSv [ped]☢☢☢☢,May be appropriate (Disagreement)
747,Urologic,"Prostate cancer, metastatic, post chemotherapy, follow-up imaging",3195947,MRI-targeted biopsy prostatectomy bed,0 mSvO,0 mSv [ped]O,Usually not appropriate
748,Urologic,"Prostate cancer, metastatic, post chemotherapy, follow-up imaging",3195947,TRUS prostatectomy bed,0 mSvO,0 mSv [ped]O,Usually not appropriate
749,Urologic,"Prostate cancer, metastatic, post chemotherapy, follow-up imaging",3195947,TRUS-guided biopsy prostatectomy bed,0 mSvO,0 mSv [ped]O,Usually not appropriate
750,Urologic,"Prostate cancer, metastatic, post chemotherapy, follow-up imaging",3195947,Radiography skeletal survey,1-10 mSv☢☢☢,0.3-3 mSv [ped]☢☢☢,Usually not appropriate
751,Urologic,"Prostate cancer, metastatic, post chemotherapy, follow-up imaging",3195947,MRI pelvis without IV contrast,0 mSvO,0 mSv [ped]O,Usually not appropriate
752,Urologic,"Prostate cancer, metastatic, post chemotherapy, follow-up imaging",3195947,CT abdomen and pelvis without and with IV contrast,10-30 mSv☢☢☢☢,10-30 mSv [ped]☢☢☢☢☢,Usually not appropriate
753,Urologic,"Prostate cancer, metastatic, post chemotherapy, follow-up imaging",3195947,CT chest abdomen pelvis without and with IV contrast,10-30 mSv☢☢☢☢,10-30 mSv [ped]☢☢☢☢☢,Usually not appropriate
754,Urologic,"Prostate cancer, metastatic, post immunotherapy, follow-up imaging",3195946,Bone scan whole body,1-10 mSv☢☢☢,3-10 mSv [ped]☢☢☢☢,Usually appropriate
755,Urologic,"Prostate cancer, metastatic, post immunotherapy, follow-up imaging",3195946,Choline PET/CT skull base to mid-thigh,1-10 mSv☢☢☢,,Usually appropriate
756,Urologic,"Prostate cancer, metastatic, post immunotherapy, follow-up imaging",3195946,Choline PET/MRI skull base to mid-thigh,1-10 mSv☢☢☢,,Usually appropriate
757,Urologic,"Prostate cancer, metastatic, post immunotherapy, follow-up imaging",3195946,CT abdomen and pelvis with IV contrast,1-10 mSv☢☢☢,3-10 mSv [ped]☢☢☢☢,Usually appropriate
758,Urologic,"Prostate cancer, metastatic, post immunotherapy, follow-up imaging",3195946,Fluciclovine PET/MRI skull base to mid-thigh,1-10 mSv☢☢☢,,Usually appropriate
759,Urologic,"Prostate cancer, metastatic, post immunotherapy, follow-up imaging",3195946,CT chest abdomen pelvis with IV contrast,10-30 mSv☢☢☢☢,3-10 mSv [ped]☢☢☢☢,Usually appropriate
760,Urologic,"Prostate cancer, metastatic, post immunotherapy, follow-up imaging",3195946,DCFPyL PET/CT skull base to mid-thigh,10-30 mSv☢☢☢☢,,Usually appropriate
761,Urologic,"Prostate cancer, metastatic, post immunotherapy, follow-up imaging",3195946,Fluciclovine PET/CT skull base to mid-thigh,10-30 mSv☢☢☢☢,,Usually appropriate
762,Urologic,"Prostate cancer, metastatic, post immunotherapy, follow-up imaging",3195946,PSMA PET/CT skull base to mid-thigh,10-30 mSv☢☢☢☢,,Usually appropriate
763,Urologic,"Prostate cancer, metastatic, post immunotherapy, follow-up imaging",3195946,MRI abdomen and pelvis without and with IV contrast,0 mSvO,0 mSv [ped]O,May be appropriate
764,Urologic,"Prostate cancer, metastatic, post immunotherapy, follow-up imaging",3195946,MRI abdomen and pelvis without IV contrast,0 mSvO,0 mSv [ped]O,May be appropriate (Disagreement)
765,Urologic,"Prostate cancer, metastatic, post immunotherapy, follow-up imaging",3195946,MRI pelvis without and with IV contrast,0 mSvO,0 mSv [ped]O,May be appropriate
766,Urologic,"Prostate cancer, metastatic, post immunotherapy, follow-up imaging",3195946,CT abdomen and pelvis without IV contrast,1-10 mSv☢☢☢,3-10 mSv [ped]☢☢☢☢,May be appropriate
767,Urologic,"Prostate cancer, metastatic, post immunotherapy, follow-up imaging",3195946,CT chest abdomen pelvis without IV contrast,10-30 mSv☢☢☢☢,3-10 mSv [ped]☢☢☢☢,May be appropriate
768,Urologic,"Prostate cancer, metastatic, post immunotherapy, follow-up imaging",3195946,FDG-PET/CT skull base to mid-thigh,10-30 mSv☢☢☢☢,3-10 mSv [ped]☢☢☢☢,May be appropriate
769,Urologic,"Prostate cancer, metastatic, post immunotherapy, follow-up imaging",3195946,Fluoride PET/CT whole body,10-30 mSv☢☢☢☢,3-10 mSv [ped]☢☢☢☢,May be appropriate (Disagreement)
770,Urologic,"Prostate cancer, metastatic, post immunotherapy, follow-up imaging",3195946,MRI-targeted biopsy prostatectomy bed,0 mSvO,0 mSv [ped]O,Usually not appropriate
771,Urologic,"Prostate cancer, metastatic, post immunotherapy, follow-up imaging",3195946,TRUS prostatectomy bed,0 mSvO,0 mSv [ped]O,Usually not appropriate
772,Urologic,"Prostate cancer, metastatic, post immunotherapy, follow-up imaging",3195946,TRUS-guided biopsy prostatectomy bed,0 mSvO,0 mSv [ped]O,Usually not appropriate
773,Urologic,"Prostate cancer, metastatic, post immunotherapy, follow-up imaging",3195946,Radiography skeletal survey,1-10 mSv☢☢☢,0.3-3 mSv [ped]☢☢☢,Usually not appropriate
774,Urologic,"Prostate cancer, metastatic, post immunotherapy, follow-up imaging",3195946,MRI pelvis without IV contrast,0 mSvO,0 mSv [ped]O,Usually not appropriate
775,Urologic,"Prostate cancer, metastatic, post immunotherapy, follow-up imaging",3195946,CT abdomen and pelvis without and with IV contrast,10-30 mSv☢☢☢☢,10-30 mSv [ped]☢☢☢☢☢,Usually not appropriate
776,Urologic,"Prostate cancer, metastatic, post immunotherapy, follow-up imaging",3195946,CT chest abdomen pelvis without and with IV contrast,10-30 mSv☢☢☢☢,10-30 mSv [ped]☢☢☢☢☢,Usually not appropriate
777,Urologic,"Prostate cancer, recurrent disease suspected, post nonsurgical local and pelvic treatment, follow-up imaging",3195945,MRI pelvis without and with IV contrast,0 mSvO,0 mSv [ped]O,Usually appropriate
778,Urologic,"Prostate cancer, recurrent disease suspected, post nonsurgical local and pelvic treatment, follow-up imaging",3195945,Choline PET/CT skull base to mid-thigh,1-10 mSv☢☢☢,,Usually appropriate
779,Urologic,"Prostate cancer, recurrent disease suspected, post nonsurgical local and pelvic treatment, follow-up imaging",3195945,Fluciclovine PET/MRI skull base to mid-thigh,1-10 mSv☢☢☢,,Usually appropriate
780,Urologic,"Prostate cancer, recurrent disease suspected, post nonsurgical local and pelvic treatment, follow-up imaging",3195945,DCFPyL PET/CT skull base to mid-thigh,10-30 mSv☢☢☢☢,,Usually appropriate
781,Urologic,"Prostate cancer, recurrent disease suspected, post nonsurgical local and pelvic treatment, follow-up imaging",3195945,Fluciclovine PET/CT skull base to mid-thigh,10-30 mSv☢☢☢☢,,Usually appropriate
782,Urologic,"Prostate cancer, recurrent disease suspected, post nonsurgical local and pelvic treatment, follow-up imaging",3195945,PSMA PET/CT skull base to mid-thigh,10-30 mSv☢☢☢☢,,Usually appropriate
783,Urologic,"Prostate cancer, recurrent disease suspected, post nonsurgical local and pelvic treatment, follow-up imaging",3195945,MRI-targeted biopsy prostate,0 mSvO,0 mSv [ped]O,May be appropriate
784,Urologic,"Prostate cancer, recurrent disease suspected, post nonsurgical local and pelvic treatment, follow-up imaging",3195945,TRUS-guided biopsy prostate,0 mSvO,0 mSv [ped]O,May be appropriate
785,Urologic,"Prostate cancer, recurrent disease suspected, post nonsurgical local and pelvic treatment, follow-up imaging",3195945,MRI abdomen and pelvis without and with IV contrast,0 mSvO,0 mSv [ped]O,May be appropriate (Disagreement)
786,Urologic,"Prostate cancer, recurrent disease suspected, post nonsurgical local and pelvic treatment, follow-up imaging",3195945,MRI pelvis without IV contrast,0 mSvO,0 mSv [ped]O,May be appropriate
787,Urologic,"Prostate cancer, recurrent disease suspected, post nonsurgical local and pelvic treatment, follow-up imaging",3195945,Bone scan whole body,1-10 mSv☢☢☢,3-10 mSv [ped]☢☢☢☢,May be appropriate (Disagreement)
788,Urologic,"Prostate cancer, recurrent disease suspected, post nonsurgical local and pelvic treatment, follow-up imaging",3195945,Choline PET/MRI skull base to mid-thigh,1-10 mSv☢☢☢,,May be appropriate (Disagreement)
789,Urologic,"Prostate cancer, recurrent disease suspected, post nonsurgical local and pelvic treatment, follow-up imaging",3195945,CT abdomen and pelvis with IV contrast,1-10 mSv☢☢☢,3-10 mSv [ped]☢☢☢☢,May be appropriate
790,Urologic,"Prostate cancer, recurrent disease suspected, post nonsurgical local and pelvic treatment, follow-up imaging",3195945,Fluoride PET/CT skull base to mid-thigh,10-30 mSv☢☢☢☢,,May be appropriate (Disagreement)
791,Urologic,"Prostate cancer, recurrent disease suspected, post nonsurgical local and pelvic treatment, follow-up imaging",3195945,TRUS prostate,0 mSvO,0 mSv [ped]O,Usually not appropriate
792,Urologic,"Prostate cancer, recurrent disease suspected, post nonsurgical local and pelvic treatment, follow-up imaging",3195945,Radiography skeletal survey,1-10 mSv☢☢☢,0.3-3 mSv [ped]☢☢☢,Usually not appropriate
793,Urologic,"Prostate cancer, recurrent disease suspected, post nonsurgical local and pelvic treatment, follow-up imaging",3195945,MRI abdomen and pelvis without IV contrast,0 mSvO,0 mSv [ped]O,Usually not appropriate
794,Urologic,"Prostate cancer, recurrent disease suspected, post nonsurgical local and pelvic treatment, follow-up imaging",3195945,CT abdomen and pelvis without IV contrast,1-10 mSv☢☢☢,3-10 mSv [ped]☢☢☢☢,Usually not appropriate
795,Urologic,"Prostate cancer, recurrent disease suspected, post nonsurgical local and pelvic treatment, follow-up imaging",3195945,CT abdomen and pelvis without and with IV contrast,10-30 mSv☢☢☢☢,10-30 mSv [ped]☢☢☢☢☢,Usually not appropriate
796,Urologic,"Prostate cancer, recurrent disease suspected, post nonsurgical local and pelvic treatment, follow-up imaging",3195945,CT chest abdomen pelvis with IV contrast,10-30 mSv☢☢☢☢,3-10 mSv [ped]☢☢☢☢,Usually not appropriate
797,Urologic,"Prostate cancer, recurrent disease suspected, post nonsurgical local and pelvic treatment, follow-up imaging",3195945,CT chest abdomen pelvis without and with IV contrast,10-30 mSv☢☢☢☢,10-30 mSv [ped]☢☢☢☢☢,Usually not appropriate
798,Urologic,"Prostate cancer, recurrent disease suspected, post nonsurgical local and pelvic treatment, follow-up imaging",3195945,CT chest abdomen pelvis without IV contrast,10-30 mSv☢☢☢☢,3-10 mSv [ped]☢☢☢☢,Usually not appropriate
799,Urologic,"Prostate cancer, recurrent disease suspected, post nonsurgical local and pelvic treatment, follow-up imaging",3195945,FDG-PET/CT skull base to mid-thigh,10-30 mSv☢☢☢☢,3-10 mSv [ped]☢☢☢☢,Usually not appropriate
800,Urologic,"Prostate cancer, recurrent disease suspected, post radical prostatectomy, follow-up imaging",3195942,MRI pelvis without and with IV contrast,0 mSvO,0 mSv [ped]O,Usually appropriate
801,Urologic,"Prostate cancer, recurrent disease suspected, post radical prostatectomy, follow-up imaging",3195942,Choline PET/CT skull base to mid-thigh,1-10 mSv☢☢☢,,Usually appropriate
802,Urologic,"Prostate cancer, recurrent disease suspected, post radical prostatectomy, follow-up imaging",3195942,Fluciclovine PET/MRI skull base to mid-thigh,1-10 mSv☢☢☢,,Usually appropriate
803,Urologic,"Prostate cancer, recurrent disease suspected, post radical prostatectomy, follow-up imaging",3195942,DCFPyL PET/CT skull base to mid-thigh,10-30 mSv☢☢☢☢,,Usually appropriate
804,Urologic,"Prostate cancer, recurrent disease suspected, post radical prostatectomy, follow-up imaging",3195942,Fluciclovine PET/CT skull base to mid-thigh,10-30 mSv☢☢☢☢,,Usually appropriate
805,Urologic,"Prostate cancer, recurrent disease suspected, post radical prostatectomy, follow-up imaging",3195942,PSMA PET/CT skull base to mid-thigh,10-30 mSv☢☢☢☢,,Usually appropriate
806,Urologic,"Prostate cancer, recurrent disease suspected, post radical prostatectomy, follow-up imaging",3195942,MRI-targeted biopsy prostatectomy bed,0 mSvO,0 mSv [ped]O,May be appropriate
807,Urologic,"Prostate cancer, recurrent disease suspected, post radical prostatectomy, follow-up imaging",3195942,TRUS-guided biopsy prostatectomy bed,0 mSvO,0 mSv [ped]O,May be appropriate
808,Urologic,"Prostate cancer, recurrent disease suspected, post radical prostatectomy, follow-up imaging",3195942,MRI abdomen and pelvis without and with IV contrast,0 mSvO,0 mSv [ped]O,May be appropriate (Disagreement)
809,Urologic,"Prostate cancer, recurrent disease suspected, post radical prostatectomy, follow-up imaging",3195942,MRI pelvis without IV contrast,0 mSvO,0 mSv [ped]O,May be appropriate
810,Urologic,"Prostate cancer, recurrent disease suspected, post radical prostatectomy, follow-up imaging",3195942,Bone scan whole body,1-10 mSv☢☢☢,3-10 mSv [ped]☢☢☢☢,May be appropriate
811,Urologic,"Prostate cancer, recurrent disease suspected, post radical prostatectomy, follow-up imaging",3195942,Choline PET/MRI skull base to mid-thigh,1-10 mSv☢☢☢,,May be appropriate (Disagreement)
812,Urologic,"Prostate cancer, recurrent disease suspected, post radical prostatectomy, follow-up imaging",3195942,CT abdomen and pelvis with IV contrast,1-10 mSv☢☢☢,3-10 mSv [ped]☢☢☢☢,May be appropriate
813,Urologic,"Prostate cancer, recurrent disease suspected, post radical prostatectomy, follow-up imaging",3195942,Fluoride PET/CT skull base to mid-thigh,10-30 mSv☢☢☢☢,,May be appropriate (Disagreement)
814,Urologic,"Prostate cancer, recurrent disease suspected, post radical prostatectomy, follow-up imaging",3195942,TRUS prostatectomy bed,0 mSvO,0 mSv [ped]O,Usually not appropriate
815,Urologic,"Prostate cancer, recurrent disease suspected, post radical prostatectomy, follow-up imaging",3195942,Radiography skeletal survey,1-10 mSv☢☢☢,0.3-3 mSv [ped]☢☢☢,Usually not appropriate
816,Urologic,"Prostate cancer, recurrent disease suspected, post radical prostatectomy, follow-up imaging",3195942,MRI abdomen and pelvis without IV contrast,0 mSvO,0 mSv [ped]O,Usually not appropriate
817,Urologic,"Prostate cancer, recurrent disease suspected, post radical prostatectomy, follow-up imaging",3195942,CT abdomen and pelvis without IV contrast,1-10 mSv☢☢☢,3-10 mSv [ped]☢☢☢☢,Usually not appropriate
818,Urologic,"Prostate cancer, recurrent disease suspected, post radical prostatectomy, follow-up imaging",3195942,CT abdomen and pelvis without and with IV contrast,10-30 mSv☢☢☢☢,10-30 mSv [ped]☢☢☢☢☢,Usually not appropriate
819,Urologic,"Prostate cancer, recurrent disease suspected, post radical prostatectomy, follow-up imaging",3195942,CT chest abdomen pelvis with IV contrast,10-30 mSv☢☢☢☢,3-10 mSv [ped]☢☢☢☢,Usually not appropriate
820,Urologic,"Prostate cancer, recurrent disease suspected, post radical prostatectomy, follow-up imaging",3195942,CT chest abdomen pelvis without and with IV contrast,10-30 mSv☢☢☢☢,10-30 mSv [ped]☢☢☢☢☢,Usually not appropriate
821,Urologic,"Prostate cancer, recurrent disease suspected, post radical prostatectomy, follow-up imaging",3195942,CT chest abdomen pelvis without IV contrast,10-30 mSv☢☢☢☢,3-10 mSv [ped]☢☢☢☢,Usually not appropriate
822,Urologic,"Prostate cancer, recurrent disease suspected, post radical prostatectomy, follow-up imaging",3195942,FDG-PET/CT skull base to mid-thigh,10-30 mSv☢☢☢☢,3-10 mSv [ped]☢☢☢☢,Usually not appropriate
823,Urologic,"Prostate cancer, residual disease suspected, post nonsurgical local and pelvic treatment, follow-up imaging",3195944,MRI pelvis without and with IV contrast,0 mSvO,0 mSv [ped]O,Usually appropriate
824,Urologic,"Prostate cancer, residual disease suspected, post nonsurgical local and pelvic treatment, follow-up imaging",3195944,Choline PET/CT skull base to mid-thigh,1-10 mSv☢☢☢,,Usually appropriate
825,Urologic,"Prostate cancer, residual disease suspected, post nonsurgical local and pelvic treatment, follow-up imaging",3195944,Fluciclovine PET/MRI skull base to mid-thigh,1-10 mSv☢☢☢,,Usually appropriate
826,Urologic,"Prostate cancer, residual disease suspected, post nonsurgical local and pelvic treatment, follow-up imaging",3195944,DCFPyL PET/CT skull base to mid-thigh,10-30 mSv☢☢☢☢,,Usually appropriate
827,Urologic,"Prostate cancer, residual disease suspected, post nonsurgical local and pelvic treatment, follow-up imaging",3195944,Fluciclovine PET/CT skull base to mid-thigh,10-30 mSv☢☢☢☢,,Usually appropriate
828,Urologic,"Prostate cancer, residual disease suspected, post nonsurgical local and pelvic treatment, follow-up imaging",3195944,PSMA PET/CT skull base to mid-thigh,10-30 mSv☢☢☢☢,,Usually appropriate
829,Urologic,"Prostate cancer, residual disease suspected, post nonsurgical local and pelvic treatment, follow-up imaging",3195944,MRI-targeted biopsy prostate,0 mSvO,0 mSv [ped]O,May be appropriate
830,Urologic,"Prostate cancer, residual disease suspected, post nonsurgical local and pelvic treatment, follow-up imaging",3195944,TRUS-guided biopsy prostate,0 mSvO,0 mSv [ped]O,May be appropriate
831,Urologic,"Prostate cancer, residual disease suspected, post nonsurgical local and pelvic treatment, follow-up imaging",3195944,MRI abdomen and pelvis without and with IV contrast,0 mSvO,0 mSv [ped]O,May be appropriate (Disagreement)
832,Urologic,"Prostate cancer, residual disease suspected, post nonsurgical local and pelvic treatment, follow-up imaging",3195944,MRI pelvis without IV contrast,0 mSvO,0 mSv [ped]O,May be appropriate
833,Urologic,"Prostate cancer, residual disease suspected, post nonsurgical local and pelvic treatment, follow-up imaging",3195944,Bone scan whole body,1-10 mSv☢☢☢,3-10 mSv [ped]☢☢☢☢,May be appropriate (Disagreement)
834,Urologic,"Prostate cancer, residual disease suspected, post nonsurgical local and pelvic treatment, follow-up imaging",3195944,Choline PET/MRI skull base to mid-thigh,1-10 mSv☢☢☢,,May be appropriate (Disagreement)
835,Urologic,"Prostate cancer, residual disease suspected, post nonsurgical local and pelvic treatment, follow-up imaging",3195944,CT abdomen and pelvis with IV contrast,1-10 mSv☢☢☢,3-10 mSv [ped]☢☢☢☢,May be appropriate
836,Urologic,"Prostate cancer, residual disease suspected, post nonsurgical local and pelvic treatment, follow-up imaging",3195944,Fluoride PET/CT skull base to mid-thigh,10-30 mSv☢☢☢☢,,May be appropriate (Disagreement)
837,Urologic,"Prostate cancer, residual disease suspected, post nonsurgical local and pelvic treatment, follow-up imaging",3195944,TRUS prostate,0 mSvO,0 mSv [ped]O,Usually not appropriate
838,Urologic,"Prostate cancer, residual disease suspected, post nonsurgical local and pelvic treatment, follow-up imaging",3195944,Radiography skeletal survey,1-10 mSv☢☢☢,0.3-3 mSv [ped]☢☢☢,Usually not appropriate
839,Urologic,"Prostate cancer, residual disease suspected, post nonsurgical local and pelvic treatment, follow-up imaging",3195944,MRI abdomen and pelvis without IV contrast,0 mSvO,0 mSv [ped]O,Usually not appropriate
840,Urologic,"Prostate cancer, residual disease suspected, post nonsurgical local and pelvic treatment, follow-up imaging",3195944,CT abdomen and pelvis without IV contrast,1-10 mSv☢☢☢,3-10 mSv [ped]☢☢☢☢,Usually not appropriate
841,Urologic,"Prostate cancer, residual disease suspected, post nonsurgical local and pelvic treatment, follow-up imaging",3195944,CT abdomen and pelvis without and with IV contrast,10-30 mSv☢☢☢☢,10-30 mSv [ped]☢☢☢☢☢,Usually not appropriate
842,Urologic,"Prostate cancer, residual disease suspected, post nonsurgical local and pelvic treatment, follow-up imaging",3195944,CT chest abdomen pelvis with IV contrast,10-30 mSv☢☢☢☢,3-10 mSv [ped]☢☢☢☢,Usually not appropriate
843,Urologic,"Prostate cancer, residual disease suspected, post nonsurgical local and pelvic treatment, follow-up imaging",3195944,CT chest abdomen pelvis without and with IV contrast,10-30 mSv☢☢☢☢,10-30 mSv [ped]☢☢☢☢☢,Usually not appropriate
844,Urologic,"Prostate cancer, residual disease suspected, post nonsurgical local and pelvic treatment, follow-up imaging",3195944,CT chest abdomen pelvis without IV contrast,10-30 mSv☢☢☢☢,3-10 mSv [ped]☢☢☢☢,Usually not appropriate
845,Urologic,"Prostate cancer, residual disease suspected, post nonsurgical local and pelvic treatment, follow-up imaging",3195944,FDG-PET/CT skull base to mid-thigh,10-30 mSv☢☢☢☢,3-10 mSv [ped]☢☢☢☢,Usually not appropriate
846,Urologic,"Prostate cancer, residual disease suspected, post radical prostatectomy, follow-up imaging",3195943,MRI pelvis without and with IV contrast,0 mSvO,0 mSv [ped]O,Usually appropriate
847,Urologic,"Prostate cancer, residual disease suspected, post radical prostatectomy, follow-up imaging",3195943,Choline PET/CT skull base to mid-thigh,1-10 mSv☢☢☢,,Usually appropriate
848,Urologic,"Prostate cancer, residual disease suspected, post radical prostatectomy, follow-up imaging",3195943,Fluciclovine PET/MRI skull base to mid-thigh,1-10 mSv☢☢☢,,Usually appropriate
849,Urologic,"Prostate cancer, residual disease suspected, post radical prostatectomy, follow-up imaging",3195943,DCFPyL PET/CT skull base to mid-thigh,10-30 mSv☢☢☢☢,,Usually appropriate
850,Urologic,"Prostate cancer, residual disease suspected, post radical prostatectomy, follow-up imaging",3195943,Fluciclovine PET/CT skull base to mid-thigh,10-30 mSv☢☢☢☢,,Usually appropriate
851,Urologic,"Prostate cancer, residual disease suspected, post radical prostatectomy, follow-up imaging",3195943,PSMA PET/CT skull base to mid-thigh,10-30 mSv☢☢☢☢,,Usually appropriate
852,Urologic,"Prostate cancer, residual disease suspected, post radical prostatectomy, follow-up imaging",3195943,MRI-targeted biopsy prostatectomy bed,0 mSvO,0 mSv [ped]O,May be appropriate
853,Urologic,"Prostate cancer, residual disease suspected, post radical prostatectomy, follow-up imaging",3195943,TRUS-guided biopsy prostatectomy bed,0 mSvO,0 mSv [ped]O,May be appropriate
854,Urologic,"Prostate cancer, residual disease suspected, post radical prostatectomy, follow-up imaging",3195943,MRI abdomen and pelvis without and with IV contrast,0 mSvO,0 mSv [ped]O,May be appropriate (Disagreement)
855,Urologic,"Prostate cancer, residual disease suspected, post radical prostatectomy, follow-up imaging",3195943,MRI pelvis without IV contrast,0 mSvO,0 mSv [ped]O,May be appropriate
856,Urologic,"Prostate cancer, residual disease suspected, post radical prostatectomy, follow-up imaging",3195943,Bone scan whole body,1-10 mSv☢☢☢,3-10 mSv [ped]☢☢☢☢,May be appropriate
857,Urologic,"Prostate cancer, residual disease suspected, post radical prostatectomy, follow-up imaging",3195943,Choline PET/MRI skull base to mid-thigh,1-10 mSv☢☢☢,,May be appropriate (Disagreement)
858,Urologic,"Prostate cancer, residual disease suspected, post radical prostatectomy, follow-up imaging",3195943,CT abdomen and pelvis with IV contrast,1-10 mSv☢☢☢,3-10 mSv [ped]☢☢☢☢,May be appropriate
859,Urologic,"Prostate cancer, residual disease suspected, post radical prostatectomy, follow-up imaging",3195943,Fluoride PET/CT skull base to mid-thigh,10-30 mSv☢☢☢☢,,May be appropriate (Disagreement)
860,Urologic,"Prostate cancer, residual disease suspected, post radical prostatectomy, follow-up imaging",3195943,TRUS prostatectomy bed,0 mSvO,0 mSv [ped]O,Usually not appropriate
861,Urologic,"Prostate cancer, residual disease suspected, post radical prostatectomy, follow-up imaging",3195943,Radiography skeletal survey,1-10 mSv☢☢☢,0.3-3 mSv [ped]☢☢☢,Usually not appropriate
862,Urologic,"Prostate cancer, residual disease suspected, post radical prostatectomy, follow-up imaging",3195943,MRI abdomen and pelvis without IV contrast,0 mSvO,0 mSv [ped]O,Usually not appropriate
863,Urologic,"Prostate cancer, residual disease suspected, post radical prostatectomy, follow-up imaging",3195943,CT abdomen and pelvis without IV contrast,1-10 mSv☢☢☢,3-10 mSv [ped]☢☢☢☢,Usually not appropriate
864,Urologic,"Prostate cancer, residual disease suspected, post radical prostatectomy, follow-up imaging",3195943,CT abdomen and pelvis without and with IV contrast,10-30 mSv☢☢☢☢,10-30 mSv [ped]☢☢☢☢☢,Usually not appropriate
865,Urologic,"Prostate cancer, residual disease suspected, post radical prostatectomy, follow-up imaging",3195943,CT chest abdomen pelvis with IV contrast,10-30 mSv☢☢☢☢,3-10 mSv [ped]☢☢☢☢,Usually not appropriate
866,Urologic,"Prostate cancer, residual disease suspected, post radical prostatectomy, follow-up imaging",3195943,CT chest abdomen pelvis without and with IV contrast,10-30 mSv☢☢☢☢,10-30 mSv [ped]☢☢☢☢☢,Usually not appropriate
867,Urologic,"Prostate cancer, residual disease suspected, post radical prostatectomy, follow-up imaging",3195943,CT chest abdomen pelvis without IV contrast,10-30 mSv☢☢☢☢,3-10 mSv [ped]☢☢☢☢,Usually not appropriate
868,Urologic,"Prostate cancer, residual disease suspected, post radical prostatectomy, follow-up imaging",3195943,FDG-PET/CT skull base to mid-thigh,10-30 mSv☢☢☢☢,3-10 mSv [ped]☢☢☢☢,Usually not appropriate
869,Urologic,"Pyelonephritis suspected, acute, advanced age, initial imaging",3195302,CT abdomen and pelvis with IV contrast,1-10 mSv☢☢☢,3-10 mSv [ped]☢☢☢☢,Usually appropriate
870,Urologic,"Pyelonephritis suspected, acute, advanced age, initial imaging",3195302,US abdomen,0 mSvO,0 mSv [ped]O,May be appropriate
871,Urologic,"Pyelonephritis suspected, acute, advanced age, initial imaging",3195302,US color Doppler kidneys and bladder retroperitoneal,0 mSvO,0 mSv [ped]O,May be appropriate
872,Urologic,"Pyelonephritis suspected, acute, advanced age, initial imaging",3195302,MRI abdomen and pelvis without and with IV contrast,0 mSvO,0 mSv [ped]O,May be appropriate
873,Urologic,"Pyelonephritis suspected, acute, advanced age, initial imaging",3195302,MRI abdomen and pelvis without IV contrast,0 mSvO,0 mSv [ped]O,May be appropriate
874,Urologic,"Pyelonephritis suspected, acute, advanced age, initial imaging",3195302,CT abdomen and pelvis without IV contrast,1-10 mSv☢☢☢,3-10 mSv [ped]☢☢☢☢,May be appropriate
875,Urologic,"Pyelonephritis suspected, acute, advanced age, initial imaging",3195302,CT abdomen with IV contrast,1-10 mSv☢☢☢,3-10 mSv [ped]☢☢☢☢,May be appropriate (Disagreement)
876,Urologic,"Pyelonephritis suspected, acute, advanced age, initial imaging",3195302,CT abdomen and pelvis without and with IV contrast,10-30 mSv☢☢☢☢,10-30 mSv [ped]☢☢☢☢☢,May be appropriate (Disagreement)
877,Urologic,"Pyelonephritis suspected, acute, advanced age, initial imaging",3195302,Fluoroscopy voiding cystourethrography,0.1-1mSv☢☢,0.03-0.3 mSv [ped]☢☢,Usually not appropriate
878,Urologic,"Pyelonephritis suspected, acute, advanced age, initial imaging",3195302,Fluoroscopy antegrade pyelography,1-10 mSv☢☢☢,,Usually not appropriate
879,Urologic,"Pyelonephritis suspected, acute, advanced age, initial imaging",3195302,Radiography abdomen and pelvis,1-10 mSv☢☢☢,0.3-3 mSv [ped]☢☢☢,Usually not appropriate
880,Urologic,"Pyelonephritis suspected, acute, advanced age, initial imaging",3195302,Radiography intravenous urography,1-10 mSv☢☢☢,0.3-3 mSv [ped]☢☢☢,Usually not appropriate
881,Urologic,"Pyelonephritis suspected, acute, advanced age, initial imaging",3195302,MRI abdomen without and with IV contrast,0 mSvO,0 mSv [ped]O,Usually not appropriate
882,Urologic,"Pyelonephritis suspected, acute, advanced age, initial imaging",3195302,MRI abdomen without IV contrast,0 mSvO,0 mSv [ped]O,Usually not appropriate
883,Urologic,"Pyelonephritis suspected, acute, advanced age, initial imaging",3195302,MRU without and with IV contrast,0 mSvO,0 mSv [ped]O,Usually not appropriate
884,Urologic,"Pyelonephritis suspected, acute, advanced age, initial imaging",3195302,MRU without IV contrast,0 mSvO,0 mSv [ped]O,Usually not appropriate
885,Urologic,"Pyelonephritis suspected, acute, advanced age, initial imaging",3195302,CT abdomen without IV contrast,1-10 mSv☢☢☢,3-10 mSv [ped]☢☢☢☢,Usually not appropriate
886,Urologic,"Pyelonephritis suspected, acute, advanced age, initial imaging",3195302,DMSA renal scan,1-10 mSv☢☢☢,0.3-3 mSv [ped]☢☢☢,Usually not appropriate
887,Urologic,"Pyelonephritis suspected, acute, advanced age, initial imaging",3195302,CT abdomen without and with IV contrast,10-30 mSv☢☢☢☢,10-30 mSv [ped]☢☢☢☢☢,Usually not appropriate
888,Urologic,"Pyelonephritis suspected, acute, advanced age, initial imaging",3195302,CTU without and with IV contrast,10-30 mSv☢☢☢☢,10-30 mSv [ped]☢☢☢☢☢,Usually not appropriate
889,Urologic,"Pyelonephritis suspected, acute, complicated, initial imaging",3195299,CT abdomen and pelvis with IV contrast,1-10 mSv☢☢☢,3-10 mSv [ped]☢☢☢☢,Usually appropriate
890,Urologic,"Pyelonephritis suspected, acute, complicated, initial imaging",3195299,US abdomen,0 mSvO,0 mSv [ped]O,May be appropriate
891,Urologic,"Pyelonephritis suspected, acute, complicated, initial imaging",3195299,US color Doppler kidneys and bladder retroperitoneal,0 mSvO,0 mSv [ped]O,May be appropriate
892,Urologic,"Pyelonephritis suspected, acute, complicated, initial imaging",3195299,MRI abdomen and pelvis without and with IV contrast,0 mSvO,0 mSv [ped]O,May be appropriate
893,Urologic,"Pyelonephritis suspected, acute, complicated, initial imaging",3195299,MRI abdomen and pelvis without IV contrast,0 mSvO,0 mSv [ped]O,May be appropriate
894,Urologic,"Pyelonephritis suspected, acute, complicated, initial imaging",3195299,CT abdomen and pelvis without IV contrast,1-10 mSv☢☢☢,3-10 mSv [ped]☢☢☢☢,May be appropriate
895,Urologic,"Pyelonephritis suspected, acute, complicated, initial imaging",3195299,CT abdomen with IV contrast,1-10 mSv☢☢☢,3-10 mSv [ped]☢☢☢☢,May be appropriate (Disagreement)
896,Urologic,"Pyelonephritis suspected, acute, complicated, initial imaging",3195299,CT abdomen and pelvis without and with IV contrast,10-30 mSv☢☢☢☢,10-30 mSv [ped]☢☢☢☢☢,May be appropriate (Disagreement)
897,Urologic,"Pyelonephritis suspected, acute, complicated, initial imaging",3195299,Fluoroscopy voiding cystourethrography,0.1-1mSv☢☢,0.03-0.3 mSv [ped]☢☢,Usually not appropriate
898,Urologic,"Pyelonephritis suspected, acute, complicated, initial imaging",3195299,Fluoroscopy antegrade pyelography,1-10 mSv☢☢☢,,Usually not appropriate
899,Urologic,"Pyelonephritis suspected, acute, complicated, initial imaging",3195299,Radiography abdomen and pelvis,1-10 mSv☢☢☢,0.3-3 mSv [ped]☢☢☢,Usually not appropriate
900,Urologic,"Pyelonephritis suspected, acute, complicated, initial imaging",3195299,Radiography intravenous urography,1-10 mSv☢☢☢,0.3-3 mSv [ped]☢☢☢,Usually not appropriate
901,Urologic,"Pyelonephritis suspected, acute, complicated, initial imaging",3195299,MRI abdomen without and with IV contrast,0 mSvO,0 mSv [ped]O,Usually not appropriate
902,Urologic,"Pyelonephritis suspected, acute, complicated, initial imaging",3195299,MRI abdomen without IV contrast,0 mSvO,0 mSv [ped]O,Usually not appropriate
903,Urologic,"Pyelonephritis suspected, acute, complicated, initial imaging",3195299,MRU without and with IV contrast,0 mSvO,0 mSv [ped]O,Usually not appropriate
904,Urologic,"Pyelonephritis suspected, acute, complicated, initial imaging",3195299,MRU without IV contrast,0 mSvO,0 mSv [ped]O,Usually not appropriate
905,Urologic,"Pyelonephritis suspected, acute, complicated, initial imaging",3195299,CT abdomen without IV contrast,1-10 mSv☢☢☢,3-10 mSv [ped]☢☢☢☢,Usually not appropriate
906,Urologic,"Pyelonephritis suspected, acute, complicated, initial imaging",3195299,DMSA renal scan,1-10 mSv☢☢☢,0.3-3 mSv [ped]☢☢☢,Usually not appropriate
907,Urologic,"Pyelonephritis suspected, acute, complicated, initial imaging",3195299,CT abdomen without and with IV contrast,10-30 mSv☢☢☢☢,10-30 mSv [ped]☢☢☢☢☢,Usually not appropriate
908,Urologic,"Pyelonephritis suspected, acute, complicated, initial imaging",3195299,CTU without and with IV contrast,10-30 mSv☢☢☢☢,10-30 mSv [ped]☢☢☢☢☢,Usually not appropriate
909,Urologic,"Pyelonephritis suspected, acute, diabetes, initial imaging",3195304,CT abdomen and pelvis with IV contrast,1-10 mSv☢☢☢,3-10 mSv [ped]☢☢☢☢,Usually appropriate
910,Urologic,"Pyelonephritis suspected, acute, diabetes, initial imaging",3195304,US abdomen,0 mSvO,0 mSv [ped]O,May be appropriate
911,Urologic,"Pyelonephritis suspected, acute, diabetes, initial imaging",3195304,US color Doppler kidneys and bladder retroperitoneal,0 mSvO,0 mSv [ped]O,May be appropriate
912,Urologic,"Pyelonephritis suspected, acute, diabetes, initial imaging",3195304,MRI abdomen and pelvis without and with IV contrast,0 mSvO,0 mSv [ped]O,May be appropriate
913,Urologic,"Pyelonephritis suspected, acute, diabetes, initial imaging",3195304,MRI abdomen and pelvis without IV contrast,0 mSvO,0 mSv [ped]O,May be appropriate
914,Urologic,"Pyelonephritis suspected, acute, diabetes, initial imaging",3195304,CT abdomen and pelvis without IV contrast,1-10 mSv☢☢☢,3-10 mSv [ped]☢☢☢☢,May be appropriate
915,Urologic,"Pyelonephritis suspected, acute, diabetes, initial imaging",3195304,CT abdomen with IV contrast,1-10 mSv☢☢☢,3-10 mSv [ped]☢☢☢☢,May be appropriate (Disagreement)
916,Urologic,"Pyelonephritis suspected, acute, diabetes, initial imaging",3195304,CT abdomen and pelvis without and with IV contrast,10-30 mSv☢☢☢☢,10-30 mSv [ped]☢☢☢☢☢,May be appropriate (Disagreement)
917,Urologic,"Pyelonephritis suspected, acute, diabetes, initial imaging",3195304,Fluoroscopy voiding cystourethrography,0.1-1mSv☢☢,0.03-0.3 mSv [ped]☢☢,Usually not appropriate
918,Urologic,"Pyelonephritis suspected, acute, diabetes, initial imaging",3195304,Fluoroscopy antegrade pyelography,1-10 mSv☢☢☢,,Usually not appropriate
919,Urologic,"Pyelonephritis suspected, acute, diabetes, initial imaging",3195304,Radiography abdomen and pelvis,1-10 mSv☢☢☢,0.3-3 mSv [ped]☢☢☢,Usually not appropriate
920,Urologic,"Pyelonephritis suspected, acute, diabetes, initial imaging",3195304,Radiography intravenous urography,1-10 mSv☢☢☢,0.3-3 mSv [ped]☢☢☢,Usually not appropriate
921,Urologic,"Pyelonephritis suspected, acute, diabetes, initial imaging",3195304,MRI abdomen without and with IV contrast,0 mSvO,0 mSv [ped]O,Usually not appropriate
922,Urologic,"Pyelonephritis suspected, acute, diabetes, initial imaging",3195304,MRI abdomen without IV contrast,0 mSvO,0 mSv [ped]O,Usually not appropriate
923,Urologic,"Pyelonephritis suspected, acute, diabetes, initial imaging",3195304,MRU without and with IV contrast,0 mSvO,0 mSv [ped]O,Usually not appropriate
924,Urologic,"Pyelonephritis suspected, acute, diabetes, initial imaging",3195304,MRU without IV contrast,0 mSvO,0 mSv [ped]O,Usually not appropriate
925,Urologic,"Pyelonephritis suspected, acute, diabetes, initial imaging",3195304,CT abdomen without IV contrast,1-10 mSv☢☢☢,3-10 mSv [ped]☢☢☢☢,Usually not appropriate
926,Urologic,"Pyelonephritis suspected, acute, diabetes, initial imaging",3195304,DMSA renal scan,1-10 mSv☢☢☢,0.3-3 mSv [ped]☢☢☢,Usually not appropriate
927,Urologic,"Pyelonephritis suspected, acute, diabetes, initial imaging",3195304,CT abdomen without and with IV contrast,10-30 mSv☢☢☢☢,10-30 mSv [ped]☢☢☢☢☢,Usually not appropriate
928,Urologic,"Pyelonephritis suspected, acute, diabetes, initial imaging",3195304,CTU without and with IV contrast,10-30 mSv☢☢☢☢,10-30 mSv [ped]☢☢☢☢☢,Usually not appropriate
929,Urologic,"Pyelonephritis suspected, acute, immune compromise, initial imaging",3195303,CT abdomen and pelvis with IV contrast,1-10 mSv☢☢☢,3-10 mSv [ped]☢☢☢☢,Usually appropriate
930,Urologic,"Pyelonephritis suspected, acute, immune compromise, initial imaging",3195303,US abdomen,0 mSvO,0 mSv [ped]O,May be appropriate
931,Urologic,"Pyelonephritis suspected, acute, immune compromise, initial imaging",3195303,US color Doppler kidneys and bladder retroperitoneal,0 mSvO,0 mSv [ped]O,May be appropriate
932,Urologic,"Pyelonephritis suspected, acute, immune compromise, initial imaging",3195303,MRI abdomen and pelvis without and with IV contrast,0 mSvO,0 mSv [ped]O,May be appropriate
933,Urologic,"Pyelonephritis suspected, acute, immune compromise, initial imaging",3195303,MRI abdomen and pelvis without IV contrast,0 mSvO,0 mSv [ped]O,May be appropriate
934,Urologic,"Pyelonephritis suspected, acute, immune compromise, initial imaging",3195303,CT abdomen and pelvis without IV contrast,1-10 mSv☢☢☢,3-10 mSv [ped]☢☢☢☢,May be appropriate
935,Urologic,"Pyelonephritis suspected, acute, immune compromise, initial imaging",3195303,CT abdomen with IV contrast,1-10 mSv☢☢☢,3-10 mSv [ped]☢☢☢☢,May be appropriate (Disagreement)
936,Urologic,"Pyelonephritis suspected, acute, immune compromise, initial imaging",3195303,CT abdomen and pelvis without and with IV contrast,10-30 mSv☢☢☢☢,10-30 mSv [ped]☢☢☢☢☢,May be appropriate (Disagreement)
937,Urologic,"Pyelonephritis suspected, acute, immune compromise, initial imaging",3195303,Fluoroscopy voiding cystourethrography,0.1-1mSv☢☢,0.03-0.3 mSv [ped]☢☢,Usually not appropriate
938,Urologic,"Pyelonephritis suspected, acute, immune compromise, initial imaging",3195303,Fluoroscopy antegrade pyelography,1-10 mSv☢☢☢,,Usually not appropriate
939,Urologic,"Pyelonephritis suspected, acute, immune compromise, initial imaging",3195303,Radiography abdomen and pelvis,1-10 mSv☢☢☢,0.3-3 mSv [ped]☢☢☢,Usually not appropriate
940,Urologic,"Pyelonephritis suspected, acute, immune compromise, initial imaging",3195303,Radiography intravenous urography,1-10 mSv☢☢☢,0.3-3 mSv [ped]☢☢☢,Usually not appropriate
941,Urologic,"Pyelonephritis suspected, acute, immune compromise, initial imaging",3195303,MRI abdomen without and with IV contrast,0 mSvO,0 mSv [ped]O,Usually not appropriate
942,Urologic,"Pyelonephritis suspected, acute, immune compromise, initial imaging",3195303,MRI abdomen without IV contrast,0 mSvO,0 mSv [ped]O,Usually not appropriate
943,Urologic,"Pyelonephritis suspected, acute, immune compromise, initial imaging",3195303,MRU without and with IV contrast,0 mSvO,0 mSv [ped]O,Usually not appropriate
944,Urologic,"Pyelonephritis suspected, acute, immune compromise, initial imaging",3195303,MRU without IV contrast,0 mSvO,0 mSv [ped]O,Usually not appropriate
945,Urologic,"Pyelonephritis suspected, acute, immune compromise, initial imaging",3195303,CT abdomen without IV contrast,1-10 mSv☢☢☢,3-10 mSv [ped]☢☢☢☢,Usually not appropriate
946,Urologic,"Pyelonephritis suspected, acute, immune compromise, initial imaging",3195303,DMSA renal scan,1-10 mSv☢☢☢,0.3-3 mSv [ped]☢☢☢,Usually not appropriate
947,Urologic,"Pyelonephritis suspected, acute, immune compromise, initial imaging",3195303,CT abdomen without and with IV contrast,10-30 mSv☢☢☢☢,10-30 mSv [ped]☢☢☢☢☢,Usually not appropriate
948,Urologic,"Pyelonephritis suspected, acute, immune compromise, initial imaging",3195303,CTU without and with IV contrast,10-30 mSv☢☢☢☢,10-30 mSv [ped]☢☢☢☢☢,Usually not appropriate
949,Urologic,"Pyelonephritis suspected, acute, lack of response to initial therapy, initial imaging",3195300,CT abdomen and pelvis with IV contrast,1-10 mSv☢☢☢,3-10 mSv [ped]☢☢☢☢,Usually appropriate
950,Urologic,"Pyelonephritis suspected, acute, lack of response to initial therapy, initial imaging",3195300,US abdomen,0 mSvO,0 mSv [ped]O,May be appropriate
951,Urologic,"Pyelonephritis suspected, acute, lack of response to initial therapy, initial imaging",3195300,US color Doppler kidneys and bladder retroperitoneal,0 mSvO,0 mSv [ped]O,May be appropriate
952,Urologic,"Pyelonephritis suspected, acute, lack of response to initial therapy, initial imaging",3195300,MRI abdomen and pelvis without and with IV contrast,0 mSvO,0 mSv [ped]O,May be appropriate
953,Urologic,"Pyelonephritis suspected, acute, lack of response to initial therapy, initial imaging",3195300,MRI abdomen and pelvis without IV contrast,0 mSvO,0 mSv [ped]O,May be appropriate
954,Urologic,"Pyelonephritis suspected, acute, lack of response to initial therapy, initial imaging",3195300,CT abdomen and pelvis without IV contrast,1-10 mSv☢☢☢,3-10 mSv [ped]☢☢☢☢,May be appropriate
955,Urologic,"Pyelonephritis suspected, acute, lack of response to initial therapy, initial imaging",3195300,CT abdomen with IV contrast,1-10 mSv☢☢☢,3-10 mSv [ped]☢☢☢☢,May be appropriate (Disagreement)
956,Urologic,"Pyelonephritis suspected, acute, lack of response to initial therapy, initial imaging",3195300,CT abdomen and pelvis without and with IV contrast,10-30 mSv☢☢☢☢,10-30 mSv [ped]☢☢☢☢☢,May be appropriate (Disagreement)
957,Urologic,"Pyelonephritis suspected, acute, lack of response to initial therapy, initial imaging",3195300,Fluoroscopy voiding cystourethrography,0.1-1mSv☢☢,0.03-0.3 mSv [ped]☢☢,Usually not appropriate
958,Urologic,"Pyelonephritis suspected, acute, lack of response to initial therapy, initial imaging",3195300,Fluoroscopy antegrade pyelography,1-10 mSv☢☢☢,,Usually not appropriate
959,Urologic,"Pyelonephritis suspected, acute, lack of response to initial therapy, initial imaging",3195300,Radiography abdomen and pelvis,1-10 mSv☢☢☢,0.3-3 mSv [ped]☢☢☢,Usually not appropriate
960,Urologic,"Pyelonephritis suspected, acute, lack of response to initial therapy, initial imaging",3195300,Radiography intravenous urography,1-10 mSv☢☢☢,0.3-3 mSv [ped]☢☢☢,Usually not appropriate
961,Urologic,"Pyelonephritis suspected, acute, lack of response to initial therapy, initial imaging",3195300,MRI abdomen without and with IV contrast,0 mSvO,0 mSv [ped]O,Usually not appropriate
962,Urologic,"Pyelonephritis suspected, acute, lack of response to initial therapy, initial imaging",3195300,MRI abdomen without IV contrast,0 mSvO,0 mSv [ped]O,Usually not appropriate
963,Urologic,"Pyelonephritis suspected, acute, lack of response to initial therapy, initial imaging",3195300,MRU without and with IV contrast,0 mSvO,0 mSv [ped]O,Usually not appropriate
964,Urologic,"Pyelonephritis suspected, acute, lack of response to initial therapy, initial imaging",3195300,MRU without IV contrast,0 mSvO,0 mSv [ped]O,Usually not appropriate
965,Urologic,"Pyelonephritis suspected, acute, lack of response to initial therapy, initial imaging",3195300,CT abdomen without IV contrast,1-10 mSv☢☢☢,3-10 mSv [ped]☢☢☢☢,Usually not appropriate
966,Urologic,"Pyelonephritis suspected, acute, lack of response to initial therapy, initial imaging",3195300,DMSA renal scan,1-10 mSv☢☢☢,0.3-3 mSv [ped]☢☢☢,Usually not appropriate
967,Urologic,"Pyelonephritis suspected, acute, lack of response to initial therapy, initial imaging",3195300,CT abdomen without and with IV contrast,10-30 mSv☢☢☢☢,10-30 mSv [ped]☢☢☢☢☢,Usually not appropriate
968,Urologic,"Pyelonephritis suspected, acute, lack of response to initial therapy, initial imaging",3195300,CTU without and with IV contrast,10-30 mSv☢☢☢☢,10-30 mSv [ped]☢☢☢☢☢,Usually not appropriate
969,Urologic,"Pyelonephritis suspected, acute, pelvic renal transplant hx, native kidneys in situ, no other complications, initial imaging",3195312,US duplex Doppler kidney transplant,0 mSvO,0 mSv [ped]O,Usually appropriate
970,Urologic,"Pyelonephritis suspected, acute, pelvic renal transplant hx, native kidneys in situ, no other complications, initial imaging",3195312,CT abdomen and pelvis with IV contrast,1-10 mSv☢☢☢,3-10 mSv [ped]☢☢☢☢,Usually appropriate
971,Urologic,"Pyelonephritis suspected, acute, pelvic renal transplant hx, native kidneys in situ, no other complications, initial imaging",3195312,MRI abdomen and pelvis without and with IV contrast,0 mSvO,0 mSv [ped]O,May be appropriate
972,Urologic,"Pyelonephritis suspected, acute, pelvic renal transplant hx, native kidneys in situ, no other complications, initial imaging",3195312,MRI abdomen and pelvis without IV contrast,0 mSvO,0 mSv [ped]O,May be appropriate
973,Urologic,"Pyelonephritis suspected, acute, pelvic renal transplant hx, native kidneys in situ, no other complications, initial imaging",3195312,CT abdomen and pelvis without IV contrast,1-10 mSv☢☢☢,3-10 mSv [ped]☢☢☢☢,May be appropriate
974,Urologic,"Pyelonephritis suspected, acute, pelvic renal transplant hx, native kidneys in situ, no other complications, initial imaging",3195312,CT abdomen and pelvis without and with IV contrast,10-30 mSv☢☢☢☢,10-30 mSv [ped]☢☢☢☢☢,May be appropriate
975,Urologic,"Pyelonephritis suspected, acute, pelvic renal transplant hx, native kidneys in situ, no other complications, initial imaging",3195312,US abdomen,0 mSvO,0 mSv [ped]O,Usually not appropriate
976,Urologic,"Pyelonephritis suspected, acute, pelvic renal transplant hx, native kidneys in situ, no other complications, initial imaging",3195312,US color Doppler kidneys and bladder retroperitoneal,0 mSvO,0 mSv [ped]O,Usually not appropriate
977,Urologic,"Pyelonephritis suspected, acute, pelvic renal transplant hx, native kidneys in situ, no other complications, initial imaging",3195312,Fluoroscopy voiding cystourethrography,0.1-1mSv☢☢,0.03-0.3 mSv [ped]☢☢,Usually not appropriate
978,Urologic,"Pyelonephritis suspected, acute, pelvic renal transplant hx, native kidneys in situ, no other complications, initial imaging",3195312,Fluoroscopy antegrade pyelography,1-10 mSv☢☢☢,,Usually not appropriate
979,Urologic,"Pyelonephritis suspected, acute, pelvic renal transplant hx, native kidneys in situ, no other complications, initial imaging",3195312,Radiography abdomen and pelvis,1-10 mSv☢☢☢,0.3-3 mSv [ped]☢☢☢,Usually not appropriate
980,Urologic,"Pyelonephritis suspected, acute, pelvic renal transplant hx, native kidneys in situ, no other complications, initial imaging",3195312,Radiography intravenous urography,1-10 mSv☢☢☢,0.3-3 mSv [ped]☢☢☢,Usually not appropriate
981,Urologic,"Pyelonephritis suspected, acute, pelvic renal transplant hx, native kidneys in situ, no other complications, initial imaging",3195312,MRI abdomen without and with IV contrast,0 mSvO,0 mSv [ped]O,Usually not appropriate
982,Urologic,"Pyelonephritis suspected, acute, pelvic renal transplant hx, native kidneys in situ, no other complications, initial imaging",3195312,MRI abdomen without IV contrast,0 mSvO,0 mSv [ped]O,Usually not appropriate
983,Urologic,"Pyelonephritis suspected, acute, pelvic renal transplant hx, native kidneys in situ, no other complications, initial imaging",3195312,MRI pelvis without and with IV contrast,0 mSvO,0 mSv [ped]O,Usually not appropriate
984,Urologic,"Pyelonephritis suspected, acute, pelvic renal transplant hx, native kidneys in situ, no other complications, initial imaging",3195312,MRI pelvis without IV contrast,0 mSvO,0 mSv [ped]O,Usually not appropriate
985,Urologic,"Pyelonephritis suspected, acute, pelvic renal transplant hx, native kidneys in situ, no other complications, initial imaging",3195312,MRU without and with IV contrast,0 mSvO,0 mSv [ped]O,Usually not appropriate
986,Urologic,"Pyelonephritis suspected, acute, pelvic renal transplant hx, native kidneys in situ, no other complications, initial imaging",3195312,MRU without IV contrast,0 mSvO,0 mSv [ped]O,Usually not appropriate
987,Urologic,"Pyelonephritis suspected, acute, pelvic renal transplant hx, native kidneys in situ, no other complications, initial imaging",3195312,CT abdomen with IV contrast,1-10 mSv☢☢☢,3-10 mSv [ped]☢☢☢☢,Usually not appropriate
988,Urologic,"Pyelonephritis suspected, acute, pelvic renal transplant hx, native kidneys in situ, no other complications, initial imaging",3195312,CT abdomen without IV contrast,1-10 mSv☢☢☢,3-10 mSv [ped]☢☢☢☢,Usually not appropriate
989,Urologic,"Pyelonephritis suspected, acute, pelvic renal transplant hx, native kidneys in situ, no other complications, initial imaging",3195312,DMSA renal scan,1-10 mSv☢☢☢,0.3-3 mSv [ped]☢☢☢,Usually not appropriate
990,Urologic,"Pyelonephritis suspected, acute, pelvic renal transplant hx, native kidneys in situ, no other complications, initial imaging",3195312,CT abdomen without and with IV contrast,10-30 mSv☢☢☢☢,10-30 mSv [ped]☢☢☢☢☢,Usually not appropriate
991,Urologic,"Pyelonephritis suspected, acute, pelvic renal transplant hx, native kidneys in situ, no other complications, initial imaging",3195312,CTU without and with IV contrast,10-30 mSv☢☢☢☢,10-30 mSv [ped]☢☢☢☢☢,Usually not appropriate
992,Urologic,"Pyelonephritis suspected, acute, pregnant, no other complications, initial imaging",3195310,US abdomen,0 mSvO,0 mSv [ped]O,May be appropriate (Disagreement)
993,Urologic,"Pyelonephritis suspected, acute, pregnant, no other complications, initial imaging",3195310,US color Doppler kidneys and bladder retroperitoneal,0 mSvO,0 mSv [ped]O,May be appropriate
994,Urologic,"Pyelonephritis suspected, acute, pregnant, no other complications, initial imaging",3195310,MRI abdomen and pelvis without IV contrast,0 mSvO,0 mSv [ped]O,May be appropriate
995,Urologic,"Pyelonephritis suspected, acute, pregnant, no other complications, initial imaging",3195310,MRI abdomen without IV contrast,0 mSvO,0 mSv [ped]O,May be appropriate
996,Urologic,"Pyelonephritis suspected, acute, pregnant, no other complications, initial imaging",3195310,MRU without IV contrast,0 mSvO,0 mSv [ped]O,May be appropriate
997,Urologic,"Pyelonephritis suspected, acute, pregnant, no other complications, initial imaging",3195310,Fluoroscopy voiding cystourethrography,0.1-1mSv☢☢,0.03-0.3 mSv [ped]☢☢,Usually not appropriate
998,Urologic,"Pyelonephritis suspected, acute, pregnant, no other complications, initial imaging",3195310,Fluoroscopy antegrade pyelography,1-10 mSv☢☢☢,,Usually not appropriate
999,Urologic,"Pyelonephritis suspected, acute, pregnant, no other complications, initial imaging",3195310,Radiography abdomen and pelvis,1-10 mSv☢☢☢,0.3-3 mSv [ped]☢☢☢,Usually not appropriate
1000,Urologic,"Pyelonephritis suspected, acute, pregnant, no other complications, initial imaging",3195310,Radiography intravenous urography,1-10 mSv☢☢☢,0.3-3 mSv [ped]☢☢☢,Usually not appropriate
1001,Urologic,"Pyelonephritis suspected, acute, pregnant, no other complications, initial imaging",3195310,MRI abdomen and pelvis without and with IV contrast,0 mSvO,0 mSv [ped]O,Usually not appropriate
1002,Urologic,"Pyelonephritis suspected, acute, pregnant, no other complications, initial imaging",3195310,MRI abdomen without and with IV contrast,0 mSvO,0 mSv [ped]O,Usually not appropriate
1003,Urologic,"Pyelonephritis suspected, acute, pregnant, no other complications, initial imaging",3195310,MRU without and with IV contrast,0 mSvO,0 mSv [ped]O,Usually not appropriate
1004,Urologic,"Pyelonephritis suspected, acute, pregnant, no other complications, initial imaging",3195310,CT abdomen and pelvis with IV contrast,1-10 mSv☢☢☢,3-10 mSv [ped]☢☢☢☢,Usually not appropriate
1005,Urologic,"Pyelonephritis suspected, acute, pregnant, no other complications, initial imaging",3195310,CT abdomen and pelvis without IV contrast,1-10 mSv☢☢☢,3-10 mSv [ped]☢☢☢☢,Usually not appropriate
1006,Urologic,"Pyelonephritis suspected, acute, pregnant, no other complications, initial imaging",3195310,CT abdomen with IV contrast,1-10 mSv☢☢☢,3-10 mSv [ped]☢☢☢☢,Usually not appropriate
1007,Urologic,"Pyelonephritis suspected, acute, pregnant, no other complications, initial imaging",3195310,CT abdomen without IV contrast,1-10 mSv☢☢☢,3-10 mSv [ped]☢☢☢☢,Usually not appropriate
1008,Urologic,"Pyelonephritis suspected, acute, pregnant, no other complications, initial imaging",3195310,DMSA renal scan,1-10 mSv☢☢☢,0.3-3 mSv [ped]☢☢☢,Usually not appropriate
1009,Urologic,"Pyelonephritis suspected, acute, pregnant, no other complications, initial imaging",3195310,CT abdomen and pelvis without and with IV contrast,10-30 mSv☢☢☢☢,10-30 mSv [ped]☢☢☢☢☢,Usually not appropriate
1010,Urologic,"Pyelonephritis suspected, acute, pregnant, no other complications, initial imaging",3195310,CT abdomen without and with IV contrast,10-30 mSv☢☢☢☢,10-30 mSv [ped]☢☢☢☢☢,Usually not appropriate
1011,Urologic,"Pyelonephritis suspected, acute, pregnant, no other complications, initial imaging",3195310,CTU without and with IV contrast,10-30 mSv☢☢☢☢,10-30 mSv [ped]☢☢☢☢☢,Usually not appropriate
1012,Urologic,"Pyelonephritis suspected, acute, recurrent pyelonephritis, initial imaging",3195305,CT abdomen and pelvis with IV contrast,1-10 mSv☢☢☢,3-10 mSv [ped]☢☢☢☢,Usually appropriate
1013,Urologic,"Pyelonephritis suspected, acute, recurrent pyelonephritis, initial imaging",3195305,US abdomen,0 mSvO,0 mSv [ped]O,May be appropriate
1014,Urologic,"Pyelonephritis suspected, acute, recurrent pyelonephritis, initial imaging",3195305,US color Doppler kidneys and bladder retroperitoneal,0 mSvO,0 mSv [ped]O,May be appropriate
1015,Urologic,"Pyelonephritis suspected, acute, recurrent pyelonephritis, initial imaging",3195305,MRI abdomen and pelvis without and with IV contrast,0 mSvO,0 mSv [ped]O,May be appropriate
1016,Urologic,"Pyelonephritis suspected, acute, recurrent pyelonephritis, initial imaging",3195305,MRI abdomen and pelvis without IV contrast,0 mSvO,0 mSv [ped]O,May be appropriate
1017,Urologic,"Pyelonephritis suspected, acute, recurrent pyelonephritis, initial imaging",3195305,CT abdomen and pelvis without IV contrast,1-10 mSv☢☢☢,3-10 mSv [ped]☢☢☢☢,May be appropriate
1018,Urologic,"Pyelonephritis suspected, acute, recurrent pyelonephritis, initial imaging",3195305,CT abdomen with IV contrast,1-10 mSv☢☢☢,3-10 mSv [ped]☢☢☢☢,May be appropriate (Disagreement)
1019,Urologic,"Pyelonephritis suspected, acute, recurrent pyelonephritis, initial imaging",3195305,CT abdomen and pelvis without and with IV contrast,10-30 mSv☢☢☢☢,10-30 mSv [ped]☢☢☢☢☢,May be appropriate (Disagreement)
1020,Urologic,"Pyelonephritis suspected, acute, recurrent pyelonephritis, initial imaging",3195305,Fluoroscopy voiding cystourethrography,0.1-1mSv☢☢,0.03-0.3 mSv [ped]☢☢,Usually not appropriate
1021,Urologic,"Pyelonephritis suspected, acute, recurrent pyelonephritis, initial imaging",3195305,Fluoroscopy antegrade pyelography,1-10 mSv☢☢☢,,Usually not appropriate
1022,Urologic,"Pyelonephritis suspected, acute, recurrent pyelonephritis, initial imaging",3195305,Radiography abdomen and pelvis,1-10 mSv☢☢☢,0.3-3 mSv [ped]☢☢☢,Usually not appropriate
1023,Urologic,"Pyelonephritis suspected, acute, recurrent pyelonephritis, initial imaging",3195305,Radiography intravenous urography,1-10 mSv☢☢☢,0.3-3 mSv [ped]☢☢☢,Usually not appropriate
1024,Urologic,"Pyelonephritis suspected, acute, recurrent pyelonephritis, initial imaging",3195305,MRI abdomen without and with IV contrast,0 mSvO,0 mSv [ped]O,Usually not appropriate
1025,Urologic,"Pyelonephritis suspected, acute, recurrent pyelonephritis, initial imaging",3195305,MRI abdomen without IV contrast,0 mSvO,0 mSv [ped]O,Usually not appropriate
1026,Urologic,"Pyelonephritis suspected, acute, recurrent pyelonephritis, initial imaging",3195305,MRU without and with IV contrast,0 mSvO,0 mSv [ped]O,Usually not appropriate
1027,Urologic,"Pyelonephritis suspected, acute, recurrent pyelonephritis, initial imaging",3195305,MRU without IV contrast,0 mSvO,0 mSv [ped]O,Usually not appropriate
1028,Urologic,"Pyelonephritis suspected, acute, recurrent pyelonephritis, initial imaging",3195305,CT abdomen without IV contrast,1-10 mSv☢☢☢,3-10 mSv [ped]☢☢☢☢,Usually not appropriate
1029,Urologic,"Pyelonephritis suspected, acute, recurrent pyelonephritis, initial imaging",3195305,DMSA renal scan,1-10 mSv☢☢☢,0.3-3 mSv [ped]☢☢☢,Usually not appropriate
1030,Urologic,"Pyelonephritis suspected, acute, recurrent pyelonephritis, initial imaging",3195305,CT abdomen without and with IV contrast,10-30 mSv☢☢☢☢,10-30 mSv [ped]☢☢☢☢☢,Usually not appropriate
1031,Urologic,"Pyelonephritis suspected, acute, recurrent pyelonephritis, initial imaging",3195305,CTU without and with IV contrast,10-30 mSv☢☢☢☢,10-30 mSv [ped]☢☢☢☢☢,Usually not appropriate
1032,Urologic,"Pyelonephritis suspected, acute, renal obstruction hx, initial imaging",3195307,CT abdomen and pelvis with IV contrast,1-10 mSv☢☢☢,3-10 mSv [ped]☢☢☢☢,Usually appropriate
1033,Urologic,"Pyelonephritis suspected, acute, renal obstruction hx, initial imaging",3195307,CT abdomen and pelvis without and with IV contrast,10-30 mSv☢☢☢☢,10-30 mSv [ped]☢☢☢☢☢,Usually appropriate
1034,Urologic,"Pyelonephritis suspected, acute, renal obstruction hx, initial imaging",3195307,US abdomen,0 mSvO,0 mSv [ped]O,May be appropriate
1035,Urologic,"Pyelonephritis suspected, acute, renal obstruction hx, initial imaging",3195307,US color Doppler kidneys and bladder retroperitoneal,0 mSvO,0 mSv [ped]O,May be appropriate
1036,Urologic,"Pyelonephritis suspected, acute, renal obstruction hx, initial imaging",3195307,MRI abdomen and pelvis without and with IV contrast,0 mSvO,0 mSv [ped]O,May be appropriate
1037,Urologic,"Pyelonephritis suspected, acute, renal obstruction hx, initial imaging",3195307,MRI abdomen and pelvis without IV contrast,0 mSvO,0 mSv [ped]O,May be appropriate
1038,Urologic,"Pyelonephritis suspected, acute, renal obstruction hx, initial imaging",3195307,CT abdomen and pelvis without IV contrast,1-10 mSv☢☢☢,3-10 mSv [ped]☢☢☢☢,May be appropriate
1039,Urologic,"Pyelonephritis suspected, acute, renal obstruction hx, initial imaging",3195307,CT abdomen without and with IV contrast,10-30 mSv☢☢☢☢,10-30 mSv [ped]☢☢☢☢☢,May be appropriate (Disagreement)
1040,Urologic,"Pyelonephritis suspected, acute, renal obstruction hx, initial imaging",3195307,Fluoroscopy voiding cystourethrography,0.1-1mSv☢☢,0.03-0.3 mSv [ped]☢☢,Usually not appropriate
1041,Urologic,"Pyelonephritis suspected, acute, renal obstruction hx, initial imaging",3195307,Fluoroscopy antegrade pyelography,1-10 mSv☢☢☢,,Usually not appropriate
1042,Urologic,"Pyelonephritis suspected, acute, renal obstruction hx, initial imaging",3195307,Radiography abdomen and pelvis,1-10 mSv☢☢☢,0.3-3 mSv [ped]☢☢☢,Usually not appropriate
1043,Urologic,"Pyelonephritis suspected, acute, renal obstruction hx, initial imaging",3195307,Radiography intravenous urography,1-10 mSv☢☢☢,0.3-3 mSv [ped]☢☢☢,Usually not appropriate
1044,Urologic,"Pyelonephritis suspected, acute, renal obstruction hx, initial imaging",3195307,MRI abdomen without and with IV contrast,0 mSvO,0 mSv [ped]O,Usually not appropriate
1045,Urologic,"Pyelonephritis suspected, acute, renal obstruction hx, initial imaging",3195307,MRI abdomen without IV contrast,0 mSvO,0 mSv [ped]O,Usually not appropriate
1046,Urologic,"Pyelonephritis suspected, acute, renal obstruction hx, initial imaging",3195307,MRU without and with IV contrast,0 mSvO,0 mSv [ped]O,Usually not appropriate
1047,Urologic,"Pyelonephritis suspected, acute, renal obstruction hx, initial imaging",3195307,MRU without IV contrast,0 mSvO,0 mSv [ped]O,Usually not appropriate
1048,Urologic,"Pyelonephritis suspected, acute, renal obstruction hx, initial imaging",3195307,CT abdomen with IV contrast,1-10 mSv☢☢☢,3-10 mSv [ped]☢☢☢☢,Usually not appropriate
1049,Urologic,"Pyelonephritis suspected, acute, renal obstruction hx, initial imaging",3195307,CT abdomen without IV contrast,1-10 mSv☢☢☢,3-10 mSv [ped]☢☢☢☢,Usually not appropriate
1050,Urologic,"Pyelonephritis suspected, acute, renal obstruction hx, initial imaging",3195307,DMSA renal scan,1-10 mSv☢☢☢,0.3-3 mSv [ped]☢☢☢,Usually not appropriate
1051,Urologic,"Pyelonephritis suspected, acute, renal obstruction hx, initial imaging",3195307,CTU without and with IV contrast,10-30 mSv☢☢☢☢,10-30 mSv [ped]☢☢☢☢☢,Usually not appropriate
1052,Urologic,"Pyelonephritis suspected, acute, renal stones hx, initial imaging",3195308,CT abdomen and pelvis with IV contrast,1-10 mSv☢☢☢,3-10 mSv [ped]☢☢☢☢,Usually appropriate
1053,Urologic,"Pyelonephritis suspected, acute, renal stones hx, initial imaging",3195308,CT abdomen and pelvis without and with IV contrast,10-30 mSv☢☢☢☢,10-30 mSv [ped]☢☢☢☢☢,Usually appropriate
1054,Urologic,"Pyelonephritis suspected, acute, renal stones hx, initial imaging",3195308,US abdomen,0 mSvO,0 mSv [ped]O,May be appropriate
1055,Urologic,"Pyelonephritis suspected, acute, renal stones hx, initial imaging",3195308,US color Doppler kidneys and bladder retroperitoneal,0 mSvO,0 mSv [ped]O,May be appropriate
1056,Urologic,"Pyelonephritis suspected, acute, renal stones hx, initial imaging",3195308,MRI abdomen and pelvis without and with IV contrast,0 mSvO,0 mSv [ped]O,May be appropriate
1057,Urologic,"Pyelonephritis suspected, acute, renal stones hx, initial imaging",3195308,MRI abdomen and pelvis without IV contrast,0 mSvO,0 mSv [ped]O,May be appropriate
1058,Urologic,"Pyelonephritis suspected, acute, renal stones hx, initial imaging",3195308,CT abdomen and pelvis without IV contrast,1-10 mSv☢☢☢,3-10 mSv [ped]☢☢☢☢,May be appropriate
1059,Urologic,"Pyelonephritis suspected, acute, renal stones hx, initial imaging",3195308,CT abdomen without and with IV contrast,10-30 mSv☢☢☢☢,10-30 mSv [ped]☢☢☢☢☢,May be appropriate (Disagreement)
1060,Urologic,"Pyelonephritis suspected, acute, renal stones hx, initial imaging",3195308,Fluoroscopy voiding cystourethrography,0.1-1mSv☢☢,0.03-0.3 mSv [ped]☢☢,Usually not appropriate
1061,Urologic,"Pyelonephritis suspected, acute, renal stones hx, initial imaging",3195308,Fluoroscopy antegrade pyelography,1-10 mSv☢☢☢,,Usually not appropriate
1062,Urologic,"Pyelonephritis suspected, acute, renal stones hx, initial imaging",3195308,Radiography abdomen and pelvis,1-10 mSv☢☢☢,0.3-3 mSv [ped]☢☢☢,Usually not appropriate
1063,Urologic,"Pyelonephritis suspected, acute, renal stones hx, initial imaging",3195308,Radiography intravenous urography,1-10 mSv☢☢☢,0.3-3 mSv [ped]☢☢☢,Usually not appropriate
1064,Urologic,"Pyelonephritis suspected, acute, renal stones hx, initial imaging",3195308,MRI abdomen without and with IV contrast,0 mSvO,0 mSv [ped]O,Usually not appropriate
1065,Urologic,"Pyelonephritis suspected, acute, renal stones hx, initial imaging",3195308,MRI abdomen without IV contrast,0 mSvO,0 mSv [ped]O,Usually not appropriate
1066,Urologic,"Pyelonephritis suspected, acute, renal stones hx, initial imaging",3195308,MRU without and with IV contrast,0 mSvO,0 mSv [ped]O,Usually not appropriate
1067,Urologic,"Pyelonephritis suspected, acute, renal stones hx, initial imaging",3195308,MRU without IV contrast,0 mSvO,0 mSv [ped]O,Usually not appropriate
1068,Urologic,"Pyelonephritis suspected, acute, renal stones hx, initial imaging",3195308,CT abdomen with IV contrast,1-10 mSv☢☢☢,3-10 mSv [ped]☢☢☢☢,Usually not appropriate
1069,Urologic,"Pyelonephritis suspected, acute, renal stones hx, initial imaging",3195308,CT abdomen without IV contrast,1-10 mSv☢☢☢,3-10 mSv [ped]☢☢☢☢,Usually not appropriate
1070,Urologic,"Pyelonephritis suspected, acute, renal stones hx, initial imaging",3195308,DMSA renal scan,1-10 mSv☢☢☢,0.3-3 mSv [ped]☢☢☢,Usually not appropriate
1071,Urologic,"Pyelonephritis suspected, acute, renal stones hx, initial imaging",3195308,CTU without and with IV contrast,10-30 mSv☢☢☢☢,10-30 mSv [ped]☢☢☢☢☢,Usually not appropriate
1072,Urologic,"Pyelonephritis suspected, acute, uncomplicated, first time presentation, initial imaging",3195297,US abdomen,0 mSvO,0 mSv [ped]O,Usually not appropriate
1073,Urologic,"Pyelonephritis suspected, acute, uncomplicated, first time presentation, initial imaging",3195297,US color Doppler kidneys and bladder retroperitoneal,0 mSvO,0 mSv [ped]O,Usually not appropriate
1074,Urologic,"Pyelonephritis suspected, acute, uncomplicated, first time presentation, initial imaging",3195297,Fluoroscopy voiding cystourethrography,0.1-1mSv☢☢,0.03-0.3 mSv [ped]☢☢,Usually not appropriate
1075,Urologic,"Pyelonephritis suspected, acute, uncomplicated, first time presentation, initial imaging",3195297,Fluoroscopy antegrade pyelography,1-10 mSv☢☢☢,,Usually not appropriate
1076,Urologic,"Pyelonephritis suspected, acute, uncomplicated, first time presentation, initial imaging",3195297,Radiography abdomen and pelvis,1-10 mSv☢☢☢,0.3-3 mSv [ped]☢☢☢,Usually not appropriate
1077,Urologic,"Pyelonephritis suspected, acute, uncomplicated, first time presentation, initial imaging",3195297,Radiography intravenous urography,1-10 mSv☢☢☢,0.3-3 mSv [ped]☢☢☢,Usually not appropriate
1078,Urologic,"Pyelonephritis suspected, acute, uncomplicated, first time presentation, initial imaging",3195297,MRI abdomen and pelvis without and with IV contrast,0 mSvO,0 mSv [ped]O,Usually not appropriate
1079,Urologic,"Pyelonephritis suspected, acute, uncomplicated, first time presentation, initial imaging",3195297,MRI abdomen and pelvis without IV contrast,0 mSvO,0 mSv [ped]O,Usually not appropriate
1080,Urologic,"Pyelonephritis suspected, acute, uncomplicated, first time presentation, initial imaging",3195297,MRI abdomen without and with IV contrast,0 mSvO,0 mSv [ped]O,Usually not appropriate
1081,Urologic,"Pyelonephritis suspected, acute, uncomplicated, first time presentation, initial imaging",3195297,MRI abdomen without IV contrast,0 mSvO,0 mSv [ped]O,Usually not appropriate
1082,Urologic,"Pyelonephritis suspected, acute, uncomplicated, first time presentation, initial imaging",3195297,MRU without and with IV contrast,0 mSvO,0 mSv [ped]O,Usually not appropriate
1083,Urologic,"Pyelonephritis suspected, acute, uncomplicated, first time presentation, initial imaging",3195297,MRU without IV contrast,0 mSvO,0 mSv [ped]O,Usually not appropriate
1084,Urologic,"Pyelonephritis suspected, acute, uncomplicated, first time presentation, initial imaging",3195297,CT abdomen and pelvis with IV contrast,1-10 mSv☢☢☢,3-10 mSv [ped]☢☢☢☢,Usually not appropriate
1085,Urologic,"Pyelonephritis suspected, acute, uncomplicated, first time presentation, initial imaging",3195297,CT abdomen and pelvis without IV contrast,1-10 mSv☢☢☢,3-10 mSv [ped]☢☢☢☢,Usually not appropriate
1086,Urologic,"Pyelonephritis suspected, acute, uncomplicated, first time presentation, initial imaging",3195297,CT abdomen with IV contrast,1-10 mSv☢☢☢,3-10 mSv [ped]☢☢☢☢,Usually not appropriate
1087,Urologic,"Pyelonephritis suspected, acute, uncomplicated, first time presentation, initial imaging",3195297,CT abdomen without IV contrast,1-10 mSv☢☢☢,3-10 mSv [ped]☢☢☢☢,Usually not appropriate
1088,Urologic,"Pyelonephritis suspected, acute, uncomplicated, first time presentation, initial imaging",3195297,DMSA renal scan,1-10 mSv☢☢☢,0.3-3 mSv [ped]☢☢☢,Usually not appropriate
1089,Urologic,"Pyelonephritis suspected, acute, uncomplicated, first time presentation, initial imaging",3195297,CT abdomen and pelvis without and with IV contrast,10-30 mSv☢☢☢☢,10-30 mSv [ped]☢☢☢☢☢,Usually not appropriate
1090,Urologic,"Pyelonephritis suspected, acute, uncomplicated, first time presentation, initial imaging",3195297,CT abdomen without and with IV contrast,10-30 mSv☢☢☢☢,10-30 mSv [ped]☢☢☢☢☢,Usually not appropriate
1091,Urologic,"Pyelonephritis suspected, acute, uncomplicated, first time presentation, initial imaging",3195297,CTU without and with IV contrast,10-30 mSv☢☢☢☢,10-30 mSv [ped]☢☢☢☢☢,Usually not appropriate
1092,Urologic,"Pyelonephritis suspected, acute, vesicoureteral reflux, initial imaging",3195301,CT abdomen and pelvis with IV contrast,1-10 mSv☢☢☢,3-10 mSv [ped]☢☢☢☢,Usually appropriate
1093,Urologic,"Pyelonephritis suspected, acute, vesicoureteral reflux, initial imaging",3195301,US abdomen,0 mSvO,0 mSv [ped]O,May be appropriate
1094,Urologic,"Pyelonephritis suspected, acute, vesicoureteral reflux, initial imaging",3195301,US color Doppler kidneys and bladder retroperitoneal,0 mSvO,0 mSv [ped]O,May be appropriate
1095,Urologic,"Pyelonephritis suspected, acute, vesicoureteral reflux, initial imaging",3195301,MRI abdomen and pelvis without and with IV contrast,0 mSvO,0 mSv [ped]O,May be appropriate
1096,Urologic,"Pyelonephritis suspected, acute, vesicoureteral reflux, initial imaging",3195301,MRI abdomen and pelvis without IV contrast,0 mSvO,0 mSv [ped]O,May be appropriate
1097,Urologic,"Pyelonephritis suspected, acute, vesicoureteral reflux, initial imaging",3195301,CT abdomen and pelvis without IV contrast,1-10 mSv☢☢☢,3-10 mSv [ped]☢☢☢☢,May be appropriate
1098,Urologic,"Pyelonephritis suspected, acute, vesicoureteral reflux, initial imaging",3195301,CT abdomen with IV contrast,1-10 mSv☢☢☢,3-10 mSv [ped]☢☢☢☢,May be appropriate (Disagreement)
1099,Urologic,"Pyelonephritis suspected, acute, vesicoureteral reflux, initial imaging",3195301,CT abdomen and pelvis without and with IV contrast,10-30 mSv☢☢☢☢,10-30 mSv [ped]☢☢☢☢☢,May be appropriate (Disagreement)
1100,Urologic,"Pyelonephritis suspected, acute, vesicoureteral reflux, initial imaging",3195301,Fluoroscopy voiding cystourethrography,0.1-1mSv☢☢,0.03-0.3 mSv [ped]☢☢,Usually not appropriate
1101,Urologic,"Pyelonephritis suspected, acute, vesicoureteral reflux, initial imaging",3195301,Fluoroscopy antegrade pyelography,1-10 mSv☢☢☢,,Usually not appropriate
1102,Urologic,"Pyelonephritis suspected, acute, vesicoureteral reflux, initial imaging",3195301,Radiography abdomen and pelvis,1-10 mSv☢☢☢,0.3-3 mSv [ped]☢☢☢,Usually not appropriate
1103,Urologic,"Pyelonephritis suspected, acute, vesicoureteral reflux, initial imaging",3195301,Radiography intravenous urography,1-10 mSv☢☢☢,0.3-3 mSv [ped]☢☢☢,Usually not appropriate
1104,Urologic,"Pyelonephritis suspected, acute, vesicoureteral reflux, initial imaging",3195301,MRI abdomen without and with IV contrast,0 mSvO,0 mSv [ped]O,Usually not appropriate
1105,Urologic,"Pyelonephritis suspected, acute, vesicoureteral reflux, initial imaging",3195301,MRI abdomen without IV contrast,0 mSvO,0 mSv [ped]O,Usually not appropriate
1106,Urologic,"Pyelonephritis suspected, acute, vesicoureteral reflux, initial imaging",3195301,MRU without and with IV contrast,0 mSvO,0 mSv [ped]O,Usually not appropriate
1107,Urologic,"Pyelonephritis suspected, acute, vesicoureteral reflux, initial imaging",3195301,MRU without IV contrast,0 mSvO,0 mSv [ped]O,Usually not appropriate
1108,Urologic,"Pyelonephritis suspected, acute, vesicoureteral reflux, initial imaging",3195301,CT abdomen without IV contrast,1-10 mSv☢☢☢,3-10 mSv [ped]☢☢☢☢,Usually not appropriate
1109,Urologic,"Pyelonephritis suspected, acute, vesicoureteral reflux, initial imaging",3195301,DMSA renal scan,1-10 mSv☢☢☢,0.3-3 mSv [ped]☢☢☢,Usually not appropriate
1110,Urologic,"Pyelonephritis suspected, acute, vesicoureteral reflux, initial imaging",3195301,CT abdomen without and with IV contrast,10-30 mSv☢☢☢☢,10-30 mSv [ped]☢☢☢☢☢,Usually not appropriate
1111,Urologic,"Pyelonephritis suspected, acute, vesicoureteral reflux, initial imaging",3195301,CTU without and with IV contrast,10-30 mSv☢☢☢☢,10-30 mSv [ped]☢☢☢☢☢,Usually not appropriate
1112,Urologic,"Renal cell cancer carcinoma, localized, active surveillance",3194879,US abdomen with IV contrast,0 mSvO,0 mSv [ped]O,Usually appropriate
1113,Urologic,"Renal cell cancer carcinoma, localized, active surveillance",3194879,MRI abdomen without and with IV contrast,0 mSvO,0 mSv [ped]O,Usually appropriate
1114,Urologic,"Renal cell cancer carcinoma, localized, active surveillance",3194879,CT abdomen with IV contrast,1-10 mSv☢☢☢,3-10 mSv [ped]☢☢☢☢,Usually appropriate
1115,Urologic,"Renal cell cancer carcinoma, localized, active surveillance",3194879,CT abdomen without and with IV contrast,10-30 mSv☢☢☢☢,10-30 mSv [ped]☢☢☢☢☢,Usually appropriate
1116,Urologic,"Renal cell cancer carcinoma, localized, active surveillance",3194879,US kidneys retroperitoneal,0 mSvO,0 mSv [ped]O,May be appropriate
1117,Urologic,"Renal cell cancer carcinoma, localized, active surveillance",3194879,Radiography chest,<0.1 mSv☢,<0.03 mSv [ped]☢,May be appropriate
1118,Urologic,"Renal cell cancer carcinoma, localized, active surveillance",3194879,MRI abdomen and pelvis without and with IV contrast,0 mSvO,0 mSv [ped]O,May be appropriate
1119,Urologic,"Renal cell cancer carcinoma, localized, active surveillance",3194879,MRI abdomen and pelvis without IV contrast,0 mSvO,0 mSv [ped]O,May be appropriate
1120,Urologic,"Renal cell cancer carcinoma, localized, active surveillance",3194879,MRI abdomen without IV contrast,0 mSvO,0 mSv [ped]O,May be appropriate
1121,Urologic,"Renal cell cancer carcinoma, localized, active surveillance",3194879,CT abdomen and pelvis with IV contrast,1-10 mSv☢☢☢,3-10 mSv [ped]☢☢☢☢,May be appropriate
1122,Urologic,"Renal cell cancer carcinoma, localized, active surveillance",3194879,CT abdomen and pelvis without IV contrast,1-10 mSv☢☢☢,3-10 mSv [ped]☢☢☢☢,May be appropriate
1123,Urologic,"Renal cell cancer carcinoma, localized, active surveillance",3194879,CT abdomen without IV contrast,1-10 mSv☢☢☢,3-10 mSv [ped]☢☢☢☢,May be appropriate
1124,Urologic,"Renal cell cancer carcinoma, localized, active surveillance",3194879,CT chest with IV contrast,1-10 mSv☢☢☢,3-10 mSv [ped]☢☢☢☢,May be appropriate
1125,Urologic,"Renal cell cancer carcinoma, localized, active surveillance",3194879,CT chest without IV contrast,1-10 mSv☢☢☢,3-10 mSv [ped]☢☢☢☢,May be appropriate
1126,Urologic,"Renal cell cancer carcinoma, localized, active surveillance",3194879,CT abdomen and pelvis without and with IV contrast,10-30 mSv☢☢☢☢,10-30 mSv [ped]☢☢☢☢☢,May be appropriate
1127,Urologic,"Renal cell cancer carcinoma, localized, active surveillance",3194879,Radiography abdomen,0.1-1mSv☢☢,0.03-0.3 mSv [ped]☢☢,Usually not appropriate
1128,Urologic,"Renal cell cancer carcinoma, localized, active surveillance",3194879,Radiography intravenous urography,1-10 mSv☢☢☢,0.3-3 mSv [ped]☢☢☢,Usually not appropriate
1129,Urologic,"Renal cell cancer carcinoma, localized, active surveillance",3194879,Radiography skeletal survey,1-10 mSv☢☢☢,0.3-3 mSv [ped]☢☢☢,Usually not appropriate
1130,Urologic,"Renal cell cancer carcinoma, localized, active surveillance",3194879,MRI head without and with IV contrast,0 mSvO,0 mSv [ped]O,Usually not appropriate
1131,Urologic,"Renal cell cancer carcinoma, localized, active surveillance",3194879,MRI head without IV contrast,0 mSvO,0 mSv [ped]O,Usually not appropriate
1132,Urologic,"Renal cell cancer carcinoma, localized, active surveillance",3194879,MRU without and with IV contrast,0 mSvO,0 mSv [ped]O,Usually not appropriate
1133,Urologic,"Renal cell cancer carcinoma, localized, active surveillance",3194879,MRU without IV contrast,0 mSvO,0 mSv [ped]O,Usually not appropriate
1134,Urologic,"Renal cell cancer carcinoma, localized, active surveillance",3194879,Bone scan whole body,1-10 mSv☢☢☢,3-10 mSv [ped]☢☢☢☢,Usually not appropriate
1135,Urologic,"Renal cell cancer carcinoma, localized, active surveillance",3194879,CT chest without and with IV contrast,1-10 mSv☢☢☢,3-10 mSv [ped]☢☢☢☢,Usually not appropriate
1136,Urologic,"Renal cell cancer carcinoma, localized, active surveillance",3194879,CT head with IV contrast,1-10 mSv☢☢☢,0.3-3 mSv [ped]☢☢☢,Usually not appropriate
1137,Urologic,"Renal cell cancer carcinoma, localized, active surveillance",3194879,CT head without and with IV contrast,1-10 mSv☢☢☢,3-10 mSv [ped]☢☢☢☢,Usually not appropriate
1138,Urologic,"Renal cell cancer carcinoma, localized, active surveillance",3194879,CT head without IV contrast,1-10 mSv☢☢☢,0.3-3 mSv [ped]☢☢☢,Usually not appropriate
1139,Urologic,"Renal cell cancer carcinoma, localized, active surveillance",3194879,CTU without and with IV contrast,10-30 mSv☢☢☢☢,10-30 mSv [ped]☢☢☢☢☢,Usually not appropriate
1140,Urologic,"Renal cell cancer carcinoma, localized, active surveillance",3194879,FDG-PET/CT skull base to mid-thigh,10-30 mSv☢☢☢☢,3-10 mSv [ped]☢☢☢☢,Usually not appropriate
1141,Urologic,"Renal cell cancer carcinoma, localized, post ablation, follow up imaging",3194878,MRI abdomen without and with IV contrast,0 mSvO,0 mSv [ped]O,Usually appropriate
1142,Urologic,"Renal cell cancer carcinoma, localized, post ablation, follow up imaging",3194878,CT abdomen with IV contrast,1-10 mSv☢☢☢,3-10 mSv [ped]☢☢☢☢,Usually appropriate
1143,Urologic,"Renal cell cancer carcinoma, localized, post ablation, follow up imaging",3194878,CT abdomen without and with IV contrast,10-30 mSv☢☢☢☢,10-30 mSv [ped]☢☢☢☢☢,Usually appropriate
1144,Urologic,"Renal cell cancer carcinoma, localized, post ablation, follow up imaging",3194878,US abdomen with IV contrast,0 mSvO,0 mSv [ped]O,May be appropriate
1145,Urologic,"Renal cell cancer carcinoma, localized, post ablation, follow up imaging",3194878,US kidneys retroperitoneal,0 mSvO,0 mSv [ped]O,May be appropriate
1146,Urologic,"Renal cell cancer carcinoma, localized, post ablation, follow up imaging",3194878,Radiography chest,<0.1 mSv☢,<0.03 mSv [ped]☢,May be appropriate
1147,Urologic,"Renal cell cancer carcinoma, localized, post ablation, follow up imaging",3194878,MRI abdomen and pelvis without and with IV contrast,0 mSvO,0 mSv [ped]O,May be appropriate
1148,Urologic,"Renal cell cancer carcinoma, localized, post ablation, follow up imaging",3194878,MRI abdomen and pelvis without IV contrast,0 mSvO,0 mSv [ped]O,May be appropriate
1149,Urologic,"Renal cell cancer carcinoma, localized, post ablation, follow up imaging",3194878,MRI abdomen without IV contrast,0 mSvO,0 mSv [ped]O,May be appropriate
1150,Urologic,"Renal cell cancer carcinoma, localized, post ablation, follow up imaging",3194878,CT abdomen and pelvis with IV contrast,1-10 mSv☢☢☢,3-10 mSv [ped]☢☢☢☢,May be appropriate
1151,Urologic,"Renal cell cancer carcinoma, localized, post ablation, follow up imaging",3194878,CT abdomen and pelvis without IV contrast,1-10 mSv☢☢☢,3-10 mSv [ped]☢☢☢☢,May be appropriate
1152,Urologic,"Renal cell cancer carcinoma, localized, post ablation, follow up imaging",3194878,CT abdomen without IV contrast,1-10 mSv☢☢☢,3-10 mSv [ped]☢☢☢☢,May be appropriate
1153,Urologic,"Renal cell cancer carcinoma, localized, post ablation, follow up imaging",3194878,CT chest with IV contrast,1-10 mSv☢☢☢,3-10 mSv [ped]☢☢☢☢,May be appropriate
1154,Urologic,"Renal cell cancer carcinoma, localized, post ablation, follow up imaging",3194878,CT chest without IV contrast,1-10 mSv☢☢☢,3-10 mSv [ped]☢☢☢☢,May be appropriate
1155,Urologic,"Renal cell cancer carcinoma, localized, post ablation, follow up imaging",3194878,CT abdomen and pelvis without and with IV contrast,10-30 mSv☢☢☢☢,10-30 mSv [ped]☢☢☢☢☢,May be appropriate
1156,Urologic,"Renal cell cancer carcinoma, localized, post ablation, follow up imaging",3194878,Radiography abdomen,0.1-1mSv☢☢,0.03-0.3 mSv [ped]☢☢,Usually not appropriate
1157,Urologic,"Renal cell cancer carcinoma, localized, post ablation, follow up imaging",3194878,Radiography intravenous urography,1-10 mSv☢☢☢,0.3-3 mSv [ped]☢☢☢,Usually not appropriate
1158,Urologic,"Renal cell cancer carcinoma, localized, post ablation, follow up imaging",3194878,Radiography skeletal survey,1-10 mSv☢☢☢,0.3-3 mSv [ped]☢☢☢,Usually not appropriate
1159,Urologic,"Renal cell cancer carcinoma, localized, post ablation, follow up imaging",3194878,MRI head without and with IV contrast,0 mSvO,0 mSv [ped]O,Usually not appropriate
1160,Urologic,"Renal cell cancer carcinoma, localized, post ablation, follow up imaging",3194878,MRI head without IV contrast,0 mSvO,0 mSv [ped]O,Usually not appropriate
1161,Urologic,"Renal cell cancer carcinoma, localized, post ablation, follow up imaging",3194878,MRU without and with IV contrast,0 mSvO,0 mSv [ped]O,Usually not appropriate
1162,Urologic,"Renal cell cancer carcinoma, localized, post ablation, follow up imaging",3194878,MRU without IV contrast,0 mSvO,0 mSv [ped]O,Usually not appropriate
1163,Urologic,"Renal cell cancer carcinoma, localized, post ablation, follow up imaging",3194878,Bone scan whole body,1-10 mSv☢☢☢,3-10 mSv [ped]☢☢☢☢,Usually not appropriate
1164,Urologic,"Renal cell cancer carcinoma, localized, post ablation, follow up imaging",3194878,CT chest without and with IV contrast,1-10 mSv☢☢☢,3-10 mSv [ped]☢☢☢☢,Usually not appropriate
1165,Urologic,"Renal cell cancer carcinoma, localized, post ablation, follow up imaging",3194878,CT head with IV contrast,1-10 mSv☢☢☢,0.3-3 mSv [ped]☢☢☢,Usually not appropriate
1166,Urologic,"Renal cell cancer carcinoma, localized, post ablation, follow up imaging",3194878,CT head without and with IV contrast,1-10 mSv☢☢☢,3-10 mSv [ped]☢☢☢☢,Usually not appropriate
1167,Urologic,"Renal cell cancer carcinoma, localized, post ablation, follow up imaging",3194878,CT head without IV contrast,1-10 mSv☢☢☢,0.3-3 mSv [ped]☢☢☢,Usually not appropriate
1168,Urologic,"Renal cell cancer carcinoma, localized, post ablation, follow up imaging",3194878,CTU without and with IV contrast,10-30 mSv☢☢☢☢,10-30 mSv [ped]☢☢☢☢☢,Usually not appropriate
1169,Urologic,"Renal cell cancer carcinoma, localized, post ablation, follow up imaging",3194878,FDG-PET/CT skull base to mid-thigh,10-30 mSv☢☢☢☢,3-10 mSv [ped]☢☢☢☢,Usually not appropriate
1170,Urologic,"Renal cell cancer carcinoma, localized, post partial nephrectomy, follow up imaging",3194876,MRI abdomen without and with IV contrast,0 mSvO,0 mSv [ped]O,Usually appropriate
1171,Urologic,"Renal cell cancer carcinoma, localized, post partial nephrectomy, follow up imaging",3194876,CT abdomen with IV contrast,1-10 mSv☢☢☢,3-10 mSv [ped]☢☢☢☢,Usually appropriate
1172,Urologic,"Renal cell cancer carcinoma, localized, post partial nephrectomy, follow up imaging",3194876,CT abdomen without and with IV contrast,10-30 mSv☢☢☢☢,10-30 mSv [ped]☢☢☢☢☢,Usually appropriate
1173,Urologic,"Renal cell cancer carcinoma, localized, post partial nephrectomy, follow up imaging",3194876,US abdomen with IV contrast,0 mSvO,0 mSv [ped]O,May be appropriate
1174,Urologic,"Renal cell cancer carcinoma, localized, post partial nephrectomy, follow up imaging",3194876,US kidneys retroperitoneal,0 mSvO,0 mSv [ped]O,May be appropriate
1175,Urologic,"Renal cell cancer carcinoma, localized, post partial nephrectomy, follow up imaging",3194876,Radiography chest,<0.1 mSv☢,<0.03 mSv [ped]☢,May be appropriate
1176,Urologic,"Renal cell cancer carcinoma, localized, post partial nephrectomy, follow up imaging",3194876,MRI abdomen and pelvis without and with IV contrast,0 mSvO,0 mSv [ped]O,May be appropriate (Disagreement)
1177,Urologic,"Renal cell cancer carcinoma, localized, post partial nephrectomy, follow up imaging",3194876,MRI abdomen and pelvis without IV contrast,0 mSvO,0 mSv [ped]O,May be appropriate
1178,Urologic,"Renal cell cancer carcinoma, localized, post partial nephrectomy, follow up imaging",3194876,MRI abdomen without IV contrast,0 mSvO,0 mSv [ped]O,May be appropriate
1179,Urologic,"Renal cell cancer carcinoma, localized, post partial nephrectomy, follow up imaging",3194876,CT abdomen and pelvis with IV contrast,1-10 mSv☢☢☢,3-10 mSv [ped]☢☢☢☢,May be appropriate
1180,Urologic,"Renal cell cancer carcinoma, localized, post partial nephrectomy, follow up imaging",3194876,CT abdomen and pelvis without IV contrast,1-10 mSv☢☢☢,3-10 mSv [ped]☢☢☢☢,May be appropriate
1181,Urologic,"Renal cell cancer carcinoma, localized, post partial nephrectomy, follow up imaging",3194876,CT abdomen without IV contrast,1-10 mSv☢☢☢,3-10 mSv [ped]☢☢☢☢,May be appropriate
1182,Urologic,"Renal cell cancer carcinoma, localized, post partial nephrectomy, follow up imaging",3194876,CT chest with IV contrast,1-10 mSv☢☢☢,3-10 mSv [ped]☢☢☢☢,May be appropriate
1183,Urologic,"Renal cell cancer carcinoma, localized, post partial nephrectomy, follow up imaging",3194876,CT chest without IV contrast,1-10 mSv☢☢☢,3-10 mSv [ped]☢☢☢☢,May be appropriate
1184,Urologic,"Renal cell cancer carcinoma, localized, post partial nephrectomy, follow up imaging",3194876,CT abdomen and pelvis without and with IV contrast,10-30 mSv☢☢☢☢,10-30 mSv [ped]☢☢☢☢☢,May be appropriate
1185,Urologic,"Renal cell cancer carcinoma, localized, post partial nephrectomy, follow up imaging",3194876,FDG-PET/CT skull base to mid-thigh,10-30 mSv☢☢☢☢,3-10 mSv [ped]☢☢☢☢,May be appropriate
1186,Urologic,"Renal cell cancer carcinoma, localized, post partial nephrectomy, follow up imaging",3194876,Radiography abdomen,0.1-1mSv☢☢,0.03-0.3 mSv [ped]☢☢,Usually not appropriate
1187,Urologic,"Renal cell cancer carcinoma, localized, post partial nephrectomy, follow up imaging",3194876,Radiography intravenous urography,1-10 mSv☢☢☢,0.3-3 mSv [ped]☢☢☢,Usually not appropriate
1188,Urologic,"Renal cell cancer carcinoma, localized, post partial nephrectomy, follow up imaging",3194876,Radiography skeletal survey,1-10 mSv☢☢☢,0.3-3 mSv [ped]☢☢☢,Usually not appropriate
1189,Urologic,"Renal cell cancer carcinoma, localized, post partial nephrectomy, follow up imaging",3194876,MRI head without and with IV contrast,0 mSvO,0 mSv [ped]O,Usually not appropriate
1190,Urologic,"Renal cell cancer carcinoma, localized, post partial nephrectomy, follow up imaging",3194876,MRI head without IV contrast,0 mSvO,0 mSv [ped]O,Usually not appropriate
1191,Urologic,"Renal cell cancer carcinoma, localized, post partial nephrectomy, follow up imaging",3194876,MRU without and with IV contrast,0 mSvO,0 mSv [ped]O,Usually not appropriate
1192,Urologic,"Renal cell cancer carcinoma, localized, post partial nephrectomy, follow up imaging",3194876,MRU without IV contrast,0 mSvO,0 mSv [ped]O,Usually not appropriate
1193,Urologic,"Renal cell cancer carcinoma, localized, post partial nephrectomy, follow up imaging",3194876,Bone scan whole body,1-10 mSv☢☢☢,3-10 mSv [ped]☢☢☢☢,Usually not appropriate
1194,Urologic,"Renal cell cancer carcinoma, localized, post partial nephrectomy, follow up imaging",3194876,CT chest without and with IV contrast,1-10 mSv☢☢☢,3-10 mSv [ped]☢☢☢☢,Usually not appropriate
1195,Urologic,"Renal cell cancer carcinoma, localized, post partial nephrectomy, follow up imaging",3194876,CT head with IV contrast,1-10 mSv☢☢☢,0.3-3 mSv [ped]☢☢☢,Usually not appropriate
1196,Urologic,"Renal cell cancer carcinoma, localized, post partial nephrectomy, follow up imaging",3194876,CT head without and with IV contrast,1-10 mSv☢☢☢,3-10 mSv [ped]☢☢☢☢,Usually not appropriate
1197,Urologic,"Renal cell cancer carcinoma, localized, post partial nephrectomy, follow up imaging",3194876,CT head without IV contrast,1-10 mSv☢☢☢,0.3-3 mSv [ped]☢☢☢,Usually not appropriate
1198,Urologic,"Renal cell cancer carcinoma, localized, post partial nephrectomy, follow up imaging",3194876,CTU without and with IV contrast,10-30 mSv☢☢☢☢,10-30 mSv [ped]☢☢☢☢☢,Usually not appropriate
1199,Urologic,"Renal cell cancer carcinoma, localized, post radical nephrectomy, follow up imaging",3194877,MRI abdomen without and with IV contrast,0 mSvO,0 mSv [ped]O,Usually appropriate
1200,Urologic,"Renal cell cancer carcinoma, localized, post radical nephrectomy, follow up imaging",3194877,CT abdomen with IV contrast,1-10 mSv☢☢☢,3-10 mSv [ped]☢☢☢☢,Usually appropriate
1201,Urologic,"Renal cell cancer carcinoma, localized, post radical nephrectomy, follow up imaging",3194877,CT abdomen without and with IV contrast,10-30 mSv☢☢☢☢,10-30 mSv [ped]☢☢☢☢☢,Usually appropriate
1202,Urologic,"Renal cell cancer carcinoma, localized, post radical nephrectomy, follow up imaging",3194877,US abdomen with IV contrast,0 mSvO,0 mSv [ped]O,May be appropriate
1203,Urologic,"Renal cell cancer carcinoma, localized, post radical nephrectomy, follow up imaging",3194877,US kidneys retroperitoneal,0 mSvO,0 mSv [ped]O,May be appropriate
1204,Urologic,"Renal cell cancer carcinoma, localized, post radical nephrectomy, follow up imaging",3194877,Radiography chest,<0.1 mSv☢,<0.03 mSv [ped]☢,May be appropriate
1205,Urologic,"Renal cell cancer carcinoma, localized, post radical nephrectomy, follow up imaging",3194877,MRI abdomen and pelvis without and with IV contrast,0 mSvO,0 mSv [ped]O,May be appropriate (Disagreement)
1206,Urologic,"Renal cell cancer carcinoma, localized, post radical nephrectomy, follow up imaging",3194877,MRI abdomen and pelvis without IV contrast,0 mSvO,0 mSv [ped]O,May be appropriate
1207,Urologic,"Renal cell cancer carcinoma, localized, post radical nephrectomy, follow up imaging",3194877,MRI abdomen without IV contrast,0 mSvO,0 mSv [ped]O,May be appropriate
1208,Urologic,"Renal cell cancer carcinoma, localized, post radical nephrectomy, follow up imaging",3194877,CT abdomen and pelvis with IV contrast,1-10 mSv☢☢☢,3-10 mSv [ped]☢☢☢☢,May be appropriate
1209,Urologic,"Renal cell cancer carcinoma, localized, post radical nephrectomy, follow up imaging",3194877,CT abdomen and pelvis without IV contrast,1-10 mSv☢☢☢,3-10 mSv [ped]☢☢☢☢,May be appropriate
1210,Urologic,"Renal cell cancer carcinoma, localized, post radical nephrectomy, follow up imaging",3194877,CT abdomen without IV contrast,1-10 mSv☢☢☢,3-10 mSv [ped]☢☢☢☢,May be appropriate
1211,Urologic,"Renal cell cancer carcinoma, localized, post radical nephrectomy, follow up imaging",3194877,CT chest with IV contrast,1-10 mSv☢☢☢,3-10 mSv [ped]☢☢☢☢,May be appropriate
1212,Urologic,"Renal cell cancer carcinoma, localized, post radical nephrectomy, follow up imaging",3194877,CT chest without IV contrast,1-10 mSv☢☢☢,3-10 mSv [ped]☢☢☢☢,May be appropriate
1213,Urologic,"Renal cell cancer carcinoma, localized, post radical nephrectomy, follow up imaging",3194877,CT abdomen and pelvis without and with IV contrast,10-30 mSv☢☢☢☢,10-30 mSv [ped]☢☢☢☢☢,May be appropriate
1214,Urologic,"Renal cell cancer carcinoma, localized, post radical nephrectomy, follow up imaging",3194877,FDG-PET/CT skull base to mid-thigh,10-30 mSv☢☢☢☢,3-10 mSv [ped]☢☢☢☢,May be appropriate
1215,Urologic,"Renal cell cancer carcinoma, localized, post radical nephrectomy, follow up imaging",3194877,Radiography abdomen,0.1-1mSv☢☢,0.03-0.3 mSv [ped]☢☢,Usually not appropriate
1216,Urologic,"Renal cell cancer carcinoma, localized, post radical nephrectomy, follow up imaging",3194877,Radiography intravenous urography,1-10 mSv☢☢☢,0.3-3 mSv [ped]☢☢☢,Usually not appropriate
1217,Urologic,"Renal cell cancer carcinoma, localized, post radical nephrectomy, follow up imaging",3194877,Radiography skeletal survey,1-10 mSv☢☢☢,0.3-3 mSv [ped]☢☢☢,Usually not appropriate
1218,Urologic,"Renal cell cancer carcinoma, localized, post radical nephrectomy, follow up imaging",3194877,MRI head without and with IV contrast,0 mSvO,0 mSv [ped]O,Usually not appropriate
1219,Urologic,"Renal cell cancer carcinoma, localized, post radical nephrectomy, follow up imaging",3194877,MRI head without IV contrast,0 mSvO,0 mSv [ped]O,Usually not appropriate
1220,Urologic,"Renal cell cancer carcinoma, localized, post radical nephrectomy, follow up imaging",3194877,MRU without and with IV contrast,0 mSvO,0 mSv [ped]O,Usually not appropriate
1221,Urologic,"Renal cell cancer carcinoma, localized, post radical nephrectomy, follow up imaging",3194877,MRU without IV contrast,0 mSvO,0 mSv [ped]O,Usually not appropriate
1222,Urologic,"Renal cell cancer carcinoma, localized, post radical nephrectomy, follow up imaging",3194877,Bone scan whole body,1-10 mSv☢☢☢,3-10 mSv [ped]☢☢☢☢,Usually not appropriate
1223,Urologic,"Renal cell cancer carcinoma, localized, post radical nephrectomy, follow up imaging",3194877,CT chest without and with IV contrast,1-10 mSv☢☢☢,3-10 mSv [ped]☢☢☢☢,Usually not appropriate
1224,Urologic,"Renal cell cancer carcinoma, localized, post radical nephrectomy, follow up imaging",3194877,CT head with IV contrast,1-10 mSv☢☢☢,0.3-3 mSv [ped]☢☢☢,Usually not appropriate
1225,Urologic,"Renal cell cancer carcinoma, localized, post radical nephrectomy, follow up imaging",3194877,CT head without and with IV contrast,1-10 mSv☢☢☢,3-10 mSv [ped]☢☢☢☢,Usually not appropriate
1226,Urologic,"Renal cell cancer carcinoma, localized, post radical nephrectomy, follow up imaging",3194877,CT head without IV contrast,1-10 mSv☢☢☢,0.3-3 mSv [ped]☢☢☢,Usually not appropriate
1227,Urologic,"Renal cell cancer carcinoma, localized, post radical nephrectomy, follow up imaging",3194877,CTU without and with IV contrast,10-30 mSv☢☢☢☢,10-30 mSv [ped]☢☢☢☢☢,Usually not appropriate
1228,Urologic,"Renal cell carcinoma, contraindication to iodinated and gadolinium based contrast, staging",3196311,MRI abdomen and pelvis without IV contrast,0 mSvO,0 mSv [ped]O,Usually appropriate
1229,Urologic,"Renal cell carcinoma, contraindication to iodinated and gadolinium based contrast, staging",3196311,MRI abdomen without IV contrast,0 mSvO,0 mSv [ped]O,Usually appropriate
1230,Urologic,"Renal cell carcinoma, contraindication to iodinated and gadolinium based contrast, staging",3196311,CT chest without IV contrast,1-10 mSv☢☢☢,3-10 mSv [ped]☢☢☢☢,Usually appropriate
1231,Urologic,"Renal cell carcinoma, contraindication to iodinated and gadolinium based contrast, staging",3196311,Radiography chest,<0.1 mSv☢,<0.03 mSv [ped]☢,May be appropriate
1232,Urologic,"Renal cell carcinoma, contraindication to iodinated and gadolinium based contrast, staging",3196311,MRI head without IV contrast,0 mSvO,0 mSv [ped]O,May be appropriate
1233,Urologic,"Renal cell carcinoma, contraindication to iodinated and gadolinium based contrast, staging",3196311,Bone scan whole body,1-10 mSv☢☢☢,3-10 mSv [ped]☢☢☢☢,May be appropriate
1234,Urologic,"Renal cell carcinoma, contraindication to iodinated and gadolinium based contrast, staging",3196311,Bone scan whole body with SPECT or SPECT/CT ankle,1-10 mSv☢☢☢,3-10 mSv [ped]☢☢☢☢,May be appropriate
1235,Urologic,"Renal cell carcinoma, contraindication to iodinated and gadolinium based contrast, staging",3196311,Bone scan whole body with SPECT or SPECT/CT cervical and thoracic spine,1-10 mSv☢☢☢,3-10 mSv [ped]☢☢☢☢,May be appropriate
1236,Urologic,"Renal cell carcinoma, contraindication to iodinated and gadolinium based contrast, staging",3196311,Bone scan whole body with SPECT or SPECT/CT cervical spine,1-10 mSv☢☢☢,3-10 mSv [ped]☢☢☢☢,May be appropriate
1237,Urologic,"Renal cell carcinoma, contraindication to iodinated and gadolinium based contrast, staging",3196311,Bone scan whole body with SPECT or SPECT/CT complete spine,1-10 mSv☢☢☢,3-10 mSv [ped]☢☢☢☢,May be appropriate
1238,Urologic,"Renal cell carcinoma, contraindication to iodinated and gadolinium based contrast, staging",3196311,Bone scan whole body with SPECT or SPECT/CT elbow,1-10 mSv☢☢☢,3-10 mSv [ped]☢☢☢☢,May be appropriate
1239,Urologic,"Renal cell carcinoma, contraindication to iodinated and gadolinium based contrast, staging",3196311,Bone scan whole body with SPECT or SPECT/CT femur,1-10 mSv☢☢☢,3-10 mSv [ped]☢☢☢☢,May be appropriate
1240,Urologic,"Renal cell carcinoma, contraindication to iodinated and gadolinium based contrast, staging",3196311,Bone scan whole body with SPECT or SPECT/CT foot,1-10 mSv☢☢☢,3-10 mSv [ped]☢☢☢☢,May be appropriate
1241,Urologic,"Renal cell carcinoma, contraindication to iodinated and gadolinium based contrast, staging",3196311,Bone scan whole body with SPECT or SPECT/CT hand,1-10 mSv☢☢☢,3-10 mSv [ped]☢☢☢☢,May be appropriate
1242,Urologic,"Renal cell carcinoma, contraindication to iodinated and gadolinium based contrast, staging",3196311,Bone scan whole body with SPECT or SPECT/CT hip,1-10 mSv☢☢☢,3-10 mSv [ped]☢☢☢☢,May be appropriate
1243,Urologic,"Renal cell carcinoma, contraindication to iodinated and gadolinium based contrast, staging",3196311,Bone scan whole body with SPECT or SPECT/CT humerus,1-10 mSv☢☢☢,3-10 mSv [ped]☢☢☢☢,May be appropriate
1244,Urologic,"Renal cell carcinoma, contraindication to iodinated and gadolinium based contrast, staging",3196311,Bone scan whole body with SPECT or SPECT/CT knee,1-10 mSv☢☢☢,3-10 mSv [ped]☢☢☢☢,May be appropriate
1245,Urologic,"Renal cell carcinoma, contraindication to iodinated and gadolinium based contrast, staging",3196311,Bone scan whole body with SPECT or SPECT/CT lumbar spine,1-10 mSv☢☢☢,3-10 mSv [ped]☢☢☢☢,May be appropriate
1246,Urologic,"Renal cell carcinoma, contraindication to iodinated and gadolinium based contrast, staging",3196311,Bone scan whole body with SPECT or SPECT/CT lumbosacral spine,1-10 mSv☢☢☢,3-10 mSv [ped]☢☢☢☢,May be appropriate
1247,Urologic,"Renal cell carcinoma, contraindication to iodinated and gadolinium based contrast, staging",3196311,Bone scan whole body with SPECT or SPECT/CT pelvis,1-10 mSv☢☢☢,3-10 mSv [ped]☢☢☢☢,May be appropriate
1248,Urologic,"Renal cell carcinoma, contraindication to iodinated and gadolinium based contrast, staging",3196311,Bone scan whole body with SPECT or SPECT/CT radius and ulna,1-10 mSv☢☢☢,3-10 mSv [ped]☢☢☢☢,May be appropriate
1249,Urologic,"Renal cell carcinoma, contraindication to iodinated and gadolinium based contrast, staging",3196311,Bone scan whole body with SPECT or SPECT/CT ribs,1-10 mSv☢☢☢,3-10 mSv [ped]☢☢☢☢,May be appropriate
1250,Urologic,"Renal cell carcinoma, contraindication to iodinated and gadolinium based contrast, staging",3196311,Bone scan whole body with SPECT or SPECT/CT sacrum,1-10 mSv☢☢☢,3-10 mSv [ped]☢☢☢☢,May be appropriate
1251,Urologic,"Renal cell carcinoma, contraindication to iodinated and gadolinium based contrast, staging",3196311,Bone scan whole body with SPECT or SPECT/CT shoulder,1-10 mSv☢☢☢,3-10 mSv [ped]☢☢☢☢,May be appropriate
1252,Urologic,"Renal cell carcinoma, contraindication to iodinated and gadolinium based contrast, staging",3196311,Bone scan whole body with SPECT or SPECT/CT skull,1-10 mSv☢☢☢,3-10 mSv [ped]☢☢☢☢,May be appropriate
1253,Urologic,"Renal cell carcinoma, contraindication to iodinated and gadolinium based contrast, staging",3196311,Bone scan whole body with SPECT or SPECT/CT thoracic and lumbar spine,1-10 mSv☢☢☢,3-10 mSv [ped]☢☢☢☢,May be appropriate
1254,Urologic,"Renal cell carcinoma, contraindication to iodinated and gadolinium based contrast, staging",3196311,Bone scan whole body with SPECT or SPECT/CT thoracic spine,1-10 mSv☢☢☢,3-10 mSv [ped]☢☢☢☢,May be appropriate
1255,Urologic,"Renal cell carcinoma, contraindication to iodinated and gadolinium based contrast, staging",3196311,Bone scan whole body with SPECT or SPECT/CT tibia and fibula,1-10 mSv☢☢☢,3-10 mSv [ped]☢☢☢☢,May be appropriate
1256,Urologic,"Renal cell carcinoma, contraindication to iodinated and gadolinium based contrast, staging",3196311,Bone scan whole body with SPECT or SPECT/CT wrist,1-10 mSv☢☢☢,3-10 mSv [ped]☢☢☢☢,May be appropriate
1257,Urologic,"Renal cell carcinoma, contraindication to iodinated and gadolinium based contrast, staging",3196311,CT abdomen and pelvis without IV contrast,1-10 mSv☢☢☢,3-10 mSv [ped]☢☢☢☢,May be appropriate
1258,Urologic,"Renal cell carcinoma, contraindication to iodinated and gadolinium based contrast, staging",3196311,CT abdomen without IV contrast,1-10 mSv☢☢☢,3-10 mSv [ped]☢☢☢☢,May be appropriate (Disagreement)
1259,Urologic,"Renal cell carcinoma, contraindication to iodinated and gadolinium based contrast, staging",3196311,US abdomen,0 mSvO,0 mSv [ped]O,Usually not appropriate
1260,Urologic,"Renal cell carcinoma, contraindication to iodinated and gadolinium based contrast, staging",3196311,US abdomen with IV contrast,0 mSvO,0 mSv [ped]O,Usually not appropriate
1261,Urologic,"Renal cell carcinoma, contraindication to iodinated and gadolinium based contrast, staging",3196311,MRI abdomen and pelvis without and with IV contrast,0 mSvO,0 mSv [ped]O,Usually not appropriate
1262,Urologic,"Renal cell carcinoma, contraindication to iodinated and gadolinium based contrast, staging",3196311,MRI abdomen without and with IV contrast,0 mSvO,0 mSv [ped]O,Usually not appropriate
1263,Urologic,"Renal cell carcinoma, contraindication to iodinated and gadolinium based contrast, staging",3196311,MRI head without and with IV contrast,0 mSvO,0 mSv [ped]O,Usually not appropriate
1264,Urologic,"Renal cell carcinoma, contraindication to iodinated and gadolinium based contrast, staging",3196311,MRU without and with IV contrast,0 mSvO,0 mSv [ped]O,Usually not appropriate
1265,Urologic,"Renal cell carcinoma, contraindication to iodinated and gadolinium based contrast, staging",3196311,MRU without IV contrast,0 mSvO,0 mSv [ped]O,Usually not appropriate
1266,Urologic,"Renal cell carcinoma, contraindication to iodinated and gadolinium based contrast, staging",3196311,CT abdomen and pelvis with IV contrast,1-10 mSv☢☢☢,3-10 mSv [ped]☢☢☢☢,Usually not appropriate
1267,Urologic,"Renal cell carcinoma, contraindication to iodinated and gadolinium based contrast, staging",3196311,CT abdomen with IV contrast,1-10 mSv☢☢☢,3-10 mSv [ped]☢☢☢☢,Usually not appropriate
1268,Urologic,"Renal cell carcinoma, contraindication to iodinated and gadolinium based contrast, staging",3196311,CT chest with IV contrast,1-10 mSv☢☢☢,3-10 mSv [ped]☢☢☢☢,Usually not appropriate
1269,Urologic,"Renal cell carcinoma, contraindication to iodinated and gadolinium based contrast, staging",3196311,CT chest without and with IV contrast,1-10 mSv☢☢☢,3-10 mSv [ped]☢☢☢☢,Usually not appropriate
1270,Urologic,"Renal cell carcinoma, contraindication to iodinated and gadolinium based contrast, staging",3196311,CT head with IV contrast,1-10 mSv☢☢☢,0.3-3 mSv [ped]☢☢☢,Usually not appropriate
1271,Urologic,"Renal cell carcinoma, contraindication to iodinated and gadolinium based contrast, staging",3196311,CT head without and with IV contrast,1-10 mSv☢☢☢,3-10 mSv [ped]☢☢☢☢,Usually not appropriate
1272,Urologic,"Renal cell carcinoma, contraindication to iodinated and gadolinium based contrast, staging",3196311,CT head without IV contrast,1-10 mSv☢☢☢,0.3-3 mSv [ped]☢☢☢,Usually not appropriate
1273,Urologic,"Renal cell carcinoma, contraindication to iodinated and gadolinium based contrast, staging",3196311,CT abdomen and pelvis without and with IV contrast,10-30 mSv☢☢☢☢,10-30 mSv [ped]☢☢☢☢☢,Usually not appropriate
1274,Urologic,"Renal cell carcinoma, contraindication to iodinated and gadolinium based contrast, staging",3196311,CT abdomen without and with IV contrast,10-30 mSv☢☢☢☢,10-30 mSv [ped]☢☢☢☢☢,Usually not appropriate
1275,Urologic,"Renal cell carcinoma, contraindication to iodinated and gadolinium based contrast, staging",3196311,CTU without and with IV contrast,10-30 mSv☢☢☢☢,10-30 mSv [ped]☢☢☢☢☢,Usually not appropriate
1276,Urologic,"Renal cell carcinoma, contraindication to iodinated and gadolinium based contrast, staging",3196311,FDG-PET/CT skull base to mid-thigh,10-30 mSv☢☢☢☢,3-10 mSv [ped]☢☢☢☢,Usually not appropriate
1277,Urologic,"Renal cell carcinoma, contraindication to iodinated and gadolinium based contrast, staging",3196311,Fluoride PET/CT skull base to mid-thigh,10-30 mSv☢☢☢☢,,Usually not appropriate
1278,Urologic,"Renal cell carcinoma, contraindication to iodinated contrast, staging",3196313,MRI abdomen and pelvis without and with IV contrast,0 mSvO,0 mSv [ped]O,Usually appropriate
1279,Urologic,"Renal cell carcinoma, contraindication to iodinated contrast, staging",3196313,MRI abdomen without and with IV contrast,0 mSvO,0 mSv [ped]O,Usually appropriate
1280,Urologic,"Renal cell carcinoma, contraindication to iodinated contrast, staging",3196313,CT chest without IV contrast,1-10 mSv☢☢☢,3-10 mSv [ped]☢☢☢☢,Usually appropriate
1281,Urologic,"Renal cell carcinoma, contraindication to iodinated contrast, staging",3196313,Radiography chest,<0.1 mSv☢,<0.03 mSv [ped]☢,May be appropriate
1282,Urologic,"Renal cell carcinoma, contraindication to iodinated contrast, staging",3196313,Bone scan whole body with SPECT or SPECT/CT ankle,1-10 mSv☢☢☢,3-10 mSv [ped]☢☢☢☢,May be appropriate
1283,Urologic,"Renal cell carcinoma, contraindication to iodinated contrast, staging",3196313,Bone scan whole body with SPECT or SPECT/CT cervical and thoracic spine,1-10 mSv☢☢☢,3-10 mSv [ped]☢☢☢☢,May be appropriate
1284,Urologic,"Renal cell carcinoma, contraindication to iodinated contrast, staging",3196313,Bone scan whole body with SPECT or SPECT/CT cervical spine,1-10 mSv☢☢☢,3-10 mSv [ped]☢☢☢☢,May be appropriate
1285,Urologic,"Renal cell carcinoma, contraindication to iodinated contrast, staging",3196313,Bone scan whole body with SPECT or SPECT/CT complete spine,1-10 mSv☢☢☢,3-10 mSv [ped]☢☢☢☢,May be appropriate
1286,Urologic,"Renal cell carcinoma, contraindication to iodinated contrast, staging",3196313,Bone scan whole body with SPECT or SPECT/CT elbow,1-10 mSv☢☢☢,3-10 mSv [ped]☢☢☢☢,May be appropriate
1287,Urologic,"Renal cell carcinoma, contraindication to iodinated contrast, staging",3196313,Bone scan whole body with SPECT or SPECT/CT femur,1-10 mSv☢☢☢,3-10 mSv [ped]☢☢☢☢,May be appropriate
1288,Urologic,"Renal cell carcinoma, contraindication to iodinated contrast, staging",3196313,Bone scan whole body with SPECT or SPECT/CT foot,1-10 mSv☢☢☢,3-10 mSv [ped]☢☢☢☢,May be appropriate
1289,Urologic,"Renal cell carcinoma, contraindication to iodinated contrast, staging",3196313,Bone scan whole body with SPECT or SPECT/CT hand,1-10 mSv☢☢☢,3-10 mSv [ped]☢☢☢☢,May be appropriate
1290,Urologic,"Renal cell carcinoma, contraindication to iodinated contrast, staging",3196313,Bone scan whole body with SPECT or SPECT/CT hip,1-10 mSv☢☢☢,3-10 mSv [ped]☢☢☢☢,May be appropriate
1291,Urologic,"Renal cell carcinoma, contraindication to iodinated contrast, staging",3196313,Bone scan whole body with SPECT or SPECT/CT humerus,1-10 mSv☢☢☢,3-10 mSv [ped]☢☢☢☢,May be appropriate
1292,Urologic,"Renal cell carcinoma, contraindication to iodinated contrast, staging",3196313,Bone scan whole body with SPECT or SPECT/CT knee,1-10 mSv☢☢☢,3-10 mSv [ped]☢☢☢☢,May be appropriate
1293,Urologic,"Renal cell carcinoma, contraindication to iodinated contrast, staging",3196313,Bone scan whole body with SPECT or SPECT/CT lumbar spine,1-10 mSv☢☢☢,3-10 mSv [ped]☢☢☢☢,May be appropriate
1294,Urologic,"Renal cell carcinoma, contraindication to iodinated contrast, staging",3196313,Bone scan whole body with SPECT or SPECT/CT lumbosacral spine,1-10 mSv☢☢☢,3-10 mSv [ped]☢☢☢☢,May be appropriate
1295,Urologic,"Renal cell carcinoma, contraindication to iodinated contrast, staging",3196313,Bone scan whole body with SPECT or SPECT/CT pelvis,1-10 mSv☢☢☢,3-10 mSv [ped]☢☢☢☢,May be appropriate
1296,Urologic,"Renal cell carcinoma, contraindication to iodinated contrast, staging",3196313,Bone scan whole body with SPECT or SPECT/CT radius and ulna,1-10 mSv☢☢☢,3-10 mSv [ped]☢☢☢☢,May be appropriate
1297,Urologic,"Renal cell carcinoma, contraindication to iodinated contrast, staging",3196313,Bone scan whole body with SPECT or SPECT/CT ribs,1-10 mSv☢☢☢,3-10 mSv [ped]☢☢☢☢,May be appropriate
1298,Urologic,"Renal cell carcinoma, contraindication to iodinated contrast, staging",3196313,Bone scan whole body with SPECT or SPECT/CT sacrum,1-10 mSv☢☢☢,3-10 mSv [ped]☢☢☢☢,May be appropriate
1299,Urologic,"Renal cell carcinoma, contraindication to iodinated contrast, staging",3196313,Bone scan whole body with SPECT or SPECT/CT shoulder,1-10 mSv☢☢☢,3-10 mSv [ped]☢☢☢☢,May be appropriate
1300,Urologic,"Renal cell carcinoma, contraindication to iodinated contrast, staging",3196313,Bone scan whole body with SPECT or SPECT/CT skull,1-10 mSv☢☢☢,3-10 mSv [ped]☢☢☢☢,May be appropriate
1301,Urologic,"Renal cell carcinoma, contraindication to iodinated contrast, staging",3196313,Bone scan whole body with SPECT or SPECT/CT thoracic and lumbar spine,1-10 mSv☢☢☢,3-10 mSv [ped]☢☢☢☢,May be appropriate
1302,Urologic,"Renal cell carcinoma, contraindication to iodinated contrast, staging",3196313,Bone scan whole body with SPECT or SPECT/CT thoracic spine,1-10 mSv☢☢☢,3-10 mSv [ped]☢☢☢☢,May be appropriate
1303,Urologic,"Renal cell carcinoma, contraindication to iodinated contrast, staging",3196313,Bone scan whole body with SPECT or SPECT/CT tibia and fibula,1-10 mSv☢☢☢,3-10 mSv [ped]☢☢☢☢,May be appropriate
1304,Urologic,"Renal cell carcinoma, contraindication to iodinated contrast, staging",3196313,Bone scan whole body with SPECT or SPECT/CT wrist,1-10 mSv☢☢☢,3-10 mSv [ped]☢☢☢☢,May be appropriate
1305,Urologic,"Renal cell carcinoma, contraindication to iodinated contrast, staging",3196313,CT abdomen and pelvis without IV contrast,1-10 mSv☢☢☢,3-10 mSv [ped]☢☢☢☢,May be appropriate
1306,Urologic,"Renal cell carcinoma, contraindication to iodinated contrast, staging",3196313,CT abdomen without IV contrast,1-10 mSv☢☢☢,3-10 mSv [ped]☢☢☢☢,May be appropriate
1307,Urologic,"Renal cell carcinoma, contraindication to iodinated contrast, staging",3196313,US abdomen,0 mSvO,0 mSv [ped]O,Usually not appropriate
1308,Urologic,"Renal cell carcinoma, contraindication to iodinated contrast, staging",3196313,US abdomen with IV contrast,0 mSvO,0 mSv [ped]O,Usually not appropriate
1309,Urologic,"Renal cell carcinoma, contraindication to iodinated contrast, staging",3196313,MRI abdomen and pelvis without IV contrast,0 mSvO,0 mSv [ped]O,Usually not appropriate
1310,Urologic,"Renal cell carcinoma, contraindication to iodinated contrast, staging",3196313,MRI abdomen without IV contrast,0 mSvO,0 mSv [ped]O,Usually not appropriate
1311,Urologic,"Renal cell carcinoma, contraindication to iodinated contrast, staging",3196313,MRI head without and with IV contrast,0 mSvO,0 mSv [ped]O,Usually not appropriate
1312,Urologic,"Renal cell carcinoma, contraindication to iodinated contrast, staging",3196313,MRI head without IV contrast,0 mSvO,0 mSv [ped]O,Usually not appropriate
1313,Urologic,"Renal cell carcinoma, contraindication to iodinated contrast, staging",3196313,MRU without and with IV contrast,0 mSvO,0 mSv [ped]O,Usually not appropriate
1314,Urologic,"Renal cell carcinoma, contraindication to iodinated contrast, staging",3196313,MRU without IV contrast,0 mSvO,0 mSv [ped]O,Usually not appropriate
1315,Urologic,"Renal cell carcinoma, contraindication to iodinated contrast, staging",3196313,Bone scan whole body,1-10 mSv☢☢☢,3-10 mSv [ped]☢☢☢☢,Usually not appropriate
1316,Urologic,"Renal cell carcinoma, contraindication to iodinated contrast, staging",3196313,CT abdomen and pelvis with IV contrast,1-10 mSv☢☢☢,3-10 mSv [ped]☢☢☢☢,Usually not appropriate
1317,Urologic,"Renal cell carcinoma, contraindication to iodinated contrast, staging",3196313,CT abdomen with IV contrast,1-10 mSv☢☢☢,3-10 mSv [ped]☢☢☢☢,Usually not appropriate
1318,Urologic,"Renal cell carcinoma, contraindication to iodinated contrast, staging",3196313,CT chest with IV contrast,1-10 mSv☢☢☢,3-10 mSv [ped]☢☢☢☢,Usually not appropriate
1319,Urologic,"Renal cell carcinoma, contraindication to iodinated contrast, staging",3196313,CT chest without and with IV contrast,1-10 mSv☢☢☢,3-10 mSv [ped]☢☢☢☢,Usually not appropriate
1320,Urologic,"Renal cell carcinoma, contraindication to iodinated contrast, staging",3196313,CT head with IV contrast,1-10 mSv☢☢☢,0.3-3 mSv [ped]☢☢☢,Usually not appropriate
1321,Urologic,"Renal cell carcinoma, contraindication to iodinated contrast, staging",3196313,CT head without and with IV contrast,1-10 mSv☢☢☢,3-10 mSv [ped]☢☢☢☢,Usually not appropriate
1322,Urologic,"Renal cell carcinoma, contraindication to iodinated contrast, staging",3196313,CT head without IV contrast,1-10 mSv☢☢☢,0.3-3 mSv [ped]☢☢☢,Usually not appropriate
1323,Urologic,"Renal cell carcinoma, contraindication to iodinated contrast, staging",3196313,CT abdomen and pelvis without and with IV contrast,10-30 mSv☢☢☢☢,10-30 mSv [ped]☢☢☢☢☢,Usually not appropriate
1324,Urologic,"Renal cell carcinoma, contraindication to iodinated contrast, staging",3196313,CT abdomen without and with IV contrast,10-30 mSv☢☢☢☢,10-30 mSv [ped]☢☢☢☢☢,Usually not appropriate
1325,Urologic,"Renal cell carcinoma, contraindication to iodinated contrast, staging",3196313,CTU without and with IV contrast,10-30 mSv☢☢☢☢,10-30 mSv [ped]☢☢☢☢☢,Usually not appropriate
1326,Urologic,"Renal cell carcinoma, contraindication to iodinated contrast, staging",3196313,FDG-PET/CT skull base to mid-thigh,10-30 mSv☢☢☢☢,3-10 mSv [ped]☢☢☢☢,Usually not appropriate
1327,Urologic,"Renal cell carcinoma, contraindication to iodinated contrast, staging",3196313,Fluoride PET/CT skull base to mid-thigh,10-30 mSv☢☢☢☢,,Usually not appropriate
1328,Urologic,"Renal cell carcinoma, no contraindication to iodinated or gadolinium based contrast, staging",3196309,MRI abdomen and pelvis without and with IV contrast,0 mSvO,0 mSv [ped]O,Usually appropriate
1329,Urologic,"Renal cell carcinoma, no contraindication to iodinated or gadolinium based contrast, staging",3196309,MRI abdomen without and with IV contrast,0 mSvO,0 mSv [ped]O,Usually appropriate
1330,Urologic,"Renal cell carcinoma, no contraindication to iodinated or gadolinium based contrast, staging",3196309,CT abdomen and pelvis with IV contrast,1-10 mSv☢☢☢,3-10 mSv [ped]☢☢☢☢,Usually appropriate
1331,Urologic,"Renal cell carcinoma, no contraindication to iodinated or gadolinium based contrast, staging",3196309,CT abdomen with IV contrast,1-10 mSv☢☢☢,3-10 mSv [ped]☢☢☢☢,Usually appropriate
1332,Urologic,"Renal cell carcinoma, no contraindication to iodinated or gadolinium based contrast, staging",3196309,CT chest with IV contrast,1-10 mSv☢☢☢,3-10 mSv [ped]☢☢☢☢,Usually appropriate
1333,Urologic,"Renal cell carcinoma, no contraindication to iodinated or gadolinium based contrast, staging",3196309,Radiography chest,<0.1 mSv☢,<0.03 mSv [ped]☢,May be appropriate
1334,Urologic,"Renal cell carcinoma, no contraindication to iodinated or gadolinium based contrast, staging",3196309,Bone scan whole body with SPECT or SPECT/CT ankle,1-10 mSv☢☢☢,3-10 mSv [ped]☢☢☢☢,May be appropriate
1335,Urologic,"Renal cell carcinoma, no contraindication to iodinated or gadolinium based contrast, staging",3196309,Bone scan whole body with SPECT or SPECT/CT cervical and thoracic spine,1-10 mSv☢☢☢,3-10 mSv [ped]☢☢☢☢,May be appropriate
1336,Urologic,"Renal cell carcinoma, no contraindication to iodinated or gadolinium based contrast, staging",3196309,Bone scan whole body with SPECT or SPECT/CT cervical spine,1-10 mSv☢☢☢,3-10 mSv [ped]☢☢☢☢,May be appropriate
1337,Urologic,"Renal cell carcinoma, no contraindication to iodinated or gadolinium based contrast, staging",3196309,Bone scan whole body with SPECT or SPECT/CT complete spine,1-10 mSv☢☢☢,3-10 mSv [ped]☢☢☢☢,May be appropriate
1338,Urologic,"Renal cell carcinoma, no contraindication to iodinated or gadolinium based contrast, staging",3196309,Bone scan whole body with SPECT or SPECT/CT elbow,1-10 mSv☢☢☢,3-10 mSv [ped]☢☢☢☢,May be appropriate
1339,Urologic,"Renal cell carcinoma, no contraindication to iodinated or gadolinium based contrast, staging",3196309,Bone scan whole body with SPECT or SPECT/CT femur,1-10 mSv☢☢☢,3-10 mSv [ped]☢☢☢☢,May be appropriate
1340,Urologic,"Renal cell carcinoma, no contraindication to iodinated or gadolinium based contrast, staging",3196309,Bone scan whole body with SPECT or SPECT/CT foot,1-10 mSv☢☢☢,3-10 mSv [ped]☢☢☢☢,May be appropriate
1341,Urologic,"Renal cell carcinoma, no contraindication to iodinated or gadolinium based contrast, staging",3196309,Bone scan whole body with SPECT or SPECT/CT hand,1-10 mSv☢☢☢,3-10 mSv [ped]☢☢☢☢,May be appropriate
1342,Urologic,"Renal cell carcinoma, no contraindication to iodinated or gadolinium based contrast, staging",3196309,Bone scan whole body with SPECT or SPECT/CT hip,1-10 mSv☢☢☢,3-10 mSv [ped]☢☢☢☢,May be appropriate
1343,Urologic,"Renal cell carcinoma, no contraindication to iodinated or gadolinium based contrast, staging",3196309,Bone scan whole body with SPECT or SPECT/CT humerus,1-10 mSv☢☢☢,3-10 mSv [ped]☢☢☢☢,May be appropriate
1344,Urologic,"Renal cell carcinoma, no contraindication to iodinated or gadolinium based contrast, staging",3196309,Bone scan whole body with SPECT or SPECT/CT knee,1-10 mSv☢☢☢,3-10 mSv [ped]☢☢☢☢,May be appropriate
1345,Urologic,"Renal cell carcinoma, no contraindication to iodinated or gadolinium based contrast, staging",3196309,Bone scan whole body with SPECT or SPECT/CT lumbar spine,1-10 mSv☢☢☢,3-10 mSv [ped]☢☢☢☢,May be appropriate
1346,Urologic,"Renal cell carcinoma, no contraindication to iodinated or gadolinium based contrast, staging",3196309,Bone scan whole body with SPECT or SPECT/CT lumbosacral spine,1-10 mSv☢☢☢,3-10 mSv [ped]☢☢☢☢,May be appropriate
1347,Urologic,"Renal cell carcinoma, no contraindication to iodinated or gadolinium based contrast, staging",3196309,Bone scan whole body with SPECT or SPECT/CT pelvis,1-10 mSv☢☢☢,3-10 mSv [ped]☢☢☢☢,May be appropriate
1348,Urologic,"Renal cell carcinoma, no contraindication to iodinated or gadolinium based contrast, staging",3196309,Bone scan whole body with SPECT or SPECT/CT radius and ulna,1-10 mSv☢☢☢,3-10 mSv [ped]☢☢☢☢,May be appropriate
1349,Urologic,"Renal cell carcinoma, no contraindication to iodinated or gadolinium based contrast, staging",3196309,Bone scan whole body with SPECT or SPECT/CT ribs,1-10 mSv☢☢☢,3-10 mSv [ped]☢☢☢☢,May be appropriate
1350,Urologic,"Renal cell carcinoma, no contraindication to iodinated or gadolinium based contrast, staging",3196309,Bone scan whole body with SPECT or SPECT/CT sacrum,1-10 mSv☢☢☢,3-10 mSv [ped]☢☢☢☢,May be appropriate
1351,Urologic,"Renal cell carcinoma, no contraindication to iodinated or gadolinium based contrast, staging",3196309,Bone scan whole body with SPECT or SPECT/CT shoulder,1-10 mSv☢☢☢,3-10 mSv [ped]☢☢☢☢,May be appropriate
1352,Urologic,"Renal cell carcinoma, no contraindication to iodinated or gadolinium based contrast, staging",3196309,Bone scan whole body with SPECT or SPECT/CT skull,1-10 mSv☢☢☢,3-10 mSv [ped]☢☢☢☢,May be appropriate
1353,Urologic,"Renal cell carcinoma, no contraindication to iodinated or gadolinium based contrast, staging",3196309,Bone scan whole body with SPECT or SPECT/CT thoracic and lumbar spine,1-10 mSv☢☢☢,3-10 mSv [ped]☢☢☢☢,May be appropriate
1354,Urologic,"Renal cell carcinoma, no contraindication to iodinated or gadolinium based contrast, staging",3196309,Bone scan whole body with SPECT or SPECT/CT thoracic spine,1-10 mSv☢☢☢,3-10 mSv [ped]☢☢☢☢,May be appropriate
1355,Urologic,"Renal cell carcinoma, no contraindication to iodinated or gadolinium based contrast, staging",3196309,Bone scan whole body with SPECT or SPECT/CT tibia and fibula,1-10 mSv☢☢☢,3-10 mSv [ped]☢☢☢☢,May be appropriate
1356,Urologic,"Renal cell carcinoma, no contraindication to iodinated or gadolinium based contrast, staging",3196309,Bone scan whole body with SPECT or SPECT/CT wrist,1-10 mSv☢☢☢,3-10 mSv [ped]☢☢☢☢,May be appropriate
1357,Urologic,"Renal cell carcinoma, no contraindication to iodinated or gadolinium based contrast, staging",3196309,CT head with IV contrast,1-10 mSv☢☢☢,0.3-3 mSv [ped]☢☢☢,May be appropriate
1358,Urologic,"Renal cell carcinoma, no contraindication to iodinated or gadolinium based contrast, staging",3196309,CT abdomen and pelvis without and with IV contrast,10-30 mSv☢☢☢☢,10-30 mSv [ped]☢☢☢☢☢,May be appropriate (Disagreement)
1359,Urologic,"Renal cell carcinoma, no contraindication to iodinated or gadolinium based contrast, staging",3196309,CT abdomen without and with IV contrast,10-30 mSv☢☢☢☢,10-30 mSv [ped]☢☢☢☢☢,May be appropriate (Disagreement)
1360,Urologic,"Renal cell carcinoma, no contraindication to iodinated or gadolinium based contrast, staging",3196309,US abdomen,0 mSvO,0 mSv [ped]O,Usually not appropriate
1361,Urologic,"Renal cell carcinoma, no contraindication to iodinated or gadolinium based contrast, staging",3196309,US abdomen with IV contrast,0 mSvO,0 mSv [ped]O,Usually not appropriate
1362,Urologic,"Renal cell carcinoma, no contraindication to iodinated or gadolinium based contrast, staging",3196309,MRI abdomen and pelvis without IV contrast,0 mSvO,0 mSv [ped]O,Usually not appropriate
1363,Urologic,"Renal cell carcinoma, no contraindication to iodinated or gadolinium based contrast, staging",3196309,MRI abdomen without IV contrast,0 mSvO,0 mSv [ped]O,Usually not appropriate
1364,Urologic,"Renal cell carcinoma, no contraindication to iodinated or gadolinium based contrast, staging",3196309,MRI head without and with IV contrast,0 mSvO,0 mSv [ped]O,Usually not appropriate
1365,Urologic,"Renal cell carcinoma, no contraindication to iodinated or gadolinium based contrast, staging",3196309,MRI head without IV contrast,0 mSvO,0 mSv [ped]O,Usually not appropriate
1366,Urologic,"Renal cell carcinoma, no contraindication to iodinated or gadolinium based contrast, staging",3196309,MRU without and with IV contrast,0 mSvO,0 mSv [ped]O,Usually not appropriate
1367,Urologic,"Renal cell carcinoma, no contraindication to iodinated or gadolinium based contrast, staging",3196309,MRU without IV contrast,0 mSvO,0 mSv [ped]O,Usually not appropriate
1368,Urologic,"Renal cell carcinoma, no contraindication to iodinated or gadolinium based contrast, staging",3196309,Bone scan whole body,1-10 mSv☢☢☢,3-10 mSv [ped]☢☢☢☢,Usually not appropriate
1369,Urologic,"Renal cell carcinoma, no contraindication to iodinated or gadolinium based contrast, staging",3196309,CT abdomen and pelvis without IV contrast,1-10 mSv☢☢☢,3-10 mSv [ped]☢☢☢☢,Usually not appropriate
1370,Urologic,"Renal cell carcinoma, no contraindication to iodinated or gadolinium based contrast, staging",3196309,CT abdomen without IV contrast,1-10 mSv☢☢☢,3-10 mSv [ped]☢☢☢☢,Usually not appropriate
1371,Urologic,"Renal cell carcinoma, no contraindication to iodinated or gadolinium based contrast, staging",3196309,CT chest without and with IV contrast,1-10 mSv☢☢☢,3-10 mSv [ped]☢☢☢☢,Usually not appropriate
1372,Urologic,"Renal cell carcinoma, no contraindication to iodinated or gadolinium based contrast, staging",3196309,CT chest without IV contrast,1-10 mSv☢☢☢,3-10 mSv [ped]☢☢☢☢,Usually not appropriate
1373,Urologic,"Renal cell carcinoma, no contraindication to iodinated or gadolinium based contrast, staging",3196309,CT head without and with IV contrast,1-10 mSv☢☢☢,3-10 mSv [ped]☢☢☢☢,Usually not appropriate
1374,Urologic,"Renal cell carcinoma, no contraindication to iodinated or gadolinium based contrast, staging",3196309,CT head without IV contrast,1-10 mSv☢☢☢,0.3-3 mSv [ped]☢☢☢,Usually not appropriate
1375,Urologic,"Renal cell carcinoma, no contraindication to iodinated or gadolinium based contrast, staging",3196309,CTU without and with IV contrast,10-30 mSv☢☢☢☢,10-30 mSv [ped]☢☢☢☢☢,Usually not appropriate
1376,Urologic,"Renal cell carcinoma, no contraindication to iodinated or gadolinium based contrast, staging",3196309,FDG-PET/CT skull base to mid-thigh,10-30 mSv☢☢☢☢,3-10 mSv [ped]☢☢☢☢,Usually not appropriate
1377,Urologic,"Renal cell carcinoma, no contraindication to iodinated or gadolinium based contrast, staging",3196309,Fluoride PET/CT skull base to mid-thigh,10-30 mSv☢☢☢☢,,Usually not appropriate
1378,Urologic,"Renal failure, acute kidney injury, initial imaging",3074313,US kidneys retroperitoneal,0 mSvO,0 mSv [ped]O,Usually appropriate
1379,Urologic,"Renal failure, acute kidney injury, initial imaging",3074313,US duplex Doppler kidneys retroperitoneal,0 mSvO,0 mSv [ped]O,May be appropriate
1380,Urologic,"Renal failure, acute kidney injury, initial imaging",3074313,MRA abdomen without IV contrast,0 mSvO,0 mSv [ped]O,May be appropriate
1381,Urologic,"Renal failure, acute kidney injury, initial imaging",3074313,MRI abdomen and pelvis without IV contrast,0 mSvO,0 mSv [ped]O,May be appropriate
1382,Urologic,"Renal failure, acute kidney injury, initial imaging",3074313,MRI abdomen without IV contrast,0 mSvO,0 mSv [ped]O,May be appropriate
1383,Urologic,"Renal failure, acute kidney injury, initial imaging",3074313,CT abdomen and pelvis without IV contrast,1-10 mSv☢☢☢,3-10 mSv [ped]☢☢☢☢,May be appropriate
1384,Urologic,"Renal failure, acute kidney injury, initial imaging",3074313,MAG3 renal scan,1-10 mSv☢☢☢,0.3-3 mSv [ped]☢☢☢,May be appropriate
1385,Urologic,"Renal failure, acute kidney injury, initial imaging",3074313,Arteriography kidney,1-10 mSv☢☢☢,,Usually not appropriate
1386,Urologic,"Renal failure, acute kidney injury, initial imaging",3074313,Radiography abdomen and pelvis,1-10 mSv☢☢☢,0.3-3 mSv [ped]☢☢☢,Usually not appropriate
1387,Urologic,"Renal failure, acute kidney injury, initial imaging",3074313,MRA abdomen without and with IV contrast,0 mSvO,0 mSv [ped]O,Usually not appropriate
1388,Urologic,"Renal failure, acute kidney injury, initial imaging",3074313,MRI abdomen and pelvis without and with IV contrast,0 mSvO,0 mSv [ped]O,Usually not appropriate
1389,Urologic,"Renal failure, acute kidney injury, initial imaging",3074313,MRI abdomen without and with IV contrast,0 mSvO,0 mSv [ped]O,Usually not appropriate
1390,Urologic,"Renal failure, acute kidney injury, initial imaging",3074313,MRU without and with IV contrast,0 mSvO,0 mSv [ped]O,Usually not appropriate
1391,Urologic,"Renal failure, acute kidney injury, initial imaging",3074313,MRU without IV contrast,0 mSvO,0 mSv [ped]O,Usually not appropriate
1392,Urologic,"Renal failure, acute kidney injury, initial imaging",3074313,CT abdomen and pelvis with IV contrast,1-10 mSv☢☢☢,3-10 mSv [ped]☢☢☢☢,Usually not appropriate
1393,Urologic,"Renal failure, acute kidney injury, initial imaging",3074313,CT abdomen with IV contrast,1-10 mSv☢☢☢,3-10 mSv [ped]☢☢☢☢,Usually not appropriate
1394,Urologic,"Renal failure, acute kidney injury, initial imaging",3074313,CT abdomen without IV contrast,1-10 mSv☢☢☢,3-10 mSv [ped]☢☢☢☢,Usually not appropriate
1395,Urologic,"Renal failure, acute kidney injury, initial imaging",3074313,DMSA renal scan,1-10 mSv☢☢☢,0.3-3 mSv [ped]☢☢☢,Usually not appropriate
1396,Urologic,"Renal failure, acute kidney injury, initial imaging",3074313,CT abdomen and pelvis without and with IV contrast,10-30 mSv☢☢☢☢,10-30 mSv [ped]☢☢☢☢☢,Usually not appropriate
1397,Urologic,"Renal failure, acute kidney injury, initial imaging",3074313,CT abdomen without and with IV contrast,10-30 mSv☢☢☢☢,10-30 mSv [ped]☢☢☢☢☢,Usually not appropriate
1398,Urologic,"Renal failure, acute kidney injury, initial imaging",3074313,CTA abdomen and pelvis with IV contrast,10-30 mSv☢☢☢☢,,Usually not appropriate
1399,Urologic,"Renal failure, acute kidney injury, initial imaging",3074313,CTU without and with IV contrast,10-30 mSv☢☢☢☢,10-30 mSv [ped]☢☢☢☢☢,Usually not appropriate
1400,Urologic,"Renal failure, chronic kidney disease, initial imaging",3074314,US kidneys retroperitoneal,0 mSvO,0 mSv [ped]O,Usually appropriate
1401,Urologic,"Renal failure, chronic kidney disease, initial imaging",3074314,US duplex Doppler kidneys retroperitoneal,0 mSvO,0 mSv [ped]O,May be appropriate
1402,Urologic,"Renal failure, chronic kidney disease, initial imaging",3074314,MRA abdomen without IV contrast,0 mSvO,0 mSv [ped]O,May be appropriate
1403,Urologic,"Renal failure, chronic kidney disease, initial imaging",3074314,MRI abdomen without IV contrast,0 mSvO,0 mSv [ped]O,May be appropriate
1404,Urologic,"Renal failure, chronic kidney disease, initial imaging",3074314,CT abdomen and pelvis without IV contrast,1-10 mSv☢☢☢,3-10 mSv [ped]☢☢☢☢,May be appropriate
1405,Urologic,"Renal failure, chronic kidney disease, initial imaging",3074314,Arteriography kidney,1-10 mSv☢☢☢,,Usually not appropriate
1406,Urologic,"Renal failure, chronic kidney disease, initial imaging",3074314,Radiography abdomen and pelvis,1-10 mSv☢☢☢,0.3-3 mSv [ped]☢☢☢,Usually not appropriate
1407,Urologic,"Renal failure, chronic kidney disease, initial imaging",3074314,MRA abdomen without and with IV contrast,0 mSvO,0 mSv [ped]O,Usually not appropriate
1408,Urologic,"Renal failure, chronic kidney disease, initial imaging",3074314,MRI abdomen and pelvis without and with IV contrast,0 mSvO,0 mSv [ped]O,Usually not appropriate
1409,Urologic,"Renal failure, chronic kidney disease, initial imaging",3074314,MRI abdomen and pelvis without IV contrast,0 mSvO,0 mSv [ped]O,Usually not appropriate
1410,Urologic,"Renal failure, chronic kidney disease, initial imaging",3074314,MRI abdomen without and with IV contrast,0 mSvO,0 mSv [ped]O,Usually not appropriate
1411,Urologic,"Renal failure, chronic kidney disease, initial imaging",3074314,MRU without and with IV contrast,0 mSvO,0 mSv [ped]O,Usually not appropriate
1412,Urologic,"Renal failure, chronic kidney disease, initial imaging",3074314,MRU without IV contrast,0 mSvO,0 mSv [ped]O,Usually not appropriate
1413,Urologic,"Renal failure, chronic kidney disease, initial imaging",3074314,CT abdomen and pelvis with IV contrast,1-10 mSv☢☢☢,3-10 mSv [ped]☢☢☢☢,Usually not appropriate
1414,Urologic,"Renal failure, chronic kidney disease, initial imaging",3074314,CT abdomen with IV contrast,1-10 mSv☢☢☢,3-10 mSv [ped]☢☢☢☢,Usually not appropriate
1415,Urologic,"Renal failure, chronic kidney disease, initial imaging",3074314,CT abdomen without IV contrast,1-10 mSv☢☢☢,3-10 mSv [ped]☢☢☢☢,Usually not appropriate
1416,Urologic,"Renal failure, chronic kidney disease, initial imaging",3074314,DMSA renal scan,1-10 mSv☢☢☢,0.3-3 mSv [ped]☢☢☢,Usually not appropriate
1417,Urologic,"Renal failure, chronic kidney disease, initial imaging",3074314,MAG3 renal scan,1-10 mSv☢☢☢,0.3-3 mSv [ped]☢☢☢,Usually not appropriate
1418,Urologic,"Renal failure, chronic kidney disease, initial imaging",3074314,CT abdomen and pelvis without and with IV contrast,10-30 mSv☢☢☢☢,10-30 mSv [ped]☢☢☢☢☢,Usually not appropriate
1419,Urologic,"Renal failure, chronic kidney disease, initial imaging",3074314,CT abdomen without and with IV contrast,10-30 mSv☢☢☢☢,10-30 mSv [ped]☢☢☢☢☢,Usually not appropriate
1420,Urologic,"Renal failure, chronic kidney disease, initial imaging",3074314,CTA abdomen and pelvis with IV contrast,10-30 mSv☢☢☢☢,,Usually not appropriate
1421,Urologic,"Renal failure, chronic kidney disease, initial imaging",3074314,CTU without and with IV contrast,10-30 mSv☢☢☢☢,10-30 mSv [ped]☢☢☢☢☢,Usually not appropriate
1422,Urologic,"Renal failure, kidney disease unknown duration, initial imaging",3194002,US kidneys retroperitoneal,0 mSvO,0 mSv [ped]O,Usually appropriate
1423,Urologic,"Renal failure, kidney disease unknown duration, initial imaging",3194002,US duplex Doppler kidneys retroperitoneal,0 mSvO,0 mSv [ped]O,May be appropriate (Disagreement)
1424,Urologic,"Renal failure, kidney disease unknown duration, initial imaging",3194002,MRA abdomen without IV contrast,0 mSvO,0 mSv [ped]O,May be appropriate
1425,Urologic,"Renal failure, kidney disease unknown duration, initial imaging",3194002,MRI abdomen and pelvis without IV contrast,0 mSvO,0 mSv [ped]O,May be appropriate
1426,Urologic,"Renal failure, kidney disease unknown duration, initial imaging",3194002,MRI abdomen without IV contrast,0 mSvO,0 mSv [ped]O,May be appropriate
1427,Urologic,"Renal failure, kidney disease unknown duration, initial imaging",3194002,CT abdomen and pelvis without IV contrast,1-10 mSv☢☢☢,3-10 mSv [ped]☢☢☢☢,May be appropriate
1428,Urologic,"Renal failure, kidney disease unknown duration, initial imaging",3194002,Arteriography kidney,1-10 mSv☢☢☢,,Usually not appropriate
1429,Urologic,"Renal failure, kidney disease unknown duration, initial imaging",3194002,Radiography abdomen and pelvis,1-10 mSv☢☢☢,0.3-3 mSv [ped]☢☢☢,Usually not appropriate
1430,Urologic,"Renal failure, kidney disease unknown duration, initial imaging",3194002,MRA abdomen without and with IV contrast,0 mSvO,0 mSv [ped]O,Usually not appropriate
1431,Urologic,"Renal failure, kidney disease unknown duration, initial imaging",3194002,MRI abdomen and pelvis without and with IV contrast,0 mSvO,0 mSv [ped]O,Usually not appropriate
1432,Urologic,"Renal failure, kidney disease unknown duration, initial imaging",3194002,MRI abdomen without and with IV contrast,0 mSvO,0 mSv [ped]O,Usually not appropriate
1433,Urologic,"Renal failure, kidney disease unknown duration, initial imaging",3194002,MRU without and with IV contrast,0 mSvO,0 mSv [ped]O,Usually not appropriate
1434,Urologic,"Renal failure, kidney disease unknown duration, initial imaging",3194002,MRU without IV contrast,0 mSvO,0 mSv [ped]O,Usually not appropriate
1435,Urologic,"Renal failure, kidney disease unknown duration, initial imaging",3194002,CT abdomen and pelvis with IV contrast,1-10 mSv☢☢☢,3-10 mSv [ped]☢☢☢☢,Usually not appropriate
1436,Urologic,"Renal failure, kidney disease unknown duration, initial imaging",3194002,CT abdomen with IV contrast,1-10 mSv☢☢☢,3-10 mSv [ped]☢☢☢☢,Usually not appropriate
1437,Urologic,"Renal failure, kidney disease unknown duration, initial imaging",3194002,CT abdomen without IV contrast,1-10 mSv☢☢☢,3-10 mSv [ped]☢☢☢☢,Usually not appropriate
1438,Urologic,"Renal failure, kidney disease unknown duration, initial imaging",3194002,DMSA renal scan,1-10 mSv☢☢☢,0.3-3 mSv [ped]☢☢☢,Usually not appropriate
1439,Urologic,"Renal failure, kidney disease unknown duration, initial imaging",3194002,MAG3 renal scan,1-10 mSv☢☢☢,0.3-3 mSv [ped]☢☢☢,Usually not appropriate
1440,Urologic,"Renal failure, kidney disease unknown duration, initial imaging",3194002,CT abdomen and pelvis without and with IV contrast,10-30 mSv☢☢☢☢,10-30 mSv [ped]☢☢☢☢☢,Usually not appropriate
1441,Urologic,"Renal failure, kidney disease unknown duration, initial imaging",3194002,CT abdomen without and with IV contrast,10-30 mSv☢☢☢☢,10-30 mSv [ped]☢☢☢☢☢,Usually not appropriate
1442,Urologic,"Renal failure, kidney disease unknown duration, initial imaging",3194002,CTA abdomen and pelvis with IV contrast,10-30 mSv☢☢☢☢,,Usually not appropriate
1443,Urologic,"Renal failure, kidney disease unknown duration, initial imaging",3194002,CTU without and with IV contrast,10-30 mSv☢☢☢☢,10-30 mSv [ped]☢☢☢☢☢,Usually not appropriate
1444,Urologic,"Renal failure, neurogenic bladder, initial imaging",3194003,US kidneys retroperitoneal,0 mSvO,0 mSv [ped]O,Usually appropriate
1445,Urologic,"Renal failure, neurogenic bladder, initial imaging",3194003,MRI abdomen and pelvis without IV contrast,0 mSvO,0 mSv [ped]O,May be appropriate
1446,Urologic,"Renal failure, neurogenic bladder, initial imaging",3194003,CT abdomen and pelvis without IV contrast,1-10 mSv☢☢☢,3-10 mSv [ped]☢☢☢☢,May be appropriate
1447,Urologic,"Renal failure, neurogenic bladder, initial imaging",3194003,DMSA renal scan,1-10 mSv☢☢☢,0.3-3 mSv [ped]☢☢☢,May be appropriate
1448,Urologic,"Renal failure, neurogenic bladder, initial imaging",3194003,US duplex Doppler kidneys retroperitoneal,0 mSvO,0 mSv [ped]O,Usually not appropriate
1449,Urologic,"Renal failure, neurogenic bladder, initial imaging",3194003,Fluoroscopy voiding cystourethrography,0.1-1mSv☢☢,0.03-0.3 mSv [ped]☢☢,Usually not appropriate
1450,Urologic,"Renal failure, neurogenic bladder, initial imaging",3194003,Fluoroscopy cystography,1-10 mSv☢☢☢,,Usually not appropriate
1451,Urologic,"Renal failure, neurogenic bladder, initial imaging",3194003,Radiography abdomen and pelvis,1-10 mSv☢☢☢,0.3-3 mSv [ped]☢☢☢,Usually not appropriate
1452,Urologic,"Renal failure, neurogenic bladder, initial imaging",3194003,MRI abdomen and pelvis without and with IV contrast,0 mSvO,0 mSv [ped]O,Usually not appropriate
1453,Urologic,"Renal failure, neurogenic bladder, initial imaging",3194003,MRI abdomen without and with IV contrast,0 mSvO,0 mSv [ped]O,Usually not appropriate
1454,Urologic,"Renal failure, neurogenic bladder, initial imaging",3194003,MRI abdomen without IV contrast,0 mSvO,0 mSv [ped]O,Usually not appropriate
1455,Urologic,"Renal failure, neurogenic bladder, initial imaging",3194003,MRU without and with IV contrast,0 mSvO,0 mSv [ped]O,Usually not appropriate
1456,Urologic,"Renal failure, neurogenic bladder, initial imaging",3194003,MRU without IV contrast,0 mSvO,0 mSv [ped]O,Usually not appropriate
1457,Urologic,"Renal failure, neurogenic bladder, initial imaging",3194003,CT abdomen and pelvis with IV contrast,1-10 mSv☢☢☢,3-10 mSv [ped]☢☢☢☢,Usually not appropriate
1458,Urologic,"Renal failure, neurogenic bladder, initial imaging",3194003,CT abdomen with IV contrast,1-10 mSv☢☢☢,3-10 mSv [ped]☢☢☢☢,Usually not appropriate
1459,Urologic,"Renal failure, neurogenic bladder, initial imaging",3194003,CT abdomen without IV contrast,1-10 mSv☢☢☢,3-10 mSv [ped]☢☢☢☢,Usually not appropriate
1460,Urologic,"Renal failure, neurogenic bladder, initial imaging",3194003,MAG3 renal scan,1-10 mSv☢☢☢,0.3-3 mSv [ped]☢☢☢,Usually not appropriate
1461,Urologic,"Renal failure, neurogenic bladder, initial imaging",3194003,CT abdomen and pelvis without and with IV contrast,10-30 mSv☢☢☢☢,10-30 mSv [ped]☢☢☢☢☢,Usually not appropriate
1462,Urologic,"Renal failure, neurogenic bladder, initial imaging",3194003,CT abdomen without and with IV contrast,10-30 mSv☢☢☢☢,10-30 mSv [ped]☢☢☢☢☢,Usually not appropriate
1463,Urologic,"Renal failure, neurogenic bladder, initial imaging",3194003,CTA abdomen and pelvis with IV contrast,10-30 mSv☢☢☢☢,,Usually not appropriate
1464,Urologic,"Renal failure, neurogenic bladder, initial imaging",3194003,CTU without and with IV contrast,10-30 mSv☢☢☢☢,10-30 mSv [ped]☢☢☢☢☢,Usually not appropriate
1465,Urologic,"Renal mass, indeterminate, contraindication to iodinated and gadolinium based contrast, initial imaging",3084034,US abdomen with IV contrast,0 mSvO,0 mSv [ped]O,Usually appropriate
1466,Urologic,"Renal mass, indeterminate, contraindication to iodinated and gadolinium based contrast, initial imaging",3084034,US kidneys retroperitoneal,0 mSvO,0 mSv [ped]O,Usually appropriate
1467,Urologic,"Renal mass, indeterminate, contraindication to iodinated and gadolinium based contrast, initial imaging",3084034,MRI abdomen without IV contrast,0 mSvO,0 mSv [ped]O,Usually appropriate
1468,Urologic,"Renal mass, indeterminate, contraindication to iodinated and gadolinium based contrast, initial imaging",3084034,CT abdomen without IV contrast,1-10 mSv☢☢☢,3-10 mSv [ped]☢☢☢☢,May be appropriate
1469,Urologic,"Renal mass, indeterminate, contraindication to iodinated and gadolinium based contrast, initial imaging",3084034,Arteriography kidney,1-10 mSv☢☢☢,,Usually not appropriate
1470,Urologic,"Renal mass, indeterminate, contraindication to iodinated and gadolinium based contrast, initial imaging",3084034,Radiography intravenous urography,1-10 mSv☢☢☢,0.3-3 mSv [ped]☢☢☢,Usually not appropriate
1471,Urologic,"Renal mass, indeterminate, contraindication to iodinated and gadolinium based contrast, initial imaging",3084034,Image-guided biopsy renal mass,Varies,Varies,Usually not appropriate
1472,Urologic,"Renal mass, indeterminate, contraindication to iodinated and gadolinium based contrast, initial imaging",3084034,MRI abdomen without and with IV contrast,0 mSvO,0 mSv [ped]O,Usually not appropriate
1473,Urologic,"Renal mass, indeterminate, contraindication to iodinated and gadolinium based contrast, initial imaging",3084034,MRU without and with IV contrast,0 mSvO,0 mSv [ped]O,Usually not appropriate
1474,Urologic,"Renal mass, indeterminate, contraindication to iodinated and gadolinium based contrast, initial imaging",3084034,CT abdomen with IV contrast,1-10 mSv☢☢☢,3-10 mSv [ped]☢☢☢☢,Usually not appropriate
1475,Urologic,"Renal mass, indeterminate, contraindication to iodinated and gadolinium based contrast, initial imaging",3084034,CT abdomen without and with IV contrast,10-30 mSv☢☢☢☢,10-30 mSv [ped]☢☢☢☢☢,Usually not appropriate
1476,Urologic,"Renal mass, indeterminate, contraindication to iodinated and gadolinium based contrast, initial imaging",3084034,CTU without and with IV contrast,10-30 mSv☢☢☢☢,10-30 mSv [ped]☢☢☢☢☢,Usually not appropriate
1477,Urologic,"Renal mass, indeterminate, contraindication to iodinated contrast, initial imaging",3185446,US abdomen with IV contrast,0 mSvO,0 mSv [ped]O,Usually appropriate
1478,Urologic,"Renal mass, indeterminate, contraindication to iodinated contrast, initial imaging",3185446,MRI abdomen without and with IV contrast,0 mSvO,0 mSv [ped]O,Usually appropriate
1479,Urologic,"Renal mass, indeterminate, contraindication to iodinated contrast, initial imaging",3185446,US kidneys retroperitoneal,0 mSvO,0 mSv [ped]O,May be appropriate
1480,Urologic,"Renal mass, indeterminate, contraindication to iodinated contrast, initial imaging",3185446,MRI abdomen without IV contrast,0 mSvO,0 mSv [ped]O,May be appropriate
1481,Urologic,"Renal mass, indeterminate, contraindication to iodinated contrast, initial imaging",3185446,CT abdomen without IV contrast,1-10 mSv☢☢☢,3-10 mSv [ped]☢☢☢☢,May be appropriate
1482,Urologic,"Renal mass, indeterminate, contraindication to iodinated contrast, initial imaging",3185446,Arteriography kidney,1-10 mSv☢☢☢,,Usually not appropriate
1483,Urologic,"Renal mass, indeterminate, contraindication to iodinated contrast, initial imaging",3185446,Radiography intravenous urography,1-10 mSv☢☢☢,0.3-3 mSv [ped]☢☢☢,Usually not appropriate
1484,Urologic,"Renal mass, indeterminate, contraindication to iodinated contrast, initial imaging",3185446,Image-guided biopsy renal mass,Varies,Varies,Usually not appropriate
1485,Urologic,"Renal mass, indeterminate, contraindication to iodinated contrast, initial imaging",3185446,MRU without and with IV contrast,0 mSvO,0 mSv [ped]O,Usually not appropriate
1486,Urologic,"Renal mass, indeterminate, contraindication to iodinated contrast, initial imaging",3185446,CT abdomen with IV contrast,1-10 mSv☢☢☢,3-10 mSv [ped]☢☢☢☢,Usually not appropriate
1487,Urologic,"Renal mass, indeterminate, contraindication to iodinated contrast, initial imaging",3185446,CT abdomen without and with IV contrast,10-30 mSv☢☢☢☢,10-30 mSv [ped]☢☢☢☢☢,Usually not appropriate
1488,Urologic,"Renal mass, indeterminate, contraindication to iodinated contrast, initial imaging",3185446,CTU without and with IV contrast,10-30 mSv☢☢☢☢,10-30 mSv [ped]☢☢☢☢☢,Usually not appropriate
1489,Urologic,"Renal mass, indeterminate, no contraindication to iodinated or gadolinium based contrast, initial imaging",3073700,US abdomen with IV contrast,0 mSvO,0 mSv [ped]O,Usually appropriate
1490,Urologic,"Renal mass, indeterminate, no contraindication to iodinated or gadolinium based contrast, initial imaging",3073700,MRI abdomen without and with IV contrast,0 mSvO,0 mSv [ped]O,Usually appropriate
1491,Urologic,"Renal mass, indeterminate, no contraindication to iodinated or gadolinium based contrast, initial imaging",3073700,CT abdomen without and with IV contrast,10-30 mSv☢☢☢☢,10-30 mSv [ped]☢☢☢☢☢,Usually appropriate
1492,Urologic,"Renal mass, indeterminate, no contraindication to iodinated or gadolinium based contrast, initial imaging",3073700,US kidneys retroperitoneal,0 mSvO,0 mSv [ped]O,May be appropriate
1493,Urologic,"Renal mass, indeterminate, no contraindication to iodinated or gadolinium based contrast, initial imaging",3073700,MRI abdomen without IV contrast,0 mSvO,0 mSv [ped]O,May be appropriate
1494,Urologic,"Renal mass, indeterminate, no contraindication to iodinated or gadolinium based contrast, initial imaging",3073700,CT abdomen with IV contrast,1-10 mSv☢☢☢,3-10 mSv [ped]☢☢☢☢,May be appropriate
1495,Urologic,"Renal mass, indeterminate, no contraindication to iodinated or gadolinium based contrast, initial imaging",3073700,CT abdomen without IV contrast,1-10 mSv☢☢☢,3-10 mSv [ped]☢☢☢☢,May be appropriate
1496,Urologic,"Renal mass, indeterminate, no contraindication to iodinated or gadolinium based contrast, initial imaging",3073700,CTU without and with IV contrast,10-30 mSv☢☢☢☢,10-30 mSv [ped]☢☢☢☢☢,May be appropriate
1497,Urologic,"Renal mass, indeterminate, no contraindication to iodinated or gadolinium based contrast, initial imaging",3073700,Arteriography kidney,1-10 mSv☢☢☢,,Usually not appropriate
1498,Urologic,"Renal mass, indeterminate, no contraindication to iodinated or gadolinium based contrast, initial imaging",3073700,Radiography intravenous urography,1-10 mSv☢☢☢,0.3-3 mSv [ped]☢☢☢,Usually not appropriate
1499,Urologic,"Renal mass, indeterminate, no contraindication to iodinated or gadolinium based contrast, initial imaging",3073700,Image-guided biopsy renal mass,Varies,Varies,Usually not appropriate
1500,Urologic,"Renal mass, indeterminate, no contraindication to iodinated or gadolinium based contrast, initial imaging",3073700,MRU without and with IV contrast,0 mSvO,0 mSv [ped]O,Usually not appropriate
1501,Urologic,"Renal transplant dysfunction, initial imaging",3082510,US duplex Doppler kidney transplant,0 mSvO,0 mSv [ped]O,Usually appropriate
1502,Urologic,"Renal transplant dysfunction, initial imaging",3082510,US pelvis,0 mSvO,0 mSv [ped]O,Usually not appropriate
1503,Urologic,"Renal transplant dysfunction, initial imaging",3082510,US pelvis with IV contrast,0 mSvO,0 mSv [ped]O,Usually not appropriate
1504,Urologic,"Renal transplant dysfunction, initial imaging",3082510,Arteriography kidney,1-10 mSv☢☢☢,,Usually not appropriate
1505,Urologic,"Renal transplant dysfunction, initial imaging",3082510,Fluoroscopy antegrade pyelography,1-10 mSv☢☢☢,,Usually not appropriate
1506,Urologic,"Renal transplant dysfunction, initial imaging",3082510,Image-guided biopsy kidney,Varies,Varies,Usually not appropriate
1507,Urologic,"Renal transplant dysfunction, initial imaging",3082510,MRA abdomen and pelvis without and with IV contrast,0 mSvO,0 mSv [ped]O,Usually not appropriate
1508,Urologic,"Renal transplant dysfunction, initial imaging",3082510,MRA abdomen and pelvis without IV contrast,0 mSvO,0 mSv [ped]O,Usually not appropriate
1509,Urologic,"Renal transplant dysfunction, initial imaging",3082510,MRA pelvis without and with IV contrast,0 mSvO,0 mSv [ped]O,Usually not appropriate
1510,Urologic,"Renal transplant dysfunction, initial imaging",3082510,MRA pelvis without IV contrast,0 mSvO,0 mSv [ped]O,Usually not appropriate
1511,Urologic,"Renal transplant dysfunction, initial imaging",3082510,MRI abdomen and pelvis without and with IV contrast,0 mSvO,0 mSv [ped]O,Usually not appropriate
1512,Urologic,"Renal transplant dysfunction, initial imaging",3082510,MRI abdomen and pelvis without IV contrast,0 mSvO,0 mSv [ped]O,Usually not appropriate
1513,Urologic,"Renal transplant dysfunction, initial imaging",3082510,MRI pelvis without and with IV contrast,0 mSvO,0 mSv [ped]O,Usually not appropriate
1514,Urologic,"Renal transplant dysfunction, initial imaging",3082510,MRI pelvis without IV contrast,0 mSvO,0 mSv [ped]O,Usually not appropriate
1515,Urologic,"Renal transplant dysfunction, initial imaging",3082510,MRU without and with IV contrast,0 mSvO,0 mSv [ped]O,Usually not appropriate
1516,Urologic,"Renal transplant dysfunction, initial imaging",3082510,MRU without IV contrast,0 mSvO,0 mSv [ped]O,Usually not appropriate
1517,Urologic,"Renal transplant dysfunction, initial imaging",3082510,MRV abdomen and pelvis without and with IV contrast,0 mSvO,0 mSv [ped]O,Usually not appropriate
1518,Urologic,"Renal transplant dysfunction, initial imaging",3082510,MRV pelvis without and with IV contrast,0 mSvO,0 mSv [ped]O,Usually not appropriate
1519,Urologic,"Renal transplant dysfunction, initial imaging",3082510,CT abdomen and pelvis with IV contrast,1-10 mSv☢☢☢,3-10 mSv [ped]☢☢☢☢,Usually not appropriate
1520,Urologic,"Renal transplant dysfunction, initial imaging",3082510,CT abdomen and pelvis without IV contrast,1-10 mSv☢☢☢,3-10 mSv [ped]☢☢☢☢,Usually not appropriate
1521,Urologic,"Renal transplant dysfunction, initial imaging",3082510,CT pelvis with IV contrast,1-10 mSv☢☢☢,3-10 mSv [ped]☢☢☢☢,Usually not appropriate
1522,Urologic,"Renal transplant dysfunction, initial imaging",3082510,CT pelvis without IV contrast,1-10 mSv☢☢☢,3-10 mSv [ped]☢☢☢☢,Usually not appropriate
1523,Urologic,"Renal transplant dysfunction, initial imaging",3082510,DTPA renal scan,1-10 mSv☢☢☢,0.3-3 mSv [ped]☢☢☢,Usually not appropriate
1524,Urologic,"Renal transplant dysfunction, initial imaging",3082510,MAG3 renal scan,1-10 mSv☢☢☢,0.3-3 mSv [ped]☢☢☢,Usually not appropriate
1525,Urologic,"Renal transplant dysfunction, initial imaging",3082510,CT abdomen and pelvis without and with IV contrast,10-30 mSv☢☢☢☢,10-30 mSv [ped]☢☢☢☢☢,Usually not appropriate
1526,Urologic,"Renal transplant dysfunction, initial imaging",3082510,CT pelvis without and with IV contrast,10-30 mSv☢☢☢☢,3-10 mSv [ped]☢☢☢☢,Usually not appropriate
1527,Urologic,"Renal transplant dysfunction, initial imaging",3082510,CTA abdomen and pelvis with IV contrast,10-30 mSv☢☢☢☢,,Usually not appropriate
1528,Urologic,"Renal transplant dysfunction, initial imaging",3082510,CTA pelvis with IV contrast,10-30 mSv☢☢☢☢,,Usually not appropriate
1529,Urologic,"Renal transplant dysfunction, initial imaging",3082510,CTU without and with IV contrast,10-30 mSv☢☢☢☢,10-30 mSv [ped]☢☢☢☢☢,Usually not appropriate
1530,Urologic,"Renal transplant dysfunction, initial imaging",3082510,CTV abdomen and pelvis with IV contrast,10-30 mSv☢☢☢☢,,Usually not appropriate
1531,Urologic,"Renal transplant dysfunction, initial imaging",3082510,CTV pelvis with IV contrast,10-30 mSv☢☢☢☢,,Usually not appropriate
1532,Urologic,"Scrotal pain, acute, nontraumatic, no antecedent mass, initial imaging",3197600,US duplex Doppler scrotum,0 mSvO,0 mSv [ped]O,Usually appropriate
1533,Urologic,"Scrotal pain, acute, nontraumatic, no antecedent mass, initial imaging",3197600,US scrotum,0 mSvO,0 mSv [ped]O,Usually appropriate
1534,Urologic,"Scrotal pain, acute, nontraumatic, no antecedent mass, initial imaging",3197600,MRI pelvis (scrotum) without and with IV contrast,0 mSvO,0 mSv [ped]O,Usually not appropriate
1535,Urologic,"Scrotal pain, acute, nontraumatic, no antecedent mass, initial imaging",3197600,MRI pelvis (scrotum) without IV contrast,0 mSvO,0 mSv [ped]O,Usually not appropriate
1536,Urologic,"Scrotal pain, acute, nontraumatic, no antecedent mass, initial imaging",3197600,CT pelvis with IV contrast,1-10 mSv☢☢☢,3-10 mSv [ped]☢☢☢☢,Usually not appropriate
1537,Urologic,"Scrotal pain, acute, nontraumatic, no antecedent mass, initial imaging",3197600,CT pelvis without IV contrast,1-10 mSv☢☢☢,3-10 mSv [ped]☢☢☢☢,Usually not appropriate
1538,Urologic,"Scrotal pain, acute, nontraumatic, no antecedent mass, initial imaging",3197600,Nuclear medicine scan scrotum,1-10 mSv☢☢☢,0.3-3 mSv [ped]☢☢☢,Usually not appropriate
1539,Urologic,"Scrotal pain, acute, nontraumatic, no antecedent mass, initial imaging",3197600,CT pelvis without and with IV contrast,10-30 mSv☢☢☢☢,3-10 mSv [ped]☢☢☢☢,Usually not appropriate
1540,Urologic,"Scrotum abnormality, palpable, newly diagnosed, hx of infection, initial imaging",3194871,US duplex Doppler scrotum,0 mSvO,0 mSv [ped]O,Usually appropriate
1541,Urologic,"Scrotum abnormality, palpable, newly diagnosed, hx of infection, initial imaging",3194871,US scrotum,0 mSvO,0 mSv [ped]O,Usually appropriate
1542,Urologic,"Scrotum abnormality, palpable, newly diagnosed, hx of infection, initial imaging",3194871,MRI pelvis (scrotum) without and with IV contrast,0 mSvO,0 mSv [ped]O,May be appropriate
1543,Urologic,"Scrotum abnormality, palpable, newly diagnosed, hx of infection, initial imaging",3194871,MRI pelvis (scrotum) without IV contrast,0 mSvO,0 mSv [ped]O,May be appropriate
1544,Urologic,"Scrotum abnormality, palpable, newly diagnosed, hx of infection, initial imaging",3194871,MRI abdomen and pelvis without and with IV contrast,0 mSvO,0 mSv [ped]O,Usually not appropriate
1545,Urologic,"Scrotum abnormality, palpable, newly diagnosed, hx of infection, initial imaging",3194871,MRI abdomen and pelvis without IV contrast,0 mSvO,0 mSv [ped]O,Usually not appropriate
1546,Urologic,"Scrotum abnormality, palpable, newly diagnosed, hx of infection, initial imaging",3194871,CT abdomen and pelvis with IV contrast,1-10 mSv☢☢☢,3-10 mSv [ped]☢☢☢☢,Usually not appropriate
1547,Urologic,"Scrotum abnormality, palpable, newly diagnosed, hx of infection, initial imaging",3194871,CT abdomen and pelvis without IV contrast,1-10 mSv☢☢☢,3-10 mSv [ped]☢☢☢☢,Usually not appropriate
1548,Urologic,"Scrotum abnormality, palpable, newly diagnosed, hx of infection, initial imaging",3194871,CT pelvis with IV contrast,1-10 mSv☢☢☢,3-10 mSv [ped]☢☢☢☢,Usually not appropriate
1549,Urologic,"Scrotum abnormality, palpable, newly diagnosed, hx of infection, initial imaging",3194871,CT pelvis without IV contrast,1-10 mSv☢☢☢,3-10 mSv [ped]☢☢☢☢,Usually not appropriate
1550,Urologic,"Scrotum abnormality, palpable, newly diagnosed, hx of infection, initial imaging",3194871,Nuclear medicine scan scrotum,1-10 mSv☢☢☢,0.3-3 mSv [ped]☢☢☢,Usually not appropriate
1551,Urologic,"Scrotum abnormality, palpable, newly diagnosed, hx of infection, initial imaging",3194871,CT abdomen and pelvis without and with IV contrast,10-30 mSv☢☢☢☢,10-30 mSv [ped]☢☢☢☢☢,Usually not appropriate
1552,Urologic,"Scrotum abnormality, palpable, newly diagnosed, hx of infection, initial imaging",3194871,CT pelvis without and with IV contrast,10-30 mSv☢☢☢☢,3-10 mSv [ped]☢☢☢☢,Usually not appropriate
1553,Urologic,"Scrotum abnormality, palpable, newly diagnosed, hx of trauma, initial imaging",3194872,US duplex Doppler scrotum,0 mSvO,0 mSv [ped]O,Usually appropriate
1554,Urologic,"Scrotum abnormality, palpable, newly diagnosed, hx of trauma, initial imaging",3194872,US scrotum,0 mSvO,0 mSv [ped]O,Usually appropriate
1555,Urologic,"Scrotum abnormality, palpable, newly diagnosed, hx of trauma, initial imaging",3194872,MRI pelvis (scrotum) without and with IV contrast,0 mSvO,0 mSv [ped]O,May be appropriate
1556,Urologic,"Scrotum abnormality, palpable, newly diagnosed, hx of trauma, initial imaging",3194872,MRI pelvis (scrotum) without IV contrast,0 mSvO,0 mSv [ped]O,May be appropriate
1557,Urologic,"Scrotum abnormality, palpable, newly diagnosed, hx of trauma, initial imaging",3194872,MRI abdomen and pelvis without and with IV contrast,0 mSvO,0 mSv [ped]O,Usually not appropriate
1558,Urologic,"Scrotum abnormality, palpable, newly diagnosed, hx of trauma, initial imaging",3194872,MRI abdomen and pelvis without IV contrast,0 mSvO,0 mSv [ped]O,Usually not appropriate
1559,Urologic,"Scrotum abnormality, palpable, newly diagnosed, hx of trauma, initial imaging",3194872,CT abdomen and pelvis with IV contrast,1-10 mSv☢☢☢,3-10 mSv [ped]☢☢☢☢,Usually not appropriate
1560,Urologic,"Scrotum abnormality, palpable, newly diagnosed, hx of trauma, initial imaging",3194872,CT abdomen and pelvis without IV contrast,1-10 mSv☢☢☢,3-10 mSv [ped]☢☢☢☢,Usually not appropriate
1561,Urologic,"Scrotum abnormality, palpable, newly diagnosed, hx of trauma, initial imaging",3194872,CT pelvis with IV contrast,1-10 mSv☢☢☢,3-10 mSv [ped]☢☢☢☢,Usually not appropriate
1562,Urologic,"Scrotum abnormality, palpable, newly diagnosed, hx of trauma, initial imaging",3194872,CT pelvis without IV contrast,1-10 mSv☢☢☢,3-10 mSv [ped]☢☢☢☢,Usually not appropriate
1563,Urologic,"Scrotum abnormality, palpable, newly diagnosed, hx of trauma, initial imaging",3194872,Nuclear medicine scan scrotum,1-10 mSv☢☢☢,0.3-3 mSv [ped]☢☢☢,Usually not appropriate
1564,Urologic,"Scrotum abnormality, palpable, newly diagnosed, hx of trauma, initial imaging",3194872,CT abdomen and pelvis without and with IV contrast,10-30 mSv☢☢☢☢,10-30 mSv [ped]☢☢☢☢☢,Usually not appropriate
1565,Urologic,"Scrotum abnormality, palpable, newly diagnosed, hx of trauma, initial imaging",3194872,CT pelvis without and with IV contrast,10-30 mSv☢☢☢☢,3-10 mSv [ped]☢☢☢☢,Usually not appropriate
1566,Urologic,"Scrotum abnormality, palpable, newly diagnosed, no hx of infection, initial imaging",3194874,US duplex Doppler scrotum,0 mSvO,0 mSv [ped]O,Usually appropriate
1567,Urologic,"Scrotum abnormality, palpable, newly diagnosed, no hx of infection, initial imaging",3194874,US scrotum,0 mSvO,0 mSv [ped]O,Usually appropriate
1568,Urologic,"Scrotum abnormality, palpable, newly diagnosed, no hx of infection, initial imaging",3194874,MRI pelvis (scrotum) without and with IV contrast,0 mSvO,0 mSv [ped]O,May be appropriate
1569,Urologic,"Scrotum abnormality, palpable, newly diagnosed, no hx of infection, initial imaging",3194874,MRI pelvis (scrotum) without IV contrast,0 mSvO,0 mSv [ped]O,May be appropriate
1570,Urologic,"Scrotum abnormality, palpable, newly diagnosed, no hx of infection, initial imaging",3194874,MRI abdomen and pelvis without and with IV contrast,0 mSvO,0 mSv [ped]O,Usually not appropriate
1571,Urologic,"Scrotum abnormality, palpable, newly diagnosed, no hx of infection, initial imaging",3194874,MRI abdomen and pelvis without IV contrast,0 mSvO,0 mSv [ped]O,Usually not appropriate
1572,Urologic,"Scrotum abnormality, palpable, newly diagnosed, no hx of infection, initial imaging",3194874,CT abdomen and pelvis with IV contrast,1-10 mSv☢☢☢,3-10 mSv [ped]☢☢☢☢,Usually not appropriate
1573,Urologic,"Scrotum abnormality, palpable, newly diagnosed, no hx of infection, initial imaging",3194874,CT abdomen and pelvis without IV contrast,1-10 mSv☢☢☢,3-10 mSv [ped]☢☢☢☢,Usually not appropriate
1574,Urologic,"Scrotum abnormality, palpable, newly diagnosed, no hx of infection, initial imaging",3194874,CT pelvis with IV contrast,1-10 mSv☢☢☢,3-10 mSv [ped]☢☢☢☢,Usually not appropriate
1575,Urologic,"Scrotum abnormality, palpable, newly diagnosed, no hx of infection, initial imaging",3194874,CT pelvis without IV contrast,1-10 mSv☢☢☢,3-10 mSv [ped]☢☢☢☢,Usually not appropriate
1576,Urologic,"Scrotum abnormality, palpable, newly diagnosed, no hx of infection, initial imaging",3194874,Nuclear medicine scan scrotum,1-10 mSv☢☢☢,0.3-3 mSv [ped]☢☢☢,Usually not appropriate
1577,Urologic,"Scrotum abnormality, palpable, newly diagnosed, no hx of infection, initial imaging",3194874,CT abdomen and pelvis without and with IV contrast,10-30 mSv☢☢☢☢,10-30 mSv [ped]☢☢☢☢☢,Usually not appropriate
1578,Urologic,"Scrotum abnormality, palpable, newly diagnosed, no hx of infection, initial imaging",3194874,CT pelvis without and with IV contrast,10-30 mSv☢☢☢☢,3-10 mSv [ped]☢☢☢☢,Usually not appropriate
1579,Urologic,"Scrotum abnormality, palpable, newly diagnosed, no hx of trauma, initial imaging",3194875,US duplex Doppler scrotum,0 mSvO,0 mSv [ped]O,Usually appropriate
1580,Urologic,"Scrotum abnormality, palpable, newly diagnosed, no hx of trauma, initial imaging",3194875,US scrotum,0 mSvO,0 mSv [ped]O,Usually appropriate
1581,Urologic,"Scrotum abnormality, palpable, newly diagnosed, no hx of trauma, initial imaging",3194875,MRI pelvis (scrotum) without and with IV contrast,0 mSvO,0 mSv [ped]O,May be appropriate
1582,Urologic,"Scrotum abnormality, palpable, newly diagnosed, no hx of trauma, initial imaging",3194875,MRI pelvis (scrotum) without IV contrast,0 mSvO,0 mSv [ped]O,May be appropriate
1583,Urologic,"Scrotum abnormality, palpable, newly diagnosed, no hx of trauma, initial imaging",3194875,MRI abdomen and pelvis without and with IV contrast,0 mSvO,0 mSv [ped]O,Usually not appropriate
1584,Urologic,"Scrotum abnormality, palpable, newly diagnosed, no hx of trauma, initial imaging",3194875,MRI abdomen and pelvis without IV contrast,0 mSvO,0 mSv [ped]O,Usually not appropriate
1585,Urologic,"Scrotum abnormality, palpable, newly diagnosed, no hx of trauma, initial imaging",3194875,CT abdomen and pelvis with IV contrast,1-10 mSv☢☢☢,3-10 mSv [ped]☢☢☢☢,Usually not appropriate
1586,Urologic,"Scrotum abnormality, palpable, newly diagnosed, no hx of trauma, initial imaging",3194875,CT abdomen and pelvis without IV contrast,1-10 mSv☢☢☢,3-10 mSv [ped]☢☢☢☢,Usually not appropriate
1587,Urologic,"Scrotum abnormality, palpable, newly diagnosed, no hx of trauma, initial imaging",3194875,CT pelvis with IV contrast,1-10 mSv☢☢☢,3-10 mSv [ped]☢☢☢☢,Usually not appropriate
1588,Urologic,"Scrotum abnormality, palpable, newly diagnosed, no hx of trauma, initial imaging",3194875,CT pelvis without IV contrast,1-10 mSv☢☢☢,3-10 mSv [ped]☢☢☢☢,Usually not appropriate
1589,Urologic,"Scrotum abnormality, palpable, newly diagnosed, no hx of trauma, initial imaging",3194875,Nuclear medicine scan scrotum,1-10 mSv☢☢☢,0.3-3 mSv [ped]☢☢☢,Usually not appropriate
1590,Urologic,"Scrotum abnormality, palpable, newly diagnosed, no hx of trauma, initial imaging",3194875,CT abdomen and pelvis without and with IV contrast,10-30 mSv☢☢☢☢,10-30 mSv [ped]☢☢☢☢☢,Usually not appropriate
1591,Urologic,"Scrotum abnormality, palpable, newly diagnosed, no hx of trauma, initial imaging",3194875,CT pelvis without and with IV contrast,10-30 mSv☢☢☢☢,3-10 mSv [ped]☢☢☢☢,Usually not appropriate
1592,Urologic,"Sepsis suspected, non specific symptoms, unknown origin, chest radiography equivocal, next imaging study",3196683,CT abdomen and pelvis with IV contrast,1-10 mSv☢☢☢,3-10 mSv [ped]☢☢☢☢,Usually appropriate
1593,Urologic,"Sepsis suspected, non specific symptoms, unknown origin, chest radiography equivocal, next imaging study",3196683,US abdomen,0 mSvO,0 mSv [ped]O,May be appropriate
1594,Urologic,"Sepsis suspected, non specific symptoms, unknown origin, chest radiography equivocal, next imaging study",3196683,CT abdomen and pelvis without IV contrast,1-10 mSv☢☢☢,3-10 mSv [ped]☢☢☢☢,May be appropriate (Disagreement)
1595,Urologic,"Sepsis suspected, non specific symptoms, unknown origin, chest radiography equivocal, next imaging study",3196683,CT chest with IV contrast,1-10 mSv☢☢☢,3-10 mSv [ped]☢☢☢☢,May be appropriate
1596,Urologic,"Sepsis suspected, non specific symptoms, unknown origin, chest radiography equivocal, next imaging study",3196683,CT chest without IV contrast,1-10 mSv☢☢☢,3-10 mSv [ped]☢☢☢☢,May be appropriate
1597,Urologic,"Sepsis suspected, non specific symptoms, unknown origin, chest radiography equivocal, next imaging study",3196683,CT chest abdomen pelvis with IV contrast,10-30 mSv☢☢☢☢,3-10 mSv [ped]☢☢☢☢,May be appropriate (Disagreement)
1598,Urologic,"Sepsis suspected, non specific symptoms, unknown origin, chest radiography equivocal, next imaging study",3196683,CT chest abdomen pelvis without IV contrast,10-30 mSv☢☢☢☢,3-10 mSv [ped]☢☢☢☢,May be appropriate (Disagreement)
1599,Urologic,"Sepsis suspected, non specific symptoms, unknown origin, chest radiography equivocal, next imaging study",3196683,Radiography abdomen,0.1-1mSv☢☢,0.03-0.3 mSv [ped]☢☢,Usually not appropriate
1600,Urologic,"Sepsis suspected, non specific symptoms, unknown origin, chest radiography equivocal, next imaging study",3196683,Fluoroscopy contrast enema,1-10 mSv☢☢☢,3-10 mSv [ped]☢☢☢☢,Usually not appropriate
1601,Urologic,"Sepsis suspected, non specific symptoms, unknown origin, chest radiography equivocal, next imaging study",3196683,Fluoroscopy upper GI series with small bowel follow-through,1-10 mSv☢☢☢,3-10 mSv [ped]☢☢☢☢,Usually not appropriate
1602,Urologic,"Sepsis suspected, non specific symptoms, unknown origin, chest radiography equivocal, next imaging study",3196683,MRI abdomen and pelvis without and with IV contrast,0 mSvO,0 mSv [ped]O,Usually not appropriate
1603,Urologic,"Sepsis suspected, non specific symptoms, unknown origin, chest radiography equivocal, next imaging study",3196683,MRI abdomen and pelvis without IV contrast,0 mSvO,0 mSv [ped]O,Usually not appropriate
1604,Urologic,"Sepsis suspected, non specific symptoms, unknown origin, chest radiography equivocal, next imaging study",3196683,MRI chest without and with IV contrast,0 mSvO,0 mSv [ped]O,Usually not appropriate
1605,Urologic,"Sepsis suspected, non specific symptoms, unknown origin, chest radiography equivocal, next imaging study",3196683,MRI chest without IV contrast,0 mSvO,0 mSv [ped]O,Usually not appropriate
1606,Urologic,"Sepsis suspected, non specific symptoms, unknown origin, chest radiography equivocal, next imaging study",3196683,Nuclear medicine scan gallbladder,0.1-1mSv☢☢,,Usually not appropriate
1607,Urologic,"Sepsis suspected, non specific symptoms, unknown origin, chest radiography equivocal, next imaging study",3196683,CT chest without and with IV contrast,1-10 mSv☢☢☢,3-10 mSv [ped]☢☢☢☢,Usually not appropriate
1608,Urologic,"Sepsis suspected, non specific symptoms, unknown origin, chest radiography equivocal, next imaging study",3196683,CT abdomen and pelvis without and with IV contrast,10-30 mSv☢☢☢☢,10-30 mSv [ped]☢☢☢☢☢,Usually not appropriate
1609,Urologic,"Sepsis suspected, non specific symptoms, unknown origin, chest radiography equivocal, next imaging study",3196683,CT chest abdomen pelvis without and with IV contrast,10-30 mSv☢☢☢☢,10-30 mSv [ped]☢☢☢☢☢,Usually not appropriate
1610,Urologic,"Sepsis suspected, non specific symptoms, unknown origin, chest radiography equivocal, next imaging study",3196683,FDG-PET/CT skull base to mid-thigh,10-30 mSv☢☢☢☢,3-10 mSv [ped]☢☢☢☢,Usually not appropriate
1611,Urologic,"Sepsis suspected, non specific symptoms, unknown origin, chest radiography equivocal, next imaging study",3196683,WBC scan abdomen and pelvis,10-30 mSv☢☢☢☢,,Usually not appropriate
1612,Urologic,"Sepsis suspected, non specific symptoms, unknown origin, chest radiography nonspecific, next imaging study",3196684,CT abdomen and pelvis with IV contrast,1-10 mSv☢☢☢,3-10 mSv [ped]☢☢☢☢,Usually appropriate
1613,Urologic,"Sepsis suspected, non specific symptoms, unknown origin, chest radiography nonspecific, next imaging study",3196684,US abdomen,0 mSvO,0 mSv [ped]O,May be appropriate
1614,Urologic,"Sepsis suspected, non specific symptoms, unknown origin, chest radiography nonspecific, next imaging study",3196684,CT abdomen and pelvis without IV contrast,1-10 mSv☢☢☢,3-10 mSv [ped]☢☢☢☢,May be appropriate (Disagreement)
1615,Urologic,"Sepsis suspected, non specific symptoms, unknown origin, chest radiography nonspecific, next imaging study",3196684,CT chest with IV contrast,1-10 mSv☢☢☢,3-10 mSv [ped]☢☢☢☢,May be appropriate
1616,Urologic,"Sepsis suspected, non specific symptoms, unknown origin, chest radiography nonspecific, next imaging study",3196684,CT chest without IV contrast,1-10 mSv☢☢☢,3-10 mSv [ped]☢☢☢☢,May be appropriate
1617,Urologic,"Sepsis suspected, non specific symptoms, unknown origin, chest radiography nonspecific, next imaging study",3196684,CT chest abdomen pelvis with IV contrast,10-30 mSv☢☢☢☢,3-10 mSv [ped]☢☢☢☢,May be appropriate (Disagreement)
1618,Urologic,"Sepsis suspected, non specific symptoms, unknown origin, chest radiography nonspecific, next imaging study",3196684,CT chest abdomen pelvis without IV contrast,10-30 mSv☢☢☢☢,3-10 mSv [ped]☢☢☢☢,May be appropriate (Disagreement)
1619,Urologic,"Sepsis suspected, non specific symptoms, unknown origin, chest radiography nonspecific, next imaging study",3196684,Radiography abdomen,0.1-1mSv☢☢,0.03-0.3 mSv [ped]☢☢,Usually not appropriate
1620,Urologic,"Sepsis suspected, non specific symptoms, unknown origin, chest radiography nonspecific, next imaging study",3196684,Fluoroscopy contrast enema,1-10 mSv☢☢☢,3-10 mSv [ped]☢☢☢☢,Usually not appropriate
1621,Urologic,"Sepsis suspected, non specific symptoms, unknown origin, chest radiography nonspecific, next imaging study",3196684,Fluoroscopy upper GI series with small bowel follow-through,1-10 mSv☢☢☢,3-10 mSv [ped]☢☢☢☢,Usually not appropriate
1622,Urologic,"Sepsis suspected, non specific symptoms, unknown origin, chest radiography nonspecific, next imaging study",3196684,MRI abdomen and pelvis without and with IV contrast,0 mSvO,0 mSv [ped]O,Usually not appropriate
1623,Urologic,"Sepsis suspected, non specific symptoms, unknown origin, chest radiography nonspecific, next imaging study",3196684,MRI abdomen and pelvis without IV contrast,0 mSvO,0 mSv [ped]O,Usually not appropriate
1624,Urologic,"Sepsis suspected, non specific symptoms, unknown origin, chest radiography nonspecific, next imaging study",3196684,MRI chest without and with IV contrast,0 mSvO,0 mSv [ped]O,Usually not appropriate
1625,Urologic,"Sepsis suspected, non specific symptoms, unknown origin, chest radiography nonspecific, next imaging study",3196684,MRI chest without IV contrast,0 mSvO,0 mSv [ped]O,Usually not appropriate
1626,Urologic,"Sepsis suspected, non specific symptoms, unknown origin, chest radiography nonspecific, next imaging study",3196684,Nuclear medicine scan gallbladder,0.1-1mSv☢☢,,Usually not appropriate
1627,Urologic,"Sepsis suspected, non specific symptoms, unknown origin, chest radiography nonspecific, next imaging study",3196684,CT chest without and with IV contrast,1-10 mSv☢☢☢,3-10 mSv [ped]☢☢☢☢,Usually not appropriate
1628,Urologic,"Sepsis suspected, non specific symptoms, unknown origin, chest radiography nonspecific, next imaging study",3196684,CT abdomen and pelvis without and with IV contrast,10-30 mSv☢☢☢☢,10-30 mSv [ped]☢☢☢☢☢,Usually not appropriate
1629,Urologic,"Sepsis suspected, non specific symptoms, unknown origin, chest radiography nonspecific, next imaging study",3196684,CT chest abdomen pelvis without and with IV contrast,10-30 mSv☢☢☢☢,10-30 mSv [ped]☢☢☢☢☢,Usually not appropriate
1630,Urologic,"Sepsis suspected, non specific symptoms, unknown origin, chest radiography nonspecific, next imaging study",3196684,FDG-PET/CT skull base to mid-thigh,10-30 mSv☢☢☢☢,3-10 mSv [ped]☢☢☢☢,Usually not appropriate
1631,Urologic,"Sepsis suspected, non specific symptoms, unknown origin, chest radiography nonspecific, next imaging study",3196684,WBC scan abdomen and pelvis,10-30 mSv☢☢☢☢,,Usually not appropriate
1632,Urologic,"Sepsis suspected, non specific symptoms, unknown origin, chest radiography normal, next imaging study",3196682,CT abdomen and pelvis with IV contrast,1-10 mSv☢☢☢,3-10 mSv [ped]☢☢☢☢,Usually appropriate
1633,Urologic,"Sepsis suspected, non specific symptoms, unknown origin, chest radiography normal, next imaging study",3196682,US abdomen,0 mSvO,0 mSv [ped]O,May be appropriate
1634,Urologic,"Sepsis suspected, non specific symptoms, unknown origin, chest radiography normal, next imaging study",3196682,CT abdomen and pelvis without IV contrast,1-10 mSv☢☢☢,3-10 mSv [ped]☢☢☢☢,May be appropriate (Disagreement)
1635,Urologic,"Sepsis suspected, non specific symptoms, unknown origin, chest radiography normal, next imaging study",3196682,CT chest with IV contrast,1-10 mSv☢☢☢,3-10 mSv [ped]☢☢☢☢,May be appropriate
1636,Urologic,"Sepsis suspected, non specific symptoms, unknown origin, chest radiography normal, next imaging study",3196682,CT chest without IV contrast,1-10 mSv☢☢☢,3-10 mSv [ped]☢☢☢☢,May be appropriate
1637,Urologic,"Sepsis suspected, non specific symptoms, unknown origin, chest radiography normal, next imaging study",3196682,CT chest abdomen pelvis with IV contrast,10-30 mSv☢☢☢☢,3-10 mSv [ped]☢☢☢☢,May be appropriate (Disagreement)
1638,Urologic,"Sepsis suspected, non specific symptoms, unknown origin, chest radiography normal, next imaging study",3196682,CT chest abdomen pelvis without IV contrast,10-30 mSv☢☢☢☢,3-10 mSv [ped]☢☢☢☢,May be appropriate (Disagreement)
1639,Urologic,"Sepsis suspected, non specific symptoms, unknown origin, chest radiography normal, next imaging study",3196682,Radiography abdomen,0.1-1mSv☢☢,0.03-0.3 mSv [ped]☢☢,Usually not appropriate
1640,Urologic,"Sepsis suspected, non specific symptoms, unknown origin, chest radiography normal, next imaging study",3196682,Fluoroscopy contrast enema,1-10 mSv☢☢☢,3-10 mSv [ped]☢☢☢☢,Usually not appropriate
1641,Urologic,"Sepsis suspected, non specific symptoms, unknown origin, chest radiography normal, next imaging study",3196682,Fluoroscopy upper GI series with small bowel follow-through,1-10 mSv☢☢☢,3-10 mSv [ped]☢☢☢☢,Usually not appropriate
1642,Urologic,"Sepsis suspected, non specific symptoms, unknown origin, chest radiography normal, next imaging study",3196682,MRI abdomen and pelvis without and with IV contrast,0 mSvO,0 mSv [ped]O,Usually not appropriate
1643,Urologic,"Sepsis suspected, non specific symptoms, unknown origin, chest radiography normal, next imaging study",3196682,MRI abdomen and pelvis without IV contrast,0 mSvO,0 mSv [ped]O,Usually not appropriate
1644,Urologic,"Sepsis suspected, non specific symptoms, unknown origin, chest radiography normal, next imaging study",3196682,MRI chest without and with IV contrast,0 mSvO,0 mSv [ped]O,Usually not appropriate
1645,Urologic,"Sepsis suspected, non specific symptoms, unknown origin, chest radiography normal, next imaging study",3196682,MRI chest without IV contrast,0 mSvO,0 mSv [ped]O,Usually not appropriate
1646,Urologic,"Sepsis suspected, non specific symptoms, unknown origin, chest radiography normal, next imaging study",3196682,Nuclear medicine scan gallbladder,0.1-1mSv☢☢,,Usually not appropriate
1647,Urologic,"Sepsis suspected, non specific symptoms, unknown origin, chest radiography normal, next imaging study",3196682,CT chest without and with IV contrast,1-10 mSv☢☢☢,3-10 mSv [ped]☢☢☢☢,Usually not appropriate
1648,Urologic,"Sepsis suspected, non specific symptoms, unknown origin, chest radiography normal, next imaging study",3196682,CT abdomen and pelvis without and with IV contrast,10-30 mSv☢☢☢☢,10-30 mSv [ped]☢☢☢☢☢,Usually not appropriate
1649,Urologic,"Sepsis suspected, non specific symptoms, unknown origin, chest radiography normal, next imaging study",3196682,CT chest abdomen pelvis without and with IV contrast,10-30 mSv☢☢☢☢,10-30 mSv [ped]☢☢☢☢☢,Usually not appropriate
1650,Urologic,"Sepsis suspected, non specific symptoms, unknown origin, chest radiography normal, next imaging study",3196682,FDG-PET/CT skull base to mid-thigh,10-30 mSv☢☢☢☢,3-10 mSv [ped]☢☢☢☢,Usually not appropriate
1651,Urologic,"Sepsis suspected, non specific symptoms, unknown origin, chest radiography normal, next imaging study",3196682,WBC scan abdomen and pelvis,10-30 mSv☢☢☢☢,,Usually not appropriate
1652,Urologic,"Sepsis suspected, acute abdominal pain, initial imaging",3196674,CT abdomen and pelvis with IV contrast,1-10 mSv☢☢☢,3-10 mSv [ped]☢☢☢☢,Usually appropriate
1653,Urologic,"Sepsis suspected, acute abdominal pain, initial imaging",3196674,US abdomen,0 mSvO,0 mSv [ped]O,May be appropriate
1654,Urologic,"Sepsis suspected, acute abdominal pain, initial imaging",3196674,CT abdomen and pelvis without IV contrast,1-10 mSv☢☢☢,3-10 mSv [ped]☢☢☢☢,May be appropriate (Disagreement)
1655,Urologic,"Sepsis suspected, acute abdominal pain, initial imaging",3196674,Radiography abdomen,0.1-1mSv☢☢,0.03-0.3 mSv [ped]☢☢,Usually not appropriate
1656,Urologic,"Sepsis suspected, acute abdominal pain, initial imaging",3196674,Fluoroscopy contrast enema,1-10 mSv☢☢☢,3-10 mSv [ped]☢☢☢☢,Usually not appropriate
1657,Urologic,"Sepsis suspected, acute abdominal pain, initial imaging",3196674,Fluoroscopy upper GI series with small bowel follow-through,1-10 mSv☢☢☢,3-10 mSv [ped]☢☢☢☢,Usually not appropriate
1658,Urologic,"Sepsis suspected, acute abdominal pain, initial imaging",3196674,MRI abdomen and pelvis without and with IV contrast,0 mSvO,0 mSv [ped]O,Usually not appropriate
1659,Urologic,"Sepsis suspected, acute abdominal pain, initial imaging",3196674,MRI abdomen and pelvis without IV contrast,0 mSvO,0 mSv [ped]O,Usually not appropriate
1660,Urologic,"Sepsis suspected, acute abdominal pain, initial imaging",3196674,Nuclear medicine scan gallbladder,0.1-1mSv☢☢,,Usually not appropriate
1661,Urologic,"Sepsis suspected, acute abdominal pain, initial imaging",3196674,CT abdomen and pelvis without and with IV contrast,10-30 mSv☢☢☢☢,10-30 mSv [ped]☢☢☢☢☢,Usually not appropriate
1662,Urologic,"Sepsis suspected, acute abdominal pain, initial imaging",3196674,FDG-PET/CT skull base to mid-thigh,10-30 mSv☢☢☢☢,3-10 mSv [ped]☢☢☢☢,Usually not appropriate
1663,Urologic,"Sepsis suspected, acute abdominal pain, initial imaging",3196674,WBC scan abdomen and pelvis,10-30 mSv☢☢☢☢,,Usually not appropriate
1664,Urologic,"Sepsis suspected, cannot assess symptoms, chest radiography equivocal, next imaging study",3196689,CT abdomen and pelvis with IV contrast,1-10 mSv☢☢☢,3-10 mSv [ped]☢☢☢☢,Usually appropriate
1665,Urologic,"Sepsis suspected, cannot assess symptoms, chest radiography equivocal, next imaging study",3196689,US abdomen,0 mSvO,0 mSv [ped]O,May be appropriate
1666,Urologic,"Sepsis suspected, cannot assess symptoms, chest radiography equivocal, next imaging study",3196689,CT abdomen and pelvis without IV contrast,1-10 mSv☢☢☢,3-10 mSv [ped]☢☢☢☢,May be appropriate (Disagreement)
1667,Urologic,"Sepsis suspected, cannot assess symptoms, chest radiography equivocal, next imaging study",3196689,CT chest with IV contrast,1-10 mSv☢☢☢,3-10 mSv [ped]☢☢☢☢,May be appropriate
1668,Urologic,"Sepsis suspected, cannot assess symptoms, chest radiography equivocal, next imaging study",3196689,CT chest without IV contrast,1-10 mSv☢☢☢,3-10 mSv [ped]☢☢☢☢,May be appropriate
1669,Urologic,"Sepsis suspected, cannot assess symptoms, chest radiography equivocal, next imaging study",3196689,CT chest abdomen pelvis with IV contrast,10-30 mSv☢☢☢☢,3-10 mSv [ped]☢☢☢☢,May be appropriate (Disagreement)
1670,Urologic,"Sepsis suspected, cannot assess symptoms, chest radiography equivocal, next imaging study",3196689,CT chest abdomen pelvis without IV contrast,10-30 mSv☢☢☢☢,3-10 mSv [ped]☢☢☢☢,May be appropriate (Disagreement)
1671,Urologic,"Sepsis suspected, cannot assess symptoms, chest radiography equivocal, next imaging study",3196689,Radiography abdomen,0.1-1mSv☢☢,0.03-0.3 mSv [ped]☢☢,Usually not appropriate
1672,Urologic,"Sepsis suspected, cannot assess symptoms, chest radiography equivocal, next imaging study",3196689,Fluoroscopy contrast enema,1-10 mSv☢☢☢,3-10 mSv [ped]☢☢☢☢,Usually not appropriate
1673,Urologic,"Sepsis suspected, cannot assess symptoms, chest radiography equivocal, next imaging study",3196689,Fluoroscopy upper GI series with small bowel follow-through,1-10 mSv☢☢☢,3-10 mSv [ped]☢☢☢☢,Usually not appropriate
1674,Urologic,"Sepsis suspected, cannot assess symptoms, chest radiography equivocal, next imaging study",3196689,MRI abdomen and pelvis without and with IV contrast,0 mSvO,0 mSv [ped]O,Usually not appropriate
1675,Urologic,"Sepsis suspected, cannot assess symptoms, chest radiography equivocal, next imaging study",3196689,MRI abdomen and pelvis without IV contrast,0 mSvO,0 mSv [ped]O,Usually not appropriate
1676,Urologic,"Sepsis suspected, cannot assess symptoms, chest radiography equivocal, next imaging study",3196689,MRI chest without and with IV contrast,0 mSvO,0 mSv [ped]O,Usually not appropriate
1677,Urologic,"Sepsis suspected, cannot assess symptoms, chest radiography equivocal, next imaging study",3196689,MRI chest without IV contrast,0 mSvO,0 mSv [ped]O,Usually not appropriate
1678,Urologic,"Sepsis suspected, cannot assess symptoms, chest radiography equivocal, next imaging study",3196689,Nuclear medicine scan gallbladder,0.1-1mSv☢☢,,Usually not appropriate
1679,Urologic,"Sepsis suspected, cannot assess symptoms, chest radiography equivocal, next imaging study",3196689,CT chest without and with IV contrast,1-10 mSv☢☢☢,3-10 mSv [ped]☢☢☢☢,Usually not appropriate
1680,Urologic,"Sepsis suspected, cannot assess symptoms, chest radiography equivocal, next imaging study",3196689,CT abdomen and pelvis without and with IV contrast,10-30 mSv☢☢☢☢,10-30 mSv [ped]☢☢☢☢☢,Usually not appropriate
1681,Urologic,"Sepsis suspected, cannot assess symptoms, chest radiography equivocal, next imaging study",3196689,CT chest abdomen pelvis without and with IV contrast,10-30 mSv☢☢☢☢,10-30 mSv [ped]☢☢☢☢☢,Usually not appropriate
1682,Urologic,"Sepsis suspected, cannot assess symptoms, chest radiography equivocal, next imaging study",3196689,FDG-PET/CT skull base to mid-thigh,10-30 mSv☢☢☢☢,3-10 mSv [ped]☢☢☢☢,Usually not appropriate
1683,Urologic,"Sepsis suspected, cannot assess symptoms, chest radiography equivocal, next imaging study",3196689,WBC scan abdomen and pelvis,10-30 mSv☢☢☢☢,,Usually not appropriate
1684,Urologic,"Sepsis suspected, cannot assess symptoms, chest radiography nonspecific, next imaging study",3196690,CT abdomen and pelvis with IV contrast,1-10 mSv☢☢☢,3-10 mSv [ped]☢☢☢☢,Usually appropriate
1685,Urologic,"Sepsis suspected, cannot assess symptoms, chest radiography nonspecific, next imaging study",3196690,US abdomen,0 mSvO,0 mSv [ped]O,May be appropriate
1686,Urologic,"Sepsis suspected, cannot assess symptoms, chest radiography nonspecific, next imaging study",3196690,CT abdomen and pelvis without IV contrast,1-10 mSv☢☢☢,3-10 mSv [ped]☢☢☢☢,May be appropriate (Disagreement)
1687,Urologic,"Sepsis suspected, cannot assess symptoms, chest radiography nonspecific, next imaging study",3196690,CT chest with IV contrast,1-10 mSv☢☢☢,3-10 mSv [ped]☢☢☢☢,May be appropriate
1688,Urologic,"Sepsis suspected, cannot assess symptoms, chest radiography nonspecific, next imaging study",3196690,CT chest without IV contrast,1-10 mSv☢☢☢,3-10 mSv [ped]☢☢☢☢,May be appropriate
1689,Urologic,"Sepsis suspected, cannot assess symptoms, chest radiography nonspecific, next imaging study",3196690,CT chest abdomen pelvis with IV contrast,10-30 mSv☢☢☢☢,3-10 mSv [ped]☢☢☢☢,May be appropriate (Disagreement)
1690,Urologic,"Sepsis suspected, cannot assess symptoms, chest radiography nonspecific, next imaging study",3196690,CT chest abdomen pelvis without IV contrast,10-30 mSv☢☢☢☢,3-10 mSv [ped]☢☢☢☢,May be appropriate (Disagreement)
1691,Urologic,"Sepsis suspected, cannot assess symptoms, chest radiography nonspecific, next imaging study",3196690,Radiography abdomen,0.1-1mSv☢☢,0.03-0.3 mSv [ped]☢☢,Usually not appropriate
1692,Urologic,"Sepsis suspected, cannot assess symptoms, chest radiography nonspecific, next imaging study",3196690,Fluoroscopy contrast enema,1-10 mSv☢☢☢,3-10 mSv [ped]☢☢☢☢,Usually not appropriate
1693,Urologic,"Sepsis suspected, cannot assess symptoms, chest radiography nonspecific, next imaging study",3196690,Fluoroscopy upper GI series with small bowel follow-through,1-10 mSv☢☢☢,3-10 mSv [ped]☢☢☢☢,Usually not appropriate
1694,Urologic,"Sepsis suspected, cannot assess symptoms, chest radiography nonspecific, next imaging study",3196690,MRI abdomen and pelvis without and with IV contrast,0 mSvO,0 mSv [ped]O,Usually not appropriate
1695,Urologic,"Sepsis suspected, cannot assess symptoms, chest radiography nonspecific, next imaging study",3196690,MRI abdomen and pelvis without IV contrast,0 mSvO,0 mSv [ped]O,Usually not appropriate
1696,Urologic,"Sepsis suspected, cannot assess symptoms, chest radiography nonspecific, next imaging study",3196690,MRI chest without and with IV contrast,0 mSvO,0 mSv [ped]O,Usually not appropriate
1697,Urologic,"Sepsis suspected, cannot assess symptoms, chest radiography nonspecific, next imaging study",3196690,MRI chest without IV contrast,0 mSvO,0 mSv [ped]O,Usually not appropriate
1698,Urologic,"Sepsis suspected, cannot assess symptoms, chest radiography nonspecific, next imaging study",3196690,Nuclear medicine scan gallbladder,0.1-1mSv☢☢,,Usually not appropriate
1699,Urologic,"Sepsis suspected, cannot assess symptoms, chest radiography nonspecific, next imaging study",3196690,CT chest without and with IV contrast,1-10 mSv☢☢☢,3-10 mSv [ped]☢☢☢☢,Usually not appropriate
1700,Urologic,"Sepsis suspected, cannot assess symptoms, chest radiography nonspecific, next imaging study",3196690,CT abdomen and pelvis without and with IV contrast,10-30 mSv☢☢☢☢,10-30 mSv [ped]☢☢☢☢☢,Usually not appropriate
1701,Urologic,"Sepsis suspected, cannot assess symptoms, chest radiography nonspecific, next imaging study",3196690,CT chest abdomen pelvis without and with IV contrast,10-30 mSv☢☢☢☢,10-30 mSv [ped]☢☢☢☢☢,Usually not appropriate
1702,Urologic,"Sepsis suspected, cannot assess symptoms, chest radiography nonspecific, next imaging study",3196690,FDG-PET/CT skull base to mid-thigh,10-30 mSv☢☢☢☢,3-10 mSv [ped]☢☢☢☢,Usually not appropriate
1703,Urologic,"Sepsis suspected, cannot assess symptoms, chest radiography nonspecific, next imaging study",3196690,WBC scan abdomen and pelvis,10-30 mSv☢☢☢☢,,Usually not appropriate
1704,Urologic,"Sepsis suspected, cannot assess symptoms, chest radiography normal, next imaging study",3196688,CT abdomen and pelvis with IV contrast,1-10 mSv☢☢☢,3-10 mSv [ped]☢☢☢☢,Usually appropriate
1705,Urologic,"Sepsis suspected, cannot assess symptoms, chest radiography normal, next imaging study",3196688,US abdomen,0 mSvO,0 mSv [ped]O,May be appropriate
1706,Urologic,"Sepsis suspected, cannot assess symptoms, chest radiography normal, next imaging study",3196688,CT abdomen and pelvis without IV contrast,1-10 mSv☢☢☢,3-10 mSv [ped]☢☢☢☢,May be appropriate (Disagreement)
1707,Urologic,"Sepsis suspected, cannot assess symptoms, chest radiography normal, next imaging study",3196688,CT chest with IV contrast,1-10 mSv☢☢☢,3-10 mSv [ped]☢☢☢☢,May be appropriate
1708,Urologic,"Sepsis suspected, cannot assess symptoms, chest radiography normal, next imaging study",3196688,CT chest without IV contrast,1-10 mSv☢☢☢,3-10 mSv [ped]☢☢☢☢,May be appropriate
1709,Urologic,"Sepsis suspected, cannot assess symptoms, chest radiography normal, next imaging study",3196688,CT chest abdomen pelvis with IV contrast,10-30 mSv☢☢☢☢,3-10 mSv [ped]☢☢☢☢,May be appropriate (Disagreement)
1710,Urologic,"Sepsis suspected, cannot assess symptoms, chest radiography normal, next imaging study",3196688,CT chest abdomen pelvis without IV contrast,10-30 mSv☢☢☢☢,3-10 mSv [ped]☢☢☢☢,May be appropriate (Disagreement)
1711,Urologic,"Sepsis suspected, cannot assess symptoms, chest radiography normal, next imaging study",3196688,Radiography abdomen,0.1-1mSv☢☢,0.03-0.3 mSv [ped]☢☢,Usually not appropriate
1712,Urologic,"Sepsis suspected, cannot assess symptoms, chest radiography normal, next imaging study",3196688,Fluoroscopy contrast enema,1-10 mSv☢☢☢,3-10 mSv [ped]☢☢☢☢,Usually not appropriate
1713,Urologic,"Sepsis suspected, cannot assess symptoms, chest radiography normal, next imaging study",3196688,Fluoroscopy upper GI series with small bowel follow-through,1-10 mSv☢☢☢,3-10 mSv [ped]☢☢☢☢,Usually not appropriate
1714,Urologic,"Sepsis suspected, cannot assess symptoms, chest radiography normal, next imaging study",3196688,MRI abdomen and pelvis without and with IV contrast,0 mSvO,0 mSv [ped]O,Usually not appropriate
1715,Urologic,"Sepsis suspected, cannot assess symptoms, chest radiography normal, next imaging study",3196688,MRI abdomen and pelvis without IV contrast,0 mSvO,0 mSv [ped]O,Usually not appropriate
1716,Urologic,"Sepsis suspected, cannot assess symptoms, chest radiography normal, next imaging study",3196688,MRI chest without and with IV contrast,0 mSvO,0 mSv [ped]O,Usually not appropriate
1717,Urologic,"Sepsis suspected, cannot assess symptoms, chest radiography normal, next imaging study",3196688,MRI chest without IV contrast,0 mSvO,0 mSv [ped]O,Usually not appropriate
1718,Urologic,"Sepsis suspected, cannot assess symptoms, chest radiography normal, next imaging study",3196688,Nuclear medicine scan gallbladder,0.1-1mSv☢☢,,Usually not appropriate
1719,Urologic,"Sepsis suspected, cannot assess symptoms, chest radiography normal, next imaging study",3196688,CT chest without and with IV contrast,1-10 mSv☢☢☢,3-10 mSv [ped]☢☢☢☢,Usually not appropriate
1720,Urologic,"Sepsis suspected, cannot assess symptoms, chest radiography normal, next imaging study",3196688,CT abdomen and pelvis without and with IV contrast,10-30 mSv☢☢☢☢,10-30 mSv [ped]☢☢☢☢☢,Usually not appropriate
1721,Urologic,"Sepsis suspected, cannot assess symptoms, chest radiography normal, next imaging study",3196688,CT chest abdomen pelvis without and with IV contrast,10-30 mSv☢☢☢☢,10-30 mSv [ped]☢☢☢☢☢,Usually not appropriate
1722,Urologic,"Sepsis suspected, cannot assess symptoms, chest radiography normal, next imaging study",3196688,FDG-PET/CT skull base to mid-thigh,10-30 mSv☢☢☢☢,3-10 mSv [ped]☢☢☢☢,Usually not appropriate
1723,Urologic,"Sepsis suspected, cannot assess symptoms, chest radiography normal, next imaging study",3196688,WBC scan abdomen and pelvis,10-30 mSv☢☢☢☢,,Usually not appropriate
1724,Urologic,"Sepsis suspected, cannot assess symptoms, initial imaging",3196679,Radiography chest,<0.1 mSv☢,<0.03 mSv [ped]☢,Usually appropriate
1725,Urologic,"Sepsis suspected, cannot assess symptoms, initial imaging",3196679,US abdomen,0 mSvO,0 mSv [ped]O,May be appropriate
1726,Urologic,"Sepsis suspected, cannot assess symptoms, initial imaging",3196679,CT abdomen and pelvis with IV contrast,1-10 mSv☢☢☢,3-10 mSv [ped]☢☢☢☢,May be appropriate
1727,Urologic,"Sepsis suspected, cannot assess symptoms, initial imaging",3196679,CT chest with IV contrast,1-10 mSv☢☢☢,3-10 mSv [ped]☢☢☢☢,May be appropriate
1728,Urologic,"Sepsis suspected, cannot assess symptoms, initial imaging",3196679,CT chest without IV contrast,1-10 mSv☢☢☢,3-10 mSv [ped]☢☢☢☢,May be appropriate
1729,Urologic,"Sepsis suspected, cannot assess symptoms, initial imaging",3196679,CT chest abdomen pelvis with IV contrast,10-30 mSv☢☢☢☢,3-10 mSv [ped]☢☢☢☢,May be appropriate
1730,Urologic,"Sepsis suspected, cannot assess symptoms, initial imaging",3196679,CT chest abdomen pelvis without IV contrast,10-30 mSv☢☢☢☢,3-10 mSv [ped]☢☢☢☢,May be appropriate (Disagreement)
1731,Urologic,"Sepsis suspected, cannot assess symptoms, initial imaging",3196679,Radiography abdomen,0.1-1mSv☢☢,0.03-0.3 mSv [ped]☢☢,Usually not appropriate
1732,Urologic,"Sepsis suspected, cannot assess symptoms, initial imaging",3196679,Fluoroscopy contrast enema,1-10 mSv☢☢☢,3-10 mSv [ped]☢☢☢☢,Usually not appropriate
1733,Urologic,"Sepsis suspected, cannot assess symptoms, initial imaging",3196679,Fluoroscopy upper GI series with small bowel follow-through,1-10 mSv☢☢☢,3-10 mSv [ped]☢☢☢☢,Usually not appropriate
1734,Urologic,"Sepsis suspected, cannot assess symptoms, initial imaging",3196679,MRI abdomen and pelvis without and with IV contrast,0 mSvO,0 mSv [ped]O,Usually not appropriate
1735,Urologic,"Sepsis suspected, cannot assess symptoms, initial imaging",3196679,MRI abdomen and pelvis without IV contrast,0 mSvO,0 mSv [ped]O,Usually not appropriate
1736,Urologic,"Sepsis suspected, cannot assess symptoms, initial imaging",3196679,MRI chest without and with IV contrast,0 mSvO,0 mSv [ped]O,Usually not appropriate
1737,Urologic,"Sepsis suspected, cannot assess symptoms, initial imaging",3196679,MRI chest without IV contrast,0 mSvO,0 mSv [ped]O,Usually not appropriate
1738,Urologic,"Sepsis suspected, cannot assess symptoms, initial imaging",3196679,Nuclear medicine scan gallbladder,0.1-1mSv☢☢,,Usually not appropriate
1739,Urologic,"Sepsis suspected, cannot assess symptoms, initial imaging",3196679,CT abdomen and pelvis without IV contrast,1-10 mSv☢☢☢,3-10 mSv [ped]☢☢☢☢,Usually not appropriate
1740,Urologic,"Sepsis suspected, cannot assess symptoms, initial imaging",3196679,CT chest without and with IV contrast,1-10 mSv☢☢☢,3-10 mSv [ped]☢☢☢☢,Usually not appropriate
1741,Urologic,"Sepsis suspected, cannot assess symptoms, initial imaging",3196679,CT abdomen and pelvis without and with IV contrast,10-30 mSv☢☢☢☢,10-30 mSv [ped]☢☢☢☢☢,Usually not appropriate
1742,Urologic,"Sepsis suspected, cannot assess symptoms, initial imaging",3196679,CT chest abdomen pelvis without and with IV contrast,10-30 mSv☢☢☢☢,10-30 mSv [ped]☢☢☢☢☢,Usually not appropriate
1743,Urologic,"Sepsis suspected, cannot assess symptoms, initial imaging",3196679,FDG-PET/CT skull base to mid-thigh,10-30 mSv☢☢☢☢,3-10 mSv [ped]☢☢☢☢,Usually not appropriate
1744,Urologic,"Sepsis suspected, cannot assess symptoms, initial imaging",3196679,WBC scan abdomen and pelvis,10-30 mSv☢☢☢☢,,Usually not appropriate
1745,Urologic,"Sepsis suspected, chest pain, chest radiography equivocal, next imaging study",3196662,CT chest with IV contrast,1-10 mSv☢☢☢,3-10 mSv [ped]☢☢☢☢,Usually appropriate
1746,Urologic,"Sepsis suspected, chest pain, chest radiography equivocal, next imaging study",3196662,CT chest without IV contrast,1-10 mSv☢☢☢,3-10 mSv [ped]☢☢☢☢,Usually appropriate
1747,Urologic,"Sepsis suspected, chest pain, chest radiography equivocal, next imaging study",3196662,MRI chest without and with IV contrast,0 mSvO,0 mSv [ped]O,Usually not appropriate
1748,Urologic,"Sepsis suspected, chest pain, chest radiography equivocal, next imaging study",3196662,MRI chest without IV contrast,0 mSvO,0 mSv [ped]O,Usually not appropriate
1749,Urologic,"Sepsis suspected, chest pain, chest radiography equivocal, next imaging study",3196662,CT chest without and with IV contrast,1-10 mSv☢☢☢,3-10 mSv [ped]☢☢☢☢,Usually not appropriate
1750,Urologic,"Sepsis suspected, chest pain, chest radiography equivocal, next imaging study",3196662,FDG-PET/CT skull base to mid-thigh,10-30 mSv☢☢☢☢,3-10 mSv [ped]☢☢☢☢,Usually not appropriate
1751,Urologic,"Sepsis suspected, chest pain, chest radiography nonspecific, next imaging study",3196663,CT chest with IV contrast,1-10 mSv☢☢☢,3-10 mSv [ped]☢☢☢☢,Usually appropriate
1752,Urologic,"Sepsis suspected, chest pain, chest radiography nonspecific, next imaging study",3196663,CT chest without IV contrast,1-10 mSv☢☢☢,3-10 mSv [ped]☢☢☢☢,Usually appropriate
1753,Urologic,"Sepsis suspected, chest pain, chest radiography nonspecific, next imaging study",3196663,MRI chest without and with IV contrast,0 mSvO,0 mSv [ped]O,Usually not appropriate
1754,Urologic,"Sepsis suspected, chest pain, chest radiography nonspecific, next imaging study",3196663,MRI chest without IV contrast,0 mSvO,0 mSv [ped]O,Usually not appropriate
1755,Urologic,"Sepsis suspected, chest pain, chest radiography nonspecific, next imaging study",3196663,CT chest without and with IV contrast,1-10 mSv☢☢☢,3-10 mSv [ped]☢☢☢☢,Usually not appropriate
1756,Urologic,"Sepsis suspected, chest pain, chest radiography nonspecific, next imaging study",3196663,FDG-PET/CT skull base to mid-thigh,10-30 mSv☢☢☢☢,3-10 mSv [ped]☢☢☢☢,Usually not appropriate
1757,Urologic,"Sepsis suspected, chest pain, chest radiography normal, next imaging study",3196661,CT chest with IV contrast,1-10 mSv☢☢☢,3-10 mSv [ped]☢☢☢☢,Usually appropriate
1758,Urologic,"Sepsis suspected, chest pain, chest radiography normal, next imaging study",3196661,CT chest without IV contrast,1-10 mSv☢☢☢,3-10 mSv [ped]☢☢☢☢,Usually appropriate
1759,Urologic,"Sepsis suspected, chest pain, chest radiography normal, next imaging study",3196661,MRI chest without and with IV contrast,0 mSvO,0 mSv [ped]O,Usually not appropriate
1760,Urologic,"Sepsis suspected, chest pain, chest radiography normal, next imaging study",3196661,MRI chest without IV contrast,0 mSvO,0 mSv [ped]O,Usually not appropriate
1761,Urologic,"Sepsis suspected, chest pain, chest radiography normal, next imaging study",3196661,CT chest without and with IV contrast,1-10 mSv☢☢☢,3-10 mSv [ped]☢☢☢☢,Usually not appropriate
1762,Urologic,"Sepsis suspected, chest pain, chest radiography normal, next imaging study",3196661,FDG-PET/CT skull base to mid-thigh,10-30 mSv☢☢☢☢,3-10 mSv [ped]☢☢☢☢,Usually not appropriate
1763,Urologic,"Sepsis suspected, chest pain, initial imaging",3196650,Radiography chest,<0.1 mSv☢,<0.03 mSv [ped]☢,Usually appropriate
1764,Urologic,"Sepsis suspected, chest pain, initial imaging",3196650,CT chest with IV contrast,1-10 mSv☢☢☢,3-10 mSv [ped]☢☢☢☢,May be appropriate
1765,Urologic,"Sepsis suspected, chest pain, initial imaging",3196650,CT chest without IV contrast,1-10 mSv☢☢☢,3-10 mSv [ped]☢☢☢☢,May be appropriate
1766,Urologic,"Sepsis suspected, chest pain, initial imaging",3196650,MRI chest without and with IV contrast,0 mSvO,0 mSv [ped]O,Usually not appropriate
1767,Urologic,"Sepsis suspected, chest pain, initial imaging",3196650,MRI chest without IV contrast,0 mSvO,0 mSv [ped]O,Usually not appropriate
1768,Urologic,"Sepsis suspected, chest pain, initial imaging",3196650,CT chest without and with IV contrast,1-10 mSv☢☢☢,3-10 mSv [ped]☢☢☢☢,Usually not appropriate
1769,Urologic,"Sepsis suspected, chest pain, initial imaging",3196650,FDG-PET/CT skull base to mid-thigh,10-30 mSv☢☢☢☢,3-10 mSv [ped]☢☢☢☢,Usually not appropriate
1770,Urologic,"Sepsis suspected, cough, chest radiography equivocal, next imaging study",3196656,CT chest with IV contrast,1-10 mSv☢☢☢,3-10 mSv [ped]☢☢☢☢,Usually appropriate
1771,Urologic,"Sepsis suspected, cough, chest radiography equivocal, next imaging study",3196656,CT chest without IV contrast,1-10 mSv☢☢☢,3-10 mSv [ped]☢☢☢☢,Usually appropriate
1772,Urologic,"Sepsis suspected, cough, chest radiography equivocal, next imaging study",3196656,MRI chest without and with IV contrast,0 mSvO,0 mSv [ped]O,Usually not appropriate
1773,Urologic,"Sepsis suspected, cough, chest radiography equivocal, next imaging study",3196656,MRI chest without IV contrast,0 mSvO,0 mSv [ped]O,Usually not appropriate
1774,Urologic,"Sepsis suspected, cough, chest radiography equivocal, next imaging study",3196656,CT chest without and with IV contrast,1-10 mSv☢☢☢,3-10 mSv [ped]☢☢☢☢,Usually not appropriate
1775,Urologic,"Sepsis suspected, cough, chest radiography equivocal, next imaging study",3196656,FDG-PET/CT skull base to mid-thigh,10-30 mSv☢☢☢☢,3-10 mSv [ped]☢☢☢☢,Usually not appropriate
1776,Urologic,"Sepsis suspected, cough, chest radiography nonspecific, next imaging study",3196657,CT chest with IV contrast,1-10 mSv☢☢☢,3-10 mSv [ped]☢☢☢☢,Usually appropriate
1777,Urologic,"Sepsis suspected, cough, chest radiography nonspecific, next imaging study",3196657,CT chest without IV contrast,1-10 mSv☢☢☢,3-10 mSv [ped]☢☢☢☢,Usually appropriate
1778,Urologic,"Sepsis suspected, cough, chest radiography nonspecific, next imaging study",3196657,MRI chest without and with IV contrast,0 mSvO,0 mSv [ped]O,Usually not appropriate
1779,Urologic,"Sepsis suspected, cough, chest radiography nonspecific, next imaging study",3196657,MRI chest without IV contrast,0 mSvO,0 mSv [ped]O,Usually not appropriate
1780,Urologic,"Sepsis suspected, cough, chest radiography nonspecific, next imaging study",3196657,CT chest without and with IV contrast,1-10 mSv☢☢☢,3-10 mSv [ped]☢☢☢☢,Usually not appropriate
1781,Urologic,"Sepsis suspected, cough, chest radiography nonspecific, next imaging study",3196657,FDG-PET/CT skull base to mid-thigh,10-30 mSv☢☢☢☢,3-10 mSv [ped]☢☢☢☢,Usually not appropriate
1782,Urologic,"Sepsis suspected, cough, chest radiography normal, next imaging study",3196655,CT chest with IV contrast,1-10 mSv☢☢☢,3-10 mSv [ped]☢☢☢☢,Usually appropriate
1783,Urologic,"Sepsis suspected, cough, chest radiography normal, next imaging study",3196655,CT chest without IV contrast,1-10 mSv☢☢☢,3-10 mSv [ped]☢☢☢☢,Usually appropriate
1784,Urologic,"Sepsis suspected, cough, chest radiography normal, next imaging study",3196655,MRI chest without and with IV contrast,0 mSvO,0 mSv [ped]O,Usually not appropriate
1785,Urologic,"Sepsis suspected, cough, chest radiography normal, next imaging study",3196655,MRI chest without IV contrast,0 mSvO,0 mSv [ped]O,Usually not appropriate
1786,Urologic,"Sepsis suspected, cough, chest radiography normal, next imaging study",3196655,CT chest without and with IV contrast,1-10 mSv☢☢☢,3-10 mSv [ped]☢☢☢☢,Usually not appropriate
1787,Urologic,"Sepsis suspected, cough, chest radiography normal, next imaging study",3196655,FDG-PET/CT skull base to mid-thigh,10-30 mSv☢☢☢☢,3-10 mSv [ped]☢☢☢☢,Usually not appropriate
1788,Urologic,"Sepsis suspected, cough, initial imaging",3196648,Radiography chest,<0.1 mSv☢,<0.03 mSv [ped]☢,Usually appropriate
1789,Urologic,"Sepsis suspected, cough, initial imaging",3196648,CT chest with IV contrast,1-10 mSv☢☢☢,3-10 mSv [ped]☢☢☢☢,May be appropriate
1790,Urologic,"Sepsis suspected, cough, initial imaging",3196648,CT chest without IV contrast,1-10 mSv☢☢☢,3-10 mSv [ped]☢☢☢☢,May be appropriate
1791,Urologic,"Sepsis suspected, cough, initial imaging",3196648,MRI chest without and with IV contrast,0 mSvO,0 mSv [ped]O,Usually not appropriate
1792,Urologic,"Sepsis suspected, cough, initial imaging",3196648,MRI chest without IV contrast,0 mSvO,0 mSv [ped]O,Usually not appropriate
1793,Urologic,"Sepsis suspected, cough, initial imaging",3196648,CT chest without and with IV contrast,1-10 mSv☢☢☢,3-10 mSv [ped]☢☢☢☢,Usually not appropriate
1794,Urologic,"Sepsis suspected, cough, initial imaging",3196648,FDG-PET/CT skull base to mid-thigh,10-30 mSv☢☢☢☢,3-10 mSv [ped]☢☢☢☢,Usually not appropriate
1795,Urologic,"Sepsis suspected, dyspnea, chest radiography equivocal, next imaging study",3196659,CT chest with IV contrast,1-10 mSv☢☢☢,3-10 mSv [ped]☢☢☢☢,Usually appropriate
1796,Urologic,"Sepsis suspected, dyspnea, chest radiography equivocal, next imaging study",3196659,CT chest without IV contrast,1-10 mSv☢☢☢,3-10 mSv [ped]☢☢☢☢,Usually appropriate
1797,Urologic,"Sepsis suspected, dyspnea, chest radiography equivocal, next imaging study",3196659,MRI chest without and with IV contrast,0 mSvO,0 mSv [ped]O,Usually not appropriate
1798,Urologic,"Sepsis suspected, dyspnea, chest radiography equivocal, next imaging study",3196659,MRI chest without IV contrast,0 mSvO,0 mSv [ped]O,Usually not appropriate
1799,Urologic,"Sepsis suspected, dyspnea, chest radiography equivocal, next imaging study",3196659,CT chest without and with IV contrast,1-10 mSv☢☢☢,3-10 mSv [ped]☢☢☢☢,Usually not appropriate
1800,Urologic,"Sepsis suspected, dyspnea, chest radiography equivocal, next imaging study",3196659,FDG-PET/CT skull base to mid-thigh,10-30 mSv☢☢☢☢,3-10 mSv [ped]☢☢☢☢,Usually not appropriate
1801,Urologic,"Sepsis suspected, dyspnea, chest radiography nonspecific, next imaging study",3196660,CT chest with IV contrast,1-10 mSv☢☢☢,3-10 mSv [ped]☢☢☢☢,Usually appropriate
1802,Urologic,"Sepsis suspected, dyspnea, chest radiography nonspecific, next imaging study",3196660,CT chest without IV contrast,1-10 mSv☢☢☢,3-10 mSv [ped]☢☢☢☢,Usually appropriate
1803,Urologic,"Sepsis suspected, dyspnea, chest radiography nonspecific, next imaging study",3196660,MRI chest without and with IV contrast,0 mSvO,0 mSv [ped]O,Usually not appropriate
1804,Urologic,"Sepsis suspected, dyspnea, chest radiography nonspecific, next imaging study",3196660,MRI chest without IV contrast,0 mSvO,0 mSv [ped]O,Usually not appropriate
1805,Urologic,"Sepsis suspected, dyspnea, chest radiography nonspecific, next imaging study",3196660,CT chest without and with IV contrast,1-10 mSv☢☢☢,3-10 mSv [ped]☢☢☢☢,Usually not appropriate
1806,Urologic,"Sepsis suspected, dyspnea, chest radiography nonspecific, next imaging study",3196660,FDG-PET/CT skull base to mid-thigh,10-30 mSv☢☢☢☢,3-10 mSv [ped]☢☢☢☢,Usually not appropriate
1807,Urologic,"Sepsis suspected, dyspnea, chest radiography normal, next imaging study",3196658,CT chest with IV contrast,1-10 mSv☢☢☢,3-10 mSv [ped]☢☢☢☢,Usually appropriate
1808,Urologic,"Sepsis suspected, dyspnea, chest radiography normal, next imaging study",3196658,CT chest without IV contrast,1-10 mSv☢☢☢,3-10 mSv [ped]☢☢☢☢,Usually appropriate
1809,Urologic,"Sepsis suspected, dyspnea, chest radiography normal, next imaging study",3196658,MRI chest without and with IV contrast,0 mSvO,0 mSv [ped]O,Usually not appropriate
1810,Urologic,"Sepsis suspected, dyspnea, chest radiography normal, next imaging study",3196658,MRI chest without IV contrast,0 mSvO,0 mSv [ped]O,Usually not appropriate
1811,Urologic,"Sepsis suspected, dyspnea, chest radiography normal, next imaging study",3196658,CT chest without and with IV contrast,1-10 mSv☢☢☢,3-10 mSv [ped]☢☢☢☢,Usually not appropriate
1812,Urologic,"Sepsis suspected, dyspnea, chest radiography normal, next imaging study",3196658,FDG-PET/CT skull base to mid-thigh,10-30 mSv☢☢☢☢,3-10 mSv [ped]☢☢☢☢,Usually not appropriate
1813,Urologic,"Sepsis suspected, dyspnea, initial imaging",3196649,Radiography chest,<0.1 mSv☢,<0.03 mSv [ped]☢,Usually appropriate
1814,Urologic,"Sepsis suspected, dyspnea, initial imaging",3196649,CT chest with IV contrast,1-10 mSv☢☢☢,3-10 mSv [ped]☢☢☢☢,May be appropriate
1815,Urologic,"Sepsis suspected, dyspnea, initial imaging",3196649,CT chest without IV contrast,1-10 mSv☢☢☢,3-10 mSv [ped]☢☢☢☢,May be appropriate
1816,Urologic,"Sepsis suspected, dyspnea, initial imaging",3196649,MRI chest without and with IV contrast,0 mSvO,0 mSv [ped]O,Usually not appropriate
1817,Urologic,"Sepsis suspected, dyspnea, initial imaging",3196649,MRI chest without IV contrast,0 mSvO,0 mSv [ped]O,Usually not appropriate
1818,Urologic,"Sepsis suspected, dyspnea, initial imaging",3196649,CT chest without and with IV contrast,1-10 mSv☢☢☢,3-10 mSv [ped]☢☢☢☢,Usually not appropriate
1819,Urologic,"Sepsis suspected, dyspnea, initial imaging",3196649,FDG-PET/CT skull base to mid-thigh,10-30 mSv☢☢☢☢,3-10 mSv [ped]☢☢☢☢,Usually not appropriate
1820,Urologic,"Sepsis suspected, non specific symptoms, unknown origin, initial imaging",3196677,Radiography chest,<0.1 mSv☢,<0.03 mSv [ped]☢,Usually appropriate
1821,Urologic,"Sepsis suspected, non specific symptoms, unknown origin, initial imaging",3196677,US abdomen,0 mSvO,0 mSv [ped]O,May be appropriate
1822,Urologic,"Sepsis suspected, non specific symptoms, unknown origin, initial imaging",3196677,CT abdomen and pelvis with IV contrast,1-10 mSv☢☢☢,3-10 mSv [ped]☢☢☢☢,May be appropriate
1823,Urologic,"Sepsis suspected, non specific symptoms, unknown origin, initial imaging",3196677,CT chest with IV contrast,1-10 mSv☢☢☢,3-10 mSv [ped]☢☢☢☢,May be appropriate
1824,Urologic,"Sepsis suspected, non specific symptoms, unknown origin, initial imaging",3196677,CT chest without IV contrast,1-10 mSv☢☢☢,3-10 mSv [ped]☢☢☢☢,May be appropriate
1825,Urologic,"Sepsis suspected, non specific symptoms, unknown origin, initial imaging",3196677,CT chest abdomen pelvis with IV contrast,10-30 mSv☢☢☢☢,3-10 mSv [ped]☢☢☢☢,May be appropriate
1826,Urologic,"Sepsis suspected, non specific symptoms, unknown origin, initial imaging",3196677,CT chest abdomen pelvis without IV contrast,10-30 mSv☢☢☢☢,3-10 mSv [ped]☢☢☢☢,May be appropriate (Disagreement)
1827,Urologic,"Sepsis suspected, non specific symptoms, unknown origin, initial imaging",3196677,Radiography abdomen,0.1-1mSv☢☢,0.03-0.3 mSv [ped]☢☢,Usually not appropriate
1828,Urologic,"Sepsis suspected, non specific symptoms, unknown origin, initial imaging",3196677,Fluoroscopy contrast enema,1-10 mSv☢☢☢,3-10 mSv [ped]☢☢☢☢,Usually not appropriate
1829,Urologic,"Sepsis suspected, non specific symptoms, unknown origin, initial imaging",3196677,Fluoroscopy upper GI series with small bowel follow-through,1-10 mSv☢☢☢,3-10 mSv [ped]☢☢☢☢,Usually not appropriate
1830,Urologic,"Sepsis suspected, non specific symptoms, unknown origin, initial imaging",3196677,MRI abdomen and pelvis without and with IV contrast,0 mSvO,0 mSv [ped]O,Usually not appropriate
1831,Urologic,"Sepsis suspected, non specific symptoms, unknown origin, initial imaging",3196677,MRI abdomen and pelvis without IV contrast,0 mSvO,0 mSv [ped]O,Usually not appropriate
1832,Urologic,"Sepsis suspected, non specific symptoms, unknown origin, initial imaging",3196677,MRI chest without and with IV contrast,0 mSvO,0 mSv [ped]O,Usually not appropriate
1833,Urologic,"Sepsis suspected, non specific symptoms, unknown origin, initial imaging",3196677,MRI chest without IV contrast,0 mSvO,0 mSv [ped]O,Usually not appropriate
1834,Urologic,"Sepsis suspected, non specific symptoms, unknown origin, initial imaging",3196677,Nuclear medicine scan gallbladder,0.1-1mSv☢☢,,Usually not appropriate
1835,Urologic,"Sepsis suspected, non specific symptoms, unknown origin, initial imaging",3196677,CT abdomen and pelvis without IV contrast,1-10 mSv☢☢☢,3-10 mSv [ped]☢☢☢☢,Usually not appropriate
1836,Urologic,"Sepsis suspected, non specific symptoms, unknown origin, initial imaging",3196677,CT chest without and with IV contrast,1-10 mSv☢☢☢,3-10 mSv [ped]☢☢☢☢,Usually not appropriate
1837,Urologic,"Sepsis suspected, non specific symptoms, unknown origin, initial imaging",3196677,CT abdomen and pelvis without and with IV contrast,10-30 mSv☢☢☢☢,10-30 mSv [ped]☢☢☢☢☢,Usually not appropriate
1838,Urologic,"Sepsis suspected, non specific symptoms, unknown origin, initial imaging",3196677,CT chest abdomen pelvis without and with IV contrast,10-30 mSv☢☢☢☢,10-30 mSv [ped]☢☢☢☢☢,Usually not appropriate
1839,Urologic,"Sepsis suspected, non specific symptoms, unknown origin, initial imaging",3196677,FDG-PET/CT skull base to mid-thigh,10-30 mSv☢☢☢☢,3-10 mSv [ped]☢☢☢☢,Usually not appropriate
1840,Urologic,"Sepsis suspected, non specific symptoms, unknown origin, initial imaging",3196677,WBC scan abdomen and pelvis,10-30 mSv☢☢☢☢,,Usually not appropriate
1841,Urologic,"Sepsis, acute abdominal pain, initial imaging",3196675,CT abdomen and pelvis with IV contrast,1-10 mSv☢☢☢,3-10 mSv [ped]☢☢☢☢,Usually appropriate
1842,Urologic,"Sepsis, acute abdominal pain, initial imaging",3196675,US abdomen,0 mSvO,0 mSv [ped]O,May be appropriate
1843,Urologic,"Sepsis, acute abdominal pain, initial imaging",3196675,CT abdomen and pelvis without IV contrast,1-10 mSv☢☢☢,3-10 mSv [ped]☢☢☢☢,May be appropriate (Disagreement)
1844,Urologic,"Sepsis, acute abdominal pain, initial imaging",3196675,Radiography abdomen,0.1-1mSv☢☢,0.03-0.3 mSv [ped]☢☢,Usually not appropriate
1845,Urologic,"Sepsis, acute abdominal pain, initial imaging",3196675,Fluoroscopy contrast enema,1-10 mSv☢☢☢,3-10 mSv [ped]☢☢☢☢,Usually not appropriate
1846,Urologic,"Sepsis, acute abdominal pain, initial imaging",3196675,Fluoroscopy upper GI series with small bowel follow-through,1-10 mSv☢☢☢,3-10 mSv [ped]☢☢☢☢,Usually not appropriate
1847,Urologic,"Sepsis, acute abdominal pain, initial imaging",3196675,MRI abdomen and pelvis without and with IV contrast,0 mSvO,0 mSv [ped]O,Usually not appropriate
1848,Urologic,"Sepsis, acute abdominal pain, initial imaging",3196675,MRI abdomen and pelvis without IV contrast,0 mSvO,0 mSv [ped]O,Usually not appropriate
1849,Urologic,"Sepsis, acute abdominal pain, initial imaging",3196675,Nuclear medicine scan gallbladder,0.1-1mSv☢☢,,Usually not appropriate
1850,Urologic,"Sepsis, acute abdominal pain, initial imaging",3196675,CT abdomen and pelvis without and with IV contrast,10-30 mSv☢☢☢☢,10-30 mSv [ped]☢☢☢☢☢,Usually not appropriate
1851,Urologic,"Sepsis, acute abdominal pain, initial imaging",3196675,FDG-PET/CT skull base to mid-thigh,10-30 mSv☢☢☢☢,3-10 mSv [ped]☢☢☢☢,Usually not appropriate
1852,Urologic,"Sepsis, acute abdominal pain, initial imaging",3196675,WBC scan abdomen and pelvis,10-30 mSv☢☢☢☢,,Usually not appropriate
1853,Urologic,"Sepsis, cannot assess symptoms, chest radiography normal, next imaging study",3196691,CT abdomen and pelvis with IV contrast,1-10 mSv☢☢☢,3-10 mSv [ped]☢☢☢☢,Usually appropriate
1854,Urologic,"Sepsis, cannot assess symptoms, chest radiography normal, next imaging study",3196691,US abdomen,0 mSvO,0 mSv [ped]O,May be appropriate
1855,Urologic,"Sepsis, cannot assess symptoms, chest radiography normal, next imaging study",3196691,CT abdomen and pelvis without IV contrast,1-10 mSv☢☢☢,3-10 mSv [ped]☢☢☢☢,May be appropriate (Disagreement)
1856,Urologic,"Sepsis, cannot assess symptoms, chest radiography normal, next imaging study",3196691,CT chest with IV contrast,1-10 mSv☢☢☢,3-10 mSv [ped]☢☢☢☢,May be appropriate
1857,Urologic,"Sepsis, cannot assess symptoms, chest radiography normal, next imaging study",3196691,CT chest without IV contrast,1-10 mSv☢☢☢,3-10 mSv [ped]☢☢☢☢,May be appropriate
1858,Urologic,"Sepsis, cannot assess symptoms, chest radiography normal, next imaging study",3196691,CT chest abdomen pelvis with IV contrast,10-30 mSv☢☢☢☢,3-10 mSv [ped]☢☢☢☢,May be appropriate (Disagreement)
1859,Urologic,"Sepsis, cannot assess symptoms, chest radiography normal, next imaging study",3196691,CT chest abdomen pelvis without IV contrast,10-30 mSv☢☢☢☢,3-10 mSv [ped]☢☢☢☢,May be appropriate (Disagreement)
1860,Urologic,"Sepsis, cannot assess symptoms, chest radiography normal, next imaging study",3196691,Radiography abdomen,0.1-1mSv☢☢,0.03-0.3 mSv [ped]☢☢,Usually not appropriate
1861,Urologic,"Sepsis, cannot assess symptoms, chest radiography normal, next imaging study",3196691,Fluoroscopy contrast enema,1-10 mSv☢☢☢,3-10 mSv [ped]☢☢☢☢,Usually not appropriate
1862,Urologic,"Sepsis, cannot assess symptoms, chest radiography normal, next imaging study",3196691,Fluoroscopy upper GI series with small bowel follow-through,1-10 mSv☢☢☢,3-10 mSv [ped]☢☢☢☢,Usually not appropriate
1863,Urologic,"Sepsis, cannot assess symptoms, chest radiography normal, next imaging study",3196691,MRI abdomen and pelvis without and with IV contrast,0 mSvO,0 mSv [ped]O,Usually not appropriate
1864,Urologic,"Sepsis, cannot assess symptoms, chest radiography normal, next imaging study",3196691,MRI abdomen and pelvis without IV contrast,0 mSvO,0 mSv [ped]O,Usually not appropriate
1865,Urologic,"Sepsis, cannot assess symptoms, chest radiography normal, next imaging study",3196691,MRI chest without and with IV contrast,0 mSvO,0 mSv [ped]O,Usually not appropriate
1866,Urologic,"Sepsis, cannot assess symptoms, chest radiography normal, next imaging study",3196691,MRI chest without IV contrast,0 mSvO,0 mSv [ped]O,Usually not appropriate
1867,Urologic,"Sepsis, cannot assess symptoms, chest radiography normal, next imaging study",3196691,Nuclear medicine scan gallbladder,0.1-1mSv☢☢,,Usually not appropriate
1868,Urologic,"Sepsis, cannot assess symptoms, chest radiography normal, next imaging study",3196691,CT chest without and with IV contrast,1-10 mSv☢☢☢,3-10 mSv [ped]☢☢☢☢,Usually not appropriate
1869,Urologic,"Sepsis, cannot assess symptoms, chest radiography normal, next imaging study",3196691,CT abdomen and pelvis without and with IV contrast,10-30 mSv☢☢☢☢,10-30 mSv [ped]☢☢☢☢☢,Usually not appropriate
1870,Urologic,"Sepsis, cannot assess symptoms, chest radiography normal, next imaging study",3196691,CT chest abdomen pelvis without and with IV contrast,10-30 mSv☢☢☢☢,10-30 mSv [ped]☢☢☢☢☢,Usually not appropriate
1871,Urologic,"Sepsis, cannot assess symptoms, chest radiography normal, next imaging study",3196691,FDG-PET/CT skull base to mid-thigh,10-30 mSv☢☢☢☢,3-10 mSv [ped]☢☢☢☢,Usually not appropriate
1872,Urologic,"Sepsis, cannot assess symptoms, chest radiography normal, next imaging study",3196691,WBC scan abdomen and pelvis,10-30 mSv☢☢☢☢,,Usually not appropriate
1873,Urologic,"Sepsis, cannot assess symptoms, chest radiography equivocal, next imaging study",3196692,CT abdomen and pelvis with IV contrast,1-10 mSv☢☢☢,3-10 mSv [ped]☢☢☢☢,Usually appropriate
1874,Urologic,"Sepsis, cannot assess symptoms, chest radiography equivocal, next imaging study",3196692,US abdomen,0 mSvO,0 mSv [ped]O,May be appropriate
1875,Urologic,"Sepsis, cannot assess symptoms, chest radiography equivocal, next imaging study",3196692,CT abdomen and pelvis without IV contrast,1-10 mSv☢☢☢,3-10 mSv [ped]☢☢☢☢,May be appropriate (Disagreement)
1876,Urologic,"Sepsis, cannot assess symptoms, chest radiography equivocal, next imaging study",3196692,CT chest with IV contrast,1-10 mSv☢☢☢,3-10 mSv [ped]☢☢☢☢,May be appropriate
1877,Urologic,"Sepsis, cannot assess symptoms, chest radiography equivocal, next imaging study",3196692,CT chest without IV contrast,1-10 mSv☢☢☢,3-10 mSv [ped]☢☢☢☢,May be appropriate
1878,Urologic,"Sepsis, cannot assess symptoms, chest radiography equivocal, next imaging study",3196692,CT chest abdomen pelvis with IV contrast,10-30 mSv☢☢☢☢,3-10 mSv [ped]☢☢☢☢,May be appropriate (Disagreement)
1879,Urologic,"Sepsis, cannot assess symptoms, chest radiography equivocal, next imaging study",3196692,CT chest abdomen pelvis without IV contrast,10-30 mSv☢☢☢☢,3-10 mSv [ped]☢☢☢☢,May be appropriate (Disagreement)
1880,Urologic,"Sepsis, cannot assess symptoms, chest radiography equivocal, next imaging study",3196692,Radiography abdomen,0.1-1mSv☢☢,0.03-0.3 mSv [ped]☢☢,Usually not appropriate
1881,Urologic,"Sepsis, cannot assess symptoms, chest radiography equivocal, next imaging study",3196692,Fluoroscopy contrast enema,1-10 mSv☢☢☢,3-10 mSv [ped]☢☢☢☢,Usually not appropriate
1882,Urologic,"Sepsis, cannot assess symptoms, chest radiography equivocal, next imaging study",3196692,Fluoroscopy upper GI series with small bowel follow-through,1-10 mSv☢☢☢,3-10 mSv [ped]☢☢☢☢,Usually not appropriate
1883,Urologic,"Sepsis, cannot assess symptoms, chest radiography equivocal, next imaging study",3196692,MRI abdomen and pelvis without and with IV contrast,0 mSvO,0 mSv [ped]O,Usually not appropriate
1884,Urologic,"Sepsis, cannot assess symptoms, chest radiography equivocal, next imaging study",3196692,MRI abdomen and pelvis without IV contrast,0 mSvO,0 mSv [ped]O,Usually not appropriate
1885,Urologic,"Sepsis, cannot assess symptoms, chest radiography equivocal, next imaging study",3196692,MRI chest without and with IV contrast,0 mSvO,0 mSv [ped]O,Usually not appropriate
1886,Urologic,"Sepsis, cannot assess symptoms, chest radiography equivocal, next imaging study",3196692,MRI chest without IV contrast,0 mSvO,0 mSv [ped]O,Usually not appropriate
1887,Urologic,"Sepsis, cannot assess symptoms, chest radiography equivocal, next imaging study",3196692,Nuclear medicine scan gallbladder,0.1-1mSv☢☢,,Usually not appropriate
1888,Urologic,"Sepsis, cannot assess symptoms, chest radiography equivocal, next imaging study",3196692,CT chest without and with IV contrast,1-10 mSv☢☢☢,3-10 mSv [ped]☢☢☢☢,Usually not appropriate
1889,Urologic,"Sepsis, cannot assess symptoms, chest radiography equivocal, next imaging study",3196692,CT abdomen and pelvis without and with IV contrast,10-30 mSv☢☢☢☢,10-30 mSv [ped]☢☢☢☢☢,Usually not appropriate
1890,Urologic,"Sepsis, cannot assess symptoms, chest radiography equivocal, next imaging study",3196692,CT chest abdomen pelvis without and with IV contrast,10-30 mSv☢☢☢☢,10-30 mSv [ped]☢☢☢☢☢,Usually not appropriate
1891,Urologic,"Sepsis, cannot assess symptoms, chest radiography equivocal, next imaging study",3196692,FDG-PET/CT skull base to mid-thigh,10-30 mSv☢☢☢☢,3-10 mSv [ped]☢☢☢☢,Usually not appropriate
1892,Urologic,"Sepsis, cannot assess symptoms, chest radiography equivocal, next imaging study",3196692,WBC scan abdomen and pelvis,10-30 mSv☢☢☢☢,,Usually not appropriate
1893,Urologic,"Sepsis, cannot assess symptoms, chest radiography nonspecific, next imaging study",3196693,CT abdomen and pelvis with IV contrast,1-10 mSv☢☢☢,3-10 mSv [ped]☢☢☢☢,Usually appropriate
1894,Urologic,"Sepsis, cannot assess symptoms, chest radiography nonspecific, next imaging study",3196693,US abdomen,0 mSvO,0 mSv [ped]O,May be appropriate
1895,Urologic,"Sepsis, cannot assess symptoms, chest radiography nonspecific, next imaging study",3196693,CT abdomen and pelvis without IV contrast,1-10 mSv☢☢☢,3-10 mSv [ped]☢☢☢☢,May be appropriate (Disagreement)
1896,Urologic,"Sepsis, cannot assess symptoms, chest radiography nonspecific, next imaging study",3196693,CT chest with IV contrast,1-10 mSv☢☢☢,3-10 mSv [ped]☢☢☢☢,May be appropriate
1897,Urologic,"Sepsis, cannot assess symptoms, chest radiography nonspecific, next imaging study",3196693,CT chest without IV contrast,1-10 mSv☢☢☢,3-10 mSv [ped]☢☢☢☢,May be appropriate
1898,Urologic,"Sepsis, cannot assess symptoms, chest radiography nonspecific, next imaging study",3196693,CT chest abdomen pelvis with IV contrast,10-30 mSv☢☢☢☢,3-10 mSv [ped]☢☢☢☢,May be appropriate (Disagreement)
1899,Urologic,"Sepsis, cannot assess symptoms, chest radiography nonspecific, next imaging study",3196693,CT chest abdomen pelvis without IV contrast,10-30 mSv☢☢☢☢,3-10 mSv [ped]☢☢☢☢,May be appropriate (Disagreement)
1900,Urologic,"Sepsis, cannot assess symptoms, chest radiography nonspecific, next imaging study",3196693,Radiography abdomen,0.1-1mSv☢☢,0.03-0.3 mSv [ped]☢☢,Usually not appropriate
1901,Urologic,"Sepsis, cannot assess symptoms, chest radiography nonspecific, next imaging study",3196693,Fluoroscopy contrast enema,1-10 mSv☢☢☢,3-10 mSv [ped]☢☢☢☢,Usually not appropriate
1902,Urologic,"Sepsis, cannot assess symptoms, chest radiography nonspecific, next imaging study",3196693,Fluoroscopy upper GI series with small bowel follow-through,1-10 mSv☢☢☢,3-10 mSv [ped]☢☢☢☢,Usually not appropriate
1903,Urologic,"Sepsis, cannot assess symptoms, chest radiography nonspecific, next imaging study",3196693,MRI abdomen and pelvis without and with IV contrast,0 mSvO,0 mSv [ped]O,Usually not appropriate
1904,Urologic,"Sepsis, cannot assess symptoms, chest radiography nonspecific, next imaging study",3196693,MRI abdomen and pelvis without IV contrast,0 mSvO,0 mSv [ped]O,Usually not appropriate
1905,Urologic,"Sepsis, cannot assess symptoms, chest radiography nonspecific, next imaging study",3196693,MRI chest without and with IV contrast,0 mSvO,0 mSv [ped]O,Usually not appropriate
1906,Urologic,"Sepsis, cannot assess symptoms, chest radiography nonspecific, next imaging study",3196693,MRI chest without IV contrast,0 mSvO,0 mSv [ped]O,Usually not appropriate
1907,Urologic,"Sepsis, cannot assess symptoms, chest radiography nonspecific, next imaging study",3196693,Nuclear medicine scan gallbladder,0.1-1mSv☢☢,,Usually not appropriate
1908,Urologic,"Sepsis, cannot assess symptoms, chest radiography nonspecific, next imaging study",3196693,CT chest without and with IV contrast,1-10 mSv☢☢☢,3-10 mSv [ped]☢☢☢☢,Usually not appropriate
1909,Urologic,"Sepsis, cannot assess symptoms, chest radiography nonspecific, next imaging study",3196693,CT abdomen and pelvis without and with IV contrast,10-30 mSv☢☢☢☢,10-30 mSv [ped]☢☢☢☢☢,Usually not appropriate
1910,Urologic,"Sepsis, cannot assess symptoms, chest radiography nonspecific, next imaging study",3196693,CT chest abdomen pelvis without and with IV contrast,10-30 mSv☢☢☢☢,10-30 mSv [ped]☢☢☢☢☢,Usually not appropriate
1911,Urologic,"Sepsis, cannot assess symptoms, chest radiography nonspecific, next imaging study",3196693,FDG-PET/CT skull base to mid-thigh,10-30 mSv☢☢☢☢,3-10 mSv [ped]☢☢☢☢,Usually not appropriate
1912,Urologic,"Sepsis, cannot assess symptoms, chest radiography nonspecific, next imaging study",3196693,WBC scan abdomen and pelvis,10-30 mSv☢☢☢☢,,Usually not appropriate
1913,Urologic,"Sepsis, cannot assess symptoms, initial imaging",3196680,Radiography chest,<0.1 mSv☢,<0.03 mSv [ped]☢,Usually appropriate
1914,Urologic,"Sepsis, cannot assess symptoms, initial imaging",3196680,US abdomen,0 mSvO,0 mSv [ped]O,May be appropriate
1915,Urologic,"Sepsis, cannot assess symptoms, initial imaging",3196680,CT abdomen and pelvis with IV contrast,1-10 mSv☢☢☢,3-10 mSv [ped]☢☢☢☢,May be appropriate
1916,Urologic,"Sepsis, cannot assess symptoms, initial imaging",3196680,CT chest with IV contrast,1-10 mSv☢☢☢,3-10 mSv [ped]☢☢☢☢,May be appropriate
1917,Urologic,"Sepsis, cannot assess symptoms, initial imaging",3196680,CT chest without IV contrast,1-10 mSv☢☢☢,3-10 mSv [ped]☢☢☢☢,May be appropriate
1918,Urologic,"Sepsis, cannot assess symptoms, initial imaging",3196680,CT chest abdomen pelvis with IV contrast,10-30 mSv☢☢☢☢,3-10 mSv [ped]☢☢☢☢,May be appropriate
1919,Urologic,"Sepsis, cannot assess symptoms, initial imaging",3196680,CT chest abdomen pelvis without IV contrast,10-30 mSv☢☢☢☢,3-10 mSv [ped]☢☢☢☢,May be appropriate (Disagreement)
1920,Urologic,"Sepsis, cannot assess symptoms, initial imaging",3196680,Radiography abdomen,0.1-1mSv☢☢,0.03-0.3 mSv [ped]☢☢,Usually not appropriate
1921,Urologic,"Sepsis, cannot assess symptoms, initial imaging",3196680,Fluoroscopy contrast enema,1-10 mSv☢☢☢,3-10 mSv [ped]☢☢☢☢,Usually not appropriate
1922,Urologic,"Sepsis, cannot assess symptoms, initial imaging",3196680,Fluoroscopy upper GI series with small bowel follow-through,1-10 mSv☢☢☢,3-10 mSv [ped]☢☢☢☢,Usually not appropriate
1923,Urologic,"Sepsis, cannot assess symptoms, initial imaging",3196680,MRI abdomen and pelvis without and with IV contrast,0 mSvO,0 mSv [ped]O,Usually not appropriate
1924,Urologic,"Sepsis, cannot assess symptoms, initial imaging",3196680,MRI abdomen and pelvis without IV contrast,0 mSvO,0 mSv [ped]O,Usually not appropriate
1925,Urologic,"Sepsis, cannot assess symptoms, initial imaging",3196680,MRI chest without and with IV contrast,0 mSvO,0 mSv [ped]O,Usually not appropriate
1926,Urologic,"Sepsis, cannot assess symptoms, initial imaging",3196680,MRI chest without IV contrast,0 mSvO,0 mSv [ped]O,Usually not appropriate
1927,Urologic,"Sepsis, cannot assess symptoms, initial imaging",3196680,Nuclear medicine scan gallbladder,0.1-1mSv☢☢,,Usually not appropriate
1928,Urologic,"Sepsis, cannot assess symptoms, initial imaging",3196680,CT abdomen and pelvis without IV contrast,1-10 mSv☢☢☢,3-10 mSv [ped]☢☢☢☢,Usually not appropriate
1929,Urologic,"Sepsis, cannot assess symptoms, initial imaging",3196680,CT chest without and with IV contrast,1-10 mSv☢☢☢,3-10 mSv [ped]☢☢☢☢,Usually not appropriate
1930,Urologic,"Sepsis, cannot assess symptoms, initial imaging",3196680,CT abdomen and pelvis without and with IV contrast,10-30 mSv☢☢☢☢,10-30 mSv [ped]☢☢☢☢☢,Usually not appropriate
1931,Urologic,"Sepsis, cannot assess symptoms, initial imaging",3196680,CT chest abdomen pelvis without and with IV contrast,10-30 mSv☢☢☢☢,10-30 mSv [ped]☢☢☢☢☢,Usually not appropriate
1932,Urologic,"Sepsis, cannot assess symptoms, initial imaging",3196680,FDG-PET/CT skull base to mid-thigh,10-30 mSv☢☢☢☢,3-10 mSv [ped]☢☢☢☢,Usually not appropriate
1933,Urologic,"Sepsis, cannot assess symptoms, initial imaging",3196680,WBC scan abdomen and pelvis,10-30 mSv☢☢☢☢,,Usually not appropriate
1934,Urologic,"Sepsis, chest pain, chest radiography , nonspecific, next imaging study",3196672,CT chest with IV contrast,1-10 mSv☢☢☢,3-10 mSv [ped]☢☢☢☢,Usually appropriate
1935,Urologic,"Sepsis, chest pain, chest radiography , nonspecific, next imaging study",3196672,CT chest without IV contrast,1-10 mSv☢☢☢,3-10 mSv [ped]☢☢☢☢,Usually appropriate
1936,Urologic,"Sepsis, chest pain, chest radiography , nonspecific, next imaging study",3196672,MRI chest without and with IV contrast,0 mSvO,0 mSv [ped]O,Usually not appropriate
1937,Urologic,"Sepsis, chest pain, chest radiography , nonspecific, next imaging study",3196672,MRI chest without IV contrast,0 mSvO,0 mSv [ped]O,Usually not appropriate
1938,Urologic,"Sepsis, chest pain, chest radiography , nonspecific, next imaging study",3196672,CT chest without and with IV contrast,1-10 mSv☢☢☢,3-10 mSv [ped]☢☢☢☢,Usually not appropriate
1939,Urologic,"Sepsis, chest pain, chest radiography , nonspecific, next imaging study",3196672,FDG-PET/CT skull base to mid-thigh,10-30 mSv☢☢☢☢,3-10 mSv [ped]☢☢☢☢,Usually not appropriate
1940,Urologic,"Sepsis, chest pain, chest radiography equivocal, next imaging study",3196671,CT chest with IV contrast,1-10 mSv☢☢☢,3-10 mSv [ped]☢☢☢☢,Usually appropriate
1941,Urologic,"Sepsis, chest pain, chest radiography equivocal, next imaging study",3196671,CT chest without IV contrast,1-10 mSv☢☢☢,3-10 mSv [ped]☢☢☢☢,Usually appropriate
1942,Urologic,"Sepsis, chest pain, chest radiography equivocal, next imaging study",3196671,MRI chest without and with IV contrast,0 mSvO,0 mSv [ped]O,Usually not appropriate
1943,Urologic,"Sepsis, chest pain, chest radiography equivocal, next imaging study",3196671,MRI chest without IV contrast,0 mSvO,0 mSv [ped]O,Usually not appropriate
1944,Urologic,"Sepsis, chest pain, chest radiography equivocal, next imaging study",3196671,CT chest without and with IV contrast,1-10 mSv☢☢☢,3-10 mSv [ped]☢☢☢☢,Usually not appropriate
1945,Urologic,"Sepsis, chest pain, chest radiography equivocal, next imaging study",3196671,FDG-PET/CT skull base to mid-thigh,10-30 mSv☢☢☢☢,3-10 mSv [ped]☢☢☢☢,Usually not appropriate
1946,Urologic,"Sepsis, chest pain, chest radiography normal, next imaging study",3196670,CT chest with IV contrast,1-10 mSv☢☢☢,3-10 mSv [ped]☢☢☢☢,Usually appropriate
1947,Urologic,"Sepsis, chest pain, chest radiography normal, next imaging study",3196670,CT chest without IV contrast,1-10 mSv☢☢☢,3-10 mSv [ped]☢☢☢☢,Usually appropriate
1948,Urologic,"Sepsis, chest pain, chest radiography normal, next imaging study",3196670,MRI chest without and with IV contrast,0 mSvO,0 mSv [ped]O,Usually not appropriate
1949,Urologic,"Sepsis, chest pain, chest radiography normal, next imaging study",3196670,MRI chest without IV contrast,0 mSvO,0 mSv [ped]O,Usually not appropriate
1950,Urologic,"Sepsis, chest pain, chest radiography normal, next imaging study",3196670,CT chest without and with IV contrast,1-10 mSv☢☢☢,3-10 mSv [ped]☢☢☢☢,Usually not appropriate
1951,Urologic,"Sepsis, chest pain, chest radiography normal, next imaging study",3196670,FDG-PET/CT skull base to mid-thigh,10-30 mSv☢☢☢☢,3-10 mSv [ped]☢☢☢☢,Usually not appropriate
1952,Urologic,"Sepsis, chest pain, initial imaging",3196653,Radiography chest,<0.1 mSv☢,<0.03 mSv [ped]☢,Usually appropriate
1953,Urologic,"Sepsis, chest pain, initial imaging",3196653,CT chest with IV contrast,1-10 mSv☢☢☢,3-10 mSv [ped]☢☢☢☢,May be appropriate
1954,Urologic,"Sepsis, chest pain, initial imaging",3196653,CT chest without IV contrast,1-10 mSv☢☢☢,3-10 mSv [ped]☢☢☢☢,May be appropriate
1955,Urologic,"Sepsis, chest pain, initial imaging",3196653,MRI chest without and with IV contrast,0 mSvO,0 mSv [ped]O,Usually not appropriate
1956,Urologic,"Sepsis, chest pain, initial imaging",3196653,MRI chest without IV contrast,0 mSvO,0 mSv [ped]O,Usually not appropriate
1957,Urologic,"Sepsis, chest pain, initial imaging",3196653,CT chest without and with IV contrast,1-10 mSv☢☢☢,3-10 mSv [ped]☢☢☢☢,Usually not appropriate
1958,Urologic,"Sepsis, chest pain, initial imaging",3196653,FDG-PET/CT skull base to mid-thigh,10-30 mSv☢☢☢☢,3-10 mSv [ped]☢☢☢☢,Usually not appropriate
1959,Urologic,"Sepsis, cough, chest radiography equivocal, next imaging study",3196665,CT chest with IV contrast,1-10 mSv☢☢☢,3-10 mSv [ped]☢☢☢☢,Usually appropriate
1960,Urologic,"Sepsis, cough, chest radiography equivocal, next imaging study",3196665,CT chest without IV contrast,1-10 mSv☢☢☢,3-10 mSv [ped]☢☢☢☢,Usually appropriate
1961,Urologic,"Sepsis, cough, chest radiography equivocal, next imaging study",3196665,MRI chest without and with IV contrast,0 mSvO,0 mSv [ped]O,Usually not appropriate
1962,Urologic,"Sepsis, cough, chest radiography equivocal, next imaging study",3196665,MRI chest without IV contrast,0 mSvO,0 mSv [ped]O,Usually not appropriate
1963,Urologic,"Sepsis, cough, chest radiography equivocal, next imaging study",3196665,CT chest without and with IV contrast,1-10 mSv☢☢☢,3-10 mSv [ped]☢☢☢☢,Usually not appropriate
1964,Urologic,"Sepsis, cough, chest radiography equivocal, next imaging study",3196665,FDG-PET/CT skull base to mid-thigh,10-30 mSv☢☢☢☢,3-10 mSv [ped]☢☢☢☢,Usually not appropriate
1965,Urologic,"Sepsis, cough, chest radiography nonspecific, next imaging study",3196666,CT chest with IV contrast,1-10 mSv☢☢☢,3-10 mSv [ped]☢☢☢☢,Usually appropriate
1966,Urologic,"Sepsis, cough, chest radiography nonspecific, next imaging study",3196666,CT chest without IV contrast,1-10 mSv☢☢☢,3-10 mSv [ped]☢☢☢☢,Usually appropriate
1967,Urologic,"Sepsis, cough, chest radiography nonspecific, next imaging study",3196666,MRI chest without and with IV contrast,0 mSvO,0 mSv [ped]O,Usually not appropriate
1968,Urologic,"Sepsis, cough, chest radiography nonspecific, next imaging study",3196666,MRI chest without IV contrast,0 mSvO,0 mSv [ped]O,Usually not appropriate
1969,Urologic,"Sepsis, cough, chest radiography nonspecific, next imaging study",3196666,CT chest without and with IV contrast,1-10 mSv☢☢☢,3-10 mSv [ped]☢☢☢☢,Usually not appropriate
1970,Urologic,"Sepsis, cough, chest radiography nonspecific, next imaging study",3196666,FDG-PET/CT skull base to mid-thigh,10-30 mSv☢☢☢☢,3-10 mSv [ped]☢☢☢☢,Usually not appropriate
1971,Urologic,"Sepsis, cough, chest radiography normal, next imaging study",3196664,CT chest with IV contrast,1-10 mSv☢☢☢,3-10 mSv [ped]☢☢☢☢,Usually appropriate
1972,Urologic,"Sepsis, cough, chest radiography normal, next imaging study",3196664,CT chest without IV contrast,1-10 mSv☢☢☢,3-10 mSv [ped]☢☢☢☢,Usually appropriate
1973,Urologic,"Sepsis, cough, chest radiography normal, next imaging study",3196664,MRI chest without and with IV contrast,0 mSvO,0 mSv [ped]O,Usually not appropriate
1974,Urologic,"Sepsis, cough, chest radiography normal, next imaging study",3196664,MRI chest without IV contrast,0 mSvO,0 mSv [ped]O,Usually not appropriate
1975,Urologic,"Sepsis, cough, chest radiography normal, next imaging study",3196664,CT chest without and with IV contrast,1-10 mSv☢☢☢,3-10 mSv [ped]☢☢☢☢,Usually not appropriate
1976,Urologic,"Sepsis, cough, chest radiography normal, next imaging study",3196664,FDG-PET/CT skull base to mid-thigh,10-30 mSv☢☢☢☢,3-10 mSv [ped]☢☢☢☢,Usually not appropriate
1977,Urologic,"Sepsis, cough, initial imaging",3196651,Radiography chest,<0.1 mSv☢,<0.03 mSv [ped]☢,Usually appropriate
1978,Urologic,"Sepsis, cough, initial imaging",3196651,CT chest with IV contrast,1-10 mSv☢☢☢,3-10 mSv [ped]☢☢☢☢,May be appropriate
1979,Urologic,"Sepsis, cough, initial imaging",3196651,CT chest without IV contrast,1-10 mSv☢☢☢,3-10 mSv [ped]☢☢☢☢,May be appropriate
1980,Urologic,"Sepsis, cough, initial imaging",3196651,MRI chest without and with IV contrast,0 mSvO,0 mSv [ped]O,Usually not appropriate
1981,Urologic,"Sepsis, cough, initial imaging",3196651,MRI chest without IV contrast,0 mSvO,0 mSv [ped]O,Usually not appropriate
1982,Urologic,"Sepsis, cough, initial imaging",3196651,CT chest without and with IV contrast,1-10 mSv☢☢☢,3-10 mSv [ped]☢☢☢☢,Usually not appropriate
1983,Urologic,"Sepsis, cough, initial imaging",3196651,FDG-PET/CT skull base to mid-thigh,10-30 mSv☢☢☢☢,3-10 mSv [ped]☢☢☢☢,Usually not appropriate
1984,Urologic,"Sepsis, dyspnea, chest radiography equivocal, next imaging study",3196668,CT chest with IV contrast,1-10 mSv☢☢☢,3-10 mSv [ped]☢☢☢☢,Usually appropriate
1985,Urologic,"Sepsis, dyspnea, chest radiography equivocal, next imaging study",3196668,CT chest without IV contrast,1-10 mSv☢☢☢,3-10 mSv [ped]☢☢☢☢,Usually appropriate
1986,Urologic,"Sepsis, dyspnea, chest radiography equivocal, next imaging study",3196668,MRI chest without and with IV contrast,0 mSvO,0 mSv [ped]O,Usually not appropriate
1987,Urologic,"Sepsis, dyspnea, chest radiography equivocal, next imaging study",3196668,MRI chest without IV contrast,0 mSvO,0 mSv [ped]O,Usually not appropriate
1988,Urologic,"Sepsis, dyspnea, chest radiography equivocal, next imaging study",3196668,CT chest without and with IV contrast,1-10 mSv☢☢☢,3-10 mSv [ped]☢☢☢☢,Usually not appropriate
1989,Urologic,"Sepsis, dyspnea, chest radiography equivocal, next imaging study",3196668,FDG-PET/CT skull base to mid-thigh,10-30 mSv☢☢☢☢,3-10 mSv [ped]☢☢☢☢,Usually not appropriate
1990,Urologic,"Sepsis, dyspnea, chest radiography nonspecific, next imaging study",3196669,CT chest with IV contrast,1-10 mSv☢☢☢,3-10 mSv [ped]☢☢☢☢,Usually appropriate
1991,Urologic,"Sepsis, dyspnea, chest radiography nonspecific, next imaging study",3196669,CT chest without IV contrast,1-10 mSv☢☢☢,3-10 mSv [ped]☢☢☢☢,Usually appropriate
1992,Urologic,"Sepsis, dyspnea, chest radiography nonspecific, next imaging study",3196669,MRI chest without and with IV contrast,0 mSvO,0 mSv [ped]O,Usually not appropriate
1993,Urologic,"Sepsis, dyspnea, chest radiography nonspecific, next imaging study",3196669,MRI chest without IV contrast,0 mSvO,0 mSv [ped]O,Usually not appropriate
1994,Urologic,"Sepsis, dyspnea, chest radiography nonspecific, next imaging study",3196669,CT chest without and with IV contrast,1-10 mSv☢☢☢,3-10 mSv [ped]☢☢☢☢,Usually not appropriate
1995,Urologic,"Sepsis, dyspnea, chest radiography nonspecific, next imaging study",3196669,FDG-PET/CT skull base to mid-thigh,10-30 mSv☢☢☢☢,3-10 mSv [ped]☢☢☢☢,Usually not appropriate
1996,Urologic,"Sepsis, dyspnea, chest radiography normal, next imaging study",3196667,CT chest with IV contrast,1-10 mSv☢☢☢,3-10 mSv [ped]☢☢☢☢,Usually appropriate
1997,Urologic,"Sepsis, dyspnea, chest radiography normal, next imaging study",3196667,CT chest without IV contrast,1-10 mSv☢☢☢,3-10 mSv [ped]☢☢☢☢,Usually appropriate
1998,Urologic,"Sepsis, dyspnea, chest radiography normal, next imaging study",3196667,MRI chest without and with IV contrast,0 mSvO,0 mSv [ped]O,Usually not appropriate
1999,Urologic,"Sepsis, dyspnea, chest radiography normal, next imaging study",3196667,MRI chest without IV contrast,0 mSvO,0 mSv [ped]O,Usually not appropriate
2000,Urologic,"Sepsis, dyspnea, chest radiography normal, next imaging study",3196667,CT chest without and with IV contrast,1-10 mSv☢☢☢,3-10 mSv [ped]☢☢☢☢,Usually not appropriate
2001,Urologic,"Sepsis, dyspnea, chest radiography normal, next imaging study",3196667,FDG-PET/CT skull base to mid-thigh,10-30 mSv☢☢☢☢,3-10 mSv [ped]☢☢☢☢,Usually not appropriate
2002,Urologic,"Sepsis, dyspnea, initial imaging",3196652,Radiography chest,<0.1 mSv☢,<0.03 mSv [ped]☢,Usually appropriate
2003,Urologic,"Sepsis, dyspnea, initial imaging",3196652,CT chest with IV contrast,1-10 mSv☢☢☢,3-10 mSv [ped]☢☢☢☢,May be appropriate
2004,Urologic,"Sepsis, dyspnea, initial imaging",3196652,CT chest without IV contrast,1-10 mSv☢☢☢,3-10 mSv [ped]☢☢☢☢,May be appropriate
2005,Urologic,"Sepsis, dyspnea, initial imaging",3196652,MRI chest without and with IV contrast,0 mSvO,0 mSv [ped]O,Usually not appropriate
2006,Urologic,"Sepsis, dyspnea, initial imaging",3196652,MRI chest without IV contrast,0 mSvO,0 mSv [ped]O,Usually not appropriate
2007,Urologic,"Sepsis, dyspnea, initial imaging",3196652,CT chest without and with IV contrast,1-10 mSv☢☢☢,3-10 mSv [ped]☢☢☢☢,Usually not appropriate
2008,Urologic,"Sepsis, dyspnea, initial imaging",3196652,FDG-PET/CT skull base to mid-thigh,10-30 mSv☢☢☢☢,3-10 mSv [ped]☢☢☢☢,Usually not appropriate
2009,Urologic,"Sepsis, non specific symptoms, unknown origin, chest radiography equivocal, next imaging study",3196686,CT abdomen and pelvis with IV contrast,1-10 mSv☢☢☢,3-10 mSv [ped]☢☢☢☢,Usually appropriate
2010,Urologic,"Sepsis, non specific symptoms, unknown origin, chest radiography equivocal, next imaging study",3196686,US abdomen,0 mSvO,0 mSv [ped]O,May be appropriate
2011,Urologic,"Sepsis, non specific symptoms, unknown origin, chest radiography equivocal, next imaging study",3196686,CT abdomen and pelvis without IV contrast,1-10 mSv☢☢☢,3-10 mSv [ped]☢☢☢☢,May be appropriate (Disagreement)
2012,Urologic,"Sepsis, non specific symptoms, unknown origin, chest radiography equivocal, next imaging study",3196686,CT chest with IV contrast,1-10 mSv☢☢☢,3-10 mSv [ped]☢☢☢☢,May be appropriate
2013,Urologic,"Sepsis, non specific symptoms, unknown origin, chest radiography equivocal, next imaging study",3196686,CT chest without IV contrast,1-10 mSv☢☢☢,3-10 mSv [ped]☢☢☢☢,May be appropriate
2014,Urologic,"Sepsis, non specific symptoms, unknown origin, chest radiography equivocal, next imaging study",3196686,CT chest abdomen pelvis with IV contrast,10-30 mSv☢☢☢☢,3-10 mSv [ped]☢☢☢☢,May be appropriate (Disagreement)
2015,Urologic,"Sepsis, non specific symptoms, unknown origin, chest radiography equivocal, next imaging study",3196686,CT chest abdomen pelvis without IV contrast,10-30 mSv☢☢☢☢,3-10 mSv [ped]☢☢☢☢,May be appropriate (Disagreement)
2016,Urologic,"Sepsis, non specific symptoms, unknown origin, chest radiography equivocal, next imaging study",3196686,Radiography abdomen,0.1-1mSv☢☢,0.03-0.3 mSv [ped]☢☢,Usually not appropriate
2017,Urologic,"Sepsis, non specific symptoms, unknown origin, chest radiography equivocal, next imaging study",3196686,Fluoroscopy contrast enema,1-10 mSv☢☢☢,3-10 mSv [ped]☢☢☢☢,Usually not appropriate
2018,Urologic,"Sepsis, non specific symptoms, unknown origin, chest radiography equivocal, next imaging study",3196686,Fluoroscopy upper GI series with small bowel follow-through,1-10 mSv☢☢☢,3-10 mSv [ped]☢☢☢☢,Usually not appropriate
2019,Urologic,"Sepsis, non specific symptoms, unknown origin, chest radiography equivocal, next imaging study",3196686,MRI abdomen and pelvis without and with IV contrast,0 mSvO,0 mSv [ped]O,Usually not appropriate
2020,Urologic,"Sepsis, non specific symptoms, unknown origin, chest radiography equivocal, next imaging study",3196686,MRI abdomen and pelvis without IV contrast,0 mSvO,0 mSv [ped]O,Usually not appropriate
2021,Urologic,"Sepsis, non specific symptoms, unknown origin, chest radiography equivocal, next imaging study",3196686,MRI chest without and with IV contrast,0 mSvO,0 mSv [ped]O,Usually not appropriate
2022,Urologic,"Sepsis, non specific symptoms, unknown origin, chest radiography equivocal, next imaging study",3196686,MRI chest without IV contrast,0 mSvO,0 mSv [ped]O,Usually not appropriate
2023,Urologic,"Sepsis, non specific symptoms, unknown origin, chest radiography equivocal, next imaging study",3196686,Nuclear medicine scan gallbladder,0.1-1mSv☢☢,,Usually not appropriate
2024,Urologic,"Sepsis, non specific symptoms, unknown origin, chest radiography equivocal, next imaging study",3196686,CT chest without and with IV contrast,1-10 mSv☢☢☢,3-10 mSv [ped]☢☢☢☢,Usually not appropriate
2025,Urologic,"Sepsis, non specific symptoms, unknown origin, chest radiography equivocal, next imaging study",3196686,CT abdomen and pelvis without and with IV contrast,10-30 mSv☢☢☢☢,10-30 mSv [ped]☢☢☢☢☢,Usually not appropriate
2026,Urologic,"Sepsis, non specific symptoms, unknown origin, chest radiography equivocal, next imaging study",3196686,CT chest abdomen pelvis without and with IV contrast,10-30 mSv☢☢☢☢,10-30 mSv [ped]☢☢☢☢☢,Usually not appropriate
2027,Urologic,"Sepsis, non specific symptoms, unknown origin, chest radiography equivocal, next imaging study",3196686,FDG-PET/CT skull base to mid-thigh,10-30 mSv☢☢☢☢,3-10 mSv [ped]☢☢☢☢,Usually not appropriate
2028,Urologic,"Sepsis, non specific symptoms, unknown origin, chest radiography equivocal, next imaging study",3196686,WBC scan abdomen and pelvis,10-30 mSv☢☢☢☢,,Usually not appropriate
2029,Urologic,"Sepsis, non specific symptoms, unknown origin, chest radiography nonspecific, next imaging study",3196687,CT abdomen and pelvis with IV contrast,1-10 mSv☢☢☢,3-10 mSv [ped]☢☢☢☢,Usually appropriate
2030,Urologic,"Sepsis, non specific symptoms, unknown origin, chest radiography nonspecific, next imaging study",3196687,US abdomen,0 mSvO,0 mSv [ped]O,May be appropriate
2031,Urologic,"Sepsis, non specific symptoms, unknown origin, chest radiography nonspecific, next imaging study",3196687,CT abdomen and pelvis without IV contrast,1-10 mSv☢☢☢,3-10 mSv [ped]☢☢☢☢,May be appropriate (Disagreement)
2032,Urologic,"Sepsis, non specific symptoms, unknown origin, chest radiography nonspecific, next imaging study",3196687,CT chest with IV contrast,1-10 mSv☢☢☢,3-10 mSv [ped]☢☢☢☢,May be appropriate
2033,Urologic,"Sepsis, non specific symptoms, unknown origin, chest radiography nonspecific, next imaging study",3196687,CT chest without IV contrast,1-10 mSv☢☢☢,3-10 mSv [ped]☢☢☢☢,May be appropriate
2034,Urologic,"Sepsis, non specific symptoms, unknown origin, chest radiography nonspecific, next imaging study",3196687,CT chest abdomen pelvis with IV contrast,10-30 mSv☢☢☢☢,3-10 mSv [ped]☢☢☢☢,May be appropriate (Disagreement)
2035,Urologic,"Sepsis, non specific symptoms, unknown origin, chest radiography nonspecific, next imaging study",3196687,CT chest abdomen pelvis without IV contrast,10-30 mSv☢☢☢☢,3-10 mSv [ped]☢☢☢☢,May be appropriate (Disagreement)
2036,Urologic,"Sepsis, non specific symptoms, unknown origin, chest radiography nonspecific, next imaging study",3196687,Radiography abdomen,0.1-1mSv☢☢,0.03-0.3 mSv [ped]☢☢,Usually not appropriate
2037,Urologic,"Sepsis, non specific symptoms, unknown origin, chest radiography nonspecific, next imaging study",3196687,Fluoroscopy contrast enema,1-10 mSv☢☢☢,3-10 mSv [ped]☢☢☢☢,Usually not appropriate
2038,Urologic,"Sepsis, non specific symptoms, unknown origin, chest radiography nonspecific, next imaging study",3196687,Fluoroscopy upper GI series with small bowel follow-through,1-10 mSv☢☢☢,3-10 mSv [ped]☢☢☢☢,Usually not appropriate
2039,Urologic,"Sepsis, non specific symptoms, unknown origin, chest radiography nonspecific, next imaging study",3196687,MRI abdomen and pelvis without and with IV contrast,0 mSvO,0 mSv [ped]O,Usually not appropriate
2040,Urologic,"Sepsis, non specific symptoms, unknown origin, chest radiography nonspecific, next imaging study",3196687,MRI abdomen and pelvis without IV contrast,0 mSvO,0 mSv [ped]O,Usually not appropriate
2041,Urologic,"Sepsis, non specific symptoms, unknown origin, chest radiography nonspecific, next imaging study",3196687,MRI chest without and with IV contrast,0 mSvO,0 mSv [ped]O,Usually not appropriate
2042,Urologic,"Sepsis, non specific symptoms, unknown origin, chest radiography nonspecific, next imaging study",3196687,MRI chest without IV contrast,0 mSvO,0 mSv [ped]O,Usually not appropriate
2043,Urologic,"Sepsis, non specific symptoms, unknown origin, chest radiography nonspecific, next imaging study",3196687,Nuclear medicine scan gallbladder,0.1-1mSv☢☢,,Usually not appropriate
2044,Urologic,"Sepsis, non specific symptoms, unknown origin, chest radiography nonspecific, next imaging study",3196687,CT chest without and with IV contrast,1-10 mSv☢☢☢,3-10 mSv [ped]☢☢☢☢,Usually not appropriate
2045,Urologic,"Sepsis, non specific symptoms, unknown origin, chest radiography nonspecific, next imaging study",3196687,CT abdomen and pelvis without and with IV contrast,10-30 mSv☢☢☢☢,10-30 mSv [ped]☢☢☢☢☢,Usually not appropriate
2046,Urologic,"Sepsis, non specific symptoms, unknown origin, chest radiography nonspecific, next imaging study",3196687,CT chest abdomen pelvis without and with IV contrast,10-30 mSv☢☢☢☢,10-30 mSv [ped]☢☢☢☢☢,Usually not appropriate
2047,Urologic,"Sepsis, non specific symptoms, unknown origin, chest radiography nonspecific, next imaging study",3196687,FDG-PET/CT skull base to mid-thigh,10-30 mSv☢☢☢☢,3-10 mSv [ped]☢☢☢☢,Usually not appropriate
2048,Urologic,"Sepsis, non specific symptoms, unknown origin, chest radiography nonspecific, next imaging study",3196687,WBC scan abdomen and pelvis,10-30 mSv☢☢☢☢,,Usually not appropriate
2049,Urologic,"Sepsis, non specific symptoms, unknown origin, chest radiography normal, next imaging study",3196685,CT abdomen and pelvis with IV contrast,1-10 mSv☢☢☢,3-10 mSv [ped]☢☢☢☢,Usually appropriate
2050,Urologic,"Sepsis, non specific symptoms, unknown origin, chest radiography normal, next imaging study",3196685,US abdomen,0 mSvO,0 mSv [ped]O,May be appropriate
2051,Urologic,"Sepsis, non specific symptoms, unknown origin, chest radiography normal, next imaging study",3196685,CT abdomen and pelvis without IV contrast,1-10 mSv☢☢☢,3-10 mSv [ped]☢☢☢☢,May be appropriate (Disagreement)
2052,Urologic,"Sepsis, non specific symptoms, unknown origin, chest radiography normal, next imaging study",3196685,CT chest with IV contrast,1-10 mSv☢☢☢,3-10 mSv [ped]☢☢☢☢,May be appropriate
2053,Urologic,"Sepsis, non specific symptoms, unknown origin, chest radiography normal, next imaging study",3196685,CT chest without IV contrast,1-10 mSv☢☢☢,3-10 mSv [ped]☢☢☢☢,May be appropriate
2054,Urologic,"Sepsis, non specific symptoms, unknown origin, chest radiography normal, next imaging study",3196685,CT chest abdomen pelvis with IV contrast,10-30 mSv☢☢☢☢,3-10 mSv [ped]☢☢☢☢,May be appropriate (Disagreement)
2055,Urologic,"Sepsis, non specific symptoms, unknown origin, chest radiography normal, next imaging study",3196685,CT chest abdomen pelvis without IV contrast,10-30 mSv☢☢☢☢,3-10 mSv [ped]☢☢☢☢,May be appropriate (Disagreement)
2056,Urologic,"Sepsis, non specific symptoms, unknown origin, chest radiography normal, next imaging study",3196685,Radiography abdomen,0.1-1mSv☢☢,0.03-0.3 mSv [ped]☢☢,Usually not appropriate
2057,Urologic,"Sepsis, non specific symptoms, unknown origin, chest radiography normal, next imaging study",3196685,Fluoroscopy contrast enema,1-10 mSv☢☢☢,3-10 mSv [ped]☢☢☢☢,Usually not appropriate
2058,Urologic,"Sepsis, non specific symptoms, unknown origin, chest radiography normal, next imaging study",3196685,Fluoroscopy upper GI series with small bowel follow-through,1-10 mSv☢☢☢,3-10 mSv [ped]☢☢☢☢,Usually not appropriate
2059,Urologic,"Sepsis, non specific symptoms, unknown origin, chest radiography normal, next imaging study",3196685,MRI abdomen and pelvis without and with IV contrast,0 mSvO,0 mSv [ped]O,Usually not appropriate
2060,Urologic,"Sepsis, non specific symptoms, unknown origin, chest radiography normal, next imaging study",3196685,MRI abdomen and pelvis without IV contrast,0 mSvO,0 mSv [ped]O,Usually not appropriate
2061,Urologic,"Sepsis, non specific symptoms, unknown origin, chest radiography normal, next imaging study",3196685,MRI chest without and with IV contrast,0 mSvO,0 mSv [ped]O,Usually not appropriate
2062,Urologic,"Sepsis, non specific symptoms, unknown origin, chest radiography normal, next imaging study",3196685,MRI chest without IV contrast,0 mSvO,0 mSv [ped]O,Usually not appropriate
2063,Urologic,"Sepsis, non specific symptoms, unknown origin, chest radiography normal, next imaging study",3196685,Nuclear medicine scan gallbladder,0.1-1mSv☢☢,,Usually not appropriate
2064,Urologic,"Sepsis, non specific symptoms, unknown origin, chest radiography normal, next imaging study",3196685,CT chest without and with IV contrast,1-10 mSv☢☢☢,3-10 mSv [ped]☢☢☢☢,Usually not appropriate
2065,Urologic,"Sepsis, non specific symptoms, unknown origin, chest radiography normal, next imaging study",3196685,CT abdomen and pelvis without and with IV contrast,10-30 mSv☢☢☢☢,10-30 mSv [ped]☢☢☢☢☢,Usually not appropriate
2066,Urologic,"Sepsis, non specific symptoms, unknown origin, chest radiography normal, next imaging study",3196685,CT chest abdomen pelvis without and with IV contrast,10-30 mSv☢☢☢☢,10-30 mSv [ped]☢☢☢☢☢,Usually not appropriate
2067,Urologic,"Sepsis, non specific symptoms, unknown origin, chest radiography normal, next imaging study",3196685,FDG-PET/CT skull base to mid-thigh,10-30 mSv☢☢☢☢,3-10 mSv [ped]☢☢☢☢,Usually not appropriate
2068,Urologic,"Sepsis, non specific symptoms, unknown origin, chest radiography normal, next imaging study",3196685,WBC scan abdomen and pelvis,10-30 mSv☢☢☢☢,,Usually not appropriate
2069,Urologic,"Sepsis, non specific symptoms, unknown origin, initial imaging",3196678,Radiography chest,<0.1 mSv☢,<0.03 mSv [ped]☢,Usually appropriate
2070,Urologic,"Sepsis, non specific symptoms, unknown origin, initial imaging",3196678,US abdomen,0 mSvO,0 mSv [ped]O,May be appropriate
2071,Urologic,"Sepsis, non specific symptoms, unknown origin, initial imaging",3196678,CT abdomen and pelvis with IV contrast,1-10 mSv☢☢☢,3-10 mSv [ped]☢☢☢☢,May be appropriate
2072,Urologic,"Sepsis, non specific symptoms, unknown origin, initial imaging",3196678,CT chest with IV contrast,1-10 mSv☢☢☢,3-10 mSv [ped]☢☢☢☢,May be appropriate
2073,Urologic,"Sepsis, non specific symptoms, unknown origin, initial imaging",3196678,CT chest without IV contrast,1-10 mSv☢☢☢,3-10 mSv [ped]☢☢☢☢,May be appropriate
2074,Urologic,"Sepsis, non specific symptoms, unknown origin, initial imaging",3196678,CT chest abdomen pelvis with IV contrast,10-30 mSv☢☢☢☢,3-10 mSv [ped]☢☢☢☢,May be appropriate
2075,Urologic,"Sepsis, non specific symptoms, unknown origin, initial imaging",3196678,CT chest abdomen pelvis without IV contrast,10-30 mSv☢☢☢☢,3-10 mSv [ped]☢☢☢☢,May be appropriate (Disagreement)
2076,Urologic,"Sepsis, non specific symptoms, unknown origin, initial imaging",3196678,Radiography abdomen,0.1-1mSv☢☢,0.03-0.3 mSv [ped]☢☢,Usually not appropriate
2077,Urologic,"Sepsis, non specific symptoms, unknown origin, initial imaging",3196678,Fluoroscopy contrast enema,1-10 mSv☢☢☢,3-10 mSv [ped]☢☢☢☢,Usually not appropriate
2078,Urologic,"Sepsis, non specific symptoms, unknown origin, initial imaging",3196678,Fluoroscopy upper GI series with small bowel follow-through,1-10 mSv☢☢☢,3-10 mSv [ped]☢☢☢☢,Usually not appropriate
2079,Urologic,"Sepsis, non specific symptoms, unknown origin, initial imaging",3196678,MRI abdomen and pelvis without and with IV contrast,0 mSvO,0 mSv [ped]O,Usually not appropriate
2080,Urologic,"Sepsis, non specific symptoms, unknown origin, initial imaging",3196678,MRI abdomen and pelvis without IV contrast,0 mSvO,0 mSv [ped]O,Usually not appropriate
2081,Urologic,"Sepsis, non specific symptoms, unknown origin, initial imaging",3196678,MRI chest without and with IV contrast,0 mSvO,0 mSv [ped]O,Usually not appropriate
2082,Urologic,"Sepsis, non specific symptoms, unknown origin, initial imaging",3196678,MRI chest without IV contrast,0 mSvO,0 mSv [ped]O,Usually not appropriate
2083,Urologic,"Sepsis, non specific symptoms, unknown origin, initial imaging",3196678,Nuclear medicine scan gallbladder,0.1-1mSv☢☢,,Usually not appropriate
2084,Urologic,"Sepsis, non specific symptoms, unknown origin, initial imaging",3196678,CT abdomen and pelvis without IV contrast,1-10 mSv☢☢☢,3-10 mSv [ped]☢☢☢☢,Usually not appropriate
2085,Urologic,"Sepsis, non specific symptoms, unknown origin, initial imaging",3196678,CT chest without and with IV contrast,1-10 mSv☢☢☢,3-10 mSv [ped]☢☢☢☢,Usually not appropriate
2086,Urologic,"Sepsis, non specific symptoms, unknown origin, initial imaging",3196678,CT abdomen and pelvis without and with IV contrast,10-30 mSv☢☢☢☢,10-30 mSv [ped]☢☢☢☢☢,Usually not appropriate
2087,Urologic,"Sepsis, non specific symptoms, unknown origin, initial imaging",3196678,CT chest abdomen pelvis without and with IV contrast,10-30 mSv☢☢☢☢,10-30 mSv [ped]☢☢☢☢☢,Usually not appropriate
2088,Urologic,"Sepsis, non specific symptoms, unknown origin, initial imaging",3196678,FDG-PET/CT skull base to mid-thigh,10-30 mSv☢☢☢☢,3-10 mSv [ped]☢☢☢☢,Usually not appropriate
2089,Urologic,"Sepsis, non specific symptoms, unknown origin, initial imaging",3196678,WBC scan abdomen and pelvis,10-30 mSv☢☢☢☢,,Usually not appropriate
2090,Urologic,"Testicular cancer, nonseminoma, post orchiectomy, initial staging",3194920,Radiography chest,<0.1 mSv☢,<0.03 mSv [ped]☢,Usually appropriate
2091,Urologic,"Testicular cancer, nonseminoma, post orchiectomy, initial staging",3194920,MRI abdomen and pelvis without and with IV contrast,0 mSvO,0 mSv [ped]O,Usually appropriate
2092,Urologic,"Testicular cancer, nonseminoma, post orchiectomy, initial staging",3194920,CT abdomen and pelvis with IV contrast,1-10 mSv☢☢☢,3-10 mSv [ped]☢☢☢☢,Usually appropriate
2093,Urologic,"Testicular cancer, nonseminoma, post orchiectomy, initial staging",3194920,CT chest with IV contrast,1-10 mSv☢☢☢,3-10 mSv [ped]☢☢☢☢,Usually appropriate
2094,Urologic,"Testicular cancer, nonseminoma, post orchiectomy, initial staging",3194920,MRI abdomen and pelvis without IV contrast,0 mSvO,0 mSv [ped]O,May be appropriate
2095,Urologic,"Testicular cancer, nonseminoma, post orchiectomy, initial staging",3194920,MRI head without and with IV contrast,0 mSvO,0 mSv [ped]O,May be appropriate
2096,Urologic,"Testicular cancer, nonseminoma, post orchiectomy, initial staging",3194920,CT abdomen and pelvis without IV contrast,1-10 mSv☢☢☢,3-10 mSv [ped]☢☢☢☢,May be appropriate
2097,Urologic,"Testicular cancer, nonseminoma, post orchiectomy, initial staging",3194920,CT chest without IV contrast,1-10 mSv☢☢☢,3-10 mSv [ped]☢☢☢☢,May be appropriate
2098,Urologic,"Testicular cancer, nonseminoma, post orchiectomy, initial staging",3194920,US abdomen and retroperitoneum,0 mSvO,0 mSv [ped]O,Usually not appropriate
2099,Urologic,"Testicular cancer, nonseminoma, post orchiectomy, initial staging",3194920,US scrotum,0 mSvO,0 mSv [ped]O,Usually not appropriate
2100,Urologic,"Testicular cancer, nonseminoma, post orchiectomy, initial staging",3194920,MRI head without IV contrast,0 mSvO,0 mSv [ped]O,Usually not appropriate
2101,Urologic,"Testicular cancer, nonseminoma, post orchiectomy, initial staging",3194920,Bone scan whole body,1-10 mSv☢☢☢,3-10 mSv [ped]☢☢☢☢,Usually not appropriate
2102,Urologic,"Testicular cancer, nonseminoma, post orchiectomy, initial staging",3194920,CT chest without and with IV contrast,1-10 mSv☢☢☢,3-10 mSv [ped]☢☢☢☢,Usually not appropriate
2103,Urologic,"Testicular cancer, nonseminoma, post orchiectomy, initial staging",3194920,CT abdomen and pelvis without and with IV contrast,10-30 mSv☢☢☢☢,10-30 mSv [ped]☢☢☢☢☢,Usually not appropriate
2104,Urologic,"Testicular cancer, nonseminoma, post orchiectomy, initial staging",3194920,FDG-PET/CT whole body,10-30 mSv☢☢☢☢,3-10 mSv [ped]☢☢☢☢,Usually not appropriate
2105,Urologic,"Testicular cancer, pure seminoma, post orchiectomy, initial staging",3194918,Radiography chest,<0.1 mSv☢,<0.03 mSv [ped]☢,Usually appropriate
2106,Urologic,"Testicular cancer, pure seminoma, post orchiectomy, initial staging",3194918,MRI abdomen and pelvis without and with IV contrast,0 mSvO,0 mSv [ped]O,Usually appropriate
2107,Urologic,"Testicular cancer, pure seminoma, post orchiectomy, initial staging",3194918,CT abdomen and pelvis with IV contrast,1-10 mSv☢☢☢,3-10 mSv [ped]☢☢☢☢,Usually appropriate
2108,Urologic,"Testicular cancer, pure seminoma, post orchiectomy, initial staging",3194918,MRI abdomen and pelvis without IV contrast,0 mSvO,0 mSv [ped]O,May be appropriate
2109,Urologic,"Testicular cancer, pure seminoma, post orchiectomy, initial staging",3194918,MRI head without and with IV contrast,0 mSvO,0 mSv [ped]O,May be appropriate
2110,Urologic,"Testicular cancer, pure seminoma, post orchiectomy, initial staging",3194918,CT abdomen and pelvis without IV contrast,1-10 mSv☢☢☢,3-10 mSv [ped]☢☢☢☢,May be appropriate
2111,Urologic,"Testicular cancer, pure seminoma, post orchiectomy, initial staging",3194918,CT chest with IV contrast,1-10 mSv☢☢☢,3-10 mSv [ped]☢☢☢☢,May be appropriate
2112,Urologic,"Testicular cancer, pure seminoma, post orchiectomy, initial staging",3194918,CT chest without IV contrast,1-10 mSv☢☢☢,3-10 mSv [ped]☢☢☢☢,May be appropriate
2113,Urologic,"Testicular cancer, pure seminoma, post orchiectomy, initial staging",3194918,US abdomen and retroperitoneum,0 mSvO,0 mSv [ped]O,Usually not appropriate
2114,Urologic,"Testicular cancer, pure seminoma, post orchiectomy, initial staging",3194918,US scrotum,0 mSvO,0 mSv [ped]O,Usually not appropriate
2115,Urologic,"Testicular cancer, pure seminoma, post orchiectomy, initial staging",3194918,MRI head without IV contrast,0 mSvO,0 mSv [ped]O,Usually not appropriate
2116,Urologic,"Testicular cancer, pure seminoma, post orchiectomy, initial staging",3194918,Bone scan whole body,1-10 mSv☢☢☢,3-10 mSv [ped]☢☢☢☢,Usually not appropriate
2117,Urologic,"Testicular cancer, pure seminoma, post orchiectomy, initial staging",3194918,CT chest without and with IV contrast,1-10 mSv☢☢☢,3-10 mSv [ped]☢☢☢☢,Usually not appropriate
2118,Urologic,"Testicular cancer, pure seminoma, post orchiectomy, initial staging",3194918,CT abdomen and pelvis without and with IV contrast,10-30 mSv☢☢☢☢,10-30 mSv [ped]☢☢☢☢☢,Usually not appropriate
2119,Urologic,"Testicular cancer, pure seminoma, post orchiectomy, initial staging",3194918,FDG-PET/CT whole body,10-30 mSv☢☢☢☢,3-10 mSv [ped]☢☢☢☢,Usually not appropriate
2120,Urologic,"Testicular cancer, stage 1A, nonseminoma, no recurrence suspected, post orchiectomy, surveillance",3194925,Radiography chest,<0.1 mSv☢,<0.03 mSv [ped]☢,Usually appropriate
2121,Urologic,"Testicular cancer, stage 1A, nonseminoma, no recurrence suspected, post orchiectomy, surveillance",3194925,MRI abdomen and pelvis without and with IV contrast,0 mSvO,0 mSv [ped]O,Usually appropriate
2122,Urologic,"Testicular cancer, stage 1A, nonseminoma, no recurrence suspected, post orchiectomy, surveillance",3194925,CT abdomen and pelvis with IV contrast,1-10 mSv☢☢☢,3-10 mSv [ped]☢☢☢☢,Usually appropriate
2123,Urologic,"Testicular cancer, stage 1A, nonseminoma, no recurrence suspected, post orchiectomy, surveillance",3194925,US scrotum,0 mSvO,0 mSv [ped]O,May be appropriate
2124,Urologic,"Testicular cancer, stage 1A, nonseminoma, no recurrence suspected, post orchiectomy, surveillance",3194925,MRI abdomen and pelvis without IV contrast,0 mSvO,0 mSv [ped]O,May be appropriate
2125,Urologic,"Testicular cancer, stage 1A, nonseminoma, no recurrence suspected, post orchiectomy, surveillance",3194925,CT abdomen and pelvis without IV contrast,1-10 mSv☢☢☢,3-10 mSv [ped]☢☢☢☢,May be appropriate
2126,Urologic,"Testicular cancer, stage 1A, nonseminoma, no recurrence suspected, post orchiectomy, surveillance",3194925,CT chest with IV contrast,1-10 mSv☢☢☢,3-10 mSv [ped]☢☢☢☢,May be appropriate
2127,Urologic,"Testicular cancer, stage 1A, nonseminoma, no recurrence suspected, post orchiectomy, surveillance",3194925,CT chest without IV contrast,1-10 mSv☢☢☢,3-10 mSv [ped]☢☢☢☢,May be appropriate
2128,Urologic,"Testicular cancer, stage 1A, nonseminoma, no recurrence suspected, post orchiectomy, surveillance",3194925,US abdomen and retroperitoneum,0 mSvO,0 mSv [ped]O,Usually not appropriate
2129,Urologic,"Testicular cancer, stage 1A, nonseminoma, no recurrence suspected, post orchiectomy, surveillance",3194925,MRI head without and with IV contrast,0 mSvO,0 mSv [ped]O,Usually not appropriate
2130,Urologic,"Testicular cancer, stage 1A, nonseminoma, no recurrence suspected, post orchiectomy, surveillance",3194925,MRI head without IV contrast,0 mSvO,0 mSv [ped]O,Usually not appropriate
2131,Urologic,"Testicular cancer, stage 1A, nonseminoma, no recurrence suspected, post orchiectomy, surveillance",3194925,Bone scan whole body,1-10 mSv☢☢☢,3-10 mSv [ped]☢☢☢☢,Usually not appropriate
2132,Urologic,"Testicular cancer, stage 1A, nonseminoma, no recurrence suspected, post orchiectomy, surveillance",3194925,CT chest without and with IV contrast,1-10 mSv☢☢☢,3-10 mSv [ped]☢☢☢☢,Usually not appropriate
2133,Urologic,"Testicular cancer, stage 1A, nonseminoma, no recurrence suspected, post orchiectomy, surveillance",3194925,CT abdomen and pelvis without and with IV contrast,10-30 mSv☢☢☢☢,10-30 mSv [ped]☢☢☢☢☢,Usually not appropriate
2134,Urologic,"Testicular cancer, stage 1A, nonseminoma, no recurrence suspected, post orchiectomy, surveillance",3194925,FDG-PET/CT whole body,10-30 mSv☢☢☢☢,3-10 mSv [ped]☢☢☢☢,Usually not appropriate
2135,Urologic,"Testicular cancer, stage 1A, nonseminoma, recurrence suspected, post orchiectomy, surveillance",3194929,Radiography chest,<0.1 mSv☢,<0.03 mSv [ped]☢,Usually appropriate
2136,Urologic,"Testicular cancer, stage 1A, nonseminoma, recurrence suspected, post orchiectomy, surveillance",3194929,MRI abdomen and pelvis without and with IV contrast,0 mSvO,0 mSv [ped]O,Usually appropriate
2137,Urologic,"Testicular cancer, stage 1A, nonseminoma, recurrence suspected, post orchiectomy, surveillance",3194929,CT abdomen and pelvis with IV contrast,1-10 mSv☢☢☢,3-10 mSv [ped]☢☢☢☢,Usually appropriate
2138,Urologic,"Testicular cancer, stage 1A, nonseminoma, recurrence suspected, post orchiectomy, surveillance",3194929,CT chest with IV contrast,1-10 mSv☢☢☢,3-10 mSv [ped]☢☢☢☢,Usually appropriate
2139,Urologic,"Testicular cancer, stage 1A, nonseminoma, recurrence suspected, post orchiectomy, surveillance",3194929,US scrotum,0 mSvO,0 mSv [ped]O,May be appropriate
2140,Urologic,"Testicular cancer, stage 1A, nonseminoma, recurrence suspected, post orchiectomy, surveillance",3194929,MRI abdomen and pelvis without IV contrast,0 mSvO,0 mSv [ped]O,May be appropriate
2141,Urologic,"Testicular cancer, stage 1A, nonseminoma, recurrence suspected, post orchiectomy, surveillance",3194929,MRI head without and with IV contrast,0 mSvO,0 mSv [ped]O,May be appropriate
2142,Urologic,"Testicular cancer, stage 1A, nonseminoma, recurrence suspected, post orchiectomy, surveillance",3194929,CT abdomen and pelvis without IV contrast,1-10 mSv☢☢☢,3-10 mSv [ped]☢☢☢☢,May be appropriate
2143,Urologic,"Testicular cancer, stage 1A, nonseminoma, recurrence suspected, post orchiectomy, surveillance",3194929,CT chest without IV contrast,1-10 mSv☢☢☢,3-10 mSv [ped]☢☢☢☢,May be appropriate
2144,Urologic,"Testicular cancer, stage 1A, nonseminoma, recurrence suspected, post orchiectomy, surveillance",3194929,FDG-PET/CT whole body,10-30 mSv☢☢☢☢,3-10 mSv [ped]☢☢☢☢,May be appropriate
2145,Urologic,"Testicular cancer, stage 1A, nonseminoma, recurrence suspected, post orchiectomy, surveillance",3194929,US abdomen and retroperitoneum,0 mSvO,0 mSv [ped]O,Usually not appropriate
2146,Urologic,"Testicular cancer, stage 1A, nonseminoma, recurrence suspected, post orchiectomy, surveillance",3194929,MRI head without IV contrast,0 mSvO,0 mSv [ped]O,Usually not appropriate
2147,Urologic,"Testicular cancer, stage 1A, nonseminoma, recurrence suspected, post orchiectomy, surveillance",3194929,Bone scan whole body,1-10 mSv☢☢☢,3-10 mSv [ped]☢☢☢☢,Usually not appropriate
2148,Urologic,"Testicular cancer, stage 1A, nonseminoma, recurrence suspected, post orchiectomy, surveillance",3194929,CT chest without and with IV contrast,1-10 mSv☢☢☢,3-10 mSv [ped]☢☢☢☢,Usually not appropriate
2149,Urologic,"Testicular cancer, stage 1A, nonseminoma, recurrence suspected, post orchiectomy, surveillance",3194929,CT abdomen and pelvis without and with IV contrast,10-30 mSv☢☢☢☢,10-30 mSv [ped]☢☢☢☢☢,Usually not appropriate
2150,Urologic,"Testicular cancer, stage 1A, pure seminoma, no recurrence suspected, post orchiectomy, surveillance",3194922,Radiography chest,<0.1 mSv☢,<0.03 mSv [ped]☢,Usually appropriate
2151,Urologic,"Testicular cancer, stage 1A, pure seminoma, no recurrence suspected, post orchiectomy, surveillance",3194922,MRI abdomen and pelvis without and with IV contrast,0 mSvO,0 mSv [ped]O,Usually appropriate
2152,Urologic,"Testicular cancer, stage 1A, pure seminoma, no recurrence suspected, post orchiectomy, surveillance",3194922,CT abdomen and pelvis with IV contrast,1-10 mSv☢☢☢,3-10 mSv [ped]☢☢☢☢,Usually appropriate
2153,Urologic,"Testicular cancer, stage 1A, pure seminoma, no recurrence suspected, post orchiectomy, surveillance",3194922,US scrotum,0 mSvO,0 mSv [ped]O,May be appropriate
2154,Urologic,"Testicular cancer, stage 1A, pure seminoma, no recurrence suspected, post orchiectomy, surveillance",3194922,MRI abdomen and pelvis without IV contrast,0 mSvO,0 mSv [ped]O,May be appropriate
2155,Urologic,"Testicular cancer, stage 1A, pure seminoma, no recurrence suspected, post orchiectomy, surveillance",3194922,CT abdomen and pelvis without IV contrast,1-10 mSv☢☢☢,3-10 mSv [ped]☢☢☢☢,May be appropriate
2156,Urologic,"Testicular cancer, stage 1A, pure seminoma, no recurrence suspected, post orchiectomy, surveillance",3194922,US abdomen and retroperitoneum,0 mSvO,0 mSv [ped]O,Usually not appropriate
2157,Urologic,"Testicular cancer, stage 1A, pure seminoma, no recurrence suspected, post orchiectomy, surveillance",3194922,MRI head without and with IV contrast,0 mSvO,0 mSv [ped]O,Usually not appropriate
2158,Urologic,"Testicular cancer, stage 1A, pure seminoma, no recurrence suspected, post orchiectomy, surveillance",3194922,MRI head without IV contrast,0 mSvO,0 mSv [ped]O,Usually not appropriate
2159,Urologic,"Testicular cancer, stage 1A, pure seminoma, no recurrence suspected, post orchiectomy, surveillance",3194922,Bone scan whole body,1-10 mSv☢☢☢,3-10 mSv [ped]☢☢☢☢,Usually not appropriate
2160,Urologic,"Testicular cancer, stage 1A, pure seminoma, no recurrence suspected, post orchiectomy, surveillance",3194922,CT chest with IV contrast,1-10 mSv☢☢☢,3-10 mSv [ped]☢☢☢☢,Usually not appropriate
2161,Urologic,"Testicular cancer, stage 1A, pure seminoma, no recurrence suspected, post orchiectomy, surveillance",3194922,CT chest without and with IV contrast,1-10 mSv☢☢☢,3-10 mSv [ped]☢☢☢☢,Usually not appropriate
2162,Urologic,"Testicular cancer, stage 1A, pure seminoma, no recurrence suspected, post orchiectomy, surveillance",3194922,CT chest without IV contrast,1-10 mSv☢☢☢,3-10 mSv [ped]☢☢☢☢,Usually not appropriate
2163,Urologic,"Testicular cancer, stage 1A, pure seminoma, no recurrence suspected, post orchiectomy, surveillance",3194922,CT abdomen and pelvis without and with IV contrast,10-30 mSv☢☢☢☢,10-30 mSv [ped]☢☢☢☢☢,Usually not appropriate
2164,Urologic,"Testicular cancer, stage 1A, pure seminoma, no recurrence suspected, post orchiectomy, surveillance",3194922,FDG-PET/CT whole body,10-30 mSv☢☢☢☢,3-10 mSv [ped]☢☢☢☢,Usually not appropriate
2165,Urologic,"Testicular cancer, stage 1A, pure seminoma, recurrence suspected, post orchiectomy, surveillance",3194928,Radiography chest,<0.1 mSv☢,<0.03 mSv [ped]☢,Usually appropriate
2166,Urologic,"Testicular cancer, stage 1A, pure seminoma, recurrence suspected, post orchiectomy, surveillance",3194928,MRI abdomen and pelvis without and with IV contrast,0 mSvO,0 mSv [ped]O,Usually appropriate
2167,Urologic,"Testicular cancer, stage 1A, pure seminoma, recurrence suspected, post orchiectomy, surveillance",3194928,CT abdomen and pelvis with IV contrast,1-10 mSv☢☢☢,3-10 mSv [ped]☢☢☢☢,Usually appropriate
2168,Urologic,"Testicular cancer, stage 1A, pure seminoma, recurrence suspected, post orchiectomy, surveillance",3194928,CT chest with IV contrast,1-10 mSv☢☢☢,3-10 mSv [ped]☢☢☢☢,Usually appropriate
2169,Urologic,"Testicular cancer, stage 1A, pure seminoma, recurrence suspected, post orchiectomy, surveillance",3194928,US scrotum,0 mSvO,0 mSv [ped]O,May be appropriate
2170,Urologic,"Testicular cancer, stage 1A, pure seminoma, recurrence suspected, post orchiectomy, surveillance",3194928,MRI abdomen and pelvis without IV contrast,0 mSvO,0 mSv [ped]O,May be appropriate
2171,Urologic,"Testicular cancer, stage 1A, pure seminoma, recurrence suspected, post orchiectomy, surveillance",3194928,MRI head without and with IV contrast,0 mSvO,0 mSv [ped]O,May be appropriate
2172,Urologic,"Testicular cancer, stage 1A, pure seminoma, recurrence suspected, post orchiectomy, surveillance",3194928,CT abdomen and pelvis without IV contrast,1-10 mSv☢☢☢,3-10 mSv [ped]☢☢☢☢,May be appropriate
2173,Urologic,"Testicular cancer, stage 1A, pure seminoma, recurrence suspected, post orchiectomy, surveillance",3194928,CT chest without IV contrast,1-10 mSv☢☢☢,3-10 mSv [ped]☢☢☢☢,May be appropriate
2174,Urologic,"Testicular cancer, stage 1A, pure seminoma, recurrence suspected, post orchiectomy, surveillance",3194928,FDG-PET/CT whole body,10-30 mSv☢☢☢☢,3-10 mSv [ped]☢☢☢☢,May be appropriate
2175,Urologic,"Testicular cancer, stage 1A, pure seminoma, recurrence suspected, post orchiectomy, surveillance",3194928,US abdomen and retroperitoneum,0 mSvO,0 mSv [ped]O,Usually not appropriate
2176,Urologic,"Testicular cancer, stage 1A, pure seminoma, recurrence suspected, post orchiectomy, surveillance",3194928,MRI head without IV contrast,0 mSvO,0 mSv [ped]O,Usually not appropriate
2177,Urologic,"Testicular cancer, stage 1A, pure seminoma, recurrence suspected, post orchiectomy, surveillance",3194928,Bone scan whole body,1-10 mSv☢☢☢,3-10 mSv [ped]☢☢☢☢,Usually not appropriate
2178,Urologic,"Testicular cancer, stage 1A, pure seminoma, recurrence suspected, post orchiectomy, surveillance",3194928,CT chest without and with IV contrast,1-10 mSv☢☢☢,3-10 mSv [ped]☢☢☢☢,Usually not appropriate
2179,Urologic,"Testicular cancer, stage 1A, pure seminoma, recurrence suspected, post orchiectomy, surveillance",3194928,CT abdomen and pelvis without and with IV contrast,10-30 mSv☢☢☢☢,10-30 mSv [ped]☢☢☢☢☢,Usually not appropriate
2180,Urologic,"Testicular cancer, stage 1B, nonseminoma, no recurrence suspected, post orchiectomy, surveillance",3194926,Radiography chest,<0.1 mSv☢,<0.03 mSv [ped]☢,Usually appropriate
2181,Urologic,"Testicular cancer, stage 1B, nonseminoma, no recurrence suspected, post orchiectomy, surveillance",3194926,MRI abdomen and pelvis without and with IV contrast,0 mSvO,0 mSv [ped]O,Usually appropriate
2182,Urologic,"Testicular cancer, stage 1B, nonseminoma, no recurrence suspected, post orchiectomy, surveillance",3194926,CT abdomen and pelvis with IV contrast,1-10 mSv☢☢☢,3-10 mSv [ped]☢☢☢☢,Usually appropriate
2183,Urologic,"Testicular cancer, stage 1B, nonseminoma, no recurrence suspected, post orchiectomy, surveillance",3194926,US scrotum,0 mSvO,0 mSv [ped]O,May be appropriate
2184,Urologic,"Testicular cancer, stage 1B, nonseminoma, no recurrence suspected, post orchiectomy, surveillance",3194926,MRI abdomen and pelvis without IV contrast,0 mSvO,0 mSv [ped]O,May be appropriate
2185,Urologic,"Testicular cancer, stage 1B, nonseminoma, no recurrence suspected, post orchiectomy, surveillance",3194926,CT abdomen and pelvis without IV contrast,1-10 mSv☢☢☢,3-10 mSv [ped]☢☢☢☢,May be appropriate
2186,Urologic,"Testicular cancer, stage 1B, nonseminoma, no recurrence suspected, post orchiectomy, surveillance",3194926,CT chest with IV contrast,1-10 mSv☢☢☢,3-10 mSv [ped]☢☢☢☢,May be appropriate
2187,Urologic,"Testicular cancer, stage 1B, nonseminoma, no recurrence suspected, post orchiectomy, surveillance",3194926,CT chest without IV contrast,1-10 mSv☢☢☢,3-10 mSv [ped]☢☢☢☢,May be appropriate
2188,Urologic,"Testicular cancer, stage 1B, nonseminoma, no recurrence suspected, post orchiectomy, surveillance",3194926,US abdomen and retroperitoneum,0 mSvO,0 mSv [ped]O,Usually not appropriate
2189,Urologic,"Testicular cancer, stage 1B, nonseminoma, no recurrence suspected, post orchiectomy, surveillance",3194926,MRI head without and with IV contrast,0 mSvO,0 mSv [ped]O,Usually not appropriate
2190,Urologic,"Testicular cancer, stage 1B, nonseminoma, no recurrence suspected, post orchiectomy, surveillance",3194926,MRI head without IV contrast,0 mSvO,0 mSv [ped]O,Usually not appropriate
2191,Urologic,"Testicular cancer, stage 1B, nonseminoma, no recurrence suspected, post orchiectomy, surveillance",3194926,Bone scan whole body,1-10 mSv☢☢☢,3-10 mSv [ped]☢☢☢☢,Usually not appropriate
2192,Urologic,"Testicular cancer, stage 1B, nonseminoma, no recurrence suspected, post orchiectomy, surveillance",3194926,CT chest without and with IV contrast,1-10 mSv☢☢☢,3-10 mSv [ped]☢☢☢☢,Usually not appropriate
2193,Urologic,"Testicular cancer, stage 1B, nonseminoma, no recurrence suspected, post orchiectomy, surveillance",3194926,CT abdomen and pelvis without and with IV contrast,10-30 mSv☢☢☢☢,10-30 mSv [ped]☢☢☢☢☢,Usually not appropriate
2194,Urologic,"Testicular cancer, stage 1B, nonseminoma, no recurrence suspected, post orchiectomy, surveillance",3194926,FDG-PET/CT whole body,10-30 mSv☢☢☢☢,3-10 mSv [ped]☢☢☢☢,Usually not appropriate
2195,Urologic,"Testicular cancer, stage 1B, nonseminoma, recurrence suspected, post orchiectomy, surveillance",3194931,Radiography chest,<0.1 mSv☢,<0.03 mSv [ped]☢,Usually appropriate
2196,Urologic,"Testicular cancer, stage 1B, nonseminoma, recurrence suspected, post orchiectomy, surveillance",3194931,MRI abdomen and pelvis without and with IV contrast,0 mSvO,0 mSv [ped]O,Usually appropriate
2197,Urologic,"Testicular cancer, stage 1B, nonseminoma, recurrence suspected, post orchiectomy, surveillance",3194931,CT abdomen and pelvis with IV contrast,1-10 mSv☢☢☢,3-10 mSv [ped]☢☢☢☢,Usually appropriate
2198,Urologic,"Testicular cancer, stage 1B, nonseminoma, recurrence suspected, post orchiectomy, surveillance",3194931,CT chest with IV contrast,1-10 mSv☢☢☢,3-10 mSv [ped]☢☢☢☢,Usually appropriate
2199,Urologic,"Testicular cancer, stage 1B, nonseminoma, recurrence suspected, post orchiectomy, surveillance",3194931,US scrotum,0 mSvO,0 mSv [ped]O,May be appropriate
2200,Urologic,"Testicular cancer, stage 1B, nonseminoma, recurrence suspected, post orchiectomy, surveillance",3194931,MRI abdomen and pelvis without IV contrast,0 mSvO,0 mSv [ped]O,May be appropriate
2201,Urologic,"Testicular cancer, stage 1B, nonseminoma, recurrence suspected, post orchiectomy, surveillance",3194931,MRI head without and with IV contrast,0 mSvO,0 mSv [ped]O,May be appropriate
2202,Urologic,"Testicular cancer, stage 1B, nonseminoma, recurrence suspected, post orchiectomy, surveillance",3194931,CT abdomen and pelvis without IV contrast,1-10 mSv☢☢☢,3-10 mSv [ped]☢☢☢☢,May be appropriate
2203,Urologic,"Testicular cancer, stage 1B, nonseminoma, recurrence suspected, post orchiectomy, surveillance",3194931,CT chest without IV contrast,1-10 mSv☢☢☢,3-10 mSv [ped]☢☢☢☢,May be appropriate
2204,Urologic,"Testicular cancer, stage 1B, nonseminoma, recurrence suspected, post orchiectomy, surveillance",3194931,FDG-PET/CT whole body,10-30 mSv☢☢☢☢,3-10 mSv [ped]☢☢☢☢,May be appropriate
2205,Urologic,"Testicular cancer, stage 1B, nonseminoma, recurrence suspected, post orchiectomy, surveillance",3194931,US abdomen and retroperitoneum,0 mSvO,0 mSv [ped]O,Usually not appropriate
2206,Urologic,"Testicular cancer, stage 1B, nonseminoma, recurrence suspected, post orchiectomy, surveillance",3194931,MRI head without IV contrast,0 mSvO,0 mSv [ped]O,Usually not appropriate
2207,Urologic,"Testicular cancer, stage 1B, nonseminoma, recurrence suspected, post orchiectomy, surveillance",3194931,Bone scan whole body,1-10 mSv☢☢☢,3-10 mSv [ped]☢☢☢☢,Usually not appropriate
2208,Urologic,"Testicular cancer, stage 1B, nonseminoma, recurrence suspected, post orchiectomy, surveillance",3194931,CT chest without and with IV contrast,1-10 mSv☢☢☢,3-10 mSv [ped]☢☢☢☢,Usually not appropriate
2209,Urologic,"Testicular cancer, stage 1B, nonseminoma, recurrence suspected, post orchiectomy, surveillance",3194931,CT abdomen and pelvis without and with IV contrast,10-30 mSv☢☢☢☢,10-30 mSv [ped]☢☢☢☢☢,Usually not appropriate
2210,Urologic,"Testicular cancer, stage 1B, pure seminoma, no recurrence suspected, post orchiectomy, surveillance",3194923,Radiography chest,<0.1 mSv☢,<0.03 mSv [ped]☢,Usually appropriate
2211,Urologic,"Testicular cancer, stage 1B, pure seminoma, no recurrence suspected, post orchiectomy, surveillance",3194923,MRI abdomen and pelvis without and with IV contrast,0 mSvO,0 mSv [ped]O,Usually appropriate
2212,Urologic,"Testicular cancer, stage 1B, pure seminoma, no recurrence suspected, post orchiectomy, surveillance",3194923,CT abdomen and pelvis with IV contrast,1-10 mSv☢☢☢,3-10 mSv [ped]☢☢☢☢,Usually appropriate
2213,Urologic,"Testicular cancer, stage 1B, pure seminoma, no recurrence suspected, post orchiectomy, surveillance",3194923,US scrotum,0 mSvO,0 mSv [ped]O,May be appropriate
2214,Urologic,"Testicular cancer, stage 1B, pure seminoma, no recurrence suspected, post orchiectomy, surveillance",3194923,MRI abdomen and pelvis without IV contrast,0 mSvO,0 mSv [ped]O,May be appropriate
2215,Urologic,"Testicular cancer, stage 1B, pure seminoma, no recurrence suspected, post orchiectomy, surveillance",3194923,CT abdomen and pelvis without IV contrast,1-10 mSv☢☢☢,3-10 mSv [ped]☢☢☢☢,May be appropriate
2216,Urologic,"Testicular cancer, stage 1B, pure seminoma, no recurrence suspected, post orchiectomy, surveillance",3194923,US abdomen and retroperitoneum,0 mSvO,0 mSv [ped]O,Usually not appropriate
2217,Urologic,"Testicular cancer, stage 1B, pure seminoma, no recurrence suspected, post orchiectomy, surveillance",3194923,MRI head without and with IV contrast,0 mSvO,0 mSv [ped]O,Usually not appropriate
2218,Urologic,"Testicular cancer, stage 1B, pure seminoma, no recurrence suspected, post orchiectomy, surveillance",3194923,MRI head without IV contrast,0 mSvO,0 mSv [ped]O,Usually not appropriate
2219,Urologic,"Testicular cancer, stage 1B, pure seminoma, no recurrence suspected, post orchiectomy, surveillance",3194923,Bone scan whole body,1-10 mSv☢☢☢,3-10 mSv [ped]☢☢☢☢,Usually not appropriate
2220,Urologic,"Testicular cancer, stage 1B, pure seminoma, no recurrence suspected, post orchiectomy, surveillance",3194923,CT chest with IV contrast,1-10 mSv☢☢☢,3-10 mSv [ped]☢☢☢☢,Usually not appropriate
2221,Urologic,"Testicular cancer, stage 1B, pure seminoma, no recurrence suspected, post orchiectomy, surveillance",3194923,CT chest without and with IV contrast,1-10 mSv☢☢☢,3-10 mSv [ped]☢☢☢☢,Usually not appropriate
2222,Urologic,"Testicular cancer, stage 1B, pure seminoma, no recurrence suspected, post orchiectomy, surveillance",3194923,CT chest without IV contrast,1-10 mSv☢☢☢,3-10 mSv [ped]☢☢☢☢,Usually not appropriate
2223,Urologic,"Testicular cancer, stage 1B, pure seminoma, no recurrence suspected, post orchiectomy, surveillance",3194923,CT abdomen and pelvis without and with IV contrast,10-30 mSv☢☢☢☢,10-30 mSv [ped]☢☢☢☢☢,Usually not appropriate
2224,Urologic,"Testicular cancer, stage 1B, pure seminoma, no recurrence suspected, post orchiectomy, surveillance",3194923,FDG-PET/CT whole body,10-30 mSv☢☢☢☢,3-10 mSv [ped]☢☢☢☢,Usually not appropriate
2225,Urologic,"Testicular cancer, stage 1B, pure seminoma, recurrence suspected, post orchiectomy, surveillance",3194930,Radiography chest,<0.1 mSv☢,<0.03 mSv [ped]☢,Usually appropriate
2226,Urologic,"Testicular cancer, stage 1B, pure seminoma, recurrence suspected, post orchiectomy, surveillance",3194930,MRI abdomen and pelvis without and with IV contrast,0 mSvO,0 mSv [ped]O,Usually appropriate
2227,Urologic,"Testicular cancer, stage 1B, pure seminoma, recurrence suspected, post orchiectomy, surveillance",3194930,CT abdomen and pelvis with IV contrast,1-10 mSv☢☢☢,3-10 mSv [ped]☢☢☢☢,Usually appropriate
2228,Urologic,"Testicular cancer, stage 1B, pure seminoma, recurrence suspected, post orchiectomy, surveillance",3194930,CT chest with IV contrast,1-10 mSv☢☢☢,3-10 mSv [ped]☢☢☢☢,Usually appropriate
2229,Urologic,"Testicular cancer, stage 1B, pure seminoma, recurrence suspected, post orchiectomy, surveillance",3194930,US scrotum,0 mSvO,0 mSv [ped]O,May be appropriate
2230,Urologic,"Testicular cancer, stage 1B, pure seminoma, recurrence suspected, post orchiectomy, surveillance",3194930,MRI abdomen and pelvis without IV contrast,0 mSvO,0 mSv [ped]O,May be appropriate
2231,Urologic,"Testicular cancer, stage 1B, pure seminoma, recurrence suspected, post orchiectomy, surveillance",3194930,MRI head without and with IV contrast,0 mSvO,0 mSv [ped]O,May be appropriate
2232,Urologic,"Testicular cancer, stage 1B, pure seminoma, recurrence suspected, post orchiectomy, surveillance",3194930,CT abdomen and pelvis without IV contrast,1-10 mSv☢☢☢,3-10 mSv [ped]☢☢☢☢,May be appropriate
2233,Urologic,"Testicular cancer, stage 1B, pure seminoma, recurrence suspected, post orchiectomy, surveillance",3194930,CT chest without IV contrast,1-10 mSv☢☢☢,3-10 mSv [ped]☢☢☢☢,May be appropriate
2234,Urologic,"Testicular cancer, stage 1B, pure seminoma, recurrence suspected, post orchiectomy, surveillance",3194930,FDG-PET/CT whole body,10-30 mSv☢☢☢☢,3-10 mSv [ped]☢☢☢☢,May be appropriate
2235,Urologic,"Testicular cancer, stage 1B, pure seminoma, recurrence suspected, post orchiectomy, surveillance",3194930,US abdomen and retroperitoneum,0 mSvO,0 mSv [ped]O,Usually not appropriate
2236,Urologic,"Testicular cancer, stage 1B, pure seminoma, recurrence suspected, post orchiectomy, surveillance",3194930,MRI head without IV contrast,0 mSvO,0 mSv [ped]O,Usually not appropriate
2237,Urologic,"Testicular cancer, stage 1B, pure seminoma, recurrence suspected, post orchiectomy, surveillance",3194930,Bone scan whole body,1-10 mSv☢☢☢,3-10 mSv [ped]☢☢☢☢,Usually not appropriate
2238,Urologic,"Testicular cancer, stage 1B, pure seminoma, recurrence suspected, post orchiectomy, surveillance",3194930,CT chest without and with IV contrast,1-10 mSv☢☢☢,3-10 mSv [ped]☢☢☢☢,Usually not appropriate
2239,Urologic,"Testicular cancer, stage 1B, pure seminoma, recurrence suspected, post orchiectomy, surveillance",3194930,CT abdomen and pelvis without and with IV contrast,10-30 mSv☢☢☢☢,10-30 mSv [ped]☢☢☢☢☢,Usually not appropriate
2240,Urologic,"Urothelial cancer, upper urinary tract, pretreatment staging",3197599,Radiography chest,<0.1 mSv☢,<0.03 mSv [ped]☢,Usually appropriate
2241,Urologic,"Urothelial cancer, upper urinary tract, pretreatment staging",3197599,MRI abdomen and pelvis without and with IV contrast,0 mSvO,0 mSv [ped]O,Usually appropriate
2242,Urologic,"Urothelial cancer, upper urinary tract, pretreatment staging",3197599,MRU without and with IV contrast,0 mSvO,0 mSv [ped]O,Usually appropriate
2243,Urologic,"Urothelial cancer, upper urinary tract, pretreatment staging",3197599,CT chest with IV contrast,1-10 mSv☢☢☢,3-10 mSv [ped]☢☢☢☢,Usually appropriate
2244,Urologic,"Urothelial cancer, upper urinary tract, pretreatment staging",3197599,CTU without and with IV contrast,10-30 mSv☢☢☢☢,10-30 mSv [ped]☢☢☢☢☢,Usually appropriate
2245,Urologic,"Urothelial cancer, upper urinary tract, pretreatment staging",3197599,MRI abdomen and pelvis without IV contrast,0 mSvO,0 mSv [ped]O,May be appropriate
2246,Urologic,"Urothelial cancer, upper urinary tract, pretreatment staging",3197599,MRU without IV contrast,0 mSvO,0 mSv [ped]O,May be appropriate
2247,Urologic,"Urothelial cancer, upper urinary tract, pretreatment staging",3197599,CT abdomen and pelvis with IV contrast,1-10 mSv☢☢☢,3-10 mSv [ped]☢☢☢☢,May be appropriate
2248,Urologic,"Urothelial cancer, upper urinary tract, pretreatment staging",3197599,CT chest without IV contrast,1-10 mSv☢☢☢,3-10 mSv [ped]☢☢☢☢,May be appropriate
2249,Urologic,"Urothelial cancer, upper urinary tract, pretreatment staging",3197599,FDG-PET/MRI skull base to mid-thigh,1-10 mSv☢☢☢,,May be appropriate
2250,Urologic,"Urothelial cancer, upper urinary tract, pretreatment staging",3197599,CT abdomen and pelvis without and with IV contrast,10-30 mSv☢☢☢☢,10-30 mSv [ped]☢☢☢☢☢,May be appropriate
2251,Urologic,"Urothelial cancer, upper urinary tract, pretreatment staging",3197599,FDG-PET/CT skull base to mid-thigh,10-30 mSv☢☢☢☢,3-10 mSv [ped]☢☢☢☢,May be appropriate
2252,Urologic,"Urothelial cancer, upper urinary tract, pretreatment staging",3197599,US kidneys and bladder retroperitoneal,0 mSvO,0 mSv [ped]O,Usually not appropriate
2253,Urologic,"Urothelial cancer, upper urinary tract, pretreatment staging",3197599,US pelvis (bladder),0 mSvO,0 mSv [ped]O,Usually not appropriate
2254,Urologic,"Urothelial cancer, upper urinary tract, pretreatment staging",3197599,Radiography intravenous urography,1-10 mSv☢☢☢,0.3-3 mSv [ped]☢☢☢,Usually not appropriate
2255,Urologic,"Urothelial cancer, upper urinary tract, pretreatment staging",3197599,MRI abdomen without and with IV contrast,0 mSvO,0 mSv [ped]O,Usually not appropriate
2256,Urologic,"Urothelial cancer, upper urinary tract, pretreatment staging",3197599,MRI abdomen without IV contrast,0 mSvO,0 mSv [ped]O,Usually not appropriate
2257,Urologic,"Urothelial cancer, upper urinary tract, pretreatment staging",3197599,MRI head without and with IV contrast,0 mSvO,0 mSv [ped]O,Usually not appropriate
2258,Urologic,"Urothelial cancer, upper urinary tract, pretreatment staging",3197599,MRI head without IV contrast,0 mSvO,0 mSv [ped]O,Usually not appropriate
2259,Urologic,"Urothelial cancer, upper urinary tract, pretreatment staging",3197599,MRI pelvis without and with IV contrast,0 mSvO,0 mSv [ped]O,Usually not appropriate
2260,Urologic,"Urothelial cancer, upper urinary tract, pretreatment staging",3197599,MRI pelvis without IV contrast,0 mSvO,0 mSv [ped]O,Usually not appropriate
2261,Urologic,"Urothelial cancer, upper urinary tract, pretreatment staging",3197599,Bone scan whole body,1-10 mSv☢☢☢,3-10 mSv [ped]☢☢☢☢,Usually not appropriate
2262,Urologic,"Urothelial cancer, upper urinary tract, pretreatment staging",3197599,CT abdomen and pelvis without IV contrast,1-10 mSv☢☢☢,3-10 mSv [ped]☢☢☢☢,Usually not appropriate
2263,Urologic,"Urothelial cancer, upper urinary tract, pretreatment staging",3197599,CT abdomen with IV contrast,1-10 mSv☢☢☢,3-10 mSv [ped]☢☢☢☢,Usually not appropriate
2264,Urologic,"Urothelial cancer, upper urinary tract, pretreatment staging",3197599,CT abdomen without IV contrast,1-10 mSv☢☢☢,3-10 mSv [ped]☢☢☢☢,Usually not appropriate
2265,Urologic,"Urothelial cancer, upper urinary tract, pretreatment staging",3197599,CT chest without and with IV contrast,1-10 mSv☢☢☢,3-10 mSv [ped]☢☢☢☢,Usually not appropriate
2266,Urologic,"Urothelial cancer, upper urinary tract, pretreatment staging",3197599,CT pelvis with IV contrast,1-10 mSv☢☢☢,3-10 mSv [ped]☢☢☢☢,Usually not appropriate
2267,Urologic,"Urothelial cancer, upper urinary tract, pretreatment staging",3197599,CT pelvis without IV contrast,1-10 mSv☢☢☢,3-10 mSv [ped]☢☢☢☢,Usually not appropriate
2268,Urologic,"Urothelial cancer, upper urinary tract, pretreatment staging",3197599,CT abdomen without and with IV contrast,10-30 mSv☢☢☢☢,10-30 mSv [ped]☢☢☢☢☢,Usually not appropriate
2269,Urologic,"Urothelial cancer, upper urinary tract, pretreatment staging",3197599,CT pelvis without and with IV contrast,10-30 mSv☢☢☢☢,3-10 mSv [ped]☢☢☢☢,Usually not appropriate
2270,Urologic,"UTI, lower urinary tract, recurrent, complicated",3191904,MRU without and with IV contrast,0 mSvO,0 mSv [ped]O,Usually appropriate
2271,Urologic,"UTI, lower urinary tract, recurrent, complicated",3191904,CTU without and with IV contrast,10-30 mSv☢☢☢☢,10-30 mSv [ped]☢☢☢☢☢,Usually appropriate
2272,Urologic,"UTI, lower urinary tract, recurrent, complicated",3191904,US kidneys and bladder retroperitoneal,0 mSvO,0 mSv [ped]O,May be appropriate
2273,Urologic,"UTI, lower urinary tract, recurrent, complicated",3191904,Fluoroscopy voiding cystourethrography,0.1-1mSv☢☢,0.03-0.3 mSv [ped]☢☢,May be appropriate
2274,Urologic,"UTI, lower urinary tract, recurrent, complicated",3191904,Fluoroscopy cystography,1-10 mSv☢☢☢,,May be appropriate
2275,Urologic,"UTI, lower urinary tract, recurrent, complicated",3191904,MRI abdomen and pelvis without and with IV contrast,0 mSvO,0 mSv [ped]O,May be appropriate
2276,Urologic,"UTI, lower urinary tract, recurrent, complicated",3191904,MRI abdomen and pelvis without IV contrast,0 mSvO,0 mSv [ped]O,May be appropriate
2277,Urologic,"UTI, lower urinary tract, recurrent, complicated",3191904,CT abdomen and pelvis with IV contrast,1-10 mSv☢☢☢,3-10 mSv [ped]☢☢☢☢,May be appropriate
2278,Urologic,"UTI, lower urinary tract, recurrent, complicated",3191904,CT abdomen and pelvis without IV contrast,1-10 mSv☢☢☢,3-10 mSv [ped]☢☢☢☢,May be appropriate
2279,Urologic,"UTI, lower urinary tract, recurrent, complicated",3191904,CT abdomen and pelvis without and with IV contrast,10-30 mSv☢☢☢☢,10-30 mSv [ped]☢☢☢☢☢,May be appropriate
2280,Urologic,"UTI, lower urinary tract, recurrent, complicated",3191904,CT pelvis with bladder contrast (CT cystography),10-30 mSv☢☢☢☢,3-10 mSv [ped]☢☢☢☢,May be appropriate
2281,Urologic,"UTI, lower urinary tract, recurrent, complicated",3191904,Fluoroscopy urethrography double balloon,0.1-1mSv☢☢,,Usually not appropriate
2282,Urologic,"UTI, lower urinary tract, recurrent, complicated",3191904,Radiography abdomen,0.1-1mSv☢☢,0.03-0.3 mSv [ped]☢☢,Usually not appropriate
2283,Urologic,"UTI, lower urinary tract, recurrent, complicated",3191904,Fluoroscopy contrast enema,1-10 mSv☢☢☢,3-10 mSv [ped]☢☢☢☢,Usually not appropriate
2284,Urologic,"UTI, lower urinary tract, recurrent, complicated",3191904,Radiography intravenous urography,1-10 mSv☢☢☢,0.3-3 mSv [ped]☢☢☢,Usually not appropriate
2285,Urologic,"UTI, lower urinary tract, recurrent, frequent relapses",3191906,MRU without and with IV contrast,0 mSvO,0 mSv [ped]O,Usually appropriate
2286,Urologic,"UTI, lower urinary tract, recurrent, frequent relapses",3191906,CTU without and with IV contrast,10-30 mSv☢☢☢☢,10-30 mSv [ped]☢☢☢☢☢,Usually appropriate
2287,Urologic,"UTI, lower urinary tract, recurrent, frequent relapses",3191906,US kidneys and bladder retroperitoneal,0 mSvO,0 mSv [ped]O,May be appropriate
2288,Urologic,"UTI, lower urinary tract, recurrent, frequent relapses",3191906,Fluoroscopy voiding cystourethrography,0.1-1mSv☢☢,0.03-0.3 mSv [ped]☢☢,May be appropriate
2289,Urologic,"UTI, lower urinary tract, recurrent, frequent relapses",3191906,Fluoroscopy cystography,1-10 mSv☢☢☢,,May be appropriate
2290,Urologic,"UTI, lower urinary tract, recurrent, frequent relapses",3191906,MRI abdomen and pelvis without and with IV contrast,0 mSvO,0 mSv [ped]O,May be appropriate
2291,Urologic,"UTI, lower urinary tract, recurrent, frequent relapses",3191906,MRI abdomen and pelvis without IV contrast,0 mSvO,0 mSv [ped]O,May be appropriate
2292,Urologic,"UTI, lower urinary tract, recurrent, frequent relapses",3191906,CT abdomen and pelvis with IV contrast,1-10 mSv☢☢☢,3-10 mSv [ped]☢☢☢☢,May be appropriate
2293,Urologic,"UTI, lower urinary tract, recurrent, frequent relapses",3191906,CT abdomen and pelvis without IV contrast,1-10 mSv☢☢☢,3-10 mSv [ped]☢☢☢☢,May be appropriate
2294,Urologic,"UTI, lower urinary tract, recurrent, frequent relapses",3191906,CT abdomen and pelvis without and with IV contrast,10-30 mSv☢☢☢☢,10-30 mSv [ped]☢☢☢☢☢,May be appropriate
2295,Urologic,"UTI, lower urinary tract, recurrent, frequent relapses",3191906,CT pelvis with bladder contrast (CT cystography),10-30 mSv☢☢☢☢,3-10 mSv [ped]☢☢☢☢,May be appropriate
2296,Urologic,"UTI, lower urinary tract, recurrent, frequent relapses",3191906,Fluoroscopy urethrography double balloon,0.1-1mSv☢☢,,Usually not appropriate
2297,Urologic,"UTI, lower urinary tract, recurrent, frequent relapses",3191906,Radiography abdomen,0.1-1mSv☢☢,0.03-0.3 mSv [ped]☢☢,Usually not appropriate
2298,Urologic,"UTI, lower urinary tract, recurrent, frequent relapses",3191906,Fluoroscopy contrast enema,1-10 mSv☢☢☢,3-10 mSv [ped]☢☢☢☢,Usually not appropriate
2299,Urologic,"UTI, lower urinary tract, recurrent, frequent relapses",3191906,Radiography intravenous urography,1-10 mSv☢☢☢,0.3-3 mSv [ped]☢☢☢,Usually not appropriate
2300,Urologic,"UTI, lower urinary tract, recurrent, no response to conventional therapy",3191905,MRU without and with IV contrast,0 mSvO,0 mSv [ped]O,Usually appropriate
2301,Urologic,"UTI, lower urinary tract, recurrent, no response to conventional therapy",3191905,CTU without and with IV contrast,10-30 mSv☢☢☢☢,10-30 mSv [ped]☢☢☢☢☢,Usually appropriate
2302,Urologic,"UTI, lower urinary tract, recurrent, no response to conventional therapy",3191905,US kidneys and bladder retroperitoneal,0 mSvO,0 mSv [ped]O,May be appropriate
2303,Urologic,"UTI, lower urinary tract, recurrent, no response to conventional therapy",3191905,Fluoroscopy voiding cystourethrography,0.1-1mSv☢☢,0.03-0.3 mSv [ped]☢☢,May be appropriate
2304,Urologic,"UTI, lower urinary tract, recurrent, no response to conventional therapy",3191905,Fluoroscopy cystography,1-10 mSv☢☢☢,,May be appropriate
2305,Urologic,"UTI, lower urinary tract, recurrent, no response to conventional therapy",3191905,MRI abdomen and pelvis without and with IV contrast,0 mSvO,0 mSv [ped]O,May be appropriate
2306,Urologic,"UTI, lower urinary tract, recurrent, no response to conventional therapy",3191905,MRI abdomen and pelvis without IV contrast,0 mSvO,0 mSv [ped]O,May be appropriate
2307,Urologic,"UTI, lower urinary tract, recurrent, no response to conventional therapy",3191905,CT abdomen and pelvis with IV contrast,1-10 mSv☢☢☢,3-10 mSv [ped]☢☢☢☢,May be appropriate
2308,Urologic,"UTI, lower urinary tract, recurrent, no response to conventional therapy",3191905,CT abdomen and pelvis without IV contrast,1-10 mSv☢☢☢,3-10 mSv [ped]☢☢☢☢,May be appropriate
2309,Urologic,"UTI, lower urinary tract, recurrent, no response to conventional therapy",3191905,CT abdomen and pelvis without and with IV contrast,10-30 mSv☢☢☢☢,10-30 mSv [ped]☢☢☢☢☢,May be appropriate
2310,Urologic,"UTI, lower urinary tract, recurrent, no response to conventional therapy",3191905,CT pelvis with bladder contrast (CT cystography),10-30 mSv☢☢☢☢,3-10 mSv [ped]☢☢☢☢,May be appropriate
2311,Urologic,"UTI, lower urinary tract, recurrent, no response to conventional therapy",3191905,Fluoroscopy urethrography double balloon,0.1-1mSv☢☢,,Usually not appropriate
2312,Urologic,"UTI, lower urinary tract, recurrent, no response to conventional therapy",3191905,Radiography abdomen,0.1-1mSv☢☢,0.03-0.3 mSv [ped]☢☢,Usually not appropriate
2313,Urologic,"UTI, lower urinary tract, recurrent, no response to conventional therapy",3191905,Fluoroscopy contrast enema,1-10 mSv☢☢☢,3-10 mSv [ped]☢☢☢☢,Usually not appropriate
2314,Urologic,"UTI, lower urinary tract, recurrent, no response to conventional therapy",3191905,Radiography intravenous urography,1-10 mSv☢☢☢,0.3-3 mSv [ped]☢☢☢,Usually not appropriate
2315,Urologic,"UTI, lower urinary tract, recurrent, uncomplicated, no risk factors",3074311,US kidneys and bladder retroperitoneal,0 mSvO,0 mSv [ped]O,Usually not appropriate
2316,Urologic,"UTI, lower urinary tract, recurrent, uncomplicated, no risk factors",3074311,Fluoroscopy voiding cystourethrography,0.1-1mSv☢☢,0.03-0.3 mSv [ped]☢☢,Usually not appropriate
2317,Urologic,"UTI, lower urinary tract, recurrent, uncomplicated, no risk factors",3074311,Radiography abdomen,0.1-1mSv☢☢,0.03-0.3 mSv [ped]☢☢,Usually not appropriate
2318,Urologic,"UTI, lower urinary tract, recurrent, uncomplicated, no risk factors",3074311,Fluoroscopy contrast enema,1-10 mSv☢☢☢,3-10 mSv [ped]☢☢☢☢,Usually not appropriate
2319,Urologic,"UTI, lower urinary tract, recurrent, uncomplicated, no risk factors",3074311,Fluoroscopy cystography,1-10 mSv☢☢☢,,Usually not appropriate
2320,Urologic,"UTI, lower urinary tract, recurrent, uncomplicated, no risk factors",3074311,Radiography intravenous urography,1-10 mSv☢☢☢,0.3-3 mSv [ped]☢☢☢,Usually not appropriate
2321,Urologic,"UTI, lower urinary tract, recurrent, uncomplicated, no risk factors",3074311,MRI abdomen and pelvis without and with IV contrast,0 mSvO,0 mSv [ped]O,Usually not appropriate
2322,Urologic,"UTI, lower urinary tract, recurrent, uncomplicated, no risk factors",3074311,MRI abdomen and pelvis without IV contrast,0 mSvO,0 mSv [ped]O,Usually not appropriate
2323,Urologic,"UTI, lower urinary tract, recurrent, uncomplicated, no risk factors",3074311,MRU without and with IV contrast,0 mSvO,0 mSv [ped]O,Usually not appropriate
2324,Urologic,"UTI, lower urinary tract, recurrent, uncomplicated, no risk factors",3074311,CT abdomen and pelvis with IV contrast,1-10 mSv☢☢☢,3-10 mSv [ped]☢☢☢☢,Usually not appropriate
2325,Urologic,"UTI, lower urinary tract, recurrent, uncomplicated, no risk factors",3074311,CT abdomen and pelvis without IV contrast,1-10 mSv☢☢☢,3-10 mSv [ped]☢☢☢☢,Usually not appropriate
2326,Urologic,"UTI, lower urinary tract, recurrent, uncomplicated, no risk factors",3074311,CT abdomen and pelvis without and with IV contrast,10-30 mSv☢☢☢☢,10-30 mSv [ped]☢☢☢☢☢,Usually not appropriate
2327,Urologic,"UTI, lower urinary tract, recurrent, uncomplicated, no risk factors",3074311,CT pelvis with bladder contrast (CT cystography),10-30 mSv☢☢☢☢,3-10 mSv [ped]☢☢☢☢,Usually not appropriate
2328,Urologic,"UTI, lower urinary tract, recurrent, uncomplicated, no risk factors",3074311,CTU without and with IV contrast,10-30 mSv☢☢☢☢,10-30 mSv [ped]☢☢☢☢☢,Usually not appropriate
