,panel,scenario-text,scenario-id,procedure,adult-rrl,peds-rrl,appropriateness
0,Vascular,"AAA screening, asymptomatic, with or without family hx of AAA",3196908,US aorta abdomen,0 mSvO,0 mSv [ped]O,Usually appropriate
1,Vascular,"AAA screening, asymptomatic, with or without family hx of AAA",3196908,US duplex Doppler aorta abdomen,0 mSvO,0 mSv [ped]O,May be appropriate
2,Vascular,"AAA screening, asymptomatic, with or without family hx of AAA",3196908,CT abdomen and pelvis without IV contrast,1-10 mSv☢☢☢,3-10 mSv [ped]☢☢☢☢,May be appropriate (Disagreement)
3,Vascular,"AAA screening, asymptomatic, with or without family hx of AAA",3196908,Radiography abdomen and pelvis,1-10 mSv☢☢☢,0.3-3 mSv [ped]☢☢☢,Usually not appropriate
4,Vascular,"AAA screening, asymptomatic, with or without family hx of AAA",3196908,Aortography abdomen and pelvis,10-30 mSv☢☢☢☢,,Usually not appropriate
5,Vascular,"AAA screening, asymptomatic, with or without family hx of AAA",3196908,MRA abdomen and pelvis with IV contrast,0 mSvO,0 mSv [ped]O,Usually not appropriate
6,Vascular,"AAA screening, asymptomatic, with or without family hx of AAA",3196908,MRA abdomen and pelvis without and with IV contrast,0 mSvO,0 mSv [ped]O,Usually not appropriate
7,Vascular,"AAA screening, asymptomatic, with or without family hx of AAA",3196908,MRA abdomen and pelvis without IV contrast,0 mSvO,0 mSv [ped]O,Usually not appropriate
8,Vascular,"AAA screening, asymptomatic, with or without family hx of AAA",3196908,MRI abdomen and pelvis with IV contrast,0 mSvO,0 mSv [ped]O,Usually not appropriate
9,Vascular,"AAA screening, asymptomatic, with or without family hx of AAA",3196908,MRI abdomen and pelvis without and with IV contrast,0 mSvO,0 mSv [ped]O,Usually not appropriate
10,Vascular,"AAA screening, asymptomatic, with or without family hx of AAA",3196908,MRI abdomen and pelvis without IV contrast,0 mSvO,0 mSv [ped]O,Usually not appropriate
11,Vascular,"AAA screening, asymptomatic, with or without family hx of AAA",3196908,CT abdomen and pelvis with IV contrast,1-10 mSv☢☢☢,3-10 mSv [ped]☢☢☢☢,Usually not appropriate
12,Vascular,"AAA screening, asymptomatic, with or without family hx of AAA",3196908,CT abdomen and pelvis without and with IV contrast,10-30 mSv☢☢☢☢,10-30 mSv [ped]☢☢☢☢☢,Usually not appropriate
13,Vascular,"AAA screening, asymptomatic, with or without family hx of AAA",3196908,CTA abdomen and pelvis with IV contrast,10-30 mSv☢☢☢☢,,Usually not appropriate
14,Vascular,"AAA screening, asymptomatic, with or without family hx of AAA",3196908,CTA abdomen and pelvis without and with IV contrast,10-30 mSv☢☢☢☢,,Usually not appropriate
15,Vascular,"AAA screening, asymptomatic, with or without smoking hx",3196909,US aorta abdomen,0 mSvO,0 mSv [ped]O,Usually appropriate
16,Vascular,"AAA screening, asymptomatic, with or without smoking hx",3196909,US duplex Doppler aorta abdomen,0 mSvO,0 mSv [ped]O,May be appropriate
17,Vascular,"AAA screening, asymptomatic, with or without smoking hx",3196909,CT abdomen and pelvis without IV contrast,1-10 mSv☢☢☢,3-10 mSv [ped]☢☢☢☢,May be appropriate (Disagreement)
18,Vascular,"AAA screening, asymptomatic, with or without smoking hx",3196909,Radiography abdomen and pelvis,1-10 mSv☢☢☢,0.3-3 mSv [ped]☢☢☢,Usually not appropriate
19,Vascular,"AAA screening, asymptomatic, with or without smoking hx",3196909,Aortography abdomen and pelvis,10-30 mSv☢☢☢☢,,Usually not appropriate
20,Vascular,"AAA screening, asymptomatic, with or without smoking hx",3196909,MRA abdomen and pelvis with IV contrast,0 mSvO,0 mSv [ped]O,Usually not appropriate
21,Vascular,"AAA screening, asymptomatic, with or without smoking hx",3196909,MRA abdomen and pelvis without and with IV contrast,0 mSvO,0 mSv [ped]O,Usually not appropriate
22,Vascular,"AAA screening, asymptomatic, with or without smoking hx",3196909,MRA abdomen and pelvis without IV contrast,0 mSvO,0 mSv [ped]O,Usually not appropriate
23,Vascular,"AAA screening, asymptomatic, with or without smoking hx",3196909,MRI abdomen and pelvis with IV contrast,0 mSvO,0 mSv [ped]O,Usually not appropriate
24,Vascular,"AAA screening, asymptomatic, with or without smoking hx",3196909,MRI abdomen and pelvis without and with IV contrast,0 mSvO,0 mSv [ped]O,Usually not appropriate
25,Vascular,"AAA screening, asymptomatic, with or without smoking hx",3196909,MRI abdomen and pelvis without IV contrast,0 mSvO,0 mSv [ped]O,Usually not appropriate
26,Vascular,"AAA screening, asymptomatic, with or without smoking hx",3196909,CT abdomen and pelvis with IV contrast,1-10 mSv☢☢☢,3-10 mSv [ped]☢☢☢☢,Usually not appropriate
27,Vascular,"AAA screening, asymptomatic, with or without smoking hx",3196909,CT abdomen and pelvis without and with IV contrast,10-30 mSv☢☢☢☢,10-30 mSv [ped]☢☢☢☢☢,Usually not appropriate
28,Vascular,"AAA screening, asymptomatic, with or without smoking hx",3196909,CTA abdomen and pelvis with IV contrast,10-30 mSv☢☢☢☢,,Usually not appropriate
29,Vascular,"AAA screening, asymptomatic, with or without smoking hx",3196909,CTA abdomen and pelvis without and with IV contrast,10-30 mSv☢☢☢☢,,Usually not appropriate
30,Vascular,"AAA, asymptomatic, surveillance",3149334,US duplex Doppler aorta abdomen,0 mSvO,0 mSv [ped]O,Usually appropriate
31,Vascular,"AAA, asymptomatic, surveillance",3149334,MRA abdomen and pelvis with IV contrast,0 mSvO,0 mSv [ped]O,Usually appropriate
32,Vascular,"AAA, asymptomatic, surveillance",3149334,CTA abdomen and pelvis with IV contrast,10-30 mSv☢☢☢☢,,Usually appropriate
33,Vascular,"AAA, asymptomatic, surveillance",3149334,MRA abdomen and pelvis without and with IV contrast,0 mSvO,0 mSv [ped]O,May be appropriate
34,Vascular,"AAA, asymptomatic, surveillance",3149334,MRA abdomen and pelvis without IV contrast,0 mSvO,0 mSv [ped]O,May be appropriate
35,Vascular,"AAA, asymptomatic, surveillance",3149334,MRI abdomen and pelvis with IV contrast,0 mSvO,0 mSv [ped]O,May be appropriate
36,Vascular,"AAA, asymptomatic, surveillance",3149334,MRI abdomen and pelvis without and with IV contrast,0 mSvO,0 mSv [ped]O,May be appropriate
37,Vascular,"AAA, asymptomatic, surveillance",3149334,MRI abdomen and pelvis without IV contrast,0 mSvO,0 mSv [ped]O,May be appropriate (Disagreement)
38,Vascular,"AAA, asymptomatic, surveillance",3149334,CT abdomen and pelvis with IV contrast,1-10 mSv☢☢☢,3-10 mSv [ped]☢☢☢☢,May be appropriate
39,Vascular,"AAA, asymptomatic, surveillance",3149334,CT abdomen and pelvis without IV contrast,1-10 mSv☢☢☢,3-10 mSv [ped]☢☢☢☢,May be appropriate
40,Vascular,"AAA, asymptomatic, surveillance",3149334,CT abdomen and pelvis without and with IV contrast,10-30 mSv☢☢☢☢,10-30 mSv [ped]☢☢☢☢☢,May be appropriate
41,Vascular,"AAA, asymptomatic, surveillance",3149334,Aortography abdomen,1-10 mSv☢☢☢,,Usually not appropriate
42,Vascular,"AAA, asymptomatic, surveillance",3149334,Radiography chest abdomen pelvis,1-10 mSv☢☢☢,0.3-3 mSv [ped]☢☢☢,Usually not appropriate
43,Vascular,"AAA, f/u after repair (open or endovasc)",3079770,MRA abdomen and pelvis without and with IV contrast,0 mSvO,0 mSv [ped]O,Usually appropriate
44,Vascular,"AAA, f/u after repair (open or endovasc)",3079770,CTA abdomen and pelvis with IV contrast,10-30 mSv☢☢☢☢,,Usually appropriate
45,Vascular,"AAA, f/u after repair (open or endovasc)",3079770,US duplex Doppler aorta abdomen,0 mSvO,0 mSv [ped]O,May be appropriate
46,Vascular,"AAA, f/u after repair (open or endovasc)",3079770,Aortography abdomen,1-10 mSv☢☢☢,,May be appropriate
47,Vascular,"AAA, f/u after repair (open or endovasc)",3079770,Radiography abdomen and pelvis,1-10 mSv☢☢☢,0.3-3 mSv [ped]☢☢☢,May be appropriate
48,Vascular,"AAA, f/u after repair (open or endovasc)",3079770,MRA abdomen and pelvis without IV contrast,0 mSvO,0 mSv [ped]O,May be appropriate
49,Vascular,"AAA, f/u after repair (open or endovasc)",3079770,CT abdomen and pelvis with IV contrast,1-10 mSv☢☢☢,3-10 mSv [ped]☢☢☢☢,May be appropriate (Disagreement)
50,Vascular,"AAA, f/u after repair (open or endovasc)",3079770,CT abdomen and pelvis without IV contrast,1-10 mSv☢☢☢,3-10 mSv [ped]☢☢☢☢,May be appropriate
51,Vascular,"AAA, f/u after repair (open or endovasc)",3079770,CT abdomen and pelvis without and with IV contrast,10-30 mSv☢☢☢☢,10-30 mSv [ped]☢☢☢☢☢,May be appropriate
52,Vascular,"AAA, f/u after repair (open or endovasc)",3079770,CT abdomen and pelvis without IV contrast and US aorta abdomen with duplex Doppler,10-30 mSv☢☢☢☢,3-10 mSv [ped]☢☢☢☢,May be appropriate
53,Vascular,"AAA, pre-op planning (open or endovasc)",3079769,MRA abdomen and pelvis without and with IV contrast,0 mSvO,0 mSv [ped]O,Usually appropriate
54,Vascular,"AAA, pre-op planning (open or endovasc)",3079769,CTA abdomen and pelvis with IV contrast,10-30 mSv☢☢☢☢,,Usually appropriate
55,Vascular,"AAA, pre-op planning (open or endovasc)",3079769,Aortography abdomen,1-10 mSv☢☢☢,,May be appropriate
56,Vascular,"AAA, pre-op planning (open or endovasc)",3079769,MRA abdomen and pelvis without IV contrast,0 mSvO,0 mSv [ped]O,May be appropriate
57,Vascular,"AAA, pre-op planning (open or endovasc)",3079769,CT abdomen and pelvis with IV contrast,1-10 mSv☢☢☢,3-10 mSv [ped]☢☢☢☢,May be appropriate
58,Vascular,"AAA, pre-op planning (open or endovasc)",3079769,CT abdomen and pelvis without IV contrast,1-10 mSv☢☢☢,3-10 mSv [ped]☢☢☢☢,May be appropriate
59,Vascular,"AAA, pre-op planning (open or endovasc)",3079769,CT abdomen and pelvis without and with IV contrast,10-30 mSv☢☢☢☢,10-30 mSv [ped]☢☢☢☢☢,May be appropriate
60,Vascular,"AAA, pre-op planning (open or endovasc)",3079769,US duplex Doppler aorta abdomen,0 mSvO,0 mSv [ped]O,Usually not appropriate
61,Vascular,"AAA, pre-op planning (open or endovasc)",3079769,Radiography abdomen and pelvis,1-10 mSv☢☢☢,0.3-3 mSv [ped]☢☢☢,Usually not appropriate
62,Vascular,"AAA, pre-op planning (open or endovasc)",3079769,CT abdomen and pelvis without IV contrast and US aorta abdomen with duplex Doppler,10-30 mSv☢☢☢☢,3-10 mSv [ped]☢☢☢☢,Usually not appropriate
63,Vascular,"Abdominal mass, pulsatile, abdominal aortic aneurysm suspected, initial imaging",3196605,US aorta abdomen,0 mSvO,0 mSv [ped]O,Usually appropriate
64,Vascular,"Abdominal mass, pulsatile, abdominal aortic aneurysm suspected, initial imaging",3196605,MRA abdomen and pelvis with IV contrast,0 mSvO,0 mSv [ped]O,Usually appropriate
65,Vascular,"Abdominal mass, pulsatile, abdominal aortic aneurysm suspected, initial imaging",3196605,MRA abdomen and pelvis without and with IV contrast,0 mSvO,0 mSv [ped]O,Usually appropriate
66,Vascular,"Abdominal mass, pulsatile, abdominal aortic aneurysm suspected, initial imaging",3196605,MRA abdomen and pelvis without IV contrast,0 mSvO,0 mSv [ped]O,Usually appropriate
67,Vascular,"Abdominal mass, pulsatile, abdominal aortic aneurysm suspected, initial imaging",3196605,CTA abdomen and pelvis with IV contrast,10-30 mSv☢☢☢☢,,Usually appropriate
68,Vascular,"Abdominal mass, pulsatile, abdominal aortic aneurysm suspected, initial imaging",3196605,CTA abdomen and pelvis without and with IV contrast,10-30 mSv☢☢☢☢,,Usually appropriate
69,Vascular,"Abdominal mass, pulsatile, abdominal aortic aneurysm suspected, initial imaging",3196605,MRI abdomen and pelvis with IV contrast,0 mSvO,0 mSv [ped]O,May be appropriate
70,Vascular,"Abdominal mass, pulsatile, abdominal aortic aneurysm suspected, initial imaging",3196605,MRI abdomen and pelvis without and with IV contrast,0 mSvO,0 mSv [ped]O,May be appropriate
71,Vascular,"Abdominal mass, pulsatile, abdominal aortic aneurysm suspected, initial imaging",3196605,MRI abdomen and pelvis without IV contrast,0 mSvO,0 mSv [ped]O,May be appropriate
72,Vascular,"Abdominal mass, pulsatile, abdominal aortic aneurysm suspected, initial imaging",3196605,CT abdomen and pelvis with IV contrast,1-10 mSv☢☢☢,3-10 mSv [ped]☢☢☢☢,May be appropriate
73,Vascular,"Abdominal mass, pulsatile, abdominal aortic aneurysm suspected, initial imaging",3196605,CT abdomen and pelvis without IV contrast,1-10 mSv☢☢☢,3-10 mSv [ped]☢☢☢☢,May be appropriate
74,Vascular,"Abdominal mass, pulsatile, abdominal aortic aneurysm suspected, initial imaging",3196605,CT abdomen and pelvis without and with IV contrast,10-30 mSv☢☢☢☢,10-30 mSv [ped]☢☢☢☢☢,May be appropriate
75,Vascular,"Abdominal mass, pulsatile, abdominal aortic aneurysm suspected, initial imaging",3196605,US intravascular aorta abdomen,0 mSvO,0 mSv [ped]O,Usually not appropriate
76,Vascular,"Abdominal mass, pulsatile, abdominal aortic aneurysm suspected, initial imaging",3196605,Aortography abdomen,1-10 mSv☢☢☢,,Usually not appropriate
77,Vascular,"Abdominal mass, pulsatile, abdominal aortic aneurysm suspected, initial imaging",3196605,Radiography abdomen and pelvis,1-10 mSv☢☢☢,0.3-3 mSv [ped]☢☢☢,Usually not appropriate
78,Vascular,"Abdominal mass, pulsatile, abdominal aortic aneurysm suspected, initial imaging",3196605,FDG-PET/CT skull base to mid-thigh,10-30 mSv☢☢☢☢,3-10 mSv [ped]☢☢☢☢,Usually not appropriate
79,Vascular,"Abnormal skin changes associated with the upper or lower extremity hemodialysis access cannulation site, including marked thinning, ulceration, eschar formation, spontaneous bleeding, pseudoaneurysm formation, superficial or deep infection. Treatment and procedures.",3196515,Surgical consultation,,,Usually appropriate
80,Vascular,"Abnormal skin changes associated with the upper or lower extremity hemodialysis access cannulation site, including marked thinning, ulceration, eschar formation, spontaneous bleeding, pseudoaneurysm formation, superficial or deep infection. Treatment and procedures.",3196515,Placement of a new tunneled dialysis catheter,,,Usually appropriate
81,Vascular,"Abnormal skin changes associated with the upper or lower extremity hemodialysis access cannulation site, including marked thinning, ulceration, eschar formation, spontaneous bleeding, pseudoaneurysm formation, superficial or deep infection. Treatment and procedures.",3196515,Fluoroscopy fistulography hemodialysis access with intervention,,,May be appropriate
82,Vascular,"Abnormal skin changes associated with the upper or lower extremity hemodialysis access cannulation site, including marked thinning, ulceration, eschar formation, spontaneous bleeding, pseudoaneurysm formation, superficial or deep infection. Treatment and procedures.",3196515,Continued hemodialysis access use with surveillance,,,Usually not appropriate
83,Vascular,"Aortic disease, atherosclerotic, initial imaging",3194059,US abdomen,0 mSvO,0 mSv [ped]O,Usually appropriate
84,Vascular,"Aortic disease, atherosclerotic, initial imaging",3194059,Radiography chest,<0.1 mSv☢,<0.03 mSv [ped]☢,Usually appropriate
85,Vascular,"Aortic disease, atherosclerotic, initial imaging",3194059,MRA chest and abdomen without and with IV contrast,0 mSvO,0 mSv [ped]O,Usually appropriate
86,Vascular,"Aortic disease, atherosclerotic, initial imaging",3194059,MRA chest and abdomen without IV contrast,0 mSvO,0 mSv [ped]O,Usually appropriate
87,Vascular,"Aortic disease, atherosclerotic, initial imaging",3194059,CTA chest and abdomen with IV contrast,10-30 mSv☢☢☢☢,,Usually appropriate
88,Vascular,"Aortic disease, atherosclerotic, initial imaging",3194059,US echocardiography transthoracic resting,0 mSvO,0 mSv [ped]O,May be appropriate
89,Vascular,"Aortic disease, atherosclerotic, initial imaging",3194059,CT chest and abdomen with IV contrast,10-30 mSv☢☢☢☢,,May be appropriate
90,Vascular,"Aortic disease, atherosclerotic, initial imaging",3194059,CT chest and abdomen without IV contrast,10-30 mSv☢☢☢☢,,May be appropriate
91,Vascular,"Aortic disease, atherosclerotic, initial imaging",3194059,US echocardiography transesophageal,0 mSvO,0 mSv [ped]O,Usually not appropriate
92,Vascular,"Aortic disease, atherosclerotic, initial imaging",3194059,Aortography chest and abdomen,10-30 mSv☢☢☢☢,,Usually not appropriate
93,Vascular,"Aortic disease, atherosclerotic, initial imaging",3194059,CT chest and abdomen without and with IV contrast,10-30 mSv☢☢☢☢,,Usually not appropriate
94,Vascular,"Aortic disease, atherosclerotic, initial imaging",3194059,FDG-PET/CT skull base to mid-thigh,10-30 mSv☢☢☢☢,3-10 mSv [ped]☢☢☢☢,Usually not appropriate
95,Vascular,"Aortic disease, congenital, initial imaging",3194014,US echocardiography transthoracic resting,0 mSvO,0 mSv [ped]O,Usually appropriate
96,Vascular,"Aortic disease, congenital, initial imaging",3194014,Radiography chest,<0.1 mSv☢,<0.03 mSv [ped]☢,Usually appropriate
97,Vascular,"Aortic disease, congenital, initial imaging",3194014,MRA chest and abdomen without and with IV contrast,0 mSvO,0 mSv [ped]O,Usually appropriate
98,Vascular,"Aortic disease, congenital, initial imaging",3194014,MRA chest and abdomen without IV contrast,0 mSvO,0 mSv [ped]O,Usually appropriate
99,Vascular,"Aortic disease, congenital, initial imaging",3194014,CTA chest and abdomen with IV contrast,10-30 mSv☢☢☢☢,,Usually appropriate
100,Vascular,"Aortic disease, congenital, initial imaging",3194014,US abdomen,0 mSvO,0 mSv [ped]O,May be appropriate
101,Vascular,"Aortic disease, congenital, initial imaging",3194014,US echocardiography transesophageal,0 mSvO,0 mSv [ped]O,May be appropriate
102,Vascular,"Aortic disease, congenital, initial imaging",3194014,Aortography chest and abdomen,10-30 mSv☢☢☢☢,,May be appropriate
103,Vascular,"Aortic disease, congenital, initial imaging",3194014,CT chest and abdomen with IV contrast,10-30 mSv☢☢☢☢,,Usually not appropriate
104,Vascular,"Aortic disease, congenital, initial imaging",3194014,CT chest and abdomen without and with IV contrast,10-30 mSv☢☢☢☢,,Usually not appropriate
105,Vascular,"Aortic disease, congenital, initial imaging",3194014,CT chest and abdomen without IV contrast,10-30 mSv☢☢☢☢,,Usually not appropriate
106,Vascular,"Aortic disease, congenital, initial imaging",3194014,FDG-PET/CT skull base to mid-thigh,10-30 mSv☢☢☢☢,3-10 mSv [ped]☢☢☢☢,Usually not appropriate
107,Vascular,"Aortic disease, degenerative, initial imaging",3194058,US abdomen,0 mSvO,0 mSv [ped]O,Usually appropriate
108,Vascular,"Aortic disease, degenerative, initial imaging",3194058,Radiography chest,<0.1 mSv☢,<0.03 mSv [ped]☢,Usually appropriate
109,Vascular,"Aortic disease, degenerative, initial imaging",3194058,MRA chest and abdomen without and with IV contrast,0 mSvO,0 mSv [ped]O,Usually appropriate
110,Vascular,"Aortic disease, degenerative, initial imaging",3194058,MRA chest and abdomen without IV contrast,0 mSvO,0 mSv [ped]O,Usually appropriate
111,Vascular,"Aortic disease, degenerative, initial imaging",3194058,CTA chest and abdomen with IV contrast,10-30 mSv☢☢☢☢,,Usually appropriate
112,Vascular,"Aortic disease, degenerative, initial imaging",3194058,US echocardiography transthoracic resting,0 mSvO,0 mSv [ped]O,May be appropriate
113,Vascular,"Aortic disease, degenerative, initial imaging",3194058,CT chest and abdomen with IV contrast,10-30 mSv☢☢☢☢,,May be appropriate
114,Vascular,"Aortic disease, degenerative, initial imaging",3194058,CT chest and abdomen without IV contrast,10-30 mSv☢☢☢☢,,May be appropriate
115,Vascular,"Aortic disease, degenerative, initial imaging",3194058,US echocardiography transesophageal,0 mSvO,0 mSv [ped]O,Usually not appropriate
116,Vascular,"Aortic disease, degenerative, initial imaging",3194058,Aortography chest and abdomen,10-30 mSv☢☢☢☢,,Usually not appropriate
117,Vascular,"Aortic disease, degenerative, initial imaging",3194058,CT chest and abdomen without and with IV contrast,10-30 mSv☢☢☢☢,,Usually not appropriate
118,Vascular,"Aortic disease, degenerative, initial imaging",3194058,FDG-PET/CT skull base to mid-thigh,10-30 mSv☢☢☢☢,3-10 mSv [ped]☢☢☢☢,Usually not appropriate
119,Vascular,"Aortic disease, infectious, initial imaging",3194055,MRA chest and abdomen without and with IV contrast,0 mSvO,0 mSv [ped]O,Usually appropriate
120,Vascular,"Aortic disease, infectious, initial imaging",3194055,MRA chest and abdomen without IV contrast,0 mSvO,0 mSv [ped]O,Usually appropriate
121,Vascular,"Aortic disease, infectious, initial imaging",3194055,CTA chest and abdomen with IV contrast,10-30 mSv☢☢☢☢,,Usually appropriate
122,Vascular,"Aortic disease, infectious, initial imaging",3194055,FDG-PET/CT skull base to mid-thigh,10-30 mSv☢☢☢☢,3-10 mSv [ped]☢☢☢☢,Usually appropriate
123,Vascular,"Aortic disease, infectious, initial imaging",3194055,US abdomen,0 mSvO,0 mSv [ped]O,May be appropriate
124,Vascular,"Aortic disease, infectious, initial imaging",3194055,Radiography chest,<0.1 mSv☢,<0.03 mSv [ped]☢,May be appropriate
125,Vascular,"Aortic disease, infectious, initial imaging",3194055,CT chest and abdomen with IV contrast,10-30 mSv☢☢☢☢,,May be appropriate
126,Vascular,"Aortic disease, infectious, initial imaging",3194055,CT chest and abdomen without and with IV contrast,10-30 mSv☢☢☢☢,,May be appropriate
127,Vascular,"Aortic disease, infectious, initial imaging",3194055,CT chest and abdomen without IV contrast,10-30 mSv☢☢☢☢,,May be appropriate
128,Vascular,"Aortic disease, infectious, initial imaging",3194055,US echocardiography transesophageal,0 mSvO,0 mSv [ped]O,Usually not appropriate
129,Vascular,"Aortic disease, infectious, initial imaging",3194055,US echocardiography transthoracic resting,0 mSvO,0 mSv [ped]O,Usually not appropriate
130,Vascular,"Aortic disease, infectious, initial imaging",3194055,Aortography chest and abdomen,10-30 mSv☢☢☢☢,,Usually not appropriate
131,Vascular,"Aortic disease, inflammatory, initial imaging",3194054,MRA chest and abdomen without and with IV contrast,0 mSvO,0 mSv [ped]O,Usually appropriate
132,Vascular,"Aortic disease, inflammatory, initial imaging",3194054,MRA chest and abdomen without IV contrast,0 mSvO,0 mSv [ped]O,Usually appropriate
133,Vascular,"Aortic disease, inflammatory, initial imaging",3194054,CTA chest and abdomen with IV contrast,10-30 mSv☢☢☢☢,,Usually appropriate
134,Vascular,"Aortic disease, inflammatory, initial imaging",3194054,FDG-PET/CT skull base to mid-thigh,10-30 mSv☢☢☢☢,3-10 mSv [ped]☢☢☢☢,Usually appropriate
135,Vascular,"Aortic disease, inflammatory, initial imaging",3194054,US abdomen,0 mSvO,0 mSv [ped]O,May be appropriate
136,Vascular,"Aortic disease, inflammatory, initial imaging",3194054,Radiography chest,<0.1 mSv☢,<0.03 mSv [ped]☢,May be appropriate
137,Vascular,"Aortic disease, inflammatory, initial imaging",3194054,CT chest and abdomen with IV contrast,10-30 mSv☢☢☢☢,,May be appropriate
138,Vascular,"Aortic disease, inflammatory, initial imaging",3194054,CT chest and abdomen without and with IV contrast,10-30 mSv☢☢☢☢,,May be appropriate
139,Vascular,"Aortic disease, inflammatory, initial imaging",3194054,CT chest and abdomen without IV contrast,10-30 mSv☢☢☢☢,,May be appropriate
140,Vascular,"Aortic disease, inflammatory, initial imaging",3194054,US echocardiography transesophageal,0 mSvO,0 mSv [ped]O,Usually not appropriate
141,Vascular,"Aortic disease, inflammatory, initial imaging",3194054,US echocardiography transthoracic resting,0 mSvO,0 mSv [ped]O,Usually not appropriate
142,Vascular,"Aortic disease, inflammatory, initial imaging",3194054,Aortography chest and abdomen,10-30 mSv☢☢☢☢,,Usually not appropriate
143,Vascular,"Aortic disease, metabolic, initial imaging",3194057,MRA chest and abdomen without and with IV contrast,0 mSvO,0 mSv [ped]O,Usually appropriate
144,Vascular,"Aortic disease, metabolic, initial imaging",3194057,MRA chest and abdomen without IV contrast,0 mSvO,0 mSv [ped]O,Usually appropriate
145,Vascular,"Aortic disease, metabolic, initial imaging",3194057,CTA chest and abdomen with IV contrast,10-30 mSv☢☢☢☢,,Usually appropriate
146,Vascular,"Aortic disease, metabolic, initial imaging",3194057,FDG-PET/CT skull base to mid-thigh,10-30 mSv☢☢☢☢,3-10 mSv [ped]☢☢☢☢,Usually appropriate
147,Vascular,"Aortic disease, metabolic, initial imaging",3194057,US abdomen,0 mSvO,0 mSv [ped]O,May be appropriate
148,Vascular,"Aortic disease, metabolic, initial imaging",3194057,Radiography chest,<0.1 mSv☢,<0.03 mSv [ped]☢,May be appropriate
149,Vascular,"Aortic disease, metabolic, initial imaging",3194057,CT chest and abdomen with IV contrast,10-30 mSv☢☢☢☢,,May be appropriate
150,Vascular,"Aortic disease, metabolic, initial imaging",3194057,CT chest and abdomen without and with IV contrast,10-30 mSv☢☢☢☢,,May be appropriate
151,Vascular,"Aortic disease, metabolic, initial imaging",3194057,CT chest and abdomen without IV contrast,10-30 mSv☢☢☢☢,,May be appropriate
152,Vascular,"Aortic disease, metabolic, initial imaging",3194057,US echocardiography transesophageal,0 mSvO,0 mSv [ped]O,Usually not appropriate
153,Vascular,"Aortic disease, metabolic, initial imaging",3194057,US echocardiography transthoracic resting,0 mSvO,0 mSv [ped]O,Usually not appropriate
154,Vascular,"Aortic disease, metabolic, initial imaging",3194057,Aortography chest and abdomen,10-30 mSv☢☢☢☢,,Usually not appropriate
155,Vascular,"Aortic disease, neoplastic, initial imaging",3194056,MRA chest and abdomen without and with IV contrast,0 mSvO,0 mSv [ped]O,Usually appropriate
156,Vascular,"Aortic disease, neoplastic, initial imaging",3194056,MRA chest and abdomen without IV contrast,0 mSvO,0 mSv [ped]O,Usually appropriate
157,Vascular,"Aortic disease, neoplastic, initial imaging",3194056,CTA chest and abdomen with IV contrast,10-30 mSv☢☢☢☢,,Usually appropriate
158,Vascular,"Aortic disease, neoplastic, initial imaging",3194056,FDG-PET/CT skull base to mid-thigh,10-30 mSv☢☢☢☢,3-10 mSv [ped]☢☢☢☢,Usually appropriate
159,Vascular,"Aortic disease, neoplastic, initial imaging",3194056,US abdomen,0 mSvO,0 mSv [ped]O,May be appropriate
160,Vascular,"Aortic disease, neoplastic, initial imaging",3194056,Radiography chest,<0.1 mSv☢,<0.03 mSv [ped]☢,May be appropriate
161,Vascular,"Aortic disease, neoplastic, initial imaging",3194056,CT chest and abdomen with IV contrast,10-30 mSv☢☢☢☢,,May be appropriate
162,Vascular,"Aortic disease, neoplastic, initial imaging",3194056,CT chest and abdomen without and with IV contrast,10-30 mSv☢☢☢☢,,May be appropriate
163,Vascular,"Aortic disease, neoplastic, initial imaging",3194056,CT chest and abdomen without IV contrast,10-30 mSv☢☢☢☢,,May be appropriate
164,Vascular,"Aortic disease, neoplastic, initial imaging",3194056,US echocardiography transesophageal,0 mSvO,0 mSv [ped]O,Usually not appropriate
165,Vascular,"Aortic disease, neoplastic, initial imaging",3194056,US echocardiography transthoracic resting,0 mSvO,0 mSv [ped]O,Usually not appropriate
166,Vascular,"Aortic disease, neoplastic, initial imaging",3194056,Aortography chest and abdomen,10-30 mSv☢☢☢☢,,Usually not appropriate
167,Vascular,"Arterial claudication, revascularization assessment, initial imaging",3195294,US duplex Doppler lower extremity,0 mSvO,0 mSv [ped]O,Usually appropriate
168,Vascular,"Arterial claudication, revascularization assessment, initial imaging",3195294,Arteriography lower extremity,0.1-1mSv☢☢,0.3-3 mSv [ped]☢☢☢,Usually appropriate
169,Vascular,"Arterial claudication, revascularization assessment, initial imaging",3195294,MRA abdomen and pelvis with bilateral lower extremity runoff with IV contrast,0 mSvO,0 mSv [ped]O,Usually appropriate
170,Vascular,"Arterial claudication, revascularization assessment, initial imaging",3195294,CTA abdomen and pelvis with bilateral lower extremity runoff with IV contrast,10-30 mSv☢☢☢☢,,Usually appropriate
171,Vascular,"Arterial claudication, revascularization assessment, initial imaging",3195294,CTA abdomen and pelvis with bilateral lower extremity runoff without and with IV contrast,30-100 mSv☢☢☢☢☢,,Usually appropriate
172,Vascular,"Arterial claudication, revascularization assessment, initial imaging",3195294,MRA abdomen and pelvis with bilateral lower extremity runoff without IV contrast,0 mSvO,0 mSv [ped]O,May be appropriate
173,Vascular,"Arterial claudication, revascularization assessment, initial imaging",3195294,MRA lower extremity without and with IV contrast,0 mSvO,0 mSv [ped]O,May be appropriate
174,Vascular,"Arterial claudication, revascularization assessment, initial imaging",3195294,MRA lower extremity without IV contrast,0 mSvO,0 mSv [ped]O,May be appropriate
175,Vascular,"Arterial claudication, revascularization assessment, initial imaging",3195294,CTA lower extremity with IV contrast,1-10 mSv☢☢☢,3-10 mSv [ped]☢☢☢☢,May be appropriate
176,Vascular,"Arterial claudication, revascularization assessment, initial imaging",3195294,CTA lower extremity without and with IV contrast,1-10 mSv☢☢☢,,May be appropriate
177,Vascular,"Arterial occlusion, lower extremity, embolic etiology suspected, next imaging study, determine source",3195891,US echocardiography transesophageal,0 mSvO,0 mSv [ped]O,Usually appropriate
178,Vascular,"Arterial occlusion, lower extremity, embolic etiology suspected, next imaging study, determine source",3195891,US echocardiography transthoracic resting,0 mSvO,0 mSv [ped]O,Usually appropriate
179,Vascular,"Arterial occlusion, lower extremity, embolic etiology suspected, next imaging study, determine source",3195891,MRA chest abdomen pelvis without and with IV contrast,0 mSvO,0 mSv [ped]O,Usually appropriate
180,Vascular,"Arterial occlusion, lower extremity, embolic etiology suspected, next imaging study, determine source",3195891,MRA chest without and with IV contrast,0 mSvO,0 mSv [ped]O,Usually appropriate
181,Vascular,"Arterial occlusion, lower extremity, embolic etiology suspected, next imaging study, determine source",3195891,MRI heart function and morphology without and with IV contrast,0 mSvO,0 mSv [ped]O,Usually appropriate
182,Vascular,"Arterial occlusion, lower extremity, embolic etiology suspected, next imaging study, determine source",3195891,MRI heart function and morphology without IV contrast,0 mSvO,0 mSv [ped]O,Usually appropriate
183,Vascular,"Arterial occlusion, lower extremity, embolic etiology suspected, next imaging study, determine source",3195891,CTA chest with IV contrast,1-10 mSv☢☢☢,3-10 mSv [ped]☢☢☢☢,Usually appropriate
184,Vascular,"Arterial occlusion, lower extremity, embolic etiology suspected, next imaging study, determine source",3195891,CT heart function and morphology with IV contrast,10-30 mSv☢☢☢☢,3-10 mSv [ped]☢☢☢☢,Usually appropriate
185,Vascular,"Arterial occlusion, lower extremity, embolic etiology suspected, next imaging study, determine source",3195891,CTA chest abdomen pelvis with IV contrast,30-100 mSv☢☢☢☢☢,10-30 mSv [ped]☢☢☢☢☢,Usually appropriate
186,Vascular,"Arterial occlusion, lower extremity, embolic etiology suspected, next imaging study, determine source",3195891,MRA chest abdomen pelvis without IV contrast,0 mSvO,0 mSv [ped]O,May be appropriate
187,Vascular,"Arterial occlusion, lower extremity, embolic etiology suspected, next imaging study, determine source",3195891,MRA chest without IV contrast,0 mSvO,0 mSv [ped]O,May be appropriate
188,Vascular,"Arterial occlusion, lower extremity, embolic etiology suspected, next imaging study, determine source",3195891,US duplex Doppler abdomen,0 mSvO,0 mSv [ped]O,Usually not appropriate
189,Vascular,"Arterial occlusion, lower extremity, embolic etiology suspected, next imaging study, determine source",3195891,Aortography chest abdomen pelvis,10-30 mSv☢☢☢☢,,Usually not appropriate
190,Vascular,"Arterial occlusion, mesenteric arterial system, embolic etiology suspected, next imaging study, determine source",3195887,US echocardiography transesophageal,0 mSvO,0 mSv [ped]O,Usually appropriate
191,Vascular,"Arterial occlusion, mesenteric arterial system, embolic etiology suspected, next imaging study, determine source",3195887,US echocardiography transthoracic resting,0 mSvO,0 mSv [ped]O,Usually appropriate
192,Vascular,"Arterial occlusion, mesenteric arterial system, embolic etiology suspected, next imaging study, determine source",3195887,MRA chest and abdomen without and with IV contrast,0 mSvO,0 mSv [ped]O,Usually appropriate
193,Vascular,"Arterial occlusion, mesenteric arterial system, embolic etiology suspected, next imaging study, determine source",3195887,MRI heart function and morphology without and with IV contrast,0 mSvO,0 mSv [ped]O,Usually appropriate
194,Vascular,"Arterial occlusion, mesenteric arterial system, embolic etiology suspected, next imaging study, determine source",3195887,MRI heart function and morphology without IV contrast,0 mSvO,0 mSv [ped]O,Usually appropriate
195,Vascular,"Arterial occlusion, mesenteric arterial system, embolic etiology suspected, next imaging study, determine source",3195887,CTA chest with IV contrast,1-10 mSv☢☢☢,3-10 mSv [ped]☢☢☢☢,Usually appropriate
196,Vascular,"Arterial occlusion, mesenteric arterial system, embolic etiology suspected, next imaging study, determine source",3195887,CT heart function and morphology with IV contrast,10-30 mSv☢☢☢☢,3-10 mSv [ped]☢☢☢☢,Usually appropriate
197,Vascular,"Arterial occlusion, mesenteric arterial system, embolic etiology suspected, next imaging study, determine source",3195887,CTA chest and abdomen with IV contrast,10-30 mSv☢☢☢☢,,Usually appropriate
198,Vascular,"Arterial occlusion, mesenteric arterial system, embolic etiology suspected, next imaging study, determine source",3195887,US duplex Doppler abdomen,0 mSvO,0 mSv [ped]O,May be appropriate
199,Vascular,"Arterial occlusion, mesenteric arterial system, embolic etiology suspected, next imaging study, determine source",3195887,MRA chest and abdomen without IV contrast,0 mSvO,0 mSv [ped]O,May be appropriate
200,Vascular,"Arterial occlusion, mesenteric arterial system, embolic etiology suspected, next imaging study, determine source",3195887,MRA chest without and with IV contrast,0 mSvO,0 mSv [ped]O,May be appropriate
201,Vascular,"Arterial occlusion, mesenteric arterial system, embolic etiology suspected, next imaging study, determine source",3195887,MRA chest without IV contrast,0 mSvO,0 mSv [ped]O,May be appropriate
202,Vascular,"Arterial occlusion, mesenteric arterial system, embolic etiology suspected, next imaging study, determine source",3195887,Aortography chest and abdomen,10-30 mSv☢☢☢☢,,Usually not appropriate
203,Vascular,"Arterial occlusion, renal arterial system, embolic etiology suspected, next imaging study, determine source",3195888,US echocardiography transesophageal,0 mSvO,0 mSv [ped]O,Usually appropriate
204,Vascular,"Arterial occlusion, renal arterial system, embolic etiology suspected, next imaging study, determine source",3195888,US echocardiography transthoracic resting,0 mSvO,0 mSv [ped]O,Usually appropriate
205,Vascular,"Arterial occlusion, renal arterial system, embolic etiology suspected, next imaging study, determine source",3195888,MRA chest and abdomen without and with IV contrast,0 mSvO,0 mSv [ped]O,Usually appropriate
206,Vascular,"Arterial occlusion, renal arterial system, embolic etiology suspected, next imaging study, determine source",3195888,MRI heart function and morphology without and with IV contrast,0 mSvO,0 mSv [ped]O,Usually appropriate
207,Vascular,"Arterial occlusion, renal arterial system, embolic etiology suspected, next imaging study, determine source",3195888,MRI heart function and morphology without IV contrast,0 mSvO,0 mSv [ped]O,Usually appropriate
208,Vascular,"Arterial occlusion, renal arterial system, embolic etiology suspected, next imaging study, determine source",3195888,CTA chest with IV contrast,1-10 mSv☢☢☢,3-10 mSv [ped]☢☢☢☢,Usually appropriate
209,Vascular,"Arterial occlusion, renal arterial system, embolic etiology suspected, next imaging study, determine source",3195888,CT heart function and morphology with IV contrast,10-30 mSv☢☢☢☢,3-10 mSv [ped]☢☢☢☢,Usually appropriate
210,Vascular,"Arterial occlusion, renal arterial system, embolic etiology suspected, next imaging study, determine source",3195888,CTA chest and abdomen with IV contrast,10-30 mSv☢☢☢☢,,Usually appropriate
211,Vascular,"Arterial occlusion, renal arterial system, embolic etiology suspected, next imaging study, determine source",3195888,US duplex Doppler abdomen,0 mSvO,0 mSv [ped]O,May be appropriate
212,Vascular,"Arterial occlusion, renal arterial system, embolic etiology suspected, next imaging study, determine source",3195888,MRA chest and abdomen without IV contrast,0 mSvO,0 mSv [ped]O,May be appropriate
213,Vascular,"Arterial occlusion, renal arterial system, embolic etiology suspected, next imaging study, determine source",3195888,MRA chest without and with IV contrast,0 mSvO,0 mSv [ped]O,May be appropriate
214,Vascular,"Arterial occlusion, renal arterial system, embolic etiology suspected, next imaging study, determine source",3195888,MRA chest without IV contrast,0 mSvO,0 mSv [ped]O,May be appropriate
215,Vascular,"Arterial occlusion, renal arterial system, embolic etiology suspected, next imaging study, determine source",3195888,Aortography chest and abdomen,10-30 mSv☢☢☢☢,,Usually not appropriate
216,Vascular,"Arterial occlusion, renal infarcts, embolic etiology suspected, next imaging study, determine source",3195889,US echocardiography transesophageal,0 mSvO,0 mSv [ped]O,Usually appropriate
217,Vascular,"Arterial occlusion, renal infarcts, embolic etiology suspected, next imaging study, determine source",3195889,US echocardiography transthoracic resting,0 mSvO,0 mSv [ped]O,Usually appropriate
218,Vascular,"Arterial occlusion, renal infarcts, embolic etiology suspected, next imaging study, determine source",3195889,MRA chest and abdomen without and with IV contrast,0 mSvO,0 mSv [ped]O,Usually appropriate
219,Vascular,"Arterial occlusion, renal infarcts, embolic etiology suspected, next imaging study, determine source",3195889,MRI heart function and morphology without and with IV contrast,0 mSvO,0 mSv [ped]O,Usually appropriate
220,Vascular,"Arterial occlusion, renal infarcts, embolic etiology suspected, next imaging study, determine source",3195889,MRI heart function and morphology without IV contrast,0 mSvO,0 mSv [ped]O,Usually appropriate
221,Vascular,"Arterial occlusion, renal infarcts, embolic etiology suspected, next imaging study, determine source",3195889,CTA chest with IV contrast,1-10 mSv☢☢☢,3-10 mSv [ped]☢☢☢☢,Usually appropriate
222,Vascular,"Arterial occlusion, renal infarcts, embolic etiology suspected, next imaging study, determine source",3195889,CT heart function and morphology with IV contrast,10-30 mSv☢☢☢☢,3-10 mSv [ped]☢☢☢☢,Usually appropriate
223,Vascular,"Arterial occlusion, renal infarcts, embolic etiology suspected, next imaging study, determine source",3195889,CTA chest and abdomen with IV contrast,10-30 mSv☢☢☢☢,,Usually appropriate
224,Vascular,"Arterial occlusion, renal infarcts, embolic etiology suspected, next imaging study, determine source",3195889,US duplex Doppler abdomen,0 mSvO,0 mSv [ped]O,May be appropriate
225,Vascular,"Arterial occlusion, renal infarcts, embolic etiology suspected, next imaging study, determine source",3195889,MRA chest and abdomen without IV contrast,0 mSvO,0 mSv [ped]O,May be appropriate
226,Vascular,"Arterial occlusion, renal infarcts, embolic etiology suspected, next imaging study, determine source",3195889,MRA chest without and with IV contrast,0 mSvO,0 mSv [ped]O,May be appropriate
227,Vascular,"Arterial occlusion, renal infarcts, embolic etiology suspected, next imaging study, determine source",3195889,MRA chest without IV contrast,0 mSvO,0 mSv [ped]O,May be appropriate
228,Vascular,"Arterial occlusion, renal infarcts, embolic etiology suspected, next imaging study, determine source",3195889,Aortography chest and abdomen,10-30 mSv☢☢☢☢,,Usually not appropriate
229,Vascular,"Arterial occlusion, upper extremity, embolic etiology suspected, next imaging study, determine source",3195885,US echocardiography transesophageal,0 mSvO,0 mSv [ped]O,Usually appropriate
230,Vascular,"Arterial occlusion, upper extremity, embolic etiology suspected, next imaging study, determine source",3195885,US echocardiography transthoracic resting,0 mSvO,0 mSv [ped]O,Usually appropriate
231,Vascular,"Arterial occlusion, upper extremity, embolic etiology suspected, next imaging study, determine source",3195885,MRA chest without and with IV contrast,0 mSvO,0 mSv [ped]O,Usually appropriate
232,Vascular,"Arterial occlusion, upper extremity, embolic etiology suspected, next imaging study, determine source",3195885,MRI heart function and morphology without and with IV contrast,0 mSvO,0 mSv [ped]O,Usually appropriate
233,Vascular,"Arterial occlusion, upper extremity, embolic etiology suspected, next imaging study, determine source",3195885,MRI heart function and morphology without IV contrast,0 mSvO,0 mSv [ped]O,Usually appropriate
234,Vascular,"Arterial occlusion, upper extremity, embolic etiology suspected, next imaging study, determine source",3195885,CTA chest with IV contrast,1-10 mSv☢☢☢,3-10 mSv [ped]☢☢☢☢,Usually appropriate
235,Vascular,"Arterial occlusion, upper extremity, embolic etiology suspected, next imaging study, determine source",3195885,CT heart function and morphology with IV contrast,10-30 mSv☢☢☢☢,3-10 mSv [ped]☢☢☢☢,Usually appropriate
236,Vascular,"Arterial occlusion, upper extremity, embolic etiology suspected, next imaging study, determine source",3195885,MRA chest without IV contrast,0 mSvO,0 mSv [ped]O,May be appropriate
237,Vascular,"Arterial occlusion, upper extremity, embolic etiology suspected, next imaging study, determine source",3195885,US duplex Doppler abdomen,0 mSvO,0 mSv [ped]O,Usually not appropriate
238,Vascular,"Arterial occlusion, upper extremity, embolic etiology suspected, next imaging study, determine source",3195885,Aortography chest,1-10 mSv☢☢☢,,Usually not appropriate
239,Vascular,"Arterial occlusions, multi organ system, embolic etiology suspected, next imaging study, determine source",3195893,US echocardiography transesophageal,0 mSvO,0 mSv [ped]O,Usually appropriate
240,Vascular,"Arterial occlusions, multi organ system, embolic etiology suspected, next imaging study, determine source",3195893,US echocardiography transthoracic resting,0 mSvO,0 mSv [ped]O,Usually appropriate
241,Vascular,"Arterial occlusions, multi organ system, embolic etiology suspected, next imaging study, determine source",3195893,MRA chest abdomen pelvis without and with IV contrast,0 mSvO,0 mSv [ped]O,Usually appropriate
242,Vascular,"Arterial occlusions, multi organ system, embolic etiology suspected, next imaging study, determine source",3195893,MRA chest abdomen pelvis without IV contrast,0 mSvO,0 mSv [ped]O,Usually appropriate
243,Vascular,"Arterial occlusions, multi organ system, embolic etiology suspected, next imaging study, determine source",3195893,MRA chest without and with IV contrast,0 mSvO,0 mSv [ped]O,Usually appropriate
244,Vascular,"Arterial occlusions, multi organ system, embolic etiology suspected, next imaging study, determine source",3195893,MRI heart function and morphology without and with IV contrast,0 mSvO,0 mSv [ped]O,Usually appropriate
245,Vascular,"Arterial occlusions, multi organ system, embolic etiology suspected, next imaging study, determine source",3195893,MRI heart function and morphology without IV contrast,0 mSvO,0 mSv [ped]O,Usually appropriate
246,Vascular,"Arterial occlusions, multi organ system, embolic etiology suspected, next imaging study, determine source",3195893,CTA chest with IV contrast,1-10 mSv☢☢☢,3-10 mSv [ped]☢☢☢☢,Usually appropriate
247,Vascular,"Arterial occlusions, multi organ system, embolic etiology suspected, next imaging study, determine source",3195893,CT heart function and morphology with IV contrast,10-30 mSv☢☢☢☢,3-10 mSv [ped]☢☢☢☢,Usually appropriate
248,Vascular,"Arterial occlusions, multi organ system, embolic etiology suspected, next imaging study, determine source",3195893,CTA chest abdomen pelvis with IV contrast,30-100 mSv☢☢☢☢☢,10-30 mSv [ped]☢☢☢☢☢,Usually appropriate
249,Vascular,"Arterial occlusions, multi organ system, embolic etiology suspected, next imaging study, determine source",3195893,US duplex Doppler abdomen,0 mSvO,0 mSv [ped]O,May be appropriate
250,Vascular,"Arterial occlusions, multi organ system, embolic etiology suspected, next imaging study, determine source",3195893,MRA chest without IV contrast,0 mSvO,0 mSv [ped]O,May be appropriate
251,Vascular,"AVF, lower extremity, not mature 2 mos after created, initial imaging, guide IR therapy",3196486,US duplex Doppler hemodialysis access lower extremity,0 mSvO,0 mSv [ped]O,Usually appropriate
252,Vascular,"AVF, lower extremity, not mature 2 mos after created, initial imaging, guide IR therapy",3196486,Fluoroscopy fistulography hemodialysis access lower extremity,1-10 mSv☢☢☢,,Usually appropriate
253,Vascular,"AVF, lower extremity, not mature 2 mos after created, initial imaging, guide IR therapy",3196486,CTV lower extremity with IV contrast,10-30 mSv☢☢☢☢,,Usually not appropriate
254,Vascular,"AVF, lower extremity, not mature 2 mos after created, initial imaging, guide IR therapy",3196486,MRA lower extremity without and with IV contrast,0 mSvO,0 mSv [ped]O,Usually not appropriate
255,Vascular,"AVF, lower extremity, not mature 2 mos after created, initial imaging, guide IR therapy",3196486,MRA lower extremity without IV contrast,0 mSvO,0 mSv [ped]O,Usually not appropriate
256,Vascular,"AVF, lower extremity, not mature 2 mos after created, initial imaging, guide IR therapy",3196486,MRV lower extremity without and with IV contrast,0 mSvO,0 mSv [ped]O,Usually not appropriate
257,Vascular,"AVF, lower extremity, not mature 2 mos after created, initial imaging, guide IR therapy",3196486,CTA lower extremity with IV contrast,1-10 mSv☢☢☢,3-10 mSv [ped]☢☢☢☢,Usually not appropriate
258,Vascular,"AVF, lower extremity, not mature 2 mos after created, initial imaging, guide IR therapy",3196486,MRV lower extremity without IV contrast,0 mSvO,0 mSv [ped]O,Usually not appropriate
259,Vascular,"AVF, upper extremity, not mature 2 mos after created, initial imaging, guide IR therapy",3196487,Fluoroscopy fistulography hemodialysis access upper extremity,1-10 mSv☢☢☢,,Usually appropriate
260,Vascular,"AVF, upper extremity, not mature 2 mos after created, initial imaging, guide IR therapy",3196487,US duplex Doppler hemodialysis access upper extremity,0 mSvO,0 mSv [ped]O,Usually appropriate
261,Vascular,"AVF, upper extremity, not mature 2 mos after created, initial imaging, guide IR therapy",3196487,CTV upper extremity with IV contrast,10-30 mSv☢☢☢☢,,Usually not appropriate
262,Vascular,"AVF, upper extremity, not mature 2 mos after created, initial imaging, guide IR therapy",3196487,MRA upper extremity without and with IV contrast,0 mSvO,0 mSv [ped]O,Usually not appropriate
263,Vascular,"AVF, upper extremity, not mature 2 mos after created, initial imaging, guide IR therapy",3196487,MRA upper extremity without IV contrast,0 mSvO,0 mSv [ped]O,Usually not appropriate
264,Vascular,"AVF, upper extremity, not mature 2 mos after created, initial imaging, guide IR therapy",3196487,MRV upper extremity without and with IV contrast,0 mSvO,0 mSv [ped]O,Usually not appropriate
265,Vascular,"AVF, upper extremity, not mature 2 mos after created, initial imaging, guide IR therapy",3196487,CTA upper extremity with IV contrast,1-10 mSv☢☢☢,,Usually not appropriate
266,Vascular,"AVF, upper extremity, not mature 2 mos after created, initial imaging, guide IR therapy",3196487,MRV upper extremity without IV contrast,0 mSvO,0 mSv [ped]O,Usually not appropriate
267,Vascular,"Breast reconstruction, surgical planning, deep inferior epigastric arteries evaluation, initial imaging",3195418,MRA abdomen and pelvis without and with IV contrast,0 mSvO,0 mSv [ped]O,Usually appropriate
268,Vascular,"Breast reconstruction, surgical planning, deep inferior epigastric arteries evaluation, initial imaging",3195418,CTA abdomen and pelvis with IV contrast,10-30 mSv☢☢☢☢,,Usually appropriate
269,Vascular,"Breast reconstruction, surgical planning, deep inferior epigastric arteries evaluation, initial imaging",3195418,MRA abdomen and pelvis without IV contrast,0 mSvO,0 mSv [ped]O,May be appropriate
270,Vascular,"Breast reconstruction, surgical planning, deep inferior epigastric arteries evaluation, initial imaging",3195418,US color Doppler abdomen and pelvis,0 mSvO,0 mSv [ped]O,Usually not appropriate
271,Vascular,"Breast reconstruction, surgical planning, deep inferior epigastric arteries evaluation, initial imaging",3195418,Arteriography abdomen and pelvis,10-30 mSv☢☢☢☢,Varies,Usually not appropriate
272,Vascular,"Breast reconstruction, surgical planning, deep inferior epigastric arteries evaluation, initial imaging",3195418,MRI abdomen and pelvis without and with IV contrast,0 mSvO,0 mSv [ped]O,Usually not appropriate
273,Vascular,"Breast reconstruction, surgical planning, deep inferior epigastric arteries evaluation, initial imaging",3195418,MRI abdomen and pelvis without IV contrast,0 mSvO,0 mSv [ped]O,Usually not appropriate
274,Vascular,"Breast reconstruction, surgical planning, deep inferior epigastric arteries evaluation, initial imaging",3195418,CT abdomen and pelvis with IV contrast,1-10 mSv☢☢☢,3-10 mSv [ped]☢☢☢☢,Usually not appropriate
275,Vascular,"Breast reconstruction, surgical planning, deep inferior epigastric arteries evaluation, initial imaging",3195418,CT abdomen and pelvis without IV contrast,1-10 mSv☢☢☢,3-10 mSv [ped]☢☢☢☢,Usually not appropriate
276,Vascular,"Breast reconstruction, surgical planning, deep inferior epigastric arteries evaluation, initial imaging",3195418,CT abdomen and pelvis without and with IV contrast,10-30 mSv☢☢☢☢,10-30 mSv [ped]☢☢☢☢☢,Usually not appropriate
277,Vascular,"Claudication, prior revasc, initial exam",3131588,US duplex Doppler lower extremity,0 mSvO,0 mSv [ped]O,Usually appropriate
278,Vascular,"Claudication, prior revasc, initial exam",3131588,MRA lower extremity without and with IV contrast,0 mSvO,0 mSv [ped]O,Usually appropriate
279,Vascular,"Claudication, prior revasc, initial exam",3131588,CTA lower extremity with IV contrast,1-10 mSv☢☢☢,3-10 mSv [ped]☢☢☢☢,Usually appropriate
280,Vascular,"Claudication, prior revasc, initial exam",3131588,Arteriography lower extremity,0.1-1mSv☢☢,0.3-3 mSv [ped]☢☢☢,May be appropriate
281,Vascular,"Claudication, prior revasc, initial exam",3131588,MRA lower extremity without IV contrast,0 mSvO,0 mSv [ped]O,May be appropriate
282,Vascular,"Clinical suspicion of central venous stenosis or occlusion suggested by swelling (ie, soft tissue edema) of the extremity ipsilateral to the upper or lower extremity hemodialysis access, with or without the development of venous collaterals. Treatment and procedures.",3196496,Fluoroscopy fistulography hemodialysis access with intervention,,,Usually appropriate
283,Vascular,"Clinical suspicion of central venous stenosis or occlusion suggested by swelling (ie, soft tissue edema) of the extremity ipsilateral to the upper or lower extremity hemodialysis access, with or without the development of venous collaterals. Treatment and procedures.",3196496,Continued hemodialysis access use with surveillance,,,May be appropriate
284,Vascular,"Clinical suspicion of central venous stenosis or occlusion suggested by swelling (ie, soft tissue edema) of the extremity ipsilateral to the upper or lower extremity hemodialysis access, with or without the development of venous collaterals. Treatment and procedures.",3196496,US duplex Doppler hemodialysis access area of interest,0 mSvO,0 mSv [ped]O,Usually not appropriate
285,Vascular,"Clinical suspicion of central venous stenosis or occlusion suggested by swelling (ie, soft tissue edema) of the extremity ipsilateral to the upper or lower extremity hemodialysis access, with or without the development of venous collaterals. Treatment and procedures.",3196496,Placement of a new tunneled dialysis catheter,,,Usually not appropriate
286,Vascular,"Clinical suspicion of central venous stenosis or occlusion suggested by swelling (ie, soft tissue edema) of the extremity ipsilateral to the upper or lower extremity hemodialysis access, with or without the development of venous collaterals. Treatment and procedures.",3196496,Surgical consultation,,,Usually not appropriate
287,Vascular,"Cold painful leg, sudden onset, vascular compromise suspected, initial imaging",3073532,Arteriography lower extremity,0.1-1mSv☢☢,0.3-3 mSv [ped]☢☢☢,Usually appropriate
288,Vascular,"Cold painful leg, sudden onset, vascular compromise suspected, initial imaging",3073532,MRA abdomen and pelvis with bilateral lower extremity runoff with IV contrast,0 mSvO,0 mSv [ped]O,Usually appropriate
289,Vascular,"Cold painful leg, sudden onset, vascular compromise suspected, initial imaging",3073532,CTA lower extremity with IV contrast,1-10 mSv☢☢☢,3-10 mSv [ped]☢☢☢☢,Usually appropriate
290,Vascular,"Cold painful leg, sudden onset, vascular compromise suspected, initial imaging",3073532,CTA abdomen and pelvis with bilateral lower extremity runoff with IV contrast,10-30 mSv☢☢☢☢,,Usually appropriate
291,Vascular,"Cold painful leg, sudden onset, vascular compromise suspected, initial imaging",3073532,US duplex Doppler lower extremity,0 mSvO,0 mSv [ped]O,May be appropriate
292,Vascular,"Cold painful leg, sudden onset, vascular compromise suspected, initial imaging",3073532,MRA abdomen and pelvis with bilateral lower extremity runoff without IV contrast,0 mSvO,0 mSv [ped]O,May be appropriate
293,Vascular,"Cold painful leg, sudden onset, vascular compromise suspected, initial imaging",3073532,MRA lower extremity without and with IV contrast,0 mSvO,0 mSv [ped]O,May be appropriate
294,Vascular,"Cold painful leg, sudden onset, vascular compromise suspected, initial imaging",3073532,MRA lower extremity without IV contrast,0 mSvO,0 mSv [ped]O,May be appropriate
295,Vascular,"Cold painful leg, sudden onset, vascular compromise suspected, initial imaging",3073532,US duplex Doppler aorta abdomen,0 mSvO,0 mSv [ped]O,Usually not appropriate
296,Vascular,"Cold painful leg, sudden onset, vascular compromise suspected, initial imaging",3073532,US intravascular aorta and iliofemoral system,0 mSvO,0 mSv [ped]O,Usually not appropriate
297,Vascular,"Cold, painful, pulseless leg, prior revasc, initial exam",3128571,US duplex Doppler lower extremity,0 mSvO,0 mSv [ped]O,Usually appropriate
298,Vascular,"Cold, painful, pulseless leg, prior revasc, initial exam",3128571,Arteriography lower extremity,0.1-1mSv☢☢,0.3-3 mSv [ped]☢☢☢,Usually appropriate
299,Vascular,"Cold, painful, pulseless leg, prior revasc, initial exam",3128571,CTA lower extremity with IV contrast,1-10 mSv☢☢☢,3-10 mSv [ped]☢☢☢☢,Usually appropriate
300,Vascular,"Cold, painful, pulseless leg, prior revasc, initial exam",3128571,MRA lower extremity without and with IV contrast,0 mSvO,0 mSv [ped]O,May be appropriate (Disagreement)
301,Vascular,"Cold, painful, pulseless leg, prior revasc, initial exam",3128571,MRA lower extremity without IV contrast,0 mSvO,0 mSv [ped]O,May be appropriate
302,Vascular,"Critical limb ischemia, prior revasc, initial exam",3131589,US duplex Doppler lower extremity,0 mSvO,0 mSv [ped]O,Usually appropriate
303,Vascular,"Critical limb ischemia, prior revasc, initial exam",3131589,MRA lower extremity without and with IV contrast,0 mSvO,0 mSv [ped]O,Usually appropriate
304,Vascular,"Critical limb ischemia, prior revasc, initial exam",3131589,CTA lower extremity with IV contrast,1-10 mSv☢☢☢,3-10 mSv [ped]☢☢☢☢,Usually appropriate
305,Vascular,"Critical limb ischemia, prior revasc, initial exam",3131589,Arteriography lower extremity,0.1-1mSv☢☢,0.3-3 mSv [ped]☢☢☢,May be appropriate
306,Vascular,"Critical limb ischemia, prior revasc, initial exam",3131589,MRA lower extremity without IV contrast,0 mSvO,0 mSv [ped]O,May be appropriate
307,Vascular,"DVT suspected, initial exam",3073893,US duplex Doppler lower extremity,0 mSvO,0 mSv [ped]O,Usually appropriate
308,Vascular,"DVT suspected, initial exam",3073893,MRV lower extremity and pelvis without and with IV contrast,0 mSvO,0 mSv [ped]O,May be appropriate
309,Vascular,"DVT suspected, initial exam",3073893,MRV lower extremity and pelvis without IV contrast,0 mSvO,0 mSv [ped]O,May be appropriate
310,Vascular,"DVT suspected, initial exam",3073893,CTV lower extremity and pelvis with IV contrast,1-10 mSv☢☢☢,,May be appropriate
311,Vascular,"DVT suspected, initial exam",3073893,Catheter venography pelvis and lower extremity,1-10 mSv☢☢☢,,Usually not appropriate
312,Vascular,External iliac artery endofibrosis suspected,3149286,US duplex Doppler lower extremity,0 mSvO,0 mSv [ped]O,Usually appropriate
313,Vascular,External iliac artery endofibrosis suspected,3149286,MRA lower extremity without and with IV contrast,0 mSvO,0 mSv [ped]O,Usually appropriate
314,Vascular,External iliac artery endofibrosis suspected,3149286,CTA lower extremity with IV contrast,1-10 mSv☢☢☢,3-10 mSv [ped]☢☢☢☢,Usually appropriate
315,Vascular,External iliac artery endofibrosis suspected,3149286,Arteriography lower extremity,0.1-1mSv☢☢,0.3-3 mSv [ped]☢☢☢,May be appropriate
316,Vascular,External iliac artery endofibrosis suspected,3149286,MRA lower extremity without IV contrast,0 mSvO,0 mSv [ped]O,May be appropriate
317,Vascular,External iliac artery endofibrosis suspected,3149286,US intravascular lower extremity,0 mSvO,0 mSv [ped]O,Usually not appropriate
318,Vascular,Failure of an upper or lower extremity arteriovenous fistula to mature within 2 months after creation. Treatment and procedures.,3196489,Fluoroscopy fistulography hemodialysis access with intervention,,,Usually appropriate
319,Vascular,Failure of an upper or lower extremity arteriovenous fistula to mature within 2 months after creation. Treatment and procedures.,3196489,Surgical consultation,,,Usually appropriate
320,Vascular,Failure of an upper or lower extremity arteriovenous fistula to mature within 2 months after creation. Treatment and procedures.,3196489,US duplex Doppler hemodialysis access area of interest,0 mSvO,0 mSv [ped]O,Usually appropriate
321,Vascular,Failure of an upper or lower extremity arteriovenous fistula to mature within 2 months after creation. Treatment and procedures.,3196489,Placement of a new tunneled dialysis catheter,,,May be appropriate
322,Vascular,Fibromuscular dysplasia or other noninflammatory vascular disease,3149743,Arteriography lower extremity,0.1-1mSv☢☢,0.3-3 mSv [ped]☢☢☢,Usually appropriate
323,Vascular,Fibromuscular dysplasia or other noninflammatory vascular disease,3149743,MRA lower extremity without and with IV contrast,0 mSvO,0 mSv [ped]O,Usually appropriate
324,Vascular,Fibromuscular dysplasia or other noninflammatory vascular disease,3149743,CTA lower extremity with IV contrast,1-10 mSv☢☢☢,3-10 mSv [ped]☢☢☢☢,Usually appropriate
325,Vascular,Fibromuscular dysplasia or other noninflammatory vascular disease,3149743,US duplex Doppler lower extremity,0 mSvO,0 mSv [ped]O,May be appropriate
326,Vascular,Fibromuscular dysplasia or other noninflammatory vascular disease,3149743,US intravascular lower extremity,0 mSvO,0 mSv [ped]O,May be appropriate
327,Vascular,Fibromuscular dysplasia or other noninflammatory vascular disease,3149743,MRA lower extremity without IV contrast,0 mSvO,0 mSv [ped]O,May be appropriate
328,Vascular,Fibromuscular dysplasia or other noninflammatory vascular disease suspected,3149742,Arteriography lower extremity,0.1-1mSv☢☢,0.3-3 mSv [ped]☢☢☢,Usually appropriate
329,Vascular,Fibromuscular dysplasia or other noninflammatory vascular disease suspected,3149742,MRA lower extremity without and with IV contrast,0 mSvO,0 mSv [ped]O,Usually appropriate
330,Vascular,Fibromuscular dysplasia or other noninflammatory vascular disease suspected,3149742,CTA lower extremity with IV contrast,1-10 mSv☢☢☢,3-10 mSv [ped]☢☢☢☢,Usually appropriate
331,Vascular,Fibromuscular dysplasia or other noninflammatory vascular disease suspected,3149742,US duplex Doppler lower extremity,0 mSvO,0 mSv [ped]O,May be appropriate
332,Vascular,Fibromuscular dysplasia or other noninflammatory vascular disease suspected,3149742,US intravascular lower extremity,0 mSvO,0 mSv [ped]O,May be appropriate
333,Vascular,Fibromuscular dysplasia or other noninflammatory vascular disease suspected,3149742,MRA lower extremity without IV contrast,0 mSvO,0 mSv [ped]O,May be appropriate
334,Vascular,"Hemodialysis access cannulation site, lower extremity, abnormal skin changes, initial imaging, guide IR therapy",3196498,US duplex Doppler hemodialysis access lower extremity,0 mSvO,0 mSv [ped]O,Usually appropriate
335,Vascular,"Hemodialysis access cannulation site, lower extremity, abnormal skin changes, initial imaging, guide IR therapy",3196498,Fluoroscopy fistulography hemodialysis access lower extremity,1-10 mSv☢☢☢,,May be appropriate
336,Vascular,"Hemodialysis access cannulation site, lower extremity, abnormal skin changes, initial imaging, guide IR therapy",3196498,CTV lower extremity with IV contrast,10-30 mSv☢☢☢☢,,Usually not appropriate
337,Vascular,"Hemodialysis access cannulation site, lower extremity, abnormal skin changes, initial imaging, guide IR therapy",3196498,MRA lower extremity without and with IV contrast,0 mSvO,0 mSv [ped]O,Usually not appropriate
338,Vascular,"Hemodialysis access cannulation site, lower extremity, abnormal skin changes, initial imaging, guide IR therapy",3196498,CTA lower extremity with IV contrast,1-10 mSv☢☢☢,3-10 mSv [ped]☢☢☢☢,Usually not appropriate
339,Vascular,"Hemodialysis access cannulation site, lower extremity, abnormal skin changes, initial imaging, guide IR therapy",3196498,MRA lower extremity without IV contrast,0 mSvO,0 mSv [ped]O,Usually not appropriate
340,Vascular,"Hemodialysis access cannulation site, lower extremity, abnormal skin changes, initial imaging, guide IR therapy",3196498,MRV lower extremity without and with IV contrast,0 mSvO,0 mSv [ped]O,Usually not appropriate
341,Vascular,"Hemodialysis access cannulation site, lower extremity, abnormal skin changes, initial imaging, guide IR therapy",3196498,MRV lower extremity without IV contrast,0 mSvO,0 mSv [ped]O,Usually not appropriate
342,Vascular,"Hemodialysis access cannulation site, lower extremity, deep infection, initial imaging, guide IR therapy",3196506,US duplex Doppler hemodialysis access lower extremity,0 mSvO,0 mSv [ped]O,Usually appropriate
343,Vascular,"Hemodialysis access cannulation site, lower extremity, deep infection, initial imaging, guide IR therapy",3196506,Fluoroscopy fistulography hemodialysis access lower extremity,1-10 mSv☢☢☢,,May be appropriate
344,Vascular,"Hemodialysis access cannulation site, lower extremity, deep infection, initial imaging, guide IR therapy",3196506,CTV lower extremity with IV contrast,10-30 mSv☢☢☢☢,,Usually not appropriate
345,Vascular,"Hemodialysis access cannulation site, lower extremity, deep infection, initial imaging, guide IR therapy",3196506,MRA lower extremity without and with IV contrast,0 mSvO,0 mSv [ped]O,Usually not appropriate
346,Vascular,"Hemodialysis access cannulation site, lower extremity, deep infection, initial imaging, guide IR therapy",3196506,CTA lower extremity with IV contrast,1-10 mSv☢☢☢,3-10 mSv [ped]☢☢☢☢,Usually not appropriate
347,Vascular,"Hemodialysis access cannulation site, lower extremity, deep infection, initial imaging, guide IR therapy",3196506,MRA lower extremity without IV contrast,0 mSvO,0 mSv [ped]O,Usually not appropriate
348,Vascular,"Hemodialysis access cannulation site, lower extremity, deep infection, initial imaging, guide IR therapy",3196506,MRV lower extremity without and with IV contrast,0 mSvO,0 mSv [ped]O,Usually not appropriate
349,Vascular,"Hemodialysis access cannulation site, lower extremity, deep infection, initial imaging, guide IR therapy",3196506,MRV lower extremity without IV contrast,0 mSvO,0 mSv [ped]O,Usually not appropriate
350,Vascular,"Hemodialysis access cannulation site, lower extremity, eschar, initial imaging, guide IR therapy",3196502,US duplex Doppler hemodialysis access lower extremity,0 mSvO,0 mSv [ped]O,Usually appropriate
351,Vascular,"Hemodialysis access cannulation site, lower extremity, eschar, initial imaging, guide IR therapy",3196502,Fluoroscopy fistulography hemodialysis access lower extremity,1-10 mSv☢☢☢,,May be appropriate
352,Vascular,"Hemodialysis access cannulation site, lower extremity, eschar, initial imaging, guide IR therapy",3196502,CTV lower extremity with IV contrast,10-30 mSv☢☢☢☢,,Usually not appropriate
353,Vascular,"Hemodialysis access cannulation site, lower extremity, eschar, initial imaging, guide IR therapy",3196502,MRA lower extremity without and with IV contrast,0 mSvO,0 mSv [ped]O,Usually not appropriate
354,Vascular,"Hemodialysis access cannulation site, lower extremity, eschar, initial imaging, guide IR therapy",3196502,CTA lower extremity with IV contrast,1-10 mSv☢☢☢,3-10 mSv [ped]☢☢☢☢,Usually not appropriate
355,Vascular,"Hemodialysis access cannulation site, lower extremity, eschar, initial imaging, guide IR therapy",3196502,MRA lower extremity without IV contrast,0 mSvO,0 mSv [ped]O,Usually not appropriate
356,Vascular,"Hemodialysis access cannulation site, lower extremity, eschar, initial imaging, guide IR therapy",3196502,MRV lower extremity without and with IV contrast,0 mSvO,0 mSv [ped]O,Usually not appropriate
357,Vascular,"Hemodialysis access cannulation site, lower extremity, eschar, initial imaging, guide IR therapy",3196502,MRV lower extremity without IV contrast,0 mSvO,0 mSv [ped]O,Usually not appropriate
358,Vascular,"Hemodialysis access cannulation site, lower extremity, marked skin thinning, initial imaging, guide IR therapy",3196500,US duplex Doppler hemodialysis access lower extremity,0 mSvO,0 mSv [ped]O,Usually appropriate
359,Vascular,"Hemodialysis access cannulation site, lower extremity, marked skin thinning, initial imaging, guide IR therapy",3196500,Fluoroscopy fistulography hemodialysis access lower extremity,1-10 mSv☢☢☢,,May be appropriate
360,Vascular,"Hemodialysis access cannulation site, lower extremity, marked skin thinning, initial imaging, guide IR therapy",3196500,CTV lower extremity with IV contrast,10-30 mSv☢☢☢☢,,Usually not appropriate
361,Vascular,"Hemodialysis access cannulation site, lower extremity, marked skin thinning, initial imaging, guide IR therapy",3196500,MRA lower extremity without and with IV contrast,0 mSvO,0 mSv [ped]O,Usually not appropriate
362,Vascular,"Hemodialysis access cannulation site, lower extremity, marked skin thinning, initial imaging, guide IR therapy",3196500,CTA lower extremity with IV contrast,1-10 mSv☢☢☢,3-10 mSv [ped]☢☢☢☢,Usually not appropriate
363,Vascular,"Hemodialysis access cannulation site, lower extremity, marked skin thinning, initial imaging, guide IR therapy",3196500,MRA lower extremity without IV contrast,0 mSvO,0 mSv [ped]O,Usually not appropriate
364,Vascular,"Hemodialysis access cannulation site, lower extremity, marked skin thinning, initial imaging, guide IR therapy",3196500,MRV lower extremity without and with IV contrast,0 mSvO,0 mSv [ped]O,Usually not appropriate
365,Vascular,"Hemodialysis access cannulation site, lower extremity, marked skin thinning, initial imaging, guide IR therapy",3196500,MRV lower extremity without IV contrast,0 mSvO,0 mSv [ped]O,Usually not appropriate
366,Vascular,"Hemodialysis access cannulation site, lower extremity, pseudoaneurysm, initial imaging, guide IR therapy",3196504,US duplex Doppler hemodialysis access lower extremity,0 mSvO,0 mSv [ped]O,Usually appropriate
367,Vascular,"Hemodialysis access cannulation site, lower extremity, pseudoaneurysm, initial imaging, guide IR therapy",3196504,Fluoroscopy fistulography hemodialysis access lower extremity,1-10 mSv☢☢☢,,May be appropriate
368,Vascular,"Hemodialysis access cannulation site, lower extremity, pseudoaneurysm, initial imaging, guide IR therapy",3196504,CTV lower extremity with IV contrast,10-30 mSv☢☢☢☢,,Usually not appropriate
369,Vascular,"Hemodialysis access cannulation site, lower extremity, pseudoaneurysm, initial imaging, guide IR therapy",3196504,MRA lower extremity without and with IV contrast,0 mSvO,0 mSv [ped]O,Usually not appropriate
370,Vascular,"Hemodialysis access cannulation site, lower extremity, pseudoaneurysm, initial imaging, guide IR therapy",3196504,CTA lower extremity with IV contrast,1-10 mSv☢☢☢,3-10 mSv [ped]☢☢☢☢,Usually not appropriate
371,Vascular,"Hemodialysis access cannulation site, lower extremity, pseudoaneurysm, initial imaging, guide IR therapy",3196504,MRA lower extremity without IV contrast,0 mSvO,0 mSv [ped]O,Usually not appropriate
372,Vascular,"Hemodialysis access cannulation site, lower extremity, pseudoaneurysm, initial imaging, guide IR therapy",3196504,MRV lower extremity without and with IV contrast,0 mSvO,0 mSv [ped]O,Usually not appropriate
373,Vascular,"Hemodialysis access cannulation site, lower extremity, pseudoaneurysm, initial imaging, guide IR therapy",3196504,MRV lower extremity without IV contrast,0 mSvO,0 mSv [ped]O,Usually not appropriate
374,Vascular,"Hemodialysis access cannulation site, lower extremity, spontaneous bleeding, initial imaging, guide IR therapy",3196503,US duplex Doppler hemodialysis access lower extremity,0 mSvO,0 mSv [ped]O,Usually appropriate
375,Vascular,"Hemodialysis access cannulation site, lower extremity, spontaneous bleeding, initial imaging, guide IR therapy",3196503,Fluoroscopy fistulography hemodialysis access lower extremity,1-10 mSv☢☢☢,,May be appropriate
376,Vascular,"Hemodialysis access cannulation site, lower extremity, spontaneous bleeding, initial imaging, guide IR therapy",3196503,CTV lower extremity with IV contrast,10-30 mSv☢☢☢☢,,Usually not appropriate
377,Vascular,"Hemodialysis access cannulation site, lower extremity, spontaneous bleeding, initial imaging, guide IR therapy",3196503,MRA lower extremity without and with IV contrast,0 mSvO,0 mSv [ped]O,Usually not appropriate
378,Vascular,"Hemodialysis access cannulation site, lower extremity, spontaneous bleeding, initial imaging, guide IR therapy",3196503,CTA lower extremity with IV contrast,1-10 mSv☢☢☢,3-10 mSv [ped]☢☢☢☢,Usually not appropriate
379,Vascular,"Hemodialysis access cannulation site, lower extremity, spontaneous bleeding, initial imaging, guide IR therapy",3196503,MRA lower extremity without IV contrast,0 mSvO,0 mSv [ped]O,Usually not appropriate
380,Vascular,"Hemodialysis access cannulation site, lower extremity, spontaneous bleeding, initial imaging, guide IR therapy",3196503,MRV lower extremity without and with IV contrast,0 mSvO,0 mSv [ped]O,Usually not appropriate
381,Vascular,"Hemodialysis access cannulation site, lower extremity, spontaneous bleeding, initial imaging, guide IR therapy",3196503,MRV lower extremity without IV contrast,0 mSvO,0 mSv [ped]O,Usually not appropriate
382,Vascular,"Hemodialysis access cannulation site, lower extremity, superficial infection, initial imaging, guide IR therapy",3196505,US duplex Doppler hemodialysis access lower extremity,0 mSvO,0 mSv [ped]O,Usually appropriate
383,Vascular,"Hemodialysis access cannulation site, lower extremity, superficial infection, initial imaging, guide IR therapy",3196505,Fluoroscopy fistulography hemodialysis access lower extremity,1-10 mSv☢☢☢,,May be appropriate
384,Vascular,"Hemodialysis access cannulation site, lower extremity, superficial infection, initial imaging, guide IR therapy",3196505,CTV lower extremity with IV contrast,10-30 mSv☢☢☢☢,,Usually not appropriate
385,Vascular,"Hemodialysis access cannulation site, lower extremity, superficial infection, initial imaging, guide IR therapy",3196505,MRA lower extremity without and with IV contrast,0 mSvO,0 mSv [ped]O,Usually not appropriate
386,Vascular,"Hemodialysis access cannulation site, lower extremity, superficial infection, initial imaging, guide IR therapy",3196505,CTA lower extremity with IV contrast,1-10 mSv☢☢☢,3-10 mSv [ped]☢☢☢☢,Usually not appropriate
387,Vascular,"Hemodialysis access cannulation site, lower extremity, superficial infection, initial imaging, guide IR therapy",3196505,MRA lower extremity without IV contrast,0 mSvO,0 mSv [ped]O,Usually not appropriate
388,Vascular,"Hemodialysis access cannulation site, lower extremity, superficial infection, initial imaging, guide IR therapy",3196505,MRV lower extremity without and with IV contrast,0 mSvO,0 mSv [ped]O,Usually not appropriate
389,Vascular,"Hemodialysis access cannulation site, lower extremity, superficial infection, initial imaging, guide IR therapy",3196505,MRV lower extremity without IV contrast,0 mSvO,0 mSv [ped]O,Usually not appropriate
390,Vascular,"Hemodialysis access cannulation site, lower extremity, ulceration, initial imaging, guide IR therapy",3196501,US duplex Doppler hemodialysis access lower extremity,0 mSvO,0 mSv [ped]O,Usually appropriate
391,Vascular,"Hemodialysis access cannulation site, lower extremity, ulceration, initial imaging, guide IR therapy",3196501,Fluoroscopy fistulography hemodialysis access lower extremity,1-10 mSv☢☢☢,,May be appropriate
392,Vascular,"Hemodialysis access cannulation site, lower extremity, ulceration, initial imaging, guide IR therapy",3196501,CTV lower extremity with IV contrast,10-30 mSv☢☢☢☢,,Usually not appropriate
393,Vascular,"Hemodialysis access cannulation site, lower extremity, ulceration, initial imaging, guide IR therapy",3196501,MRA lower extremity without and with IV contrast,0 mSvO,0 mSv [ped]O,Usually not appropriate
394,Vascular,"Hemodialysis access cannulation site, lower extremity, ulceration, initial imaging, guide IR therapy",3196501,CTA lower extremity with IV contrast,1-10 mSv☢☢☢,3-10 mSv [ped]☢☢☢☢,Usually not appropriate
395,Vascular,"Hemodialysis access cannulation site, lower extremity, ulceration, initial imaging, guide IR therapy",3196501,MRA lower extremity without IV contrast,0 mSvO,0 mSv [ped]O,Usually not appropriate
396,Vascular,"Hemodialysis access cannulation site, lower extremity, ulceration, initial imaging, guide IR therapy",3196501,MRV lower extremity without and with IV contrast,0 mSvO,0 mSv [ped]O,Usually not appropriate
397,Vascular,"Hemodialysis access cannulation site, lower extremity, ulceration, initial imaging, guide IR therapy",3196501,MRV lower extremity without IV contrast,0 mSvO,0 mSv [ped]O,Usually not appropriate
398,Vascular,"Hemodialysis access cannulation site, upper extremity, abnormal skin changes, initial imaging, guide IR therapy",3196499,US duplex Doppler hemodialysis access upper extremity,0 mSvO,0 mSv [ped]O,Usually appropriate
399,Vascular,"Hemodialysis access cannulation site, upper extremity, abnormal skin changes, initial imaging, guide IR therapy",3196499,Fluoroscopy fistulography hemodialysis access upper extremity,1-10 mSv☢☢☢,,May be appropriate
400,Vascular,"Hemodialysis access cannulation site, upper extremity, abnormal skin changes, initial imaging, guide IR therapy",3196499,CTV upper extremity with IV contrast,10-30 mSv☢☢☢☢,,Usually not appropriate
401,Vascular,"Hemodialysis access cannulation site, upper extremity, abnormal skin changes, initial imaging, guide IR therapy",3196499,MRA upper extremity without and with IV contrast,0 mSvO,0 mSv [ped]O,Usually not appropriate
402,Vascular,"Hemodialysis access cannulation site, upper extremity, abnormal skin changes, initial imaging, guide IR therapy",3196499,CTA upper extremity with IV contrast,1-10 mSv☢☢☢,,Usually not appropriate
403,Vascular,"Hemodialysis access cannulation site, upper extremity, abnormal skin changes, initial imaging, guide IR therapy",3196499,MRA upper extremity without IV contrast,0 mSvO,0 mSv [ped]O,Usually not appropriate
404,Vascular,"Hemodialysis access cannulation site, upper extremity, abnormal skin changes, initial imaging, guide IR therapy",3196499,MRV upper extremity without and with IV contrast,0 mSvO,0 mSv [ped]O,Usually not appropriate
405,Vascular,"Hemodialysis access cannulation site, upper extremity, abnormal skin changes, initial imaging, guide IR therapy",3196499,MRV upper extremity without IV contrast,0 mSvO,0 mSv [ped]O,Usually not appropriate
406,Vascular,"Hemodialysis access cannulation site, upper extremity, deep infection, initial imaging, guide IR therapy",3196513,US duplex Doppler hemodialysis access upper extremity,0 mSvO,0 mSv [ped]O,Usually appropriate
407,Vascular,"Hemodialysis access cannulation site, upper extremity, deep infection, initial imaging, guide IR therapy",3196513,Fluoroscopy fistulography hemodialysis access upper extremity,1-10 mSv☢☢☢,,May be appropriate
408,Vascular,"Hemodialysis access cannulation site, upper extremity, deep infection, initial imaging, guide IR therapy",3196513,CTV upper extremity with IV contrast,10-30 mSv☢☢☢☢,,Usually not appropriate
409,Vascular,"Hemodialysis access cannulation site, upper extremity, deep infection, initial imaging, guide IR therapy",3196513,MRA upper extremity without and with IV contrast,0 mSvO,0 mSv [ped]O,Usually not appropriate
410,Vascular,"Hemodialysis access cannulation site, upper extremity, deep infection, initial imaging, guide IR therapy",3196513,CTA upper extremity with IV contrast,1-10 mSv☢☢☢,,Usually not appropriate
411,Vascular,"Hemodialysis access cannulation site, upper extremity, deep infection, initial imaging, guide IR therapy",3196513,MRA upper extremity without IV contrast,0 mSvO,0 mSv [ped]O,Usually not appropriate
412,Vascular,"Hemodialysis access cannulation site, upper extremity, deep infection, initial imaging, guide IR therapy",3196513,MRV upper extremity without and with IV contrast,0 mSvO,0 mSv [ped]O,Usually not appropriate
413,Vascular,"Hemodialysis access cannulation site, upper extremity, deep infection, initial imaging, guide IR therapy",3196513,MRV upper extremity without IV contrast,0 mSvO,0 mSv [ped]O,Usually not appropriate
414,Vascular,"Hemodialysis access cannulation site, upper extremity, eschar, initial imaging, guide IR therapy",3196509,US duplex Doppler hemodialysis access upper extremity,0 mSvO,0 mSv [ped]O,Usually appropriate
415,Vascular,"Hemodialysis access cannulation site, upper extremity, eschar, initial imaging, guide IR therapy",3196509,Fluoroscopy fistulography hemodialysis access upper extremity,1-10 mSv☢☢☢,,May be appropriate
416,Vascular,"Hemodialysis access cannulation site, upper extremity, eschar, initial imaging, guide IR therapy",3196509,CTV upper extremity with IV contrast,10-30 mSv☢☢☢☢,,Usually not appropriate
417,Vascular,"Hemodialysis access cannulation site, upper extremity, eschar, initial imaging, guide IR therapy",3196509,MRA upper extremity without and with IV contrast,0 mSvO,0 mSv [ped]O,Usually not appropriate
418,Vascular,"Hemodialysis access cannulation site, upper extremity, eschar, initial imaging, guide IR therapy",3196509,CTA upper extremity with IV contrast,1-10 mSv☢☢☢,,Usually not appropriate
419,Vascular,"Hemodialysis access cannulation site, upper extremity, eschar, initial imaging, guide IR therapy",3196509,MRA upper extremity without IV contrast,0 mSvO,0 mSv [ped]O,Usually not appropriate
420,Vascular,"Hemodialysis access cannulation site, upper extremity, eschar, initial imaging, guide IR therapy",3196509,MRV upper extremity without and with IV contrast,0 mSvO,0 mSv [ped]O,Usually not appropriate
421,Vascular,"Hemodialysis access cannulation site, upper extremity, eschar, initial imaging, guide IR therapy",3196509,MRV upper extremity without IV contrast,0 mSvO,0 mSv [ped]O,Usually not appropriate
422,Vascular,"Hemodialysis access cannulation site, upper extremity, marked skin thinning, initial imaging, guide IR therapy",3196507,US duplex Doppler hemodialysis access upper extremity,0 mSvO,0 mSv [ped]O,Usually appropriate
423,Vascular,"Hemodialysis access cannulation site, upper extremity, marked skin thinning, initial imaging, guide IR therapy",3196507,Fluoroscopy fistulography hemodialysis access upper extremity,1-10 mSv☢☢☢,,May be appropriate
424,Vascular,"Hemodialysis access cannulation site, upper extremity, marked skin thinning, initial imaging, guide IR therapy",3196507,CTV upper extremity with IV contrast,10-30 mSv☢☢☢☢,,Usually not appropriate
425,Vascular,"Hemodialysis access cannulation site, upper extremity, marked skin thinning, initial imaging, guide IR therapy",3196507,MRA upper extremity without and with IV contrast,0 mSvO,0 mSv [ped]O,Usually not appropriate
426,Vascular,"Hemodialysis access cannulation site, upper extremity, marked skin thinning, initial imaging, guide IR therapy",3196507,CTA upper extremity with IV contrast,1-10 mSv☢☢☢,,Usually not appropriate
427,Vascular,"Hemodialysis access cannulation site, upper extremity, marked skin thinning, initial imaging, guide IR therapy",3196507,MRA upper extremity without IV contrast,0 mSvO,0 mSv [ped]O,Usually not appropriate
428,Vascular,"Hemodialysis access cannulation site, upper extremity, marked skin thinning, initial imaging, guide IR therapy",3196507,MRV upper extremity without and with IV contrast,0 mSvO,0 mSv [ped]O,Usually not appropriate
429,Vascular,"Hemodialysis access cannulation site, upper extremity, marked skin thinning, initial imaging, guide IR therapy",3196507,MRV upper extremity without IV contrast,0 mSvO,0 mSv [ped]O,Usually not appropriate
430,Vascular,"Hemodialysis access cannulation site, upper extremity, pseudoaneurysm, initial imaging, guide IR therapy",3196511,US duplex Doppler hemodialysis access upper extremity,0 mSvO,0 mSv [ped]O,Usually appropriate
431,Vascular,"Hemodialysis access cannulation site, upper extremity, pseudoaneurysm, initial imaging, guide IR therapy",3196511,Fluoroscopy fistulography hemodialysis access upper extremity,1-10 mSv☢☢☢,,May be appropriate
432,Vascular,"Hemodialysis access cannulation site, upper extremity, pseudoaneurysm, initial imaging, guide IR therapy",3196511,CTV upper extremity with IV contrast,10-30 mSv☢☢☢☢,,Usually not appropriate
433,Vascular,"Hemodialysis access cannulation site, upper extremity, pseudoaneurysm, initial imaging, guide IR therapy",3196511,MRA upper extremity without and with IV contrast,0 mSvO,0 mSv [ped]O,Usually not appropriate
434,Vascular,"Hemodialysis access cannulation site, upper extremity, pseudoaneurysm, initial imaging, guide IR therapy",3196511,CTA upper extremity with IV contrast,1-10 mSv☢☢☢,,Usually not appropriate
435,Vascular,"Hemodialysis access cannulation site, upper extremity, pseudoaneurysm, initial imaging, guide IR therapy",3196511,MRA upper extremity without IV contrast,0 mSvO,0 mSv [ped]O,Usually not appropriate
436,Vascular,"Hemodialysis access cannulation site, upper extremity, pseudoaneurysm, initial imaging, guide IR therapy",3196511,MRV upper extremity without and with IV contrast,0 mSvO,0 mSv [ped]O,Usually not appropriate
437,Vascular,"Hemodialysis access cannulation site, upper extremity, pseudoaneurysm, initial imaging, guide IR therapy",3196511,MRV upper extremity without IV contrast,0 mSvO,0 mSv [ped]O,Usually not appropriate
438,Vascular,"Hemodialysis access cannulation site, upper extremity, spontaneous bleeding, initial imaging, guide IR therapy",3196510,US duplex Doppler hemodialysis access upper extremity,0 mSvO,0 mSv [ped]O,Usually appropriate
439,Vascular,"Hemodialysis access cannulation site, upper extremity, spontaneous bleeding, initial imaging, guide IR therapy",3196510,Fluoroscopy fistulography hemodialysis access upper extremity,1-10 mSv☢☢☢,,May be appropriate
440,Vascular,"Hemodialysis access cannulation site, upper extremity, spontaneous bleeding, initial imaging, guide IR therapy",3196510,CTV upper extremity with IV contrast,10-30 mSv☢☢☢☢,,Usually not appropriate
441,Vascular,"Hemodialysis access cannulation site, upper extremity, spontaneous bleeding, initial imaging, guide IR therapy",3196510,MRA upper extremity without and with IV contrast,0 mSvO,0 mSv [ped]O,Usually not appropriate
442,Vascular,"Hemodialysis access cannulation site, upper extremity, spontaneous bleeding, initial imaging, guide IR therapy",3196510,CTA upper extremity with IV contrast,1-10 mSv☢☢☢,,Usually not appropriate
443,Vascular,"Hemodialysis access cannulation site, upper extremity, spontaneous bleeding, initial imaging, guide IR therapy",3196510,MRA upper extremity without IV contrast,0 mSvO,0 mSv [ped]O,Usually not appropriate
444,Vascular,"Hemodialysis access cannulation site, upper extremity, spontaneous bleeding, initial imaging, guide IR therapy",3196510,MRV upper extremity without and with IV contrast,0 mSvO,0 mSv [ped]O,Usually not appropriate
445,Vascular,"Hemodialysis access cannulation site, upper extremity, spontaneous bleeding, initial imaging, guide IR therapy",3196510,MRV upper extremity without IV contrast,0 mSvO,0 mSv [ped]O,Usually not appropriate
446,Vascular,"Hemodialysis access cannulation site, upper extremity, superficial infection, initial imaging, guide IR therapy",3196512,US duplex Doppler hemodialysis access upper extremity,0 mSvO,0 mSv [ped]O,Usually appropriate
447,Vascular,"Hemodialysis access cannulation site, upper extremity, superficial infection, initial imaging, guide IR therapy",3196512,Fluoroscopy fistulography hemodialysis access upper extremity,1-10 mSv☢☢☢,,May be appropriate
448,Vascular,"Hemodialysis access cannulation site, upper extremity, superficial infection, initial imaging, guide IR therapy",3196512,CTV upper extremity with IV contrast,10-30 mSv☢☢☢☢,,Usually not appropriate
449,Vascular,"Hemodialysis access cannulation site, upper extremity, superficial infection, initial imaging, guide IR therapy",3196512,MRA upper extremity without and with IV contrast,0 mSvO,0 mSv [ped]O,Usually not appropriate
450,Vascular,"Hemodialysis access cannulation site, upper extremity, superficial infection, initial imaging, guide IR therapy",3196512,CTA upper extremity with IV contrast,1-10 mSv☢☢☢,,Usually not appropriate
451,Vascular,"Hemodialysis access cannulation site, upper extremity, superficial infection, initial imaging, guide IR therapy",3196512,MRA upper extremity without IV contrast,0 mSvO,0 mSv [ped]O,Usually not appropriate
452,Vascular,"Hemodialysis access cannulation site, upper extremity, superficial infection, initial imaging, guide IR therapy",3196512,MRV upper extremity without and with IV contrast,0 mSvO,0 mSv [ped]O,Usually not appropriate
453,Vascular,"Hemodialysis access cannulation site, upper extremity, superficial infection, initial imaging, guide IR therapy",3196512,MRV upper extremity without IV contrast,0 mSvO,0 mSv [ped]O,Usually not appropriate
454,Vascular,"Hemodialysis access cannulation site, upper extremity, ulceration, initial imaging, guide IR therapy",3196508,US duplex Doppler hemodialysis access upper extremity,0 mSvO,0 mSv [ped]O,Usually appropriate
455,Vascular,"Hemodialysis access cannulation site, upper extremity, ulceration, initial imaging, guide IR therapy",3196508,Fluoroscopy fistulography hemodialysis access upper extremity,1-10 mSv☢☢☢,,May be appropriate
456,Vascular,"Hemodialysis access cannulation site, upper extremity, ulceration, initial imaging, guide IR therapy",3196508,CTV upper extremity with IV contrast,10-30 mSv☢☢☢☢,,Usually not appropriate
457,Vascular,"Hemodialysis access cannulation site, upper extremity, ulceration, initial imaging, guide IR therapy",3196508,MRA upper extremity without and with IV contrast,0 mSvO,0 mSv [ped]O,Usually not appropriate
458,Vascular,"Hemodialysis access cannulation site, upper extremity, ulceration, initial imaging, guide IR therapy",3196508,CTA upper extremity with IV contrast,1-10 mSv☢☢☢,,Usually not appropriate
459,Vascular,"Hemodialysis access cannulation site, upper extremity, ulceration, initial imaging, guide IR therapy",3196508,MRA upper extremity without IV contrast,0 mSvO,0 mSv [ped]O,Usually not appropriate
460,Vascular,"Hemodialysis access cannulation site, upper extremity, ulceration, initial imaging, guide IR therapy",3196508,MRV upper extremity without and with IV contrast,0 mSvO,0 mSv [ped]O,Usually not appropriate
461,Vascular,"Hemodialysis access cannulation site, upper extremity, ulceration, initial imaging, guide IR therapy",3196508,MRV upper extremity without IV contrast,0 mSvO,0 mSv [ped]O,Usually not appropriate
462,Vascular,"Hemodialysis access dysfunction suspected, lower extremity, abnormal clinical indicator, initial imaging, guide IR therapy",3196476,Fluoroscopy fistulography hemodialysis access lower extremity,1-10 mSv☢☢☢,,Usually appropriate
463,Vascular,"Hemodialysis access dysfunction suspected, lower extremity, abnormal clinical indicator, initial imaging, guide IR therapy",3196476,US duplex Doppler hemodialysis access lower extremity,0 mSvO,0 mSv [ped]O,Usually appropriate
464,Vascular,"Hemodialysis access dysfunction suspected, lower extremity, abnormal clinical indicator, initial imaging, guide IR therapy",3196476,MRA lower extremity without IV contrast,0 mSvO,0 mSv [ped]O,Usually not appropriate
465,Vascular,"Hemodialysis access dysfunction suspected, lower extremity, abnormal clinical indicator, initial imaging, guide IR therapy",3196476,CTA lower extremity with IV contrast,1-10 mSv☢☢☢,3-10 mSv [ped]☢☢☢☢,Usually not appropriate
466,Vascular,"Hemodialysis access dysfunction suspected, lower extremity, abnormal clinical indicator, initial imaging, guide IR therapy",3196476,CTV lower extremity with IV contrast,10-30 mSv☢☢☢☢,,Usually not appropriate
467,Vascular,"Hemodialysis access dysfunction suspected, lower extremity, abnormal clinical indicator, initial imaging, guide IR therapy",3196476,MRA lower extremity without and with IV contrast,0 mSvO,0 mSv [ped]O,Usually not appropriate
468,Vascular,"Hemodialysis access dysfunction suspected, lower extremity, abnormal clinical indicator, initial imaging, guide IR therapy",3196476,MRV lower extremity without and with IV contrast,0 mSvO,0 mSv [ped]O,Usually not appropriate
469,Vascular,"Hemodialysis access dysfunction suspected, lower extremity, abnormal clinical indicator, initial imaging, guide IR therapy",3196476,MRV lower extremity without IV contrast,0 mSvO,0 mSv [ped]O,Usually not appropriate
470,Vascular,"Hemodialysis access dysfunction suspected, lower extremity, abnormal hemodynamic indicator, initial imaging, guide IR therapy",3196477,Fluoroscopy fistulography hemodialysis access lower extremity,1-10 mSv☢☢☢,,Usually appropriate
471,Vascular,"Hemodialysis access dysfunction suspected, lower extremity, abnormal hemodynamic indicator, initial imaging, guide IR therapy",3196477,US duplex Doppler hemodialysis access lower extremity,0 mSvO,0 mSv [ped]O,Usually appropriate
472,Vascular,"Hemodialysis access dysfunction suspected, lower extremity, abnormal hemodynamic indicator, initial imaging, guide IR therapy",3196477,MRA lower extremity without IV contrast,0 mSvO,0 mSv [ped]O,Usually not appropriate
473,Vascular,"Hemodialysis access dysfunction suspected, lower extremity, abnormal hemodynamic indicator, initial imaging, guide IR therapy",3196477,CTA lower extremity with IV contrast,1-10 mSv☢☢☢,3-10 mSv [ped]☢☢☢☢,Usually not appropriate
474,Vascular,"Hemodialysis access dysfunction suspected, lower extremity, abnormal hemodynamic indicator, initial imaging, guide IR therapy",3196477,CTV lower extremity with IV contrast,10-30 mSv☢☢☢☢,,Usually not appropriate
475,Vascular,"Hemodialysis access dysfunction suspected, lower extremity, abnormal hemodynamic indicator, initial imaging, guide IR therapy",3196477,MRA lower extremity without and with IV contrast,0 mSvO,0 mSv [ped]O,Usually not appropriate
476,Vascular,"Hemodialysis access dysfunction suspected, lower extremity, abnormal hemodynamic indicator, initial imaging, guide IR therapy",3196477,MRV lower extremity without and with IV contrast,0 mSvO,0 mSv [ped]O,Usually not appropriate
477,Vascular,"Hemodialysis access dysfunction suspected, lower extremity, abnormal hemodynamic indicator, initial imaging, guide IR therapy",3196477,MRV lower extremity without IV contrast,0 mSvO,0 mSv [ped]O,Usually not appropriate
478,Vascular,"Hemodialysis access dysfunction suspected, upper extremity, abnormal clinical indicator, initial imaging, guide IR therapy",3196474,Fluoroscopy fistulography hemodialysis access upper extremity,1-10 mSv☢☢☢,,Usually appropriate
479,Vascular,"Hemodialysis access dysfunction suspected, upper extremity, abnormal clinical indicator, initial imaging, guide IR therapy",3196474,US duplex Doppler hemodialysis access upper extremity,0 mSvO,0 mSv [ped]O,Usually appropriate
480,Vascular,"Hemodialysis access dysfunction suspected, upper extremity, abnormal clinical indicator, initial imaging, guide IR therapy",3196474,MRA upper extremity without IV contrast,0 mSvO,0 mSv [ped]O,Usually not appropriate
481,Vascular,"Hemodialysis access dysfunction suspected, upper extremity, abnormal clinical indicator, initial imaging, guide IR therapy",3196474,CTA upper extremity with IV contrast,1-10 mSv☢☢☢,,Usually not appropriate
482,Vascular,"Hemodialysis access dysfunction suspected, upper extremity, abnormal clinical indicator, initial imaging, guide IR therapy",3196474,CTV upper extremity with IV contrast,10-30 mSv☢☢☢☢,,Usually not appropriate
483,Vascular,"Hemodialysis access dysfunction suspected, upper extremity, abnormal clinical indicator, initial imaging, guide IR therapy",3196474,MRA upper extremity without and with IV contrast,0 mSvO,0 mSv [ped]O,Usually not appropriate
484,Vascular,"Hemodialysis access dysfunction suspected, upper extremity, abnormal clinical indicator, initial imaging, guide IR therapy",3196474,MRV upper extremity without and with IV contrast,0 mSvO,0 mSv [ped]O,Usually not appropriate
485,Vascular,"Hemodialysis access dysfunction suspected, upper extremity, abnormal clinical indicator, initial imaging, guide IR therapy",3196474,MRV upper extremity without IV contrast,0 mSvO,0 mSv [ped]O,Usually not appropriate
486,Vascular,"Hemodialysis access dysfunction suspected, upper extremity, abnormal hemodynamic indicator, initial imaging, guide IR therapy",3196475,Fluoroscopy fistulography hemodialysis access upper extremity,1-10 mSv☢☢☢,,Usually appropriate
487,Vascular,"Hemodialysis access dysfunction suspected, upper extremity, abnormal hemodynamic indicator, initial imaging, guide IR therapy",3196475,US duplex Doppler hemodialysis access upper extremity,0 mSvO,0 mSv [ped]O,Usually appropriate
488,Vascular,"Hemodialysis access dysfunction suspected, upper extremity, abnormal hemodynamic indicator, initial imaging, guide IR therapy",3196475,MRA upper extremity without IV contrast,0 mSvO,0 mSv [ped]O,Usually not appropriate
489,Vascular,"Hemodialysis access dysfunction suspected, upper extremity, abnormal hemodynamic indicator, initial imaging, guide IR therapy",3196475,CTA upper extremity with IV contrast,1-10 mSv☢☢☢,,Usually not appropriate
490,Vascular,"Hemodialysis access dysfunction suspected, upper extremity, abnormal hemodynamic indicator, initial imaging, guide IR therapy",3196475,CTV upper extremity with IV contrast,10-30 mSv☢☢☢☢,,Usually not appropriate
491,Vascular,"Hemodialysis access dysfunction suspected, upper extremity, abnormal hemodynamic indicator, initial imaging, guide IR therapy",3196475,MRA upper extremity without and with IV contrast,0 mSvO,0 mSv [ped]O,Usually not appropriate
492,Vascular,"Hemodialysis access dysfunction suspected, upper extremity, abnormal hemodynamic indicator, initial imaging, guide IR therapy",3196475,MRV upper extremity without and with IV contrast,0 mSvO,0 mSv [ped]O,Usually not appropriate
493,Vascular,"Hemodialysis access dysfunction suspected, upper extremity, abnormal hemodynamic indicator, initial imaging, guide IR therapy",3196475,MRV upper extremity without IV contrast,0 mSvO,0 mSv [ped]O,Usually not appropriate
494,Vascular,"Hemodialysis access thrombosis suspected, lower extremity, no pulse or thrill on physical exam, initial imaging, guide IR therapy",3196481,Fluoroscopy fistulography hemodialysis access lower extremity,1-10 mSv☢☢☢,,Usually appropriate
495,Vascular,"Hemodialysis access thrombosis suspected, lower extremity, no pulse or thrill on physical exam, initial imaging, guide IR therapy",3196481,US duplex Doppler hemodialysis access lower extremity,0 mSvO,0 mSv [ped]O,May be appropriate
496,Vascular,"Hemodialysis access thrombosis suspected, lower extremity, no pulse or thrill on physical exam, initial imaging, guide IR therapy",3196481,CTA lower extremity with IV contrast,1-10 mSv☢☢☢,3-10 mSv [ped]☢☢☢☢,Usually not appropriate
497,Vascular,"Hemodialysis access thrombosis suspected, lower extremity, no pulse or thrill on physical exam, initial imaging, guide IR therapy",3196481,CTV lower extremity with IV contrast,10-30 mSv☢☢☢☢,,Usually not appropriate
498,Vascular,"Hemodialysis access thrombosis suspected, lower extremity, no pulse or thrill on physical exam, initial imaging, guide IR therapy",3196481,MRA lower extremity without and with IV contrast,0 mSvO,0 mSv [ped]O,Usually not appropriate
499,Vascular,"Hemodialysis access thrombosis suspected, lower extremity, no pulse or thrill on physical exam, initial imaging, guide IR therapy",3196481,MRA lower extremity without IV contrast,0 mSvO,0 mSv [ped]O,Usually not appropriate
500,Vascular,"Hemodialysis access thrombosis suspected, lower extremity, no pulse or thrill on physical exam, initial imaging, guide IR therapy",3196481,MRV lower extremity without and with IV contrast,0 mSvO,0 mSv [ped]O,Usually not appropriate
501,Vascular,"Hemodialysis access thrombosis suspected, lower extremity, no pulse or thrill on physical exam, initial imaging, guide IR therapy",3196481,MRV lower extremity without IV contrast,0 mSvO,0 mSv [ped]O,Usually not appropriate
502,Vascular,"Hemodialysis access thrombosis suspected, upper extremity, no pulse or thrill on physical exam, initial imaging, guide IR therapy",3196482,Fluoroscopy fistulography hemodialysis access upper extremity,1-10 mSv☢☢☢,,Usually appropriate
503,Vascular,"Hemodialysis access thrombosis suspected, upper extremity, no pulse or thrill on physical exam, initial imaging, guide IR therapy",3196482,US duplex Doppler hemodialysis access upper extremity,0 mSvO,0 mSv [ped]O,May be appropriate
504,Vascular,"Hemodialysis access thrombosis suspected, upper extremity, no pulse or thrill on physical exam, initial imaging, guide IR therapy",3196482,CTA upper extremity with IV contrast,1-10 mSv☢☢☢,,Usually not appropriate
505,Vascular,"Hemodialysis access thrombosis suspected, upper extremity, no pulse or thrill on physical exam, initial imaging, guide IR therapy",3196482,CTV upper extremity with IV contrast,10-30 mSv☢☢☢☢,,Usually not appropriate
506,Vascular,"Hemodialysis access thrombosis suspected, upper extremity, no pulse or thrill on physical exam, initial imaging, guide IR therapy",3196482,MRA upper extremity without and with IV contrast,0 mSvO,0 mSv [ped]O,Usually not appropriate
507,Vascular,"Hemodialysis access thrombosis suspected, upper extremity, no pulse or thrill on physical exam, initial imaging, guide IR therapy",3196482,MRA upper extremity without IV contrast,0 mSvO,0 mSv [ped]O,Usually not appropriate
508,Vascular,"Hemodialysis access thrombosis suspected, upper extremity, no pulse or thrill on physical exam, initial imaging, guide IR therapy",3196482,MRV upper extremity without and with IV contrast,0 mSvO,0 mSv [ped]O,Usually not appropriate
509,Vascular,"Hemodialysis access thrombosis suspected, upper extremity, no pulse or thrill on physical exam, initial imaging, guide IR therapy",3196482,MRV upper extremity without IV contrast,0 mSvO,0 mSv [ped]O,Usually not appropriate
510,Vascular,"Hemodialysis access, lower extremity, ipsilateral extremity swelling, with or without venous collaterals, central venous occlusion suspected, initial imaging, guide IR therapy",3196494,Fluoroscopy fistulography hemodialysis access lower extremity,1-10 mSv☢☢☢,,Usually appropriate
511,Vascular,"Hemodialysis access, lower extremity, ipsilateral extremity swelling, with or without venous collaterals, central venous occlusion suspected, initial imaging, guide IR therapy",3196494,CTA lower extremity with IV contrast,1-10 mSv☢☢☢,3-10 mSv [ped]☢☢☢☢,Usually not appropriate
512,Vascular,"Hemodialysis access, lower extremity, ipsilateral extremity swelling, with or without venous collaterals, central venous occlusion suspected, initial imaging, guide IR therapy",3196494,CTV lower extremity with IV contrast,10-30 mSv☢☢☢☢,,Usually not appropriate
513,Vascular,"Hemodialysis access, lower extremity, ipsilateral extremity swelling, with or without venous collaterals, central venous occlusion suspected, initial imaging, guide IR therapy",3196494,MRA lower extremity without and with IV contrast,0 mSvO,0 mSv [ped]O,Usually not appropriate
514,Vascular,"Hemodialysis access, lower extremity, ipsilateral extremity swelling, with or without venous collaterals, central venous occlusion suspected, initial imaging, guide IR therapy",3196494,MRA lower extremity without IV contrast,0 mSvO,0 mSv [ped]O,Usually not appropriate
515,Vascular,"Hemodialysis access, lower extremity, ipsilateral extremity swelling, with or without venous collaterals, central venous occlusion suspected, initial imaging, guide IR therapy",3196494,MRV lower extremity without and with IV contrast,0 mSvO,0 mSv [ped]O,Usually not appropriate
516,Vascular,"Hemodialysis access, lower extremity, ipsilateral extremity swelling, with or without venous collaterals, central venous occlusion suspected, initial imaging, guide IR therapy",3196494,MRV lower extremity without IV contrast,0 mSvO,0 mSv [ped]O,Usually not appropriate
517,Vascular,"Hemodialysis access, lower extremity, ipsilateral extremity swelling, with or without venous collaterals, central venous occlusion suspected, initial imaging, guide IR therapy",3196494,US duplex Doppler hemodialysis access lower extremity,0 mSvO,0 mSv [ped]O,Usually not appropriate
518,Vascular,"Hemodialysis access, lower extremity, ipsilateral extremity swelling, with or without venous collaterals, central venous stenosis suspected, initial imaging, guide IR therapy",3196492,Fluoroscopy fistulography hemodialysis access lower extremity,1-10 mSv☢☢☢,,Usually appropriate
519,Vascular,"Hemodialysis access, lower extremity, ipsilateral extremity swelling, with or without venous collaterals, central venous stenosis suspected, initial imaging, guide IR therapy",3196492,CTA lower extremity with IV contrast,1-10 mSv☢☢☢,3-10 mSv [ped]☢☢☢☢,Usually not appropriate
520,Vascular,"Hemodialysis access, lower extremity, ipsilateral extremity swelling, with or without venous collaterals, central venous stenosis suspected, initial imaging, guide IR therapy",3196492,CTV lower extremity with IV contrast,10-30 mSv☢☢☢☢,,Usually not appropriate
521,Vascular,"Hemodialysis access, lower extremity, ipsilateral extremity swelling, with or without venous collaterals, central venous stenosis suspected, initial imaging, guide IR therapy",3196492,MRA lower extremity without and with IV contrast,0 mSvO,0 mSv [ped]O,Usually not appropriate
522,Vascular,"Hemodialysis access, lower extremity, ipsilateral extremity swelling, with or without venous collaterals, central venous stenosis suspected, initial imaging, guide IR therapy",3196492,MRA lower extremity without IV contrast,0 mSvO,0 mSv [ped]O,Usually not appropriate
523,Vascular,"Hemodialysis access, lower extremity, ipsilateral extremity swelling, with or without venous collaterals, central venous stenosis suspected, initial imaging, guide IR therapy",3196492,MRV lower extremity without and with IV contrast,0 mSvO,0 mSv [ped]O,Usually not appropriate
524,Vascular,"Hemodialysis access, lower extremity, ipsilateral extremity swelling, with or without venous collaterals, central venous stenosis suspected, initial imaging, guide IR therapy",3196492,MRV lower extremity without IV contrast,0 mSvO,0 mSv [ped]O,Usually not appropriate
525,Vascular,"Hemodialysis access, lower extremity, ipsilateral extremity swelling, with or without venous collaterals, central venous stenosis suspected, initial imaging, guide IR therapy",3196492,US duplex Doppler hemodialysis access lower extremity,0 mSvO,0 mSv [ped]O,Usually not appropriate
526,Vascular,"Hemodialysis access, upper extremity, ipsilateral extremity swelling, with or without venous collaterals, central venous occlusion suspected, initial imaging, guide IR therapy",3196493,Fluoroscopy fistulography hemodialysis access upper extremity,1-10 mSv☢☢☢,,Usually appropriate
527,Vascular,"Hemodialysis access, upper extremity, ipsilateral extremity swelling, with or without venous collaterals, central venous occlusion suspected, initial imaging, guide IR therapy",3196493,CTA upper extremity with IV contrast,1-10 mSv☢☢☢,,Usually not appropriate
528,Vascular,"Hemodialysis access, upper extremity, ipsilateral extremity swelling, with or without venous collaterals, central venous occlusion suspected, initial imaging, guide IR therapy",3196493,CTV upper extremity with IV contrast,10-30 mSv☢☢☢☢,,Usually not appropriate
529,Vascular,"Hemodialysis access, upper extremity, ipsilateral extremity swelling, with or without venous collaterals, central venous occlusion suspected, initial imaging, guide IR therapy",3196493,MRA upper extremity without and with IV contrast,0 mSvO,0 mSv [ped]O,Usually not appropriate
530,Vascular,"Hemodialysis access, upper extremity, ipsilateral extremity swelling, with or without venous collaterals, central venous occlusion suspected, initial imaging, guide IR therapy",3196493,MRA upper extremity without IV contrast,0 mSvO,0 mSv [ped]O,Usually not appropriate
531,Vascular,"Hemodialysis access, upper extremity, ipsilateral extremity swelling, with or without venous collaterals, central venous occlusion suspected, initial imaging, guide IR therapy",3196493,MRV upper extremity without and with IV contrast,0 mSvO,0 mSv [ped]O,Usually not appropriate
532,Vascular,"Hemodialysis access, upper extremity, ipsilateral extremity swelling, with or without venous collaterals, central venous occlusion suspected, initial imaging, guide IR therapy",3196493,MRV upper extremity without IV contrast,0 mSvO,0 mSv [ped]O,Usually not appropriate
533,Vascular,"Hemodialysis access, upper extremity, ipsilateral extremity swelling, with or without venous collaterals, central venous occlusion suspected, initial imaging, guide IR therapy",3196493,US duplex Doppler hemodialysis access upper extremity,0 mSvO,0 mSv [ped]O,Usually not appropriate
534,Vascular,"Hemodialysis access, upper extremity, ipsilateral extremity swelling, with or without venous collaterals, central venous stenosis suspected, initial imaging, guide IR therapy",3196491,Fluoroscopy fistulography hemodialysis access upper extremity,1-10 mSv☢☢☢,,Usually appropriate
535,Vascular,"Hemodialysis access, upper extremity, ipsilateral extremity swelling, with or without venous collaterals, central venous stenosis suspected, initial imaging, guide IR therapy",3196491,CTA upper extremity with IV contrast,1-10 mSv☢☢☢,,Usually not appropriate
536,Vascular,"Hemodialysis access, upper extremity, ipsilateral extremity swelling, with or without venous collaterals, central venous stenosis suspected, initial imaging, guide IR therapy",3196491,CTV upper extremity with IV contrast,10-30 mSv☢☢☢☢,,Usually not appropriate
537,Vascular,"Hemodialysis access, upper extremity, ipsilateral extremity swelling, with or without venous collaterals, central venous stenosis suspected, initial imaging, guide IR therapy",3196491,MRA upper extremity without and with IV contrast,0 mSvO,0 mSv [ped]O,Usually not appropriate
538,Vascular,"Hemodialysis access, upper extremity, ipsilateral extremity swelling, with or without venous collaterals, central venous stenosis suspected, initial imaging, guide IR therapy",3196491,MRA upper extremity without IV contrast,0 mSvO,0 mSv [ped]O,Usually not appropriate
539,Vascular,"Hemodialysis access, upper extremity, ipsilateral extremity swelling, with or without venous collaterals, central venous stenosis suspected, initial imaging, guide IR therapy",3196491,MRV upper extremity without and with IV contrast,0 mSvO,0 mSv [ped]O,Usually not appropriate
540,Vascular,"Hemodialysis access, upper extremity, ipsilateral extremity swelling, with or without venous collaterals, central venous stenosis suspected, initial imaging, guide IR therapy",3196491,MRV upper extremity without IV contrast,0 mSvO,0 mSv [ped]O,Usually not appropriate
541,Vascular,"Hemodialysis access, upper extremity, ipsilateral extremity swelling, with or without venous collaterals, central venous stenosis suspected, initial imaging, guide IR therapy",3196491,US duplex Doppler hemodialysis access upper extremity,0 mSvO,0 mSv [ped]O,Usually not appropriate
542,Vascular,"HTN, high suspicion renal vascular, decreased renal function",3106361,US duplex Doppler kidneys retroperitoneal,0 mSvO,0 mSv [ped]O,Usually appropriate
543,Vascular,"HTN, high suspicion renal vascular, decreased renal function",3106361,MRA abdomen without IV contrast,0 mSvO,0 mSv [ped]O,Usually appropriate
544,Vascular,"HTN, high suspicion renal vascular, decreased renal function",3106361,CTA abdomen with IV contrast,1-10 mSv☢☢☢,,May be appropriate
545,Vascular,"HTN, high suspicion renal vascular, decreased renal function",3106361,Arteriography kidney,1-10 mSv☢☢☢,,Usually not appropriate
546,Vascular,"HTN, high suspicion renal vascular, decreased renal function",3106361,Venography with renal vein sampling,Varies,Varies,Usually not appropriate
547,Vascular,"HTN, high suspicion renal vascular, decreased renal function",3106361,MRA abdomen without and with IV contrast,0 mSvO,0 mSv [ped]O,Usually not appropriate
548,Vascular,"HTN, high suspicion renal vascular, decreased renal function",3106361,ACE-inhibitor renography,1-10 mSv☢☢☢,,Usually not appropriate
549,Vascular,"HTN, high suspicion renal vascular, normal renal function",3073720,US duplex Doppler kidneys retroperitoneal,0 mSvO,0 mSv [ped]O,Usually appropriate
550,Vascular,"HTN, high suspicion renal vascular, normal renal function",3073720,MRA abdomen without and with IV contrast,0 mSvO,0 mSv [ped]O,Usually appropriate
551,Vascular,"HTN, high suspicion renal vascular, normal renal function",3073720,CTA abdomen with IV contrast,1-10 mSv☢☢☢,,Usually appropriate
552,Vascular,"HTN, high suspicion renal vascular, normal renal function",3073720,MRA abdomen without IV contrast,0 mSvO,0 mSv [ped]O,May be appropriate
553,Vascular,"HTN, high suspicion renal vascular, normal renal function",3073720,ACE-inhibitor renography,1-10 mSv☢☢☢,,May be appropriate
554,Vascular,"HTN, high suspicion renal vascular, normal renal function",3073720,Arteriography kidney,1-10 mSv☢☢☢,,Usually not appropriate
555,Vascular,"HTN, high suspicion renal vascular, normal renal function",3073720,Venography with renal vein sampling,Varies,Varies,Usually not appropriate
556,Vascular,"Iliocaval disease suspected, severe post thrombotic changes, initial imaging",3196600,US duplex Doppler lower extremity,0 mSvO,0 mSv [ped]O,Usually appropriate
557,Vascular,"Iliocaval disease suspected, severe post thrombotic changes, initial imaging",3196600,CTV abdomen and pelvis with IV contrast,10-30 mSv☢☢☢☢,,Usually appropriate
558,Vascular,"Iliocaval disease suspected, severe post thrombotic changes, initial imaging",3196600,MRV abdomen and pelvis without and with IV contrast,0 mSvO,0 mSv [ped]O,Usually appropriate
559,Vascular,"Iliocaval disease suspected, severe post thrombotic changes, initial imaging",3196600,US duplex Doppler IVC and iliac veins,0 mSvO,0 mSv [ped]O,Usually appropriate
560,Vascular,"Iliocaval disease suspected, severe post thrombotic changes, initial imaging",3196600,Catheter venography iliac veins,10-30 mSv☢☢☢☢,,May be appropriate
561,Vascular,"Iliocaval disease suspected, severe post thrombotic changes, initial imaging",3196600,Catheter venography lower extremity,0.1-1mSv☢☢,,May be appropriate
562,Vascular,"Iliocaval disease suspected, severe post thrombotic changes, initial imaging",3196600,CTV lower extremity with IV contrast,10-30 mSv☢☢☢☢,,May be appropriate (Disagreement)
563,Vascular,"Iliocaval disease suspected, severe post thrombotic changes, initial imaging",3196600,MRV lower extremity without and with IV contrast,0 mSvO,0 mSv [ped]O,May be appropriate (Disagreement)
564,Vascular,"Iliocaval disease suspected, severe post thrombotic changes, initial imaging",3196600,US intravascular iliac veins,0 mSvO,0 mSv [ped]O,May be appropriate (Disagreement)
565,Vascular,"Iliocaval disease, severe post thrombotic changes, treatment",3196603,Anticoagulation,,,Usually appropriate
566,Vascular,"Iliocaval disease, severe post thrombotic changes, treatment",3196603,Compression therapy,,,Usually appropriate
567,Vascular,"Iliocaval disease, severe post thrombotic changes, treatment",3196603,Endovascular stenting,,,Usually appropriate
568,Vascular,"Iliocaval disease, severe post thrombotic changes, treatment",3196603,Catheter-directed thrombolysis with or without thrombectomy lower extremity,,,May be appropriate
569,Vascular,"Iliocaval disease, severe post thrombotic changes, treatment",3196603,Venous angioplasty,,,May be appropriate
570,Vascular,"Iliocaval disease, severe post thrombotic changes, treatment",3196603,Saphenous vein ablation,,,May be appropriate (Disagreement)
571,Vascular,"Iliocaval disease, severe post thrombotic changes, treatment",3196603,Venous bypass procedure,,,May be appropriate
572,Vascular,"Iliocaval disease, severe post thrombotic changes, treatment",3196603,Compression sclerotherapy,,,Usually not appropriate
573,Vascular,"Large vessel vasculitis suspected, initial imaging",3194256,MRA chest abdomen pelvis with IV contrast,0 mSvO,0 mSv [ped]O,Usually appropriate
574,Vascular,"Large vessel vasculitis suspected, initial imaging",3194256,MRA chest abdomen pelvis without and with IV contrast,0 mSvO,0 mSv [ped]O,Usually appropriate
575,Vascular,"Large vessel vasculitis suspected, initial imaging",3194256,CT chest abdomen pelvis with IV contrast,10-30 mSv☢☢☢☢,3-10 mSv [ped]☢☢☢☢,Usually appropriate
576,Vascular,"Large vessel vasculitis suspected, initial imaging",3194256,CT chest abdomen pelvis without and with IV contrast,10-30 mSv☢☢☢☢,10-30 mSv [ped]☢☢☢☢☢,Usually appropriate
577,Vascular,"Large vessel vasculitis suspected, initial imaging",3194256,FDG-PET/CT whole body,10-30 mSv☢☢☢☢,3-10 mSv [ped]☢☢☢☢,Usually appropriate
578,Vascular,"Large vessel vasculitis suspected, initial imaging",3194256,CTA chest abdomen pelvis with IV contrast,30-100 mSv☢☢☢☢☢,10-30 mSv [ped]☢☢☢☢☢,Usually appropriate
579,Vascular,"Large vessel vasculitis suspected, initial imaging",3194256,US duplex Doppler upper extremity,0 mSvO,0 mSv [ped]O,May be appropriate
580,Vascular,"Large vessel vasculitis suspected, initial imaging",3194256,Arteriography chest abdomen pelvis,Varies,Varies,May be appropriate
581,Vascular,"Large vessel vasculitis suspected, initial imaging",3194256,MRA chest abdomen pelvis without IV contrast,0 mSvO,0 mSv [ped]O,May be appropriate
582,Vascular,"Large vessel vasculitis suspected, initial imaging",3194256,MRA neck with IV contrast,0 mSvO,0 mSv [ped]O,May be appropriate (Disagreement)
583,Vascular,"Large vessel vasculitis suspected, initial imaging",3194256,MRA neck without and with IV contrast,0 mSvO,0 mSv [ped]O,May be appropriate (Disagreement)
584,Vascular,"Large vessel vasculitis suspected, initial imaging",3194256,MRA neck without IV contrast,0 mSvO,0 mSv [ped]O,May be appropriate
585,Vascular,"Large vessel vasculitis suspected, initial imaging",3194256,MRI chest abdomen pelvis without and with IV contrast,0 mSvO,0 mSv [ped]O,May be appropriate
586,Vascular,"Large vessel vasculitis suspected, initial imaging",3194256,CTA coronary arteries with IV contrast,1-10 mSv☢☢☢,3-10 mSv [ped]☢☢☢☢,May be appropriate
587,Vascular,"Large vessel vasculitis suspected, initial imaging",3194256,US duplex Doppler aorta abdomen,0 mSvO,0 mSv [ped]O,Usually not appropriate
588,Vascular,"Large vessel vasculitis suspected, initial imaging",3194256,US duplex Doppler chest abdomen pelvis,0 mSvO,0 mSv [ped]O,Usually not appropriate
589,Vascular,"Large vessel vasculitis suspected, initial imaging",3194256,US duplex Doppler iliofemoral arteries,0 mSvO,0 mSv [ped]O,Usually not appropriate
590,Vascular,"Large vessel vasculitis suspected, initial imaging",3194256,US duplex Doppler lower extremity,0 mSvO,0 mSv [ped]O,Usually not appropriate
591,Vascular,"Large vessel vasculitis suspected, initial imaging",3194256,MRA coronary arteries without and with IV contrast,0 mSvO,0 mSv [ped]O,Usually not appropriate
592,Vascular,"Large vessel vasculitis suspected, initial imaging",3194256,MRA coronary arteries without IV contrast,0 mSvO,0 mSv [ped]O,Usually not appropriate
593,Vascular,"Large vessel vasculitis suspected, initial imaging",3194256,MRI chest abdomen pelvis without IV contrast,0 mSvO,0 mSv [ped]O,Usually not appropriate
594,Vascular,"Large vessel vasculitis suspected, initial imaging",3194256,MRI heart function and morphology without and with IV contrast,0 mSvO,0 mSv [ped]O,Usually not appropriate
595,Vascular,"Large vessel vasculitis suspected, initial imaging",3194256,MRI heart function and morphology without IV contrast,0 mSvO,0 mSv [ped]O,Usually not appropriate
596,Vascular,"Large vessel vasculitis suspected, initial imaging",3194256,CT chest abdomen pelvis without IV contrast,10-30 mSv☢☢☢☢,3-10 mSv [ped]☢☢☢☢,Usually not appropriate
597,Vascular,Lower extremity arterial dissection,3149739,MRA lower extremity without and with IV contrast,0 mSvO,0 mSv [ped]O,Usually appropriate
598,Vascular,Lower extremity arterial dissection,3149739,CTA lower extremity with IV contrast,1-10 mSv☢☢☢,3-10 mSv [ped]☢☢☢☢,Usually appropriate
599,Vascular,Lower extremity arterial dissection,3149739,Arteriography lower extremity,0.1-1mSv☢☢,0.3-3 mSv [ped]☢☢☢,May be appropriate
600,Vascular,Lower extremity arterial dissection,3149739,MRA lower extremity without IV contrast,0 mSvO,0 mSv [ped]O,May be appropriate
601,Vascular,Lower extremity arterial dissection,3149739,US duplex Doppler lower extremity,0 mSvO,0 mSv [ped]O,Usually not appropriate
602,Vascular,Lower extremity arterial dissection,3149739,US intravascular lower extremity,0 mSvO,0 mSv [ped]O,Usually not appropriate
603,Vascular,Lower extremity arterial dissection suspected,3149738,MRA lower extremity without and with IV contrast,0 mSvO,0 mSv [ped]O,Usually appropriate
604,Vascular,Lower extremity arterial dissection suspected,3149738,CTA lower extremity with IV contrast,1-10 mSv☢☢☢,3-10 mSv [ped]☢☢☢☢,Usually appropriate
605,Vascular,Lower extremity arterial dissection suspected,3149738,Arteriography lower extremity,0.1-1mSv☢☢,0.3-3 mSv [ped]☢☢☢,May be appropriate
606,Vascular,Lower extremity arterial dissection suspected,3149738,MRA lower extremity without IV contrast,0 mSvO,0 mSv [ped]O,May be appropriate
607,Vascular,Lower extremity arterial dissection suspected,3149738,US duplex Doppler lower extremity,0 mSvO,0 mSv [ped]O,Usually not appropriate
608,Vascular,Lower extremity arterial dissection suspected,3149738,US intravascular lower extremity,0 mSvO,0 mSv [ped]O,Usually not appropriate
609,Vascular,Lower extremity connective tissue vascular disease,3149741,MRA lower extremity without and with IV contrast,0 mSvO,0 mSv [ped]O,Usually appropriate
610,Vascular,Lower extremity connective tissue vascular disease,3149741,CTA lower extremity with IV contrast,1-10 mSv☢☢☢,3-10 mSv [ped]☢☢☢☢,Usually appropriate
611,Vascular,Lower extremity connective tissue vascular disease,3149741,Arteriography lower extremity,0.1-1mSv☢☢,0.3-3 mSv [ped]☢☢☢,May be appropriate
612,Vascular,Lower extremity connective tissue vascular disease,3149741,MRA lower extremity without IV contrast,0 mSvO,0 mSv [ped]O,May be appropriate
613,Vascular,Lower extremity connective tissue vascular disease,3149741,US duplex Doppler lower extremity,0 mSvO,0 mSv [ped]O,Usually not appropriate
614,Vascular,Lower extremity connective tissue vascular disease,3149741,US intravascular lower extremity,0 mSvO,0 mSv [ped]O,Usually not appropriate
615,Vascular,Lower extremity connective tissue vascular disease suspected,3149740,MRA lower extremity without and with IV contrast,0 mSvO,0 mSv [ped]O,Usually appropriate
616,Vascular,Lower extremity connective tissue vascular disease suspected,3149740,CTA lower extremity with IV contrast,1-10 mSv☢☢☢,3-10 mSv [ped]☢☢☢☢,Usually appropriate
617,Vascular,Lower extremity connective tissue vascular disease suspected,3149740,Arteriography lower extremity,0.1-1mSv☢☢,0.3-3 mSv [ped]☢☢☢,May be appropriate
618,Vascular,Lower extremity connective tissue vascular disease suspected,3149740,MRA lower extremity without IV contrast,0 mSvO,0 mSv [ped]O,May be appropriate
619,Vascular,Lower extremity connective tissue vascular disease suspected,3149740,US duplex Doppler lower extremity,0 mSvO,0 mSv [ped]O,Usually not appropriate
620,Vascular,Lower extremity connective tissue vascular disease suspected,3149740,US intravascular lower extremity,0 mSvO,0 mSv [ped]O,Usually not appropriate
621,Vascular,"Lower extremity disease, severe post thrombotic changes, treatment",3196604,Anticoagulation,,,Usually appropriate
622,Vascular,"Lower extremity disease, severe post thrombotic changes, treatment",3196604,Compression therapy,,,Usually appropriate
623,Vascular,"Lower extremity disease, severe post thrombotic changes, treatment",3196604,Endovascular stenting,,,Usually appropriate
624,Vascular,"Lower extremity disease, severe post thrombotic changes, treatment",3196604,Catheter-directed thrombolysis with or without thrombectomy lower extremity,,,May be appropriate
625,Vascular,"Lower extremity disease, severe post thrombotic changes, treatment",3196604,Venous angioplasty,,,May be appropriate
626,Vascular,"Lower extremity disease, severe post thrombotic changes, treatment",3196604,Saphenous vein ablation,,,May be appropriate (Disagreement)
627,Vascular,"Lower extremity disease, severe post thrombotic changes, treatment",3196604,Venous bypass procedure,,,May be appropriate
628,Vascular,"Lower extremity disease, severe post thrombotic changes, treatment",3196604,Compression sclerotherapy,,,Usually not appropriate
629,Vascular,"Lower extremity prior revascularization, asymptomatic, follow up",3128569,US duplex Doppler lower extremity,0 mSvO,0 mSv [ped]O,Usually appropriate
630,Vascular,"Lower extremity prior revascularization, asymptomatic, follow up",3128569,Arteriography lower extremity,0.1-1mSv☢☢,0.3-3 mSv [ped]☢☢☢,Usually not appropriate
631,Vascular,"Lower extremity prior revascularization, asymptomatic, follow up",3128569,MRA lower extremity without and with IV contrast,0 mSvO,0 mSv [ped]O,Usually not appropriate
632,Vascular,"Lower extremity prior revascularization, asymptomatic, follow up",3128569,MRA lower extremity without IV contrast,0 mSvO,0 mSv [ped]O,Usually not appropriate
633,Vascular,"Lower extremity prior revascularization, asymptomatic, follow up",3128569,CTA lower extremity with IV contrast,1-10 mSv☢☢☢,3-10 mSv [ped]☢☢☢☢,Usually not appropriate
634,Vascular,Lower extremity vascular trauma,3149290,CTA lower extremity with IV contrast,1-10 mSv☢☢☢,3-10 mSv [ped]☢☢☢☢,Usually appropriate
635,Vascular,Lower extremity vascular trauma,3149290,US duplex Doppler lower extremity,0 mSvO,0 mSv [ped]O,May be appropriate
636,Vascular,Lower extremity vascular trauma,3149290,Arteriography lower extremity,0.1-1mSv☢☢,0.3-3 mSv [ped]☢☢☢,May be appropriate
637,Vascular,Lower extremity vascular trauma,3149290,US intravascular lower extremity,0 mSvO,0 mSv [ped]O,Usually not appropriate
638,Vascular,Lower extremity vascular trauma,3149290,MRA lower extremity without and with IV contrast,0 mSvO,0 mSv [ped]O,Usually not appropriate
639,Vascular,Lower extremity vascular trauma,3149290,MRA lower extremity without IV contrast,0 mSvO,0 mSv [ped]O,Usually not appropriate
640,Vascular,Lower extremity vasculitis,3149737,Arteriography lower extremity,0.1-1mSv☢☢,0.3-3 mSv [ped]☢☢☢,Usually appropriate
641,Vascular,Lower extremity vasculitis,3149737,MRA lower extremity without and with IV contrast,0 mSvO,0 mSv [ped]O,Usually appropriate
642,Vascular,Lower extremity vasculitis,3149737,CTA lower extremity with IV contrast,1-10 mSv☢☢☢,3-10 mSv [ped]☢☢☢☢,Usually appropriate
643,Vascular,Lower extremity vasculitis,3149737,US duplex Doppler lower extremity,0 mSvO,0 mSv [ped]O,May be appropriate
644,Vascular,Lower extremity vasculitis,3149737,MRA lower extremity without IV contrast,0 mSvO,0 mSv [ped]O,May be appropriate
645,Vascular,Lower extremity vasculitis,3149737,US intravascular lower extremity,0 mSvO,0 mSv [ped]O,Usually not appropriate
646,Vascular,Lower extremity vasculitis suspected,3149736,Arteriography lower extremity,0.1-1mSv☢☢,0.3-3 mSv [ped]☢☢☢,Usually appropriate
647,Vascular,Lower extremity vasculitis suspected,3149736,MRA lower extremity without and with IV contrast,0 mSvO,0 mSv [ped]O,Usually appropriate
648,Vascular,Lower extremity vasculitis suspected,3149736,CTA lower extremity with IV contrast,1-10 mSv☢☢☢,3-10 mSv [ped]☢☢☢☢,Usually appropriate
649,Vascular,Lower extremity vasculitis suspected,3149736,US duplex Doppler lower extremity,0 mSvO,0 mSv [ped]O,May be appropriate
650,Vascular,Lower extremity vasculitis suspected,3149736,MRA lower extremity without IV contrast,0 mSvO,0 mSv [ped]O,May be appropriate
651,Vascular,Lower extremity vasculitis suspected,3149736,US intravascular lower extremity,0 mSvO,0 mSv [ped]O,Usually not appropriate
652,Vascular,"Lower extremity venous disease suspected, severe post thrombotic changes, initial imaging",3196601,US duplex Doppler lower extremity,0 mSvO,0 mSv [ped]O,Usually appropriate
653,Vascular,"Lower extremity venous disease suspected, severe post thrombotic changes, initial imaging",3196601,CTV abdomen and pelvis with IV contrast,10-30 mSv☢☢☢☢,,Usually appropriate
654,Vascular,"Lower extremity venous disease suspected, severe post thrombotic changes, initial imaging",3196601,MRV abdomen and pelvis without and with IV contrast,0 mSvO,0 mSv [ped]O,Usually appropriate
655,Vascular,"Lower extremity venous disease suspected, severe post thrombotic changes, initial imaging",3196601,US duplex Doppler IVC and iliac veins,0 mSvO,0 mSv [ped]O,Usually appropriate
656,Vascular,"Lower extremity venous disease suspected, severe post thrombotic changes, initial imaging",3196601,Catheter venography iliac veins,10-30 mSv☢☢☢☢,,May be appropriate
657,Vascular,"Lower extremity venous disease suspected, severe post thrombotic changes, initial imaging",3196601,Catheter venography lower extremity,0.1-1mSv☢☢,,May be appropriate
658,Vascular,"Lower extremity venous disease suspected, severe post thrombotic changes, initial imaging",3196601,CTV lower extremity with IV contrast,10-30 mSv☢☢☢☢,,May be appropriate (Disagreement)
659,Vascular,"Lower extremity venous disease suspected, severe post thrombotic changes, initial imaging",3196601,MRV lower extremity without and with IV contrast,0 mSvO,0 mSv [ped]O,May be appropriate (Disagreement)
660,Vascular,"Lower extremity venous disease suspected, severe post thrombotic changes, initial imaging",3196601,US intravascular iliac veins,0 mSvO,0 mSv [ped]O,May be appropriate (Disagreement)
661,Vascular,"Medium vessel vasculitis suspected, initial imaging",3194258,Arteriography chest abdomen pelvis,Varies,Varies,Usually appropriate
662,Vascular,"Medium vessel vasculitis suspected, initial imaging",3194258,CTA chest abdomen pelvis with IV contrast,30-100 mSv☢☢☢☢☢,10-30 mSv [ped]☢☢☢☢☢,Usually appropriate
663,Vascular,"Medium vessel vasculitis suspected, initial imaging",3194258,MRA chest abdomen pelvis with IV contrast,0 mSvO,0 mSv [ped]O,May be appropriate
664,Vascular,"Medium vessel vasculitis suspected, initial imaging",3194258,MRA chest abdomen pelvis without and with IV contrast,0 mSvO,0 mSv [ped]O,May be appropriate (Disagreement)
665,Vascular,"Medium vessel vasculitis suspected, initial imaging",3194258,MRA chest abdomen pelvis without IV contrast,0 mSvO,0 mSv [ped]O,May be appropriate (Disagreement)
666,Vascular,"Medium vessel vasculitis suspected, initial imaging",3194258,MRI chest abdomen pelvis without and with IV contrast,0 mSvO,0 mSv [ped]O,May be appropriate
667,Vascular,"Medium vessel vasculitis suspected, initial imaging",3194258,MRI heart function and morphology without and with IV contrast,0 mSvO,0 mSv [ped]O,May be appropriate
668,Vascular,"Medium vessel vasculitis suspected, initial imaging",3194258,CTA coronary arteries with IV contrast,1-10 mSv☢☢☢,3-10 mSv [ped]☢☢☢☢,May be appropriate
669,Vascular,"Medium vessel vasculitis suspected, initial imaging",3194258,CT chest abdomen pelvis with IV contrast,10-30 mSv☢☢☢☢,3-10 mSv [ped]☢☢☢☢,May be appropriate
670,Vascular,"Medium vessel vasculitis suspected, initial imaging",3194258,CT chest abdomen pelvis without and with IV contrast,10-30 mSv☢☢☢☢,10-30 mSv [ped]☢☢☢☢☢,May be appropriate
671,Vascular,"Medium vessel vasculitis suspected, initial imaging",3194258,US duplex Doppler aorta abdomen,0 mSvO,0 mSv [ped]O,Usually not appropriate
672,Vascular,"Medium vessel vasculitis suspected, initial imaging",3194258,US duplex Doppler chest abdomen pelvis,0 mSvO,0 mSv [ped]O,Usually not appropriate
673,Vascular,"Medium vessel vasculitis suspected, initial imaging",3194258,US duplex Doppler iliofemoral arteries,0 mSvO,0 mSv [ped]O,Usually not appropriate
674,Vascular,"Medium vessel vasculitis suspected, initial imaging",3194258,US duplex Doppler lower extremity,0 mSvO,0 mSv [ped]O,Usually not appropriate
675,Vascular,"Medium vessel vasculitis suspected, initial imaging",3194258,US duplex Doppler upper extremity,0 mSvO,0 mSv [ped]O,Usually not appropriate
676,Vascular,"Medium vessel vasculitis suspected, initial imaging",3194258,MRA coronary arteries without and with IV contrast,0 mSvO,0 mSv [ped]O,Usually not appropriate
677,Vascular,"Medium vessel vasculitis suspected, initial imaging",3194258,MRA coronary arteries without IV contrast,0 mSvO,0 mSv [ped]O,Usually not appropriate
678,Vascular,"Medium vessel vasculitis suspected, initial imaging",3194258,MRA neck with IV contrast,0 mSvO,0 mSv [ped]O,Usually not appropriate
679,Vascular,"Medium vessel vasculitis suspected, initial imaging",3194258,MRA neck without and with IV contrast,0 mSvO,0 mSv [ped]O,Usually not appropriate
680,Vascular,"Medium vessel vasculitis suspected, initial imaging",3194258,MRA neck without IV contrast,0 mSvO,0 mSv [ped]O,Usually not appropriate
681,Vascular,"Medium vessel vasculitis suspected, initial imaging",3194258,MRI chest abdomen pelvis without IV contrast,0 mSvO,0 mSv [ped]O,Usually not appropriate
682,Vascular,"Medium vessel vasculitis suspected, initial imaging",3194258,MRI heart function and morphology without IV contrast,0 mSvO,0 mSv [ped]O,Usually not appropriate
683,Vascular,"Medium vessel vasculitis suspected, initial imaging",3194258,CT chest abdomen pelvis without IV contrast,10-30 mSv☢☢☢☢,3-10 mSv [ped]☢☢☢☢,Usually not appropriate
684,Vascular,"Medium vessel vasculitis suspected, initial imaging",3194258,FDG-PET/CT whole body,10-30 mSv☢☢☢☢,3-10 mSv [ped]☢☢☢☢,Usually not appropriate
685,Vascular,"Mesenteric ischemia, acute, suspected, initial exam",3141499,CTA abdomen and pelvis with IV contrast,10-30 mSv☢☢☢☢,,Usually appropriate
686,Vascular,"Mesenteric ischemia, acute, suspected, initial exam",3141499,US duplex Doppler abdomen,0 mSvO,0 mSv [ped]O,May be appropriate
687,Vascular,"Mesenteric ischemia, acute, suspected, initial exam",3141499,Radiography abdomen,0.1-1mSv☢☢,0.03-0.3 mSv [ped]☢☢,May be appropriate
688,Vascular,"Mesenteric ischemia, acute, suspected, initial exam",3141499,Arteriography abdomen,1-10 mSv☢☢☢,10-30 mSv [ped]☢☢☢☢☢,May be appropriate (Disagreement)
689,Vascular,"Mesenteric ischemia, acute, suspected, initial exam",3141499,MRA abdomen and pelvis without and with IV contrast,0 mSvO,0 mSv [ped]O,May be appropriate (Disagreement)
690,Vascular,"Mesenteric ischemia, acute, suspected, initial exam",3141499,CT abdomen and pelvis with IV contrast,1-10 mSv☢☢☢,3-10 mSv [ped]☢☢☢☢,May be appropriate
691,Vascular,"Mesenteric ischemia, acute, suspected, initial exam",3141499,MRA abdomen and pelvis without IV contrast,0 mSvO,0 mSv [ped]O,Usually not appropriate
692,Vascular,"Mesenteric ischemia, acute, suspected, initial exam",3141499,CT abdomen and pelvis without IV contrast,1-10 mSv☢☢☢,3-10 mSv [ped]☢☢☢☢,Usually not appropriate
693,Vascular,"Mesenteric ischemia, acute, suspected, initial exam",3141499,CT abdomen and pelvis without and with IV contrast,10-30 mSv☢☢☢☢,10-30 mSv [ped]☢☢☢☢☢,Usually not appropriate
694,Vascular,"Mesenteric ischemia, chronic, suspected, initial exam",3141500,MRA abdomen and pelvis without and with IV contrast,0 mSvO,0 mSv [ped]O,Usually appropriate
695,Vascular,"Mesenteric ischemia, chronic, suspected, initial exam",3141500,CTA abdomen and pelvis with IV contrast,10-30 mSv☢☢☢☢,,Usually appropriate
696,Vascular,"Mesenteric ischemia, chronic, suspected, initial exam",3141500,US duplex Doppler abdomen,0 mSvO,0 mSv [ped]O,May be appropriate
697,Vascular,"Mesenteric ischemia, chronic, suspected, initial exam",3141500,Arteriography abdomen,1-10 mSv☢☢☢,10-30 mSv [ped]☢☢☢☢☢,May be appropriate (Disagreement)
698,Vascular,"Mesenteric ischemia, chronic, suspected, initial exam",3141500,MRA abdomen and pelvis without IV contrast,0 mSvO,0 mSv [ped]O,May be appropriate
699,Vascular,"Mesenteric ischemia, chronic, suspected, initial exam",3141500,CT abdomen and pelvis with IV contrast,1-10 mSv☢☢☢,3-10 mSv [ped]☢☢☢☢,May be appropriate
700,Vascular,"Mesenteric ischemia, chronic, suspected, initial exam",3141500,Radiography abdomen,0.1-1mSv☢☢,0.03-0.3 mSv [ped]☢☢,Usually not appropriate
701,Vascular,"Mesenteric ischemia, chronic, suspected, initial exam",3141500,CT abdomen and pelvis without IV contrast,1-10 mSv☢☢☢,3-10 mSv [ped]☢☢☢☢,Usually not appropriate
702,Vascular,"Mesenteric ischemia, chronic, suspected, initial exam",3141500,CT abdomen and pelvis without and with IV contrast,10-30 mSv☢☢☢☢,10-30 mSv [ped]☢☢☢☢☢,Usually not appropriate
703,Vascular,"Neck trauma, penetrating, CTA neg or equivocal, aerodigestive injury suspected",3106344,Fluoroscopy single contrast esophagram,1-10 mSv☢☢☢,,Usually appropriate
704,Vascular,"Neck trauma, penetrating, CTA neg or equivocal, aerodigestive injury suspected",3106344,MRI neck without and with IV contrast,0 mSvO,0 mSv [ped]O,May be appropriate
705,Vascular,"Neck trauma, penetrating, CTA neg or equivocal, aerodigestive injury suspected",3106344,MRI neck without IV contrast,0 mSvO,0 mSv [ped]O,May be appropriate
706,Vascular,"Neck trauma, penetrating, CTA neg or equivocal, vascular injury suspected",3106343,Arteriography neck,1-10 mSv☢☢☢,,Usually appropriate
707,Vascular,"Neck trauma, penetrating, CTA neg or equivocal, vascular injury suspected",3106343,US neck,0 mSvO,0 mSv [ped]O,May be appropriate
708,Vascular,"Neck trauma, penetrating, CTA neg or equivocal, vascular injury suspected",3106343,MRA neck without and with IV contrast,0 mSvO,0 mSv [ped]O,May be appropriate
709,Vascular,"Neck trauma, penetrating, CTA neg or equivocal, vascular injury suspected",3106343,MRA neck without IV contrast,0 mSvO,0 mSv [ped]O,May be appropriate
710,Vascular,"Neck trauma, penetrating, soft tissue injury suspected",3106342,Radiography neck,0.1-1mSv☢☢,,Usually appropriate
711,Vascular,"Neck trauma, penetrating, soft tissue injury suspected",3106342,CTA neck with IV contrast,1-10 mSv☢☢☢,0.3-3 mSv [ped]☢☢☢,Usually appropriate
712,Vascular,"Neck trauma, penetrating, soft tissue injury suspected",3106342,US neck,0 mSvO,0 mSv [ped]O,May be appropriate
713,Vascular,"Neck trauma, penetrating, soft tissue injury suspected",3106342,Arteriography neck,1-10 mSv☢☢☢,,May be appropriate
714,Vascular,"Neck trauma, penetrating, soft tissue injury suspected",3106342,Fluoroscopy biphasic esophagram,1-10 mSv☢☢☢,,May be appropriate
715,Vascular,"Neck trauma, penetrating, soft tissue injury suspected",3106342,MRA neck without and with IV contrast,0 mSvO,0 mSv [ped]O,May be appropriate
716,Vascular,"Neck trauma, penetrating, soft tissue injury suspected",3106342,MRA neck without IV contrast,0 mSvO,0 mSv [ped]O,May be appropriate
717,Vascular,"PAVM suspected on chest CT, asymptomatic, next imaging study",3197031,US echocardiography transthoracic with IV contrast,0 mSvO,0 mSv [ped]O,Usually appropriate
718,Vascular,"PAVM suspected on chest CT, asymptomatic, next imaging study",3197031,MRA pulmonary arteries without and with IV contrast,0 mSvO,0 mSv [ped]O,Usually appropriate
719,Vascular,"PAVM suspected on chest CT, asymptomatic, next imaging study",3197031,CTA pulmonary arteries with IV contrast,1-10 mSv☢☢☢,,Usually appropriate
720,Vascular,"PAVM suspected on chest CT, asymptomatic, next imaging study",3197031,Arteriography pulmonary,10-30 mSv☢☢☢☢,,May be appropriate
721,Vascular,"PAVM suspected on chest CT, asymptomatic, next imaging study",3197031,MRA chest without and with IV contrast,0 mSvO,0 mSv [ped]O,May be appropriate
722,Vascular,"PAVM suspected on chest CT, asymptomatic, next imaging study",3197031,MRA chest without IV contrast,0 mSvO,0 mSv [ped]O,May be appropriate
723,Vascular,"PAVM suspected on chest CT, asymptomatic, next imaging study",3197031,CT chest with IV contrast,1-10 mSv☢☢☢,3-10 mSv [ped]☢☢☢☢,May be appropriate (Disagreement)
724,Vascular,"PAVM suspected on chest CT, asymptomatic, next imaging study",3197031,CT chest without and with IV contrast,1-10 mSv☢☢☢,3-10 mSv [ped]☢☢☢☢,May be appropriate (Disagreement)
725,Vascular,"PAVM suspected on chest CT, asymptomatic, next imaging study",3197031,CT chest without IV contrast,1-10 mSv☢☢☢,3-10 mSv [ped]☢☢☢☢,May be appropriate
726,Vascular,"PAVM suspected on chest CT, asymptomatic, next imaging study",3197031,CTA chest with IV contrast,1-10 mSv☢☢☢,3-10 mSv [ped]☢☢☢☢,May be appropriate (Disagreement)
727,Vascular,"PAVM suspected on chest CT, asymptomatic, next imaging study",3197031,US echocardiography transesophageal,0 mSvO,0 mSv [ped]O,Usually not appropriate
728,Vascular,"PAVM suspected on chest CT, asymptomatic, next imaging study",3197031,US echocardiography transesophageal with IV contrast,0 mSvO,0 mSv [ped]O,Usually not appropriate
729,Vascular,"PAVM suspected on chest CT, asymptomatic, next imaging study",3197031,US echocardiography transthoracic resting,0 mSvO,0 mSv [ped]O,Usually not appropriate
730,Vascular,"PAVM suspected on chest CT, asymptomatic, next imaging study",3197031,MRA pulmonary arteries without IV contrast,0 mSvO,0 mSv [ped]O,Usually not appropriate
731,Vascular,"PAVM suspected on chest radiography, asymptomatic, next imaging study",3197030,US echocardiography transthoracic with IV contrast,0 mSvO,0 mSv [ped]O,Usually appropriate
732,Vascular,"PAVM suspected on chest radiography, asymptomatic, next imaging study",3197030,MRA pulmonary arteries without and with IV contrast,0 mSvO,0 mSv [ped]O,Usually appropriate
733,Vascular,"PAVM suspected on chest radiography, asymptomatic, next imaging study",3197030,CTA pulmonary arteries with IV contrast,1-10 mSv☢☢☢,,Usually appropriate
734,Vascular,"PAVM suspected on chest radiography, asymptomatic, next imaging study",3197030,Arteriography pulmonary,10-30 mSv☢☢☢☢,,May be appropriate
735,Vascular,"PAVM suspected on chest radiography, asymptomatic, next imaging study",3197030,MRA chest without and with IV contrast,0 mSvO,0 mSv [ped]O,May be appropriate
736,Vascular,"PAVM suspected on chest radiography, asymptomatic, next imaging study",3197030,MRA chest without IV contrast,0 mSvO,0 mSv [ped]O,May be appropriate
737,Vascular,"PAVM suspected on chest radiography, asymptomatic, next imaging study",3197030,CT chest with IV contrast,1-10 mSv☢☢☢,3-10 mSv [ped]☢☢☢☢,May be appropriate (Disagreement)
738,Vascular,"PAVM suspected on chest radiography, asymptomatic, next imaging study",3197030,CT chest without and with IV contrast,1-10 mSv☢☢☢,3-10 mSv [ped]☢☢☢☢,May be appropriate (Disagreement)
739,Vascular,"PAVM suspected on chest radiography, asymptomatic, next imaging study",3197030,CT chest without IV contrast,1-10 mSv☢☢☢,3-10 mSv [ped]☢☢☢☢,May be appropriate
740,Vascular,"PAVM suspected on chest radiography, asymptomatic, next imaging study",3197030,CTA chest with IV contrast,1-10 mSv☢☢☢,3-10 mSv [ped]☢☢☢☢,May be appropriate (Disagreement)
741,Vascular,"PAVM suspected on chest radiography, asymptomatic, next imaging study",3197030,US echocardiography transesophageal,0 mSvO,0 mSv [ped]O,Usually not appropriate
742,Vascular,"PAVM suspected on chest radiography, asymptomatic, next imaging study",3197030,US echocardiography transesophageal with IV contrast,0 mSvO,0 mSv [ped]O,Usually not appropriate
743,Vascular,"PAVM suspected on chest radiography, asymptomatic, next imaging study",3197030,US echocardiography transthoracic resting,0 mSvO,0 mSv [ped]O,Usually not appropriate
744,Vascular,"PAVM suspected on chest radiography, asymptomatic, next imaging study",3197030,MRA pulmonary arteries without IV contrast,0 mSvO,0 mSv [ped]O,Usually not appropriate
745,Vascular,"PAVM suspected, altered sensorium, lung nodule on chest radiography, next imaging study",3197017,US echocardiography transthoracic with IV contrast,0 mSvO,0 mSv [ped]O,Usually appropriate
746,Vascular,"PAVM suspected, altered sensorium, lung nodule on chest radiography, next imaging study",3197017,MRA pulmonary arteries without and with IV contrast,0 mSvO,0 mSv [ped]O,Usually appropriate
747,Vascular,"PAVM suspected, altered sensorium, lung nodule on chest radiography, next imaging study",3197017,CT chest without IV contrast,1-10 mSv☢☢☢,3-10 mSv [ped]☢☢☢☢,Usually appropriate
748,Vascular,"PAVM suspected, altered sensorium, lung nodule on chest radiography, next imaging study",3197017,CTA pulmonary arteries with IV contrast,1-10 mSv☢☢☢,,Usually appropriate
749,Vascular,"PAVM suspected, altered sensorium, lung nodule on chest radiography, next imaging study",3197017,US echocardiography transesophageal with IV contrast,0 mSvO,0 mSv [ped]O,May be appropriate
750,Vascular,"PAVM suspected, altered sensorium, lung nodule on chest radiography, next imaging study",3197017,Arteriography pulmonary,10-30 mSv☢☢☢☢,,May be appropriate
751,Vascular,"PAVM suspected, altered sensorium, lung nodule on chest radiography, next imaging study",3197017,MRA chest without and with IV contrast,0 mSvO,0 mSv [ped]O,May be appropriate (Disagreement)
752,Vascular,"PAVM suspected, altered sensorium, lung nodule on chest radiography, next imaging study",3197017,CT chest with IV contrast,1-10 mSv☢☢☢,3-10 mSv [ped]☢☢☢☢,May be appropriate
753,Vascular,"PAVM suspected, altered sensorium, lung nodule on chest radiography, next imaging study",3197017,CT chest without and with IV contrast,1-10 mSv☢☢☢,3-10 mSv [ped]☢☢☢☢,May be appropriate (Disagreement)
754,Vascular,"PAVM suspected, altered sensorium, lung nodule on chest radiography, next imaging study",3197017,CTA chest with IV contrast,1-10 mSv☢☢☢,3-10 mSv [ped]☢☢☢☢,May be appropriate (Disagreement)
755,Vascular,"PAVM suspected, altered sensorium, lung nodule on chest radiography, next imaging study",3197017,US echocardiography transesophageal,0 mSvO,0 mSv [ped]O,Usually not appropriate
756,Vascular,"PAVM suspected, altered sensorium, lung nodule on chest radiography, next imaging study",3197017,US echocardiography transthoracic resting,0 mSvO,0 mSv [ped]O,Usually not appropriate
757,Vascular,"PAVM suspected, altered sensorium, lung nodule on chest radiography, next imaging study",3197017,Radiography chest,<0.1 mSv☢,<0.03 mSv [ped]☢,Usually not appropriate
758,Vascular,"PAVM suspected, altered sensorium, lung nodule on chest radiography, next imaging study",3197017,MRA chest without IV contrast,0 mSvO,0 mSv [ped]O,Usually not appropriate
759,Vascular,"PAVM suspected, altered sensorium, lung nodule on chest radiography, next imaging study",3197017,MRA pulmonary arteries without IV contrast,0 mSvO,0 mSv [ped]O,Usually not appropriate
760,Vascular,"PAVM suspected, altered sensorium, lung nodule on chest radiography, next imaging study",3197017,Pertechnetate albumin pulmonary scan,1-10 mSv☢☢☢,,Usually not appropriate
761,Vascular,"PAVM suspected, asymptomatic, family hx HHT, initial imaging",3197026,US echocardiography transthoracic with IV contrast,0 mSvO,0 mSv [ped]O,Usually appropriate
762,Vascular,"PAVM suspected, asymptomatic, family hx HHT, initial imaging",3197026,MRA pulmonary arteries without and with IV contrast,0 mSvO,0 mSv [ped]O,Usually appropriate
763,Vascular,"PAVM suspected, asymptomatic, family hx HHT, initial imaging",3197026,CT chest without IV contrast,1-10 mSv☢☢☢,3-10 mSv [ped]☢☢☢☢,Usually appropriate
764,Vascular,"PAVM suspected, asymptomatic, family hx HHT, initial imaging",3197026,CTA chest with IV contrast,1-10 mSv☢☢☢,3-10 mSv [ped]☢☢☢☢,Usually appropriate
765,Vascular,"PAVM suspected, asymptomatic, family hx HHT, initial imaging",3197026,CTA pulmonary arteries with IV contrast,1-10 mSv☢☢☢,,Usually appropriate
766,Vascular,"PAVM suspected, asymptomatic, family hx HHT, initial imaging",3197026,MRA chest without and with IV contrast,0 mSvO,0 mSv [ped]O,May be appropriate
767,Vascular,"PAVM suspected, asymptomatic, family hx HHT, initial imaging",3197026,CT chest with IV contrast,1-10 mSv☢☢☢,3-10 mSv [ped]☢☢☢☢,May be appropriate
768,Vascular,"PAVM suspected, asymptomatic, family hx HHT, initial imaging",3197026,CT chest without and with IV contrast,1-10 mSv☢☢☢,3-10 mSv [ped]☢☢☢☢,May be appropriate
769,Vascular,"PAVM suspected, asymptomatic, family hx HHT, initial imaging",3197026,US echocardiography transesophageal,0 mSvO,0 mSv [ped]O,Usually not appropriate
770,Vascular,"PAVM suspected, asymptomatic, family hx HHT, initial imaging",3197026,US echocardiography transesophageal with IV contrast,0 mSvO,0 mSv [ped]O,Usually not appropriate
771,Vascular,"PAVM suspected, asymptomatic, family hx HHT, initial imaging",3197026,US echocardiography transthoracic resting,0 mSvO,0 mSv [ped]O,Usually not appropriate
772,Vascular,"PAVM suspected, asymptomatic, family hx HHT, initial imaging",3197026,Radiography chest,<0.1 mSv☢,<0.03 mSv [ped]☢,Usually not appropriate
773,Vascular,"PAVM suspected, asymptomatic, family hx HHT, initial imaging",3197026,Arteriography pulmonary,10-30 mSv☢☢☢☢,,Usually not appropriate
774,Vascular,"PAVM suspected, asymptomatic, family hx HHT, initial imaging",3197026,MRA chest without IV contrast,0 mSvO,0 mSv [ped]O,Usually not appropriate
775,Vascular,"PAVM suspected, asymptomatic, family hx HHT, initial imaging",3197026,MRA pulmonary arteries without IV contrast,0 mSvO,0 mSv [ped]O,Usually not appropriate
776,Vascular,"PAVM suspected, asymptomatic, family hx HHT, initial imaging",3197026,Pertechnetate albumin pulmonary scan,1-10 mSv☢☢☢,,Usually not appropriate
777,Vascular,"PAVM suspected, brain abscess, lung nodule on chest radiography, next imaging study",3197020,US echocardiography transthoracic with IV contrast,0 mSvO,0 mSv [ped]O,Usually appropriate
778,Vascular,"PAVM suspected, brain abscess, lung nodule on chest radiography, next imaging study",3197020,MRA pulmonary arteries without and with IV contrast,0 mSvO,0 mSv [ped]O,Usually appropriate
779,Vascular,"PAVM suspected, brain abscess, lung nodule on chest radiography, next imaging study",3197020,CT chest without IV contrast,1-10 mSv☢☢☢,3-10 mSv [ped]☢☢☢☢,Usually appropriate
780,Vascular,"PAVM suspected, brain abscess, lung nodule on chest radiography, next imaging study",3197020,CTA pulmonary arteries with IV contrast,1-10 mSv☢☢☢,,Usually appropriate
781,Vascular,"PAVM suspected, brain abscess, lung nodule on chest radiography, next imaging study",3197020,US echocardiography transesophageal with IV contrast,0 mSvO,0 mSv [ped]O,May be appropriate
782,Vascular,"PAVM suspected, brain abscess, lung nodule on chest radiography, next imaging study",3197020,Arteriography pulmonary,10-30 mSv☢☢☢☢,,May be appropriate
783,Vascular,"PAVM suspected, brain abscess, lung nodule on chest radiography, next imaging study",3197020,MRA chest without and with IV contrast,0 mSvO,0 mSv [ped]O,May be appropriate (Disagreement)
784,Vascular,"PAVM suspected, brain abscess, lung nodule on chest radiography, next imaging study",3197020,CT chest with IV contrast,1-10 mSv☢☢☢,3-10 mSv [ped]☢☢☢☢,May be appropriate
785,Vascular,"PAVM suspected, brain abscess, lung nodule on chest radiography, next imaging study",3197020,CT chest without and with IV contrast,1-10 mSv☢☢☢,3-10 mSv [ped]☢☢☢☢,May be appropriate (Disagreement)
786,Vascular,"PAVM suspected, brain abscess, lung nodule on chest radiography, next imaging study",3197020,CTA chest with IV contrast,1-10 mSv☢☢☢,3-10 mSv [ped]☢☢☢☢,May be appropriate (Disagreement)
787,Vascular,"PAVM suspected, brain abscess, lung nodule on chest radiography, next imaging study",3197020,US echocardiography transesophageal,0 mSvO,0 mSv [ped]O,Usually not appropriate
788,Vascular,"PAVM suspected, brain abscess, lung nodule on chest radiography, next imaging study",3197020,US echocardiography transthoracic resting,0 mSvO,0 mSv [ped]O,Usually not appropriate
789,Vascular,"PAVM suspected, brain abscess, lung nodule on chest radiography, next imaging study",3197020,Radiography chest,<0.1 mSv☢,<0.03 mSv [ped]☢,Usually not appropriate
790,Vascular,"PAVM suspected, brain abscess, lung nodule on chest radiography, next imaging study",3197020,MRA chest without IV contrast,0 mSvO,0 mSv [ped]O,Usually not appropriate
791,Vascular,"PAVM suspected, brain abscess, lung nodule on chest radiography, next imaging study",3197020,MRA pulmonary arteries without IV contrast,0 mSvO,0 mSv [ped]O,Usually not appropriate
792,Vascular,"PAVM suspected, brain abscess, lung nodule on chest radiography, next imaging study",3197020,Pertechnetate albumin pulmonary scan,1-10 mSv☢☢☢,,Usually not appropriate
793,Vascular,"PAVM suspected, hemoptysis, epistaxis hx, family hx HHT, initial imaging",3197024,US echocardiography transthoracic with IV contrast,0 mSvO,0 mSv [ped]O,Usually appropriate
794,Vascular,"PAVM suspected, hemoptysis, epistaxis hx, family hx HHT, initial imaging",3197024,MRA pulmonary arteries without and with IV contrast,0 mSvO,0 mSv [ped]O,Usually appropriate
795,Vascular,"PAVM suspected, hemoptysis, epistaxis hx, family hx HHT, initial imaging",3197024,CT chest with IV contrast,1-10 mSv☢☢☢,3-10 mSv [ped]☢☢☢☢,Usually appropriate
796,Vascular,"PAVM suspected, hemoptysis, epistaxis hx, family hx HHT, initial imaging",3197024,CT chest without IV contrast,1-10 mSv☢☢☢,3-10 mSv [ped]☢☢☢☢,Usually appropriate
797,Vascular,"PAVM suspected, hemoptysis, epistaxis hx, family hx HHT, initial imaging",3197024,CTA chest with IV contrast,1-10 mSv☢☢☢,3-10 mSv [ped]☢☢☢☢,Usually appropriate
798,Vascular,"PAVM suspected, hemoptysis, epistaxis hx, family hx HHT, initial imaging",3197024,CTA pulmonary arteries with IV contrast,1-10 mSv☢☢☢,,Usually appropriate
799,Vascular,"PAVM suspected, hemoptysis, epistaxis hx, family hx HHT, initial imaging",3197024,Arteriography pulmonary,10-30 mSv☢☢☢☢,,May be appropriate
800,Vascular,"PAVM suspected, hemoptysis, epistaxis hx, family hx HHT, initial imaging",3197024,MRA chest without and with IV contrast,0 mSvO,0 mSv [ped]O,May be appropriate
801,Vascular,"PAVM suspected, hemoptysis, epistaxis hx, family hx HHT, initial imaging",3197024,CT chest without and with IV contrast,1-10 mSv☢☢☢,3-10 mSv [ped]☢☢☢☢,May be appropriate
802,Vascular,"PAVM suspected, hemoptysis, epistaxis hx, family hx HHT, initial imaging",3197024,US echocardiography transesophageal,0 mSvO,0 mSv [ped]O,Usually not appropriate
803,Vascular,"PAVM suspected, hemoptysis, epistaxis hx, family hx HHT, initial imaging",3197024,US echocardiography transesophageal with IV contrast,0 mSvO,0 mSv [ped]O,Usually not appropriate
804,Vascular,"PAVM suspected, hemoptysis, epistaxis hx, family hx HHT, initial imaging",3197024,US echocardiography transthoracic resting,0 mSvO,0 mSv [ped]O,Usually not appropriate
805,Vascular,"PAVM suspected, hemoptysis, epistaxis hx, family hx HHT, initial imaging",3197024,Radiography chest,<0.1 mSv☢,<0.03 mSv [ped]☢,Usually not appropriate
806,Vascular,"PAVM suspected, hemoptysis, epistaxis hx, family hx HHT, initial imaging",3197024,MRA chest without IV contrast,0 mSvO,0 mSv [ped]O,Usually not appropriate
807,Vascular,"PAVM suspected, hemoptysis, epistaxis hx, family hx HHT, initial imaging",3197024,MRA pulmonary arteries without IV contrast,0 mSvO,0 mSv [ped]O,Usually not appropriate
808,Vascular,"PAVM suspected, hemoptysis, epistaxis hx, family hx HHT, initial imaging",3197024,Pertechnetate albumin pulmonary scan,1-10 mSv☢☢☢,,Usually not appropriate
809,Vascular,"PAVM suspected, hemothorax, epistaxis hx, family hx HHT,initial imaging",3197023,US echocardiography transthoracic with IV contrast,0 mSvO,0 mSv [ped]O,Usually appropriate
810,Vascular,"PAVM suspected, hemothorax, epistaxis hx, family hx HHT,initial imaging",3197023,MRA pulmonary arteries without and with IV contrast,0 mSvO,0 mSv [ped]O,Usually appropriate
811,Vascular,"PAVM suspected, hemothorax, epistaxis hx, family hx HHT,initial imaging",3197023,CT chest with IV contrast,1-10 mSv☢☢☢,3-10 mSv [ped]☢☢☢☢,Usually appropriate
812,Vascular,"PAVM suspected, hemothorax, epistaxis hx, family hx HHT,initial imaging",3197023,CT chest without IV contrast,1-10 mSv☢☢☢,3-10 mSv [ped]☢☢☢☢,Usually appropriate
813,Vascular,"PAVM suspected, hemothorax, epistaxis hx, family hx HHT,initial imaging",3197023,CTA chest with IV contrast,1-10 mSv☢☢☢,3-10 mSv [ped]☢☢☢☢,Usually appropriate
814,Vascular,"PAVM suspected, hemothorax, epistaxis hx, family hx HHT,initial imaging",3197023,CTA pulmonary arteries with IV contrast,1-10 mSv☢☢☢,,Usually appropriate
815,Vascular,"PAVM suspected, hemothorax, epistaxis hx, family hx HHT,initial imaging",3197023,Arteriography pulmonary,10-30 mSv☢☢☢☢,,May be appropriate
816,Vascular,"PAVM suspected, hemothorax, epistaxis hx, family hx HHT,initial imaging",3197023,MRA chest without and with IV contrast,0 mSvO,0 mSv [ped]O,May be appropriate
817,Vascular,"PAVM suspected, hemothorax, epistaxis hx, family hx HHT,initial imaging",3197023,CT chest without and with IV contrast,1-10 mSv☢☢☢,3-10 mSv [ped]☢☢☢☢,May be appropriate
818,Vascular,"PAVM suspected, hemothorax, epistaxis hx, family hx HHT,initial imaging",3197023,US echocardiography transesophageal,0 mSvO,0 mSv [ped]O,Usually not appropriate
819,Vascular,"PAVM suspected, hemothorax, epistaxis hx, family hx HHT,initial imaging",3197023,US echocardiography transesophageal with IV contrast,0 mSvO,0 mSv [ped]O,Usually not appropriate
820,Vascular,"PAVM suspected, hemothorax, epistaxis hx, family hx HHT,initial imaging",3197023,US echocardiography transthoracic resting,0 mSvO,0 mSv [ped]O,Usually not appropriate
821,Vascular,"PAVM suspected, hemothorax, epistaxis hx, family hx HHT,initial imaging",3197023,Radiography chest,<0.1 mSv☢,<0.03 mSv [ped]☢,Usually not appropriate
822,Vascular,"PAVM suspected, hemothorax, epistaxis hx, family hx HHT,initial imaging",3197023,MRA chest without IV contrast,0 mSvO,0 mSv [ped]O,Usually not appropriate
823,Vascular,"PAVM suspected, hemothorax, epistaxis hx, family hx HHT,initial imaging",3197023,MRA pulmonary arteries without IV contrast,0 mSvO,0 mSv [ped]O,Usually not appropriate
824,Vascular,"PAVM suspected, hemothorax, epistaxis hx, family hx HHT,initial imaging",3197023,Pertechnetate albumin pulmonary scan,1-10 mSv☢☢☢,,Usually not appropriate
825,Vascular,"PAVM suspected, seizures, lung nodule on chest radiography, next imaging study",3197019,US echocardiography transthoracic with IV contrast,0 mSvO,0 mSv [ped]O,Usually appropriate
826,Vascular,"PAVM suspected, seizures, lung nodule on chest radiography, next imaging study",3197019,MRA pulmonary arteries without and with IV contrast,0 mSvO,0 mSv [ped]O,Usually appropriate
827,Vascular,"PAVM suspected, seizures, lung nodule on chest radiography, next imaging study",3197019,CT chest without IV contrast,1-10 mSv☢☢☢,3-10 mSv [ped]☢☢☢☢,Usually appropriate
828,Vascular,"PAVM suspected, seizures, lung nodule on chest radiography, next imaging study",3197019,CTA pulmonary arteries with IV contrast,1-10 mSv☢☢☢,,Usually appropriate
829,Vascular,"PAVM suspected, seizures, lung nodule on chest radiography, next imaging study",3197019,US echocardiography transesophageal with IV contrast,0 mSvO,0 mSv [ped]O,May be appropriate
830,Vascular,"PAVM suspected, seizures, lung nodule on chest radiography, next imaging study",3197019,Arteriography pulmonary,10-30 mSv☢☢☢☢,,May be appropriate
831,Vascular,"PAVM suspected, seizures, lung nodule on chest radiography, next imaging study",3197019,MRA chest without and with IV contrast,0 mSvO,0 mSv [ped]O,May be appropriate (Disagreement)
832,Vascular,"PAVM suspected, seizures, lung nodule on chest radiography, next imaging study",3197019,CT chest with IV contrast,1-10 mSv☢☢☢,3-10 mSv [ped]☢☢☢☢,May be appropriate
833,Vascular,"PAVM suspected, seizures, lung nodule on chest radiography, next imaging study",3197019,CT chest without and with IV contrast,1-10 mSv☢☢☢,3-10 mSv [ped]☢☢☢☢,May be appropriate (Disagreement)
834,Vascular,"PAVM suspected, seizures, lung nodule on chest radiography, next imaging study",3197019,CTA chest with IV contrast,1-10 mSv☢☢☢,3-10 mSv [ped]☢☢☢☢,May be appropriate (Disagreement)
835,Vascular,"PAVM suspected, seizures, lung nodule on chest radiography, next imaging study",3197019,US echocardiography transesophageal,0 mSvO,0 mSv [ped]O,Usually not appropriate
836,Vascular,"PAVM suspected, seizures, lung nodule on chest radiography, next imaging study",3197019,US echocardiography transthoracic resting,0 mSvO,0 mSv [ped]O,Usually not appropriate
837,Vascular,"PAVM suspected, seizures, lung nodule on chest radiography, next imaging study",3197019,Radiography chest,<0.1 mSv☢,<0.03 mSv [ped]☢,Usually not appropriate
838,Vascular,"PAVM suspected, seizures, lung nodule on chest radiography, next imaging study",3197019,MRA chest without IV contrast,0 mSvO,0 mSv [ped]O,Usually not appropriate
839,Vascular,"PAVM suspected, seizures, lung nodule on chest radiography, next imaging study",3197019,MRA pulmonary arteries without IV contrast,0 mSvO,0 mSv [ped]O,Usually not appropriate
840,Vascular,"PAVM suspected, seizures, lung nodule on chest radiography, next imaging study",3197019,Pertechnetate albumin pulmonary scan,1-10 mSv☢☢☢,,Usually not appropriate
841,Vascular,"PAVM suspected, shortness of breath, epistaxis hx, family hx HHT, initial imaging",3197022,US echocardiography transthoracic with IV contrast,0 mSvO,0 mSv [ped]O,Usually appropriate
842,Vascular,"PAVM suspected, shortness of breath, epistaxis hx, family hx HHT, initial imaging",3197022,MRA pulmonary arteries without and with IV contrast,0 mSvO,0 mSv [ped]O,Usually appropriate
843,Vascular,"PAVM suspected, shortness of breath, epistaxis hx, family hx HHT, initial imaging",3197022,CT chest with IV contrast,1-10 mSv☢☢☢,3-10 mSv [ped]☢☢☢☢,Usually appropriate
844,Vascular,"PAVM suspected, shortness of breath, epistaxis hx, family hx HHT, initial imaging",3197022,CT chest without IV contrast,1-10 mSv☢☢☢,3-10 mSv [ped]☢☢☢☢,Usually appropriate
845,Vascular,"PAVM suspected, shortness of breath, epistaxis hx, family hx HHT, initial imaging",3197022,CTA chest with IV contrast,1-10 mSv☢☢☢,3-10 mSv [ped]☢☢☢☢,Usually appropriate
846,Vascular,"PAVM suspected, shortness of breath, epistaxis hx, family hx HHT, initial imaging",3197022,CTA pulmonary arteries with IV contrast,1-10 mSv☢☢☢,,Usually appropriate
847,Vascular,"PAVM suspected, shortness of breath, epistaxis hx, family hx HHT, initial imaging",3197022,Arteriography pulmonary,10-30 mSv☢☢☢☢,,May be appropriate
848,Vascular,"PAVM suspected, shortness of breath, epistaxis hx, family hx HHT, initial imaging",3197022,MRA chest without and with IV contrast,0 mSvO,0 mSv [ped]O,May be appropriate
849,Vascular,"PAVM suspected, shortness of breath, epistaxis hx, family hx HHT, initial imaging",3197022,CT chest without and with IV contrast,1-10 mSv☢☢☢,3-10 mSv [ped]☢☢☢☢,May be appropriate
850,Vascular,"PAVM suspected, shortness of breath, epistaxis hx, family hx HHT, initial imaging",3197022,US echocardiography transesophageal,0 mSvO,0 mSv [ped]O,Usually not appropriate
851,Vascular,"PAVM suspected, shortness of breath, epistaxis hx, family hx HHT, initial imaging",3197022,US echocardiography transesophageal with IV contrast,0 mSvO,0 mSv [ped]O,Usually not appropriate
852,Vascular,"PAVM suspected, shortness of breath, epistaxis hx, family hx HHT, initial imaging",3197022,US echocardiography transthoracic resting,0 mSvO,0 mSv [ped]O,Usually not appropriate
853,Vascular,"PAVM suspected, shortness of breath, epistaxis hx, family hx HHT, initial imaging",3197022,Radiography chest,<0.1 mSv☢,<0.03 mSv [ped]☢,Usually not appropriate
854,Vascular,"PAVM suspected, shortness of breath, epistaxis hx, family hx HHT, initial imaging",3197022,MRA chest without IV contrast,0 mSvO,0 mSv [ped]O,Usually not appropriate
855,Vascular,"PAVM suspected, shortness of breath, epistaxis hx, family hx HHT, initial imaging",3197022,MRA pulmonary arteries without IV contrast,0 mSvO,0 mSv [ped]O,Usually not appropriate
856,Vascular,"PAVM suspected, shortness of breath, epistaxis hx, family hx HHT, initial imaging",3197022,Pertechnetate albumin pulmonary scan,1-10 mSv☢☢☢,,Usually not appropriate
857,Vascular,"PAVM suspected, TIA, lung nodule on chest radiography, next imaging study",3197018,US echocardiography transthoracic with IV contrast,0 mSvO,0 mSv [ped]O,Usually appropriate
858,Vascular,"PAVM suspected, TIA, lung nodule on chest radiography, next imaging study",3197018,MRA pulmonary arteries without and with IV contrast,0 mSvO,0 mSv [ped]O,Usually appropriate
859,Vascular,"PAVM suspected, TIA, lung nodule on chest radiography, next imaging study",3197018,CT chest without IV contrast,1-10 mSv☢☢☢,3-10 mSv [ped]☢☢☢☢,Usually appropriate
860,Vascular,"PAVM suspected, TIA, lung nodule on chest radiography, next imaging study",3197018,CTA pulmonary arteries with IV contrast,1-10 mSv☢☢☢,,Usually appropriate
861,Vascular,"PAVM suspected, TIA, lung nodule on chest radiography, next imaging study",3197018,US echocardiography transesophageal with IV contrast,0 mSvO,0 mSv [ped]O,May be appropriate
862,Vascular,"PAVM suspected, TIA, lung nodule on chest radiography, next imaging study",3197018,Arteriography pulmonary,10-30 mSv☢☢☢☢,,May be appropriate
863,Vascular,"PAVM suspected, TIA, lung nodule on chest radiography, next imaging study",3197018,MRA chest without and with IV contrast,0 mSvO,0 mSv [ped]O,May be appropriate (Disagreement)
864,Vascular,"PAVM suspected, TIA, lung nodule on chest radiography, next imaging study",3197018,CT chest with IV contrast,1-10 mSv☢☢☢,3-10 mSv [ped]☢☢☢☢,May be appropriate
865,Vascular,"PAVM suspected, TIA, lung nodule on chest radiography, next imaging study",3197018,CT chest without and with IV contrast,1-10 mSv☢☢☢,3-10 mSv [ped]☢☢☢☢,May be appropriate (Disagreement)
866,Vascular,"PAVM suspected, TIA, lung nodule on chest radiography, next imaging study",3197018,CTA chest with IV contrast,1-10 mSv☢☢☢,3-10 mSv [ped]☢☢☢☢,May be appropriate (Disagreement)
867,Vascular,"PAVM suspected, TIA, lung nodule on chest radiography, next imaging study",3197018,US echocardiography transesophageal,0 mSvO,0 mSv [ped]O,Usually not appropriate
868,Vascular,"PAVM suspected, TIA, lung nodule on chest radiography, next imaging study",3197018,US echocardiography transthoracic resting,0 mSvO,0 mSv [ped]O,Usually not appropriate
869,Vascular,"PAVM suspected, TIA, lung nodule on chest radiography, next imaging study",3197018,Radiography chest,<0.1 mSv☢,<0.03 mSv [ped]☢,Usually not appropriate
870,Vascular,"PAVM suspected, TIA, lung nodule on chest radiography, next imaging study",3197018,MRA chest without IV contrast,0 mSvO,0 mSv [ped]O,Usually not appropriate
871,Vascular,"PAVM suspected, TIA, lung nodule on chest radiography, next imaging study",3197018,MRA pulmonary arteries without IV contrast,0 mSvO,0 mSv [ped]O,Usually not appropriate
872,Vascular,"PAVM suspected, TIA, lung nodule on chest radiography, next imaging study",3197018,Pertechnetate albumin pulmonary scan,1-10 mSv☢☢☢,,Usually not appropriate
873,Vascular,"PAVM, post embolization, surveillance",3197028,US echocardiography transthoracic with IV contrast,0 mSvO,0 mSv [ped]O,Usually appropriate
874,Vascular,"PAVM, post embolization, surveillance",3197028,MRA pulmonary arteries without and with IV contrast,0 mSvO,0 mSv [ped]O,Usually appropriate
875,Vascular,"PAVM, post embolization, surveillance",3197028,CT chest with IV contrast,1-10 mSv☢☢☢,3-10 mSv [ped]☢☢☢☢,Usually appropriate
876,Vascular,"PAVM, post embolization, surveillance",3197028,CT chest without and with IV contrast,1-10 mSv☢☢☢,3-10 mSv [ped]☢☢☢☢,Usually appropriate
877,Vascular,"PAVM, post embolization, surveillance",3197028,CT chest without IV contrast,1-10 mSv☢☢☢,3-10 mSv [ped]☢☢☢☢,Usually appropriate
878,Vascular,"PAVM, post embolization, surveillance",3197028,CTA chest with IV contrast,1-10 mSv☢☢☢,3-10 mSv [ped]☢☢☢☢,Usually appropriate
879,Vascular,"PAVM, post embolization, surveillance",3197028,CTA pulmonary arteries with IV contrast,1-10 mSv☢☢☢,,Usually appropriate
880,Vascular,"PAVM, post embolization, surveillance",3197028,Arteriography pulmonary,10-30 mSv☢☢☢☢,,May be appropriate
881,Vascular,"PAVM, post embolization, surveillance",3197028,MRA chest without and with IV contrast,0 mSvO,0 mSv [ped]O,May be appropriate
882,Vascular,"PAVM, post embolization, surveillance",3197028,US echocardiography transesophageal,0 mSvO,0 mSv [ped]O,Usually not appropriate
883,Vascular,"PAVM, post embolization, surveillance",3197028,US echocardiography transesophageal with IV contrast,0 mSvO,0 mSv [ped]O,Usually not appropriate
884,Vascular,"PAVM, post embolization, surveillance",3197028,US echocardiography transthoracic resting,0 mSvO,0 mSv [ped]O,Usually not appropriate
885,Vascular,"PAVM, post embolization, surveillance",3197028,Radiography chest,<0.1 mSv☢,<0.03 mSv [ped]☢,Usually not appropriate
886,Vascular,"PAVM, post embolization, surveillance",3197028,MRA chest without IV contrast,0 mSvO,0 mSv [ped]O,Usually not appropriate
887,Vascular,"PAVM, post embolization, surveillance",3197028,MRA pulmonary arteries without IV contrast,0 mSvO,0 mSv [ped]O,Usually not appropriate
888,Vascular,Popliteal arterial entrapment syndrome suspected,3149285,US duplex Doppler lower extremity,0 mSvO,0 mSv [ped]O,Usually appropriate
889,Vascular,Popliteal arterial entrapment syndrome suspected,3149285,MRA lower extremity without and with IV contrast,0 mSvO,0 mSv [ped]O,Usually appropriate
890,Vascular,Popliteal arterial entrapment syndrome suspected,3149285,CTA lower extremity with IV contrast,1-10 mSv☢☢☢,3-10 mSv [ped]☢☢☢☢,Usually appropriate
891,Vascular,Popliteal arterial entrapment syndrome suspected,3149285,Arteriography lower extremity,0.1-1mSv☢☢,0.3-3 mSv [ped]☢☢☢,May be appropriate
892,Vascular,Popliteal arterial entrapment syndrome suspected,3149285,MRA lower extremity without IV contrast,0 mSvO,0 mSv [ped]O,May be appropriate
893,Vascular,Popliteal arterial entrapment syndrome suspected,3149285,US intravascular lower extremity,0 mSvO,0 mSv [ped]O,Usually not appropriate
894,Vascular,"Retroperitoneal bleed suspected, initial imaging",3194260,CT abdomen and pelvis with IV contrast,1-10 mSv☢☢☢,3-10 mSv [ped]☢☢☢☢,Usually appropriate
895,Vascular,"Retroperitoneal bleed suspected, initial imaging",3194260,CT abdomen and pelvis without and with IV contrast,10-30 mSv☢☢☢☢,10-30 mSv [ped]☢☢☢☢☢,Usually appropriate
896,Vascular,"Retroperitoneal bleed suspected, initial imaging",3194260,CTA abdomen and pelvis with IV contrast,10-30 mSv☢☢☢☢,,Usually appropriate
897,Vascular,"Retroperitoneal bleed suspected, initial imaging",3194260,Aortography abdomen and pelvis,10-30 mSv☢☢☢☢,,May be appropriate (Disagreement)
898,Vascular,"Retroperitoneal bleed suspected, initial imaging",3194260,CT abdomen and pelvis without IV contrast,1-10 mSv☢☢☢,3-10 mSv [ped]☢☢☢☢,May be appropriate
899,Vascular,"Retroperitoneal bleed suspected, initial imaging",3194260,US abdomen and pelvis,0 mSvO,0 mSv [ped]O,Usually not appropriate
900,Vascular,"Retroperitoneal bleed suspected, initial imaging",3194260,Radiography abdomen and pelvis,1-10 mSv☢☢☢,0.3-3 mSv [ped]☢☢☢,Usually not appropriate
901,Vascular,"Retroperitoneal bleed suspected, initial imaging",3194260,MRA abdomen and pelvis with IV contrast,0 mSvO,0 mSv [ped]O,Usually not appropriate
902,Vascular,"Retroperitoneal bleed suspected, initial imaging",3194260,MRA abdomen and pelvis without and with IV contrast,0 mSvO,0 mSv [ped]O,Usually not appropriate
903,Vascular,"Retroperitoneal bleed suspected, initial imaging",3194260,MRA abdomen and pelvis without IV contrast,0 mSvO,0 mSv [ped]O,Usually not appropriate
904,Vascular,"Retroperitoneal bleed suspected, initial imaging",3194260,MRI abdomen and pelvis without and with IV contrast,0 mSvO,0 mSv [ped]O,Usually not appropriate
905,Vascular,"Retroperitoneal bleed suspected, initial imaging",3194260,MRI abdomen and pelvis without IV contrast,0 mSvO,0 mSv [ped]O,Usually not appropriate
906,Vascular,"Retroperitoneal bleed suspected, initial imaging",3194260,RBC scan abdomen and pelvis,1-10 mSv☢☢☢,,Usually not appropriate
907,Vascular,"Suspected dysfunction of the upper or lower extremity hemodialysis access (ie, arteriovenous fistula or graft) suggested by an abnormal clinical indicator or hemodynamic indicator (ie, reduction in dialysis vascular access blood flow rate or kinetics). Treatment and procedures.",3196479,Fluoroscopy fistulography hemodialysis access with intervention,,,Usually appropriate
908,Vascular,"Suspected dysfunction of the upper or lower extremity hemodialysis access (ie, arteriovenous fistula or graft) suggested by an abnormal clinical indicator or hemodynamic indicator (ie, reduction in dialysis vascular access blood flow rate or kinetics). Treatment and procedures.",3196479,US duplex Doppler hemodialysis access area of interest,0 mSvO,0 mSv [ped]O,Usually appropriate
909,Vascular,"Suspected dysfunction of the upper or lower extremity hemodialysis access (ie, arteriovenous fistula or graft) suggested by an abnormal clinical indicator or hemodynamic indicator (ie, reduction in dialysis vascular access blood flow rate or kinetics). Treatment and procedures.",3196479,Surgical consultation,,,May be appropriate
910,Vascular,"Suspected dysfunction of the upper or lower extremity hemodialysis access (ie, arteriovenous fistula or graft) suggested by an abnormal clinical indicator or hemodynamic indicator (ie, reduction in dialysis vascular access blood flow rate or kinetics). Treatment and procedures.",3196479,Continued hemodialysis access use with surveillance,,,May be appropriate
911,Vascular,"Suspected dysfunction of the upper or lower extremity hemodialysis access (ie, arteriovenous fistula or graft) suggested by an abnormal clinical indicator or hemodynamic indicator (ie, reduction in dialysis vascular access blood flow rate or kinetics). Treatment and procedures.",3196479,Placement of a new tunneled dialysis catheter,,,May be appropriate
912,Vascular,"Suspected thrombosis of the upper or lower extremity hemodialysis access, marked by absent pulse and thrill on physical examination. Treatment and procedures.",3196484,Fluoroscopy fistulography hemodialysis access with intervention,,,Usually appropriate
913,Vascular,"Suspected thrombosis of the upper or lower extremity hemodialysis access, marked by absent pulse and thrill on physical examination. Treatment and procedures.",3196484,Surgical consultation,,,Usually appropriate
914,Vascular,"Suspected thrombosis of the upper or lower extremity hemodialysis access, marked by absent pulse and thrill on physical examination. Treatment and procedures.",3196484,Placement of a new tunneled dialysis catheter,,,May be appropriate
915,Vascular,"Suspected thrombosis of the upper or lower extremity hemodialysis access, marked by absent pulse and thrill on physical examination. Treatment and procedures.",3196484,US duplex Doppler hemodialysis access area of interest,0 mSvO,0 mSv [ped]O,Usually not appropriate
916,Vascular,"Suspected vascular steal syndrome (upper or lower extremity), suggested by cardiac failure or ischemic symptoms. Treatment and procedures.",3196522,Surgical consultation,,,Usually appropriate
917,Vascular,"Suspected vascular steal syndrome (upper or lower extremity), suggested by cardiac failure or ischemic symptoms. Treatment and procedures.",3196522,Continued hemodialysis access use with surveillance,,,May be appropriate
918,Vascular,"Suspected vascular steal syndrome (upper or lower extremity), suggested by cardiac failure or ischemic symptoms. Treatment and procedures.",3196522,Fluoroscopy fistulography hemodialysis access with intervention,,,May be appropriate
919,Vascular,"Suspected vascular steal syndrome (upper or lower extremity), suggested by cardiac failure or ischemic symptoms. Treatment and procedures.",3196522,Placement of a new tunneled dialysis catheter,,,May be appropriate
920,Vascular,"Suspected vascular steal syndrome (upper or lower extremity), suggested by cardiac failure or ischemic symptoms. Treatment and procedures.",3196522,US duplex Doppler hemodialysis access area of interest,0 mSvO,0 mSv [ped]O,Usually not appropriate
921,Vascular,"TAVR, preintervention planning, aortic root assessment, initial imaging",3196585,US echocardiography transesophageal,0 mSvO,0 mSv [ped]O,Usually appropriate
922,Vascular,"TAVR, preintervention planning, aortic root assessment, initial imaging",3196585,MRI heart function and morphology without and with IV contrast,0 mSvO,0 mSv [ped]O,Usually appropriate
923,Vascular,"TAVR, preintervention planning, aortic root assessment, initial imaging",3196585,MRI heart function and morphology without IV contrast,0 mSvO,0 mSv [ped]O,Usually appropriate
924,Vascular,"TAVR, preintervention planning, aortic root assessment, initial imaging",3196585,CT heart function and morphology with IV contrast,10-30 mSv☢☢☢☢,3-10 mSv [ped]☢☢☢☢,Usually appropriate
925,Vascular,"TAVR, preintervention planning, aortic root assessment, initial imaging",3196585,MRA chest with IV contrast,0 mSvO,0 mSv [ped]O,May be appropriate
926,Vascular,"TAVR, preintervention planning, aortic root assessment, initial imaging",3196585,MRA chest without and with IV contrast,0 mSvO,0 mSv [ped]O,May be appropriate
927,Vascular,"TAVR, preintervention planning, aortic root assessment, initial imaging",3196585,CTA chest with IV contrast,1-10 mSv☢☢☢,3-10 mSv [ped]☢☢☢☢,May be appropriate
928,Vascular,"TAVR, preintervention planning, aortic root assessment, initial imaging",3196585,CTA coronary arteries with IV contrast,1-10 mSv☢☢☢,3-10 mSv [ped]☢☢☢☢,May be appropriate
929,Vascular,"TAVR, preintervention planning, aortic root assessment, initial imaging",3196585,US echocardiography transthoracic resting,0 mSvO,0 mSv [ped]O,Usually not appropriate
930,Vascular,"TAVR, preintervention planning, aortic root assessment, initial imaging",3196585,Aortography chest,1-10 mSv☢☢☢,,Usually not appropriate
931,Vascular,"TAVR, preintervention planning, aortic root assessment, initial imaging",3196585,MRA coronary arteries without and with IV contrast,0 mSvO,0 mSv [ped]O,Usually not appropriate
932,Vascular,"TAVR, preintervention planning, aortic root assessment, initial imaging",3196585,MRA coronary arteries without IV contrast,0 mSvO,0 mSv [ped]O,Usually not appropriate
933,Vascular,"TAVR, preintervention planning, aortic root assessment, initial imaging",3196585,CT chest with IV contrast,1-10 mSv☢☢☢,3-10 mSv [ped]☢☢☢☢,Usually not appropriate
934,Vascular,"TAVR, preintervention planning, aortic root assessment, initial imaging",3196585,CT chest without and with IV contrast,1-10 mSv☢☢☢,3-10 mSv [ped]☢☢☢☢,Usually not appropriate
935,Vascular,"TAVR, preintervention planning, aortic root assessment, initial imaging",3196585,CT chest without IV contrast,1-10 mSv☢☢☢,3-10 mSv [ped]☢☢☢☢,Usually not appropriate
936,Vascular,"TAVR, preintervention planning, supravalvular aorta and vascular access assessment, initial imaging",3196586,CTA chest with IV contrast,1-10 mSv☢☢☢,3-10 mSv [ped]☢☢☢☢,Usually appropriate
937,Vascular,"TAVR, preintervention planning, supravalvular aorta and vascular access assessment, initial imaging",3196586,CTA abdomen and pelvis with IV contrast,10-30 mSv☢☢☢☢,,Usually appropriate
938,Vascular,"TAVR, preintervention planning, supravalvular aorta and vascular access assessment, initial imaging",3196586,CTA chest abdomen pelvis with IV contrast,30-100 mSv☢☢☢☢☢,10-30 mSv [ped]☢☢☢☢☢,Usually appropriate
939,Vascular,"TAVR, preintervention planning, supravalvular aorta and vascular access assessment, initial imaging",3196586,US intravascular aorta and iliofemoral system,0 mSvO,0 mSv [ped]O,May be appropriate (Disagreement)
940,Vascular,"TAVR, preintervention planning, supravalvular aorta and vascular access assessment, initial imaging",3196586,MRA abdomen and pelvis without and with IV contrast,0 mSvO,0 mSv [ped]O,May be appropriate
941,Vascular,"TAVR, preintervention planning, supravalvular aorta and vascular access assessment, initial imaging",3196586,MRA abdomen and pelvis without IV contrast,0 mSvO,0 mSv [ped]O,May be appropriate
942,Vascular,"TAVR, preintervention planning, supravalvular aorta and vascular access assessment, initial imaging",3196586,MRA chest abdomen pelvis with IV contrast,0 mSvO,0 mSv [ped]O,May be appropriate
943,Vascular,"TAVR, preintervention planning, supravalvular aorta and vascular access assessment, initial imaging",3196586,MRA chest without and with IV contrast,0 mSvO,0 mSv [ped]O,May be appropriate
944,Vascular,"TAVR, preintervention planning, supravalvular aorta and vascular access assessment, initial imaging",3196586,US duplex Doppler chest abdomen pelvis,0 mSvO,0 mSv [ped]O,Usually not appropriate
945,Vascular,"TAVR, preintervention planning, supravalvular aorta and vascular access assessment, initial imaging",3196586,US echocardiography transesophageal,0 mSvO,0 mSv [ped]O,Usually not appropriate
946,Vascular,"TAVR, preintervention planning, supravalvular aorta and vascular access assessment, initial imaging",3196586,US echocardiography transthoracic resting,0 mSvO,0 mSv [ped]O,Usually not appropriate
947,Vascular,"TAVR, preintervention planning, supravalvular aorta and vascular access assessment, initial imaging",3196586,Aortography chest abdomen pelvis,10-30 mSv☢☢☢☢,,Usually not appropriate
948,Vascular,"TAVR, preintervention planning, supravalvular aorta and vascular access assessment, initial imaging",3196586,CT abdomen and pelvis with IV contrast,1-10 mSv☢☢☢,3-10 mSv [ped]☢☢☢☢,Usually not appropriate
949,Vascular,"TAVR, preintervention planning, supravalvular aorta and vascular access assessment, initial imaging",3196586,CT abdomen and pelvis without IV contrast,1-10 mSv☢☢☢,3-10 mSv [ped]☢☢☢☢,Usually not appropriate
950,Vascular,"TAVR, preintervention planning, supravalvular aorta and vascular access assessment, initial imaging",3196586,CT chest with IV contrast,1-10 mSv☢☢☢,3-10 mSv [ped]☢☢☢☢,Usually not appropriate
951,Vascular,"TAVR, preintervention planning, supravalvular aorta and vascular access assessment, initial imaging",3196586,CT chest without and with IV contrast,1-10 mSv☢☢☢,3-10 mSv [ped]☢☢☢☢,Usually not appropriate
952,Vascular,"TAVR, preintervention planning, supravalvular aorta and vascular access assessment, initial imaging",3196586,CT chest without IV contrast,1-10 mSv☢☢☢,3-10 mSv [ped]☢☢☢☢,Usually not appropriate
953,Vascular,"TAVR, preintervention planning, supravalvular aorta and vascular access assessment, initial imaging",3196586,CT abdomen and pelvis without and with IV contrast,10-30 mSv☢☢☢☢,10-30 mSv [ped]☢☢☢☢☢,Usually not appropriate
954,Vascular,"TAVR, preintervention planning, supravalvular aorta and vascular access assessment, initial imaging",3196586,CT chest abdomen pelvis with IV contrast,10-30 mSv☢☢☢☢,3-10 mSv [ped]☢☢☢☢,Usually not appropriate
955,Vascular,"TAVR, preintervention planning, supravalvular aorta and vascular access assessment, initial imaging",3196586,CT chest abdomen pelvis without and with IV contrast,10-30 mSv☢☢☢☢,10-30 mSv [ped]☢☢☢☢☢,Usually not appropriate
956,Vascular,"TAVR, preintervention planning, supravalvular aorta and vascular access assessment, initial imaging",3196586,CT chest abdomen pelvis without IV contrast,10-30 mSv☢☢☢☢,3-10 mSv [ped]☢☢☢☢,Usually not appropriate
957,Vascular,"TAVR, preintervention planning, supravalvular aorta and vascular access assessment, initial imaging",3196586,CT heart function and morphology with IV contrast,10-30 mSv☢☢☢☢,3-10 mSv [ped]☢☢☢☢,Usually not appropriate
958,Vascular,"Thoracic aortic aneurysm, preprocedure planning, TEVAR",3106346,MRA chest abdomen pelvis with IV contrast,0 mSvO,0 mSv [ped]O,Usually appropriate
959,Vascular,"Thoracic aortic aneurysm, preprocedure planning, TEVAR",3106346,CTA chest abdomen pelvis with IV contrast,30-100 mSv☢☢☢☢☢,10-30 mSv [ped]☢☢☢☢☢,Usually appropriate
960,Vascular,"Thoracic aortic aneurysm, preprocedure planning, TEVAR",3106346,MRA chest abdomen pelvis without IV contrast,0 mSvO,0 mSv [ped]O,May be appropriate (Disagreement)
961,Vascular,"Thoracic aortic aneurysm, preprocedure planning, TEVAR",3106346,MRA chest with IV contrast,0 mSvO,0 mSv [ped]O,May be appropriate
962,Vascular,"Thoracic aortic aneurysm, preprocedure planning, TEVAR",3106346,MRA chest without IV contrast,0 mSvO,0 mSv [ped]O,May be appropriate
963,Vascular,"Thoracic aortic aneurysm, preprocedure planning, TEVAR",3106346,CT chest with IV contrast,1-10 mSv☢☢☢,3-10 mSv [ped]☢☢☢☢,May be appropriate
964,Vascular,"Thoracic aortic aneurysm, preprocedure planning, TEVAR",3106346,CT chest without and with IV contrast,1-10 mSv☢☢☢,3-10 mSv [ped]☢☢☢☢,May be appropriate
965,Vascular,"Thoracic aortic aneurysm, preprocedure planning, TEVAR",3106346,CTA chest with IV contrast,1-10 mSv☢☢☢,3-10 mSv [ped]☢☢☢☢,May be appropriate
966,Vascular,"Thoracic aortic aneurysm, preprocedure planning, TEVAR",3106346,CT chest abdomen pelvis with IV contrast,10-30 mSv☢☢☢☢,3-10 mSv [ped]☢☢☢☢,May be appropriate
967,Vascular,"Thoracic aortic aneurysm, preprocedure planning, TEVAR",3106346,CT chest abdomen pelvis without and with IV contrast,10-30 mSv☢☢☢☢,10-30 mSv [ped]☢☢☢☢☢,May be appropriate
968,Vascular,"Thoracic aortic aneurysm, preprocedure planning, TEVAR",3106346,US duplex Doppler aorta abdomen,0 mSvO,0 mSv [ped]O,Usually not appropriate
969,Vascular,"Thoracic aortic aneurysm, preprocedure planning, TEVAR",3106346,US duplex Doppler iliofemoral arteries,0 mSvO,0 mSv [ped]O,Usually not appropriate
970,Vascular,"Thoracic aortic aneurysm, preprocedure planning, TEVAR",3106346,US echocardiography transesophageal,0 mSvO,0 mSv [ped]O,Usually not appropriate
971,Vascular,"Thoracic aortic aneurysm, preprocedure planning, TEVAR",3106346,US echocardiography transthoracic resting,0 mSvO,0 mSv [ped]O,Usually not appropriate
972,Vascular,"Thoracic aortic aneurysm, preprocedure planning, TEVAR",3106346,Aortography chest abdomen pelvis,10-30 mSv☢☢☢☢,,Usually not appropriate
973,Vascular,"Thoracic aortic aneurysm, preprocedure planning, TEVAR",3106346,CT chest without IV contrast,1-10 mSv☢☢☢,3-10 mSv [ped]☢☢☢☢,Usually not appropriate
974,Vascular,"Thoracic aortic aneurysm, preprocedure planning, TEVAR",3106346,CT chest abdomen pelvis without IV contrast,10-30 mSv☢☢☢☢,3-10 mSv [ped]☢☢☢☢,Usually not appropriate
975,Vascular,"Thoracic aortic aneurysm, without repair, with or without symptoms, follow-up imaging",3106345,MRA chest abdomen pelvis with IV contrast,0 mSvO,0 mSv [ped]O,Usually appropriate
976,Vascular,"Thoracic aortic aneurysm, without repair, with or without symptoms, follow-up imaging",3106345,MRA chest abdomen pelvis without IV contrast,0 mSvO,0 mSv [ped]O,Usually appropriate
977,Vascular,"Thoracic aortic aneurysm, without repair, with or without symptoms, follow-up imaging",3106345,CTA chest with IV contrast,1-10 mSv☢☢☢,3-10 mSv [ped]☢☢☢☢,Usually appropriate
978,Vascular,"Thoracic aortic aneurysm, without repair, with or without symptoms, follow-up imaging",3106345,CTA chest abdomen pelvis with IV contrast,30-100 mSv☢☢☢☢☢,10-30 mSv [ped]☢☢☢☢☢,Usually appropriate
979,Vascular,"Thoracic aortic aneurysm, without repair, with or without symptoms, follow-up imaging",3106345,US echocardiography transesophageal,0 mSvO,0 mSv [ped]O,May be appropriate
980,Vascular,"Thoracic aortic aneurysm, without repair, with or without symptoms, follow-up imaging",3106345,US echocardiography transthoracic resting,0 mSvO,0 mSv [ped]O,May be appropriate
981,Vascular,"Thoracic aortic aneurysm, without repair, with or without symptoms, follow-up imaging",3106345,MRA chest with IV contrast,0 mSvO,0 mSv [ped]O,May be appropriate
982,Vascular,"Thoracic aortic aneurysm, without repair, with or without symptoms, follow-up imaging",3106345,MRA chest without IV contrast,0 mSvO,0 mSv [ped]O,May be appropriate
983,Vascular,"Thoracic aortic aneurysm, without repair, with or without symptoms, follow-up imaging",3106345,CT chest with IV contrast,1-10 mSv☢☢☢,3-10 mSv [ped]☢☢☢☢,May be appropriate
984,Vascular,"Thoracic aortic aneurysm, without repair, with or without symptoms, follow-up imaging",3106345,CT chest without and with IV contrast,1-10 mSv☢☢☢,3-10 mSv [ped]☢☢☢☢,May be appropriate
985,Vascular,"Thoracic aortic aneurysm, without repair, with or without symptoms, follow-up imaging",3106345,CT chest abdomen pelvis with IV contrast,10-30 mSv☢☢☢☢,3-10 mSv [ped]☢☢☢☢,May be appropriate
986,Vascular,"Thoracic aortic aneurysm, without repair, with or without symptoms, follow-up imaging",3106345,CT chest abdomen pelvis without and with IV contrast,10-30 mSv☢☢☢☢,10-30 mSv [ped]☢☢☢☢☢,May be appropriate
987,Vascular,"Thoracic aortic aneurysm, without repair, with or without symptoms, follow-up imaging",3106345,Radiography chest,<0.1 mSv☢,<0.03 mSv [ped]☢,Usually not appropriate
988,Vascular,"Thoracic aortic aneurysm, without repair, with or without symptoms, follow-up imaging",3106345,Aortography chest abdomen pelvis,10-30 mSv☢☢☢☢,,Usually not appropriate
989,Vascular,"Thoracic aortic aneurysm, without repair, with or without symptoms, follow-up imaging",3106345,CT chest without IV contrast,1-10 mSv☢☢☢,3-10 mSv [ped]☢☢☢☢,Usually not appropriate
990,Vascular,"Thoracic aortic aneurysm, without repair, with or without symptoms, follow-up imaging",3106345,CT chest abdomen pelvis without IV contrast,10-30 mSv☢☢☢☢,3-10 mSv [ped]☢☢☢☢,Usually not appropriate
991,Vascular,"Thoracic outlet syndrome, arterial, imaging after surgery or intervention",3180670,US duplex Doppler subclavian artery and vein,0 mSvO,0 mSv [ped]O,Usually appropriate
992,Vascular,"Thoracic outlet syndrome, arterial, imaging after surgery or intervention",3180670,Arteriography upper extremity,<0.1 mSv☢,,Usually appropriate
993,Vascular,"Thoracic outlet syndrome, arterial, imaging after surgery or intervention",3180670,Radiography chest,<0.1 mSv☢,<0.03 mSv [ped]☢,Usually appropriate
994,Vascular,"Thoracic outlet syndrome, arterial, imaging after surgery or intervention",3180670,MRA chest without and with IV contrast,0 mSvO,0 mSv [ped]O,Usually appropriate
995,Vascular,"Thoracic outlet syndrome, arterial, imaging after surgery or intervention",3180670,CTA chest with IV contrast,1-10 mSv☢☢☢,3-10 mSv [ped]☢☢☢☢,Usually appropriate
996,Vascular,"Thoracic outlet syndrome, arterial, imaging after surgery or intervention",3180670,MRA chest without IV contrast,0 mSvO,0 mSv [ped]O,May be appropriate
997,Vascular,"Thoracic outlet syndrome, arterial, imaging after surgery or intervention",3180670,MRI chest without and with IV contrast,0 mSvO,0 mSv [ped]O,May be appropriate
998,Vascular,"Thoracic outlet syndrome, arterial, imaging after surgery or intervention",3180670,MRI chest without IV contrast,0 mSvO,0 mSv [ped]O,May be appropriate
999,Vascular,"Thoracic outlet syndrome, arterial, imaging after surgery or intervention",3180670,CT chest with IV contrast,1-10 mSv☢☢☢,3-10 mSv [ped]☢☢☢☢,May be appropriate
1000,Vascular,"Thoracic outlet syndrome, arterial, imaging after surgery or intervention",3180670,CT chest without IV contrast,1-10 mSv☢☢☢,3-10 mSv [ped]☢☢☢☢,May be appropriate
1001,Vascular,"Thoracic outlet syndrome, arterial, imaging after surgery or intervention",3180670,Catheter venography upper extremity,1-10 mSv☢☢☢,,Usually not appropriate
1002,Vascular,"Thoracic outlet syndrome, arterial, imaging after surgery or intervention",3180670,MRV chest without and with IV contrast,0 mSvO,0 mSv [ped]O,Usually not appropriate
1003,Vascular,"Thoracic outlet syndrome, arterial, imaging after surgery or intervention",3180670,MRV chest without IV contrast,0 mSvO,0 mSv [ped]O,Usually not appropriate
1004,Vascular,"Thoracic outlet syndrome, arterial, imaging after surgery or intervention",3180670,CT chest without and with IV contrast,1-10 mSv☢☢☢,3-10 mSv [ped]☢☢☢☢,Usually not appropriate
1005,Vascular,"Thoracic outlet syndrome, arterial, imaging after surgery or intervention",3180670,CTV chest with IV contrast,10-30 mSv☢☢☢☢,,Usually not appropriate
1006,Vascular,"Thoracic outlet syndrome, arterial, initial imaging",3180669,US duplex Doppler subclavian artery and vein,0 mSvO,0 mSv [ped]O,Usually appropriate
1007,Vascular,"Thoracic outlet syndrome, arterial, initial imaging",3180669,Arteriography upper extremity,<0.1 mSv☢,,Usually appropriate
1008,Vascular,"Thoracic outlet syndrome, arterial, initial imaging",3180669,Radiography chest,<0.1 mSv☢,<0.03 mSv [ped]☢,Usually appropriate
1009,Vascular,"Thoracic outlet syndrome, arterial, initial imaging",3180669,MRA chest without and with IV contrast,0 mSvO,0 mSv [ped]O,Usually appropriate
1010,Vascular,"Thoracic outlet syndrome, arterial, initial imaging",3180669,CTA chest with IV contrast,1-10 mSv☢☢☢,3-10 mSv [ped]☢☢☢☢,Usually appropriate
1011,Vascular,"Thoracic outlet syndrome, arterial, initial imaging",3180669,MRA chest without IV contrast,0 mSvO,0 mSv [ped]O,May be appropriate
1012,Vascular,"Thoracic outlet syndrome, arterial, initial imaging",3180669,MRI chest without and with IV contrast,0 mSvO,0 mSv [ped]O,May be appropriate
1013,Vascular,"Thoracic outlet syndrome, arterial, initial imaging",3180669,MRI chest without IV contrast,0 mSvO,0 mSv [ped]O,May be appropriate
1014,Vascular,"Thoracic outlet syndrome, arterial, initial imaging",3180669,CT chest with IV contrast,1-10 mSv☢☢☢,3-10 mSv [ped]☢☢☢☢,May be appropriate
1015,Vascular,"Thoracic outlet syndrome, arterial, initial imaging",3180669,CT chest without IV contrast,1-10 mSv☢☢☢,3-10 mSv [ped]☢☢☢☢,May be appropriate
1016,Vascular,"Thoracic outlet syndrome, arterial, initial imaging",3180669,Catheter venography upper extremity,1-10 mSv☢☢☢,,Usually not appropriate
1017,Vascular,"Thoracic outlet syndrome, arterial, initial imaging",3180669,MRV chest without and with IV contrast,0 mSvO,0 mSv [ped]O,Usually not appropriate
1018,Vascular,"Thoracic outlet syndrome, arterial, initial imaging",3180669,MRV chest without IV contrast,0 mSvO,0 mSv [ped]O,Usually not appropriate
1019,Vascular,"Thoracic outlet syndrome, arterial, initial imaging",3180669,CT chest without and with IV contrast,1-10 mSv☢☢☢,3-10 mSv [ped]☢☢☢☢,Usually not appropriate
1020,Vascular,"Thoracic outlet syndrome, arterial, initial imaging",3180669,CTV chest with IV contrast,10-30 mSv☢☢☢☢,,Usually not appropriate
1021,Vascular,"Thoracic outlet syndrome, neurogenic, imaging after surgery or intervention",3180666,Radiography chest,<0.1 mSv☢,<0.03 mSv [ped]☢,Usually appropriate
1022,Vascular,"Thoracic outlet syndrome, neurogenic, imaging after surgery or intervention",3180666,MRI chest without and with IV contrast,0 mSvO,0 mSv [ped]O,Usually appropriate
1023,Vascular,"Thoracic outlet syndrome, neurogenic, imaging after surgery or intervention",3180666,MRI chest without IV contrast,0 mSvO,0 mSv [ped]O,Usually appropriate
1024,Vascular,"Thoracic outlet syndrome, neurogenic, imaging after surgery or intervention",3180666,US duplex Doppler subclavian artery and vein,0 mSvO,0 mSv [ped]O,May be appropriate
1025,Vascular,"Thoracic outlet syndrome, neurogenic, imaging after surgery or intervention",3180666,CT chest with IV contrast,1-10 mSv☢☢☢,3-10 mSv [ped]☢☢☢☢,May be appropriate
1026,Vascular,"Thoracic outlet syndrome, neurogenic, imaging after surgery or intervention",3180666,CTA chest with IV contrast,1-10 mSv☢☢☢,3-10 mSv [ped]☢☢☢☢,May be appropriate
1027,Vascular,"Thoracic outlet syndrome, neurogenic, imaging after surgery or intervention",3180666,Arteriography upper extremity,<0.1 mSv☢,,Usually not appropriate
1028,Vascular,"Thoracic outlet syndrome, neurogenic, imaging after surgery or intervention",3180666,Catheter venography upper extremity,1-10 mSv☢☢☢,,Usually not appropriate
1029,Vascular,"Thoracic outlet syndrome, neurogenic, imaging after surgery or intervention",3180666,MRA chest without and with IV contrast,0 mSvO,0 mSv [ped]O,Usually not appropriate
1030,Vascular,"Thoracic outlet syndrome, neurogenic, imaging after surgery or intervention",3180666,MRA chest without IV contrast,0 mSvO,0 mSv [ped]O,Usually not appropriate
1031,Vascular,"Thoracic outlet syndrome, neurogenic, imaging after surgery or intervention",3180666,MRV chest without and with IV contrast,0 mSvO,0 mSv [ped]O,Usually not appropriate
1032,Vascular,"Thoracic outlet syndrome, neurogenic, imaging after surgery or intervention",3180666,MRV chest without IV contrast,0 mSvO,0 mSv [ped]O,Usually not appropriate
1033,Vascular,"Thoracic outlet syndrome, neurogenic, imaging after surgery or intervention",3180666,CT chest without and with IV contrast,1-10 mSv☢☢☢,3-10 mSv [ped]☢☢☢☢,Usually not appropriate
1034,Vascular,"Thoracic outlet syndrome, neurogenic, imaging after surgery or intervention",3180666,CT chest without IV contrast,1-10 mSv☢☢☢,3-10 mSv [ped]☢☢☢☢,Usually not appropriate
1035,Vascular,"Thoracic outlet syndrome, neurogenic, imaging after surgery or intervention",3180666,CTV chest with IV contrast,10-30 mSv☢☢☢☢,,Usually not appropriate
1036,Vascular,"Thoracic outlet syndrome, neurogenic, initial imaging",3180665,Radiography chest,<0.1 mSv☢,<0.03 mSv [ped]☢,Usually appropriate
1037,Vascular,"Thoracic outlet syndrome, neurogenic, initial imaging",3180665,MRI chest without and with IV contrast,0 mSvO,0 mSv [ped]O,Usually appropriate
1038,Vascular,"Thoracic outlet syndrome, neurogenic, initial imaging",3180665,MRI chest without IV contrast,0 mSvO,0 mSv [ped]O,Usually appropriate
1039,Vascular,"Thoracic outlet syndrome, neurogenic, initial imaging",3180665,US duplex Doppler subclavian artery and vein,0 mSvO,0 mSv [ped]O,May be appropriate
1040,Vascular,"Thoracic outlet syndrome, neurogenic, initial imaging",3180665,CT chest with IV contrast,1-10 mSv☢☢☢,3-10 mSv [ped]☢☢☢☢,May be appropriate
1041,Vascular,"Thoracic outlet syndrome, neurogenic, initial imaging",3180665,CTA chest with IV contrast,1-10 mSv☢☢☢,3-10 mSv [ped]☢☢☢☢,May be appropriate
1042,Vascular,"Thoracic outlet syndrome, neurogenic, initial imaging",3180665,Arteriography upper extremity,<0.1 mSv☢,,Usually not appropriate
1043,Vascular,"Thoracic outlet syndrome, neurogenic, initial imaging",3180665,Catheter venography upper extremity,1-10 mSv☢☢☢,,Usually not appropriate
1044,Vascular,"Thoracic outlet syndrome, neurogenic, initial imaging",3180665,MRA chest without and with IV contrast,0 mSvO,0 mSv [ped]O,Usually not appropriate
1045,Vascular,"Thoracic outlet syndrome, neurogenic, initial imaging",3180665,MRA chest without IV contrast,0 mSvO,0 mSv [ped]O,Usually not appropriate
1046,Vascular,"Thoracic outlet syndrome, neurogenic, initial imaging",3180665,MRV chest without and with IV contrast,0 mSvO,0 mSv [ped]O,Usually not appropriate
1047,Vascular,"Thoracic outlet syndrome, neurogenic, initial imaging",3180665,MRV chest without IV contrast,0 mSvO,0 mSv [ped]O,Usually not appropriate
1048,Vascular,"Thoracic outlet syndrome, neurogenic, initial imaging",3180665,CT chest without and with IV contrast,1-10 mSv☢☢☢,3-10 mSv [ped]☢☢☢☢,Usually not appropriate
1049,Vascular,"Thoracic outlet syndrome, neurogenic, initial imaging",3180665,CT chest without IV contrast,1-10 mSv☢☢☢,3-10 mSv [ped]☢☢☢☢,Usually not appropriate
1050,Vascular,"Thoracic outlet syndrome, neurogenic, initial imaging",3180665,CTV chest with IV contrast,10-30 mSv☢☢☢☢,,Usually not appropriate
1051,Vascular,"Thoracic outlet syndrome, venous, imaging after surgery or intervention",3180668,US duplex Doppler subclavian artery and vein,0 mSvO,0 mSv [ped]O,Usually appropriate
1052,Vascular,"Thoracic outlet syndrome, venous, imaging after surgery or intervention",3180668,Radiography chest,<0.1 mSv☢,<0.03 mSv [ped]☢,Usually appropriate
1053,Vascular,"Thoracic outlet syndrome, venous, imaging after surgery or intervention",3180668,Catheter venography upper extremity,1-10 mSv☢☢☢,,Usually appropriate
1054,Vascular,"Thoracic outlet syndrome, venous, imaging after surgery or intervention",3180668,CT chest with IV contrast,1-10 mSv☢☢☢,3-10 mSv [ped]☢☢☢☢,Usually appropriate
1055,Vascular,"Thoracic outlet syndrome, venous, imaging after surgery or intervention",3180668,MRA chest without and with IV contrast,0 mSvO,0 mSv [ped]O,May be appropriate
1056,Vascular,"Thoracic outlet syndrome, venous, imaging after surgery or intervention",3180668,MRA chest without IV contrast,0 mSvO,0 mSv [ped]O,May be appropriate (Disagreement)
1057,Vascular,"Thoracic outlet syndrome, venous, imaging after surgery or intervention",3180668,MRI chest without and with IV contrast,0 mSvO,0 mSv [ped]O,May be appropriate
1058,Vascular,"Thoracic outlet syndrome, venous, imaging after surgery or intervention",3180668,MRI chest without IV contrast,0 mSvO,0 mSv [ped]O,May be appropriate
1059,Vascular,"Thoracic outlet syndrome, venous, imaging after surgery or intervention",3180668,MRV chest without and with IV contrast,0 mSvO,0 mSv [ped]O,May be appropriate
1060,Vascular,"Thoracic outlet syndrome, venous, imaging after surgery or intervention",3180668,MRV chest without IV contrast,0 mSvO,0 mSv [ped]O,May be appropriate
1061,Vascular,"Thoracic outlet syndrome, venous, imaging after surgery or intervention",3180668,CT chest without IV contrast,1-10 mSv☢☢☢,3-10 mSv [ped]☢☢☢☢,May be appropriate
1062,Vascular,"Thoracic outlet syndrome, venous, imaging after surgery or intervention",3180668,CTV chest with IV contrast,10-30 mSv☢☢☢☢,,May be appropriate
1063,Vascular,"Thoracic outlet syndrome, venous, imaging after surgery or intervention",3180668,Arteriography upper extremity,<0.1 mSv☢,,Usually not appropriate
1064,Vascular,"Thoracic outlet syndrome, venous, imaging after surgery or intervention",3180668,CT chest without and with IV contrast,1-10 mSv☢☢☢,3-10 mSv [ped]☢☢☢☢,Usually not appropriate
1065,Vascular,"Thoracic outlet syndrome, venous, imaging after surgery or intervention",3180668,CTA chest with IV contrast,1-10 mSv☢☢☢,3-10 mSv [ped]☢☢☢☢,Usually not appropriate
1066,Vascular,"Thoracic outlet syndrome, venous, initial imaging",3180667,US duplex Doppler subclavian artery and vein,0 mSvO,0 mSv [ped]O,Usually appropriate
1067,Vascular,"Thoracic outlet syndrome, venous, initial imaging",3180667,Radiography chest,<0.1 mSv☢,<0.03 mSv [ped]☢,Usually appropriate
1068,Vascular,"Thoracic outlet syndrome, venous, initial imaging",3180667,Catheter venography upper extremity,1-10 mSv☢☢☢,,Usually appropriate
1069,Vascular,"Thoracic outlet syndrome, venous, initial imaging",3180667,CT chest with IV contrast,1-10 mSv☢☢☢,3-10 mSv [ped]☢☢☢☢,Usually appropriate
1070,Vascular,"Thoracic outlet syndrome, venous, initial imaging",3180667,MRA chest without and with IV contrast,0 mSvO,0 mSv [ped]O,May be appropriate
1071,Vascular,"Thoracic outlet syndrome, venous, initial imaging",3180667,MRA chest without IV contrast,0 mSvO,0 mSv [ped]O,May be appropriate (Disagreement)
1072,Vascular,"Thoracic outlet syndrome, venous, initial imaging",3180667,MRI chest without and with IV contrast,0 mSvO,0 mSv [ped]O,May be appropriate
1073,Vascular,"Thoracic outlet syndrome, venous, initial imaging",3180667,MRI chest without IV contrast,0 mSvO,0 mSv [ped]O,May be appropriate
1074,Vascular,"Thoracic outlet syndrome, venous, initial imaging",3180667,MRV chest without and with IV contrast,0 mSvO,0 mSv [ped]O,May be appropriate
1075,Vascular,"Thoracic outlet syndrome, venous, initial imaging",3180667,MRV chest without IV contrast,0 mSvO,0 mSv [ped]O,May be appropriate
1076,Vascular,"Thoracic outlet syndrome, venous, initial imaging",3180667,CT chest without IV contrast,1-10 mSv☢☢☢,3-10 mSv [ped]☢☢☢☢,May be appropriate
1077,Vascular,"Thoracic outlet syndrome, venous, initial imaging",3180667,CTV chest with IV contrast,10-30 mSv☢☢☢☢,,May be appropriate
1078,Vascular,"Thoracic outlet syndrome, venous, initial imaging",3180667,Arteriography upper extremity,<0.1 mSv☢,,Usually not appropriate
1079,Vascular,"Thoracic outlet syndrome, venous, initial imaging",3180667,CT chest without and with IV contrast,1-10 mSv☢☢☢,3-10 mSv [ped]☢☢☢☢,Usually not appropriate
1080,Vascular,"Thoracic outlet syndrome, venous, initial imaging",3180667,CTA chest with IV contrast,1-10 mSv☢☢☢,3-10 mSv [ped]☢☢☢☢,Usually not appropriate
1081,Vascular,"Thoracoabdominal aortic aneurysm, post open repair, follow-up imaging",3196095,MRA chest abdomen pelvis without and with IV contrast,0 mSvO,0 mSv [ped]O,Usually appropriate
1082,Vascular,"Thoracoabdominal aortic aneurysm, post open repair, follow-up imaging",3196095,CTA chest abdomen pelvis with IV contrast,30-100 mSv☢☢☢☢☢,10-30 mSv [ped]☢☢☢☢☢,Usually appropriate
1083,Vascular,"Thoracoabdominal aortic aneurysm, post open repair, follow-up imaging",3196095,MRA chest abdomen pelvis without IV contrast,0 mSvO,0 mSv [ped]O,May be appropriate
1084,Vascular,"Thoracoabdominal aortic aneurysm, post open repair, follow-up imaging",3196095,MRA chest and abdomen without and with IV contrast,0 mSvO,0 mSv [ped]O,May be appropriate
1085,Vascular,"Thoracoabdominal aortic aneurysm, post open repair, follow-up imaging",3196095,MRA chest and abdomen without IV contrast,0 mSvO,0 mSv [ped]O,May be appropriate
1086,Vascular,"Thoracoabdominal aortic aneurysm, post open repair, follow-up imaging",3196095,CT chest abdomen pelvis with IV contrast,10-30 mSv☢☢☢☢,3-10 mSv [ped]☢☢☢☢,May be appropriate
1087,Vascular,"Thoracoabdominal aortic aneurysm, post open repair, follow-up imaging",3196095,CT chest abdomen pelvis without and with IV contrast,10-30 mSv☢☢☢☢,10-30 mSv [ped]☢☢☢☢☢,May be appropriate
1088,Vascular,"Thoracoabdominal aortic aneurysm, post open repair, follow-up imaging",3196095,CT chest abdomen pelvis without IV contrast,10-30 mSv☢☢☢☢,3-10 mSv [ped]☢☢☢☢,May be appropriate
1089,Vascular,"Thoracoabdominal aortic aneurysm, post open repair, follow-up imaging",3196095,CT chest and abdomen with IV contrast,10-30 mSv☢☢☢☢,,May be appropriate
1090,Vascular,"Thoracoabdominal aortic aneurysm, post open repair, follow-up imaging",3196095,CT chest and abdomen without and with IV contrast,10-30 mSv☢☢☢☢,,May be appropriate
1091,Vascular,"Thoracoabdominal aortic aneurysm, post open repair, follow-up imaging",3196095,CTA chest and abdomen with IV contrast,10-30 mSv☢☢☢☢,,May be appropriate
1092,Vascular,"Thoracoabdominal aortic aneurysm, post open repair, follow-up imaging",3196095,US duplex Doppler aorta abdomen,0 mSvO,0 mSv [ped]O,Usually not appropriate
1093,Vascular,"Thoracoabdominal aortic aneurysm, post open repair, follow-up imaging",3196095,US echocardiography transthoracic resting,0 mSvO,0 mSv [ped]O,Usually not appropriate
1094,Vascular,"Thoracoabdominal aortic aneurysm, post open repair, follow-up imaging",3196095,Radiography chest,<0.1 mSv☢,<0.03 mSv [ped]☢,Usually not appropriate
1095,Vascular,"Thoracoabdominal aortic aneurysm, post open repair, follow-up imaging",3196095,Radiography chest abdomen pelvis,1-10 mSv☢☢☢,0.3-3 mSv [ped]☢☢☢,Usually not appropriate
1096,Vascular,"Thoracoabdominal aortic aneurysm, post open repair, follow-up imaging",3196095,Aortography chest abdomen pelvis,10-30 mSv☢☢☢☢,,Usually not appropriate
1097,Vascular,"Thoracoabdominal aortic aneurysm, post open repair, follow-up imaging",3196095,CT chest and abdomen without IV contrast,10-30 mSv☢☢☢☢,,Usually not appropriate
1098,Vascular,"Thoracoabdominal aortic aneurysm, post TEVAR, follow-up imaging",3196092,MRA chest abdomen pelvis without and with IV contrast,0 mSvO,0 mSv [ped]O,Usually appropriate
1099,Vascular,"Thoracoabdominal aortic aneurysm, post TEVAR, follow-up imaging",3196092,CTA chest abdomen pelvis with IV contrast,30-100 mSv☢☢☢☢☢,10-30 mSv [ped]☢☢☢☢☢,Usually appropriate
1100,Vascular,"Thoracoabdominal aortic aneurysm, post TEVAR, follow-up imaging",3196092,Aortography chest abdomen pelvis,10-30 mSv☢☢☢☢,,May be appropriate (Disagreement)
1101,Vascular,"Thoracoabdominal aortic aneurysm, post TEVAR, follow-up imaging",3196092,MRA chest abdomen pelvis without IV contrast,0 mSvO,0 mSv [ped]O,May be appropriate
1102,Vascular,"Thoracoabdominal aortic aneurysm, post TEVAR, follow-up imaging",3196092,MRA chest and abdomen without and with IV contrast,0 mSvO,0 mSv [ped]O,May be appropriate (Disagreement)
1103,Vascular,"Thoracoabdominal aortic aneurysm, post TEVAR, follow-up imaging",3196092,MRA chest and abdomen without IV contrast,0 mSvO,0 mSv [ped]O,May be appropriate
1104,Vascular,"Thoracoabdominal aortic aneurysm, post TEVAR, follow-up imaging",3196092,CT chest abdomen pelvis with IV contrast,10-30 mSv☢☢☢☢,3-10 mSv [ped]☢☢☢☢,May be appropriate
1105,Vascular,"Thoracoabdominal aortic aneurysm, post TEVAR, follow-up imaging",3196092,CT chest abdomen pelvis without and with IV contrast,10-30 mSv☢☢☢☢,10-30 mSv [ped]☢☢☢☢☢,May be appropriate
1106,Vascular,"Thoracoabdominal aortic aneurysm, post TEVAR, follow-up imaging",3196092,CT chest abdomen pelvis without IV contrast,10-30 mSv☢☢☢☢,3-10 mSv [ped]☢☢☢☢,May be appropriate
1107,Vascular,"Thoracoabdominal aortic aneurysm, post TEVAR, follow-up imaging",3196092,CTA chest and abdomen with IV contrast,10-30 mSv☢☢☢☢,,May be appropriate (Disagreement)
1108,Vascular,"Thoracoabdominal aortic aneurysm, post TEVAR, follow-up imaging",3196092,US duplex Doppler aorta abdomen,0 mSvO,0 mSv [ped]O,Usually not appropriate
1109,Vascular,"Thoracoabdominal aortic aneurysm, post TEVAR, follow-up imaging",3196092,US echocardiography transthoracic resting,0 mSvO,0 mSv [ped]O,Usually not appropriate
1110,Vascular,"Thoracoabdominal aortic aneurysm, post TEVAR, follow-up imaging",3196092,Radiography chest,<0.1 mSv☢,<0.03 mSv [ped]☢,Usually not appropriate
1111,Vascular,"Thoracoabdominal aortic aneurysm, post TEVAR, follow-up imaging",3196092,Radiography chest abdomen pelvis,1-10 mSv☢☢☢,0.3-3 mSv [ped]☢☢☢,Usually not appropriate
1112,Vascular,"Thoracoabdominal aortic aneurysm, post TEVAR, follow-up imaging",3196092,CT chest and abdomen with IV contrast,10-30 mSv☢☢☢☢,,Usually not appropriate
1113,Vascular,"Thoracoabdominal aortic aneurysm, post TEVAR, follow-up imaging",3196092,CT chest and abdomen without and with IV contrast,10-30 mSv☢☢☢☢,,Usually not appropriate
1114,Vascular,"Thoracoabdominal aortic aneurysm, post TEVAR, follow-up imaging",3196092,CT chest and abdomen without IV contrast,10-30 mSv☢☢☢☢,,Usually not appropriate
1115,Vascular,"Thoracoabdominal aortic aneurysm, preop planning, open repair",3196088,MRA chest abdomen pelvis without and with IV contrast,0 mSvO,0 mSv [ped]O,Usually appropriate
1116,Vascular,"Thoracoabdominal aortic aneurysm, preop planning, open repair",3196088,MRA chest abdomen pelvis without IV contrast,0 mSvO,0 mSv [ped]O,Usually appropriate
1117,Vascular,"Thoracoabdominal aortic aneurysm, preop planning, open repair",3196088,CTA chest abdomen pelvis with IV contrast,30-100 mSv☢☢☢☢☢,10-30 mSv [ped]☢☢☢☢☢,Usually appropriate
1118,Vascular,"Thoracoabdominal aortic aneurysm, preop planning, open repair",3196088,MRA chest and abdomen without and with IV contrast,0 mSvO,0 mSv [ped]O,May be appropriate (Disagreement)
1119,Vascular,"Thoracoabdominal aortic aneurysm, preop planning, open repair",3196088,CT chest abdomen pelvis with IV contrast,10-30 mSv☢☢☢☢,3-10 mSv [ped]☢☢☢☢,May be appropriate (Disagreement)
1120,Vascular,"Thoracoabdominal aortic aneurysm, preop planning, open repair",3196088,CT chest abdomen pelvis without and with IV contrast,10-30 mSv☢☢☢☢,10-30 mSv [ped]☢☢☢☢☢,May be appropriate (Disagreement)
1121,Vascular,"Thoracoabdominal aortic aneurysm, preop planning, open repair",3196088,CTA chest and abdomen with IV contrast,10-30 mSv☢☢☢☢,,May be appropriate (Disagreement)
1122,Vascular,"Thoracoabdominal aortic aneurysm, preop planning, open repair",3196088,US duplex Doppler aorta abdomen,0 mSvO,0 mSv [ped]O,Usually not appropriate
1123,Vascular,"Thoracoabdominal aortic aneurysm, preop planning, open repair",3196088,US echocardiography transthoracic resting,0 mSvO,0 mSv [ped]O,Usually not appropriate
1124,Vascular,"Thoracoabdominal aortic aneurysm, preop planning, open repair",3196088,Radiography chest,<0.1 mSv☢,<0.03 mSv [ped]☢,Usually not appropriate
1125,Vascular,"Thoracoabdominal aortic aneurysm, preop planning, open repair",3196088,Radiography chest abdomen pelvis,1-10 mSv☢☢☢,0.3-3 mSv [ped]☢☢☢,Usually not appropriate
1126,Vascular,"Thoracoabdominal aortic aneurysm, preop planning, open repair",3196088,Aortography chest abdomen pelvis,10-30 mSv☢☢☢☢,,Usually not appropriate
1127,Vascular,"Thoracoabdominal aortic aneurysm, preop planning, open repair",3196088,MRA chest and abdomen without IV contrast,0 mSvO,0 mSv [ped]O,Usually not appropriate
1128,Vascular,"Thoracoabdominal aortic aneurysm, preop planning, open repair",3196088,CT chest abdomen pelvis without IV contrast,10-30 mSv☢☢☢☢,3-10 mSv [ped]☢☢☢☢,Usually not appropriate
1129,Vascular,"Thoracoabdominal aortic aneurysm, preop planning, open repair",3196088,CT chest and abdomen with IV contrast,10-30 mSv☢☢☢☢,,Usually not appropriate
1130,Vascular,"Thoracoabdominal aortic aneurysm, preop planning, open repair",3196088,CT chest and abdomen without and with IV contrast,10-30 mSv☢☢☢☢,,Usually not appropriate
1131,Vascular,"Thoracoabdominal aortic aneurysm, preop planning, open repair",3196088,CT chest and abdomen without IV contrast,10-30 mSv☢☢☢☢,,Usually not appropriate
1132,Vascular,"Thoracoabdominal aortic aneurysm, preop planning, TEVAR",3196087,MRA chest abdomen pelvis without and with IV contrast,0 mSvO,0 mSv [ped]O,Usually appropriate
1133,Vascular,"Thoracoabdominal aortic aneurysm, preop planning, TEVAR",3196087,MRA chest abdomen pelvis without IV contrast,0 mSvO,0 mSv [ped]O,Usually appropriate
1134,Vascular,"Thoracoabdominal aortic aneurysm, preop planning, TEVAR",3196087,CTA chest abdomen pelvis with IV contrast,30-100 mSv☢☢☢☢☢,10-30 mSv [ped]☢☢☢☢☢,Usually appropriate
1135,Vascular,"Thoracoabdominal aortic aneurysm, preop planning, TEVAR",3196087,MRA chest and abdomen without and with IV contrast,0 mSvO,0 mSv [ped]O,May be appropriate (Disagreement)
1136,Vascular,"Thoracoabdominal aortic aneurysm, preop planning, TEVAR",3196087,CT chest abdomen pelvis with IV contrast,10-30 mSv☢☢☢☢,3-10 mSv [ped]☢☢☢☢,May be appropriate (Disagreement)
1137,Vascular,"Thoracoabdominal aortic aneurysm, preop planning, TEVAR",3196087,CT chest abdomen pelvis without and with IV contrast,10-30 mSv☢☢☢☢,10-30 mSv [ped]☢☢☢☢☢,May be appropriate (Disagreement)
1138,Vascular,"Thoracoabdominal aortic aneurysm, preop planning, TEVAR",3196087,CTA chest and abdomen with IV contrast,10-30 mSv☢☢☢☢,,May be appropriate (Disagreement)
1139,Vascular,"Thoracoabdominal aortic aneurysm, preop planning, TEVAR",3196087,US duplex Doppler aorta abdomen,0 mSvO,0 mSv [ped]O,Usually not appropriate
1140,Vascular,"Thoracoabdominal aortic aneurysm, preop planning, TEVAR",3196087,US echocardiography transthoracic resting,0 mSvO,0 mSv [ped]O,Usually not appropriate
1141,Vascular,"Thoracoabdominal aortic aneurysm, preop planning, TEVAR",3196087,Radiography chest,<0.1 mSv☢,<0.03 mSv [ped]☢,Usually not appropriate
1142,Vascular,"Thoracoabdominal aortic aneurysm, preop planning, TEVAR",3196087,Radiography chest abdomen pelvis,1-10 mSv☢☢☢,0.3-3 mSv [ped]☢☢☢,Usually not appropriate
1143,Vascular,"Thoracoabdominal aortic aneurysm, preop planning, TEVAR",3196087,Aortography chest abdomen pelvis,10-30 mSv☢☢☢☢,,Usually not appropriate
1144,Vascular,"Thoracoabdominal aortic aneurysm, preop planning, TEVAR",3196087,MRA chest and abdomen without IV contrast,0 mSvO,0 mSv [ped]O,Usually not appropriate
1145,Vascular,"Thoracoabdominal aortic aneurysm, preop planning, TEVAR",3196087,CT chest abdomen pelvis without IV contrast,10-30 mSv☢☢☢☢,3-10 mSv [ped]☢☢☢☢,Usually not appropriate
1146,Vascular,"Thoracoabdominal aortic aneurysm, preop planning, TEVAR",3196087,CT chest and abdomen with IV contrast,10-30 mSv☢☢☢☢,,Usually not appropriate
1147,Vascular,"Thoracoabdominal aortic aneurysm, preop planning, TEVAR",3196087,CT chest and abdomen without and with IV contrast,10-30 mSv☢☢☢☢,,Usually not appropriate
1148,Vascular,"Thoracoabdominal aortic aneurysm, preop planning, TEVAR",3196087,CT chest and abdomen without IV contrast,10-30 mSv☢☢☢☢,,Usually not appropriate
1149,Vascular,"Thoracoabdominal aortic aneurysm, without repair, without or with new symptoms, follow-up imaging",3196084,MRA chest abdomen pelvis without and with IV contrast,0 mSvO,0 mSv [ped]O,Usually appropriate
1150,Vascular,"Thoracoabdominal aortic aneurysm, without repair, without or with new symptoms, follow-up imaging",3196084,MRA chest abdomen pelvis without IV contrast,0 mSvO,0 mSv [ped]O,Usually appropriate
1151,Vascular,"Thoracoabdominal aortic aneurysm, without repair, without or with new symptoms, follow-up imaging",3196084,CTA chest abdomen pelvis with IV contrast,30-100 mSv☢☢☢☢☢,10-30 mSv [ped]☢☢☢☢☢,Usually appropriate
1152,Vascular,"Thoracoabdominal aortic aneurysm, without repair, without or with new symptoms, follow-up imaging",3196084,MRA chest and abdomen without and with IV contrast,0 mSvO,0 mSv [ped]O,May be appropriate
1153,Vascular,"Thoracoabdominal aortic aneurysm, without repair, without or with new symptoms, follow-up imaging",3196084,MRA chest and abdomen without IV contrast,0 mSvO,0 mSv [ped]O,May be appropriate
1154,Vascular,"Thoracoabdominal aortic aneurysm, without repair, without or with new symptoms, follow-up imaging",3196084,CT chest abdomen pelvis with IV contrast,10-30 mSv☢☢☢☢,3-10 mSv [ped]☢☢☢☢,May be appropriate
1155,Vascular,"Thoracoabdominal aortic aneurysm, without repair, without or with new symptoms, follow-up imaging",3196084,CT chest abdomen pelvis without and with IV contrast,10-30 mSv☢☢☢☢,10-30 mSv [ped]☢☢☢☢☢,May be appropriate
1156,Vascular,"Thoracoabdominal aortic aneurysm, without repair, without or with new symptoms, follow-up imaging",3196084,CT chest abdomen pelvis without IV contrast,10-30 mSv☢☢☢☢,3-10 mSv [ped]☢☢☢☢,May be appropriate
1157,Vascular,"Thoracoabdominal aortic aneurysm, without repair, without or with new symptoms, follow-up imaging",3196084,CT chest and abdomen with IV contrast,10-30 mSv☢☢☢☢,,May be appropriate
1158,Vascular,"Thoracoabdominal aortic aneurysm, without repair, without or with new symptoms, follow-up imaging",3196084,CT chest and abdomen without and with IV contrast,10-30 mSv☢☢☢☢,,May be appropriate
1159,Vascular,"Thoracoabdominal aortic aneurysm, without repair, without or with new symptoms, follow-up imaging",3196084,CTA chest and abdomen with IV contrast,10-30 mSv☢☢☢☢,,May be appropriate
1160,Vascular,"Thoracoabdominal aortic aneurysm, without repair, without or with new symptoms, follow-up imaging",3196084,US duplex Doppler aorta abdomen,0 mSvO,0 mSv [ped]O,Usually not appropriate
1161,Vascular,"Thoracoabdominal aortic aneurysm, without repair, without or with new symptoms, follow-up imaging",3196084,US echocardiography transthoracic resting,0 mSvO,0 mSv [ped]O,Usually not appropriate
1162,Vascular,"Thoracoabdominal aortic aneurysm, without repair, without or with new symptoms, follow-up imaging",3196084,Radiography chest,<0.1 mSv☢,<0.03 mSv [ped]☢,Usually not appropriate
1163,Vascular,"Thoracoabdominal aortic aneurysm, without repair, without or with new symptoms, follow-up imaging",3196084,Radiography chest abdomen pelvis,1-10 mSv☢☢☢,0.3-3 mSv [ped]☢☢☢,Usually not appropriate
1164,Vascular,"Thoracoabdominal aortic aneurysm, without repair, without or with new symptoms, follow-up imaging",3196084,Aortography chest abdomen pelvis,10-30 mSv☢☢☢☢,,Usually not appropriate
1165,Vascular,"Thoracoabdominal aortic aneurysm, without repair, without or with new symptoms, follow-up imaging",3196084,CT chest and abdomen without IV contrast,10-30 mSv☢☢☢☢,,Usually not appropriate
1166,Vascular,"Thoracoabdominal aortic dissection, post open repair, follow up imaging",3196094,MRA chest abdomen pelvis without and with IV contrast,0 mSvO,0 mSv [ped]O,Usually appropriate
1167,Vascular,"Thoracoabdominal aortic dissection, post open repair, follow up imaging",3196094,CTA chest abdomen pelvis with IV contrast,30-100 mSv☢☢☢☢☢,10-30 mSv [ped]☢☢☢☢☢,Usually appropriate
1168,Vascular,"Thoracoabdominal aortic dissection, post open repair, follow up imaging",3196094,MRA chest abdomen pelvis without IV contrast,0 mSvO,0 mSv [ped]O,May be appropriate
1169,Vascular,"Thoracoabdominal aortic dissection, post open repair, follow up imaging",3196094,MRA chest and abdomen without and with IV contrast,0 mSvO,0 mSv [ped]O,May be appropriate
1170,Vascular,"Thoracoabdominal aortic dissection, post open repair, follow up imaging",3196094,MRA chest and abdomen without IV contrast,0 mSvO,0 mSv [ped]O,May be appropriate
1171,Vascular,"Thoracoabdominal aortic dissection, post open repair, follow up imaging",3196094,CT chest abdomen pelvis with IV contrast,10-30 mSv☢☢☢☢,3-10 mSv [ped]☢☢☢☢,May be appropriate
1172,Vascular,"Thoracoabdominal aortic dissection, post open repair, follow up imaging",3196094,CT chest abdomen pelvis without and with IV contrast,10-30 mSv☢☢☢☢,10-30 mSv [ped]☢☢☢☢☢,May be appropriate
1173,Vascular,"Thoracoabdominal aortic dissection, post open repair, follow up imaging",3196094,CT chest abdomen pelvis without IV contrast,10-30 mSv☢☢☢☢,3-10 mSv [ped]☢☢☢☢,May be appropriate
1174,Vascular,"Thoracoabdominal aortic dissection, post open repair, follow up imaging",3196094,CT chest and abdomen with IV contrast,10-30 mSv☢☢☢☢,,May be appropriate
1175,Vascular,"Thoracoabdominal aortic dissection, post open repair, follow up imaging",3196094,CT chest and abdomen without and with IV contrast,10-30 mSv☢☢☢☢,,May be appropriate
1176,Vascular,"Thoracoabdominal aortic dissection, post open repair, follow up imaging",3196094,CTA chest and abdomen with IV contrast,10-30 mSv☢☢☢☢,,May be appropriate
1177,Vascular,"Thoracoabdominal aortic dissection, post open repair, follow up imaging",3196094,US duplex Doppler aorta abdomen,0 mSvO,0 mSv [ped]O,Usually not appropriate
1178,Vascular,"Thoracoabdominal aortic dissection, post open repair, follow up imaging",3196094,US echocardiography transthoracic resting,0 mSvO,0 mSv [ped]O,Usually not appropriate
1179,Vascular,"Thoracoabdominal aortic dissection, post open repair, follow up imaging",3196094,Radiography chest,<0.1 mSv☢,<0.03 mSv [ped]☢,Usually not appropriate
1180,Vascular,"Thoracoabdominal aortic dissection, post open repair, follow up imaging",3196094,Radiography chest abdomen pelvis,1-10 mSv☢☢☢,0.3-3 mSv [ped]☢☢☢,Usually not appropriate
1181,Vascular,"Thoracoabdominal aortic dissection, post open repair, follow up imaging",3196094,Aortography chest abdomen pelvis,10-30 mSv☢☢☢☢,,Usually not appropriate
1182,Vascular,"Thoracoabdominal aortic dissection, post open repair, follow up imaging",3196094,CT chest and abdomen without IV contrast,10-30 mSv☢☢☢☢,,Usually not appropriate
1183,Vascular,"Thoracoabdominal aortic dissection, post TEVAR, follow-up imaging",3196091,MRA chest abdomen pelvis without and with IV contrast,0 mSvO,0 mSv [ped]O,Usually appropriate
1184,Vascular,"Thoracoabdominal aortic dissection, post TEVAR, follow-up imaging",3196091,CTA chest abdomen pelvis with IV contrast,30-100 mSv☢☢☢☢☢,10-30 mSv [ped]☢☢☢☢☢,Usually appropriate
1185,Vascular,"Thoracoabdominal aortic dissection, post TEVAR, follow-up imaging",3196091,Aortography chest abdomen pelvis,10-30 mSv☢☢☢☢,,May be appropriate (Disagreement)
1186,Vascular,"Thoracoabdominal aortic dissection, post TEVAR, follow-up imaging",3196091,MRA chest abdomen pelvis without IV contrast,0 mSvO,0 mSv [ped]O,May be appropriate
1187,Vascular,"Thoracoabdominal aortic dissection, post TEVAR, follow-up imaging",3196091,MRA chest and abdomen without and with IV contrast,0 mSvO,0 mSv [ped]O,May be appropriate (Disagreement)
1188,Vascular,"Thoracoabdominal aortic dissection, post TEVAR, follow-up imaging",3196091,MRA chest and abdomen without IV contrast,0 mSvO,0 mSv [ped]O,May be appropriate
1189,Vascular,"Thoracoabdominal aortic dissection, post TEVAR, follow-up imaging",3196091,CT chest abdomen pelvis with IV contrast,10-30 mSv☢☢☢☢,3-10 mSv [ped]☢☢☢☢,May be appropriate
1190,Vascular,"Thoracoabdominal aortic dissection, post TEVAR, follow-up imaging",3196091,CT chest abdomen pelvis without and with IV contrast,10-30 mSv☢☢☢☢,10-30 mSv [ped]☢☢☢☢☢,May be appropriate
1191,Vascular,"Thoracoabdominal aortic dissection, post TEVAR, follow-up imaging",3196091,CT chest abdomen pelvis without IV contrast,10-30 mSv☢☢☢☢,3-10 mSv [ped]☢☢☢☢,May be appropriate
1192,Vascular,"Thoracoabdominal aortic dissection, post TEVAR, follow-up imaging",3196091,CTA chest and abdomen with IV contrast,10-30 mSv☢☢☢☢,,May be appropriate (Disagreement)
1193,Vascular,"Thoracoabdominal aortic dissection, post TEVAR, follow-up imaging",3196091,US duplex Doppler aorta abdomen,0 mSvO,0 mSv [ped]O,Usually not appropriate
1194,Vascular,"Thoracoabdominal aortic dissection, post TEVAR, follow-up imaging",3196091,US echocardiography transthoracic resting,0 mSvO,0 mSv [ped]O,Usually not appropriate
1195,Vascular,"Thoracoabdominal aortic dissection, post TEVAR, follow-up imaging",3196091,Radiography chest,<0.1 mSv☢,<0.03 mSv [ped]☢,Usually not appropriate
1196,Vascular,"Thoracoabdominal aortic dissection, post TEVAR, follow-up imaging",3196091,Radiography chest abdomen pelvis,1-10 mSv☢☢☢,0.3-3 mSv [ped]☢☢☢,Usually not appropriate
1197,Vascular,"Thoracoabdominal aortic dissection, post TEVAR, follow-up imaging",3196091,CT chest and abdomen with IV contrast,10-30 mSv☢☢☢☢,,Usually not appropriate
1198,Vascular,"Thoracoabdominal aortic dissection, post TEVAR, follow-up imaging",3196091,CT chest and abdomen without and with IV contrast,10-30 mSv☢☢☢☢,,Usually not appropriate
1199,Vascular,"Thoracoabdominal aortic dissection, post TEVAR, follow-up imaging",3196091,CT chest and abdomen without IV contrast,10-30 mSv☢☢☢☢,,Usually not appropriate
1200,Vascular,"Thoracoabdominal aortic dissection, preop planning, open repair",3196086,MRA chest abdomen pelvis without and with IV contrast,0 mSvO,0 mSv [ped]O,Usually appropriate
1201,Vascular,"Thoracoabdominal aortic dissection, preop planning, open repair",3196086,MRA chest abdomen pelvis without IV contrast,0 mSvO,0 mSv [ped]O,Usually appropriate
1202,Vascular,"Thoracoabdominal aortic dissection, preop planning, open repair",3196086,CTA chest abdomen pelvis with IV contrast,30-100 mSv☢☢☢☢☢,10-30 mSv [ped]☢☢☢☢☢,Usually appropriate
1203,Vascular,"Thoracoabdominal aortic dissection, preop planning, open repair",3196086,MRA chest and abdomen without and with IV contrast,0 mSvO,0 mSv [ped]O,May be appropriate (Disagreement)
1204,Vascular,"Thoracoabdominal aortic dissection, preop planning, open repair",3196086,CT chest abdomen pelvis with IV contrast,10-30 mSv☢☢☢☢,3-10 mSv [ped]☢☢☢☢,May be appropriate (Disagreement)
1205,Vascular,"Thoracoabdominal aortic dissection, preop planning, open repair",3196086,CT chest abdomen pelvis without and with IV contrast,10-30 mSv☢☢☢☢,10-30 mSv [ped]☢☢☢☢☢,May be appropriate (Disagreement)
1206,Vascular,"Thoracoabdominal aortic dissection, preop planning, open repair",3196086,CTA chest and abdomen with IV contrast,10-30 mSv☢☢☢☢,,May be appropriate (Disagreement)
1207,Vascular,"Thoracoabdominal aortic dissection, preop planning, open repair",3196086,US duplex Doppler aorta abdomen,0 mSvO,0 mSv [ped]O,Usually not appropriate
1208,Vascular,"Thoracoabdominal aortic dissection, preop planning, open repair",3196086,US echocardiography transthoracic resting,0 mSvO,0 mSv [ped]O,Usually not appropriate
1209,Vascular,"Thoracoabdominal aortic dissection, preop planning, open repair",3196086,Radiography chest,<0.1 mSv☢,<0.03 mSv [ped]☢,Usually not appropriate
1210,Vascular,"Thoracoabdominal aortic dissection, preop planning, open repair",3196086,Radiography chest abdomen pelvis,1-10 mSv☢☢☢,0.3-3 mSv [ped]☢☢☢,Usually not appropriate
1211,Vascular,"Thoracoabdominal aortic dissection, preop planning, open repair",3196086,Aortography chest abdomen pelvis,10-30 mSv☢☢☢☢,,Usually not appropriate
1212,Vascular,"Thoracoabdominal aortic dissection, preop planning, open repair",3196086,MRA chest and abdomen without IV contrast,0 mSvO,0 mSv [ped]O,Usually not appropriate
1213,Vascular,"Thoracoabdominal aortic dissection, preop planning, open repair",3196086,CT chest abdomen pelvis without IV contrast,10-30 mSv☢☢☢☢,3-10 mSv [ped]☢☢☢☢,Usually not appropriate
1214,Vascular,"Thoracoabdominal aortic dissection, preop planning, open repair",3196086,CT chest and abdomen with IV contrast,10-30 mSv☢☢☢☢,,Usually not appropriate
1215,Vascular,"Thoracoabdominal aortic dissection, preop planning, open repair",3196086,CT chest and abdomen without and with IV contrast,10-30 mSv☢☢☢☢,,Usually not appropriate
1216,Vascular,"Thoracoabdominal aortic dissection, preop planning, open repair",3196086,CT chest and abdomen without IV contrast,10-30 mSv☢☢☢☢,,Usually not appropriate
1217,Vascular,"Thoracoabdominal aortic dissection, preop planning, TEVAR",3196089,MRA chest abdomen pelvis without and with IV contrast,0 mSvO,0 mSv [ped]O,Usually appropriate
1218,Vascular,"Thoracoabdominal aortic dissection, preop planning, TEVAR",3196089,MRA chest abdomen pelvis without IV contrast,0 mSvO,0 mSv [ped]O,Usually appropriate
1219,Vascular,"Thoracoabdominal aortic dissection, preop planning, TEVAR",3196089,CTA chest abdomen pelvis with IV contrast,30-100 mSv☢☢☢☢☢,10-30 mSv [ped]☢☢☢☢☢,Usually appropriate
1220,Vascular,"Thoracoabdominal aortic dissection, preop planning, TEVAR",3196089,MRA chest and abdomen without and with IV contrast,0 mSvO,0 mSv [ped]O,May be appropriate (Disagreement)
1221,Vascular,"Thoracoabdominal aortic dissection, preop planning, TEVAR",3196089,CT chest abdomen pelvis with IV contrast,10-30 mSv☢☢☢☢,3-10 mSv [ped]☢☢☢☢,May be appropriate (Disagreement)
1222,Vascular,"Thoracoabdominal aortic dissection, preop planning, TEVAR",3196089,CT chest abdomen pelvis without and with IV contrast,10-30 mSv☢☢☢☢,10-30 mSv [ped]☢☢☢☢☢,May be appropriate (Disagreement)
1223,Vascular,"Thoracoabdominal aortic dissection, preop planning, TEVAR",3196089,CTA chest and abdomen with IV contrast,10-30 mSv☢☢☢☢,,May be appropriate (Disagreement)
1224,Vascular,"Thoracoabdominal aortic dissection, preop planning, TEVAR",3196089,US duplex Doppler aorta abdomen,0 mSvO,0 mSv [ped]O,Usually not appropriate
1225,Vascular,"Thoracoabdominal aortic dissection, preop planning, TEVAR",3196089,US echocardiography transthoracic resting,0 mSvO,0 mSv [ped]O,Usually not appropriate
1226,Vascular,"Thoracoabdominal aortic dissection, preop planning, TEVAR",3196089,Radiography chest,<0.1 mSv☢,<0.03 mSv [ped]☢,Usually not appropriate
1227,Vascular,"Thoracoabdominal aortic dissection, preop planning, TEVAR",3196089,Radiography chest abdomen pelvis,1-10 mSv☢☢☢,0.3-3 mSv [ped]☢☢☢,Usually not appropriate
1228,Vascular,"Thoracoabdominal aortic dissection, preop planning, TEVAR",3196089,Aortography chest abdomen pelvis,10-30 mSv☢☢☢☢,,Usually not appropriate
1229,Vascular,"Thoracoabdominal aortic dissection, preop planning, TEVAR",3196089,MRA chest and abdomen without IV contrast,0 mSvO,0 mSv [ped]O,Usually not appropriate
1230,Vascular,"Thoracoabdominal aortic dissection, preop planning, TEVAR",3196089,CT chest abdomen pelvis without IV contrast,10-30 mSv☢☢☢☢,3-10 mSv [ped]☢☢☢☢,Usually not appropriate
1231,Vascular,"Thoracoabdominal aortic dissection, preop planning, TEVAR",3196089,CT chest and abdomen with IV contrast,10-30 mSv☢☢☢☢,,Usually not appropriate
1232,Vascular,"Thoracoabdominal aortic dissection, preop planning, TEVAR",3196089,CT chest and abdomen without and with IV contrast,10-30 mSv☢☢☢☢,,Usually not appropriate
1233,Vascular,"Thoracoabdominal aortic dissection, preop planning, TEVAR",3196089,CT chest and abdomen without IV contrast,10-30 mSv☢☢☢☢,,Usually not appropriate
1234,Vascular,"Thoracoabdominal aortic dissection, without repair, without or with new symptoms, follow-up imaging",3196083,MRA chest abdomen pelvis without and with IV contrast,0 mSvO,0 mSv [ped]O,Usually appropriate
1235,Vascular,"Thoracoabdominal aortic dissection, without repair, without or with new symptoms, follow-up imaging",3196083,MRA chest abdomen pelvis without IV contrast,0 mSvO,0 mSv [ped]O,Usually appropriate
1236,Vascular,"Thoracoabdominal aortic dissection, without repair, without or with new symptoms, follow-up imaging",3196083,CTA chest abdomen pelvis with IV contrast,30-100 mSv☢☢☢☢☢,10-30 mSv [ped]☢☢☢☢☢,Usually appropriate
1237,Vascular,"Thoracoabdominal aortic dissection, without repair, without or with new symptoms, follow-up imaging",3196083,MRA chest and abdomen without and with IV contrast,0 mSvO,0 mSv [ped]O,May be appropriate
1238,Vascular,"Thoracoabdominal aortic dissection, without repair, without or with new symptoms, follow-up imaging",3196083,MRA chest and abdomen without IV contrast,0 mSvO,0 mSv [ped]O,May be appropriate
1239,Vascular,"Thoracoabdominal aortic dissection, without repair, without or with new symptoms, follow-up imaging",3196083,CT chest abdomen pelvis with IV contrast,10-30 mSv☢☢☢☢,3-10 mSv [ped]☢☢☢☢,May be appropriate
1240,Vascular,"Thoracoabdominal aortic dissection, without repair, without or with new symptoms, follow-up imaging",3196083,CT chest abdomen pelvis without and with IV contrast,10-30 mSv☢☢☢☢,10-30 mSv [ped]☢☢☢☢☢,May be appropriate
1241,Vascular,"Thoracoabdominal aortic dissection, without repair, without or with new symptoms, follow-up imaging",3196083,CT chest abdomen pelvis without IV contrast,10-30 mSv☢☢☢☢,3-10 mSv [ped]☢☢☢☢,May be appropriate
1242,Vascular,"Thoracoabdominal aortic dissection, without repair, without or with new symptoms, follow-up imaging",3196083,CT chest and abdomen with IV contrast,10-30 mSv☢☢☢☢,,May be appropriate
1243,Vascular,"Thoracoabdominal aortic dissection, without repair, without or with new symptoms, follow-up imaging",3196083,CT chest and abdomen without and with IV contrast,10-30 mSv☢☢☢☢,,May be appropriate
1244,Vascular,"Thoracoabdominal aortic dissection, without repair, without or with new symptoms, follow-up imaging",3196083,CTA chest and abdomen with IV contrast,10-30 mSv☢☢☢☢,,May be appropriate
1245,Vascular,"Thoracoabdominal aortic dissection, without repair, without or with new symptoms, follow-up imaging",3196083,US duplex Doppler aorta abdomen,0 mSvO,0 mSv [ped]O,Usually not appropriate
1246,Vascular,"Thoracoabdominal aortic dissection, without repair, without or with new symptoms, follow-up imaging",3196083,US echocardiography transthoracic resting,0 mSvO,0 mSv [ped]O,Usually not appropriate
1247,Vascular,"Thoracoabdominal aortic dissection, without repair, without or with new symptoms, follow-up imaging",3196083,Radiography chest,<0.1 mSv☢,<0.03 mSv [ped]☢,Usually not appropriate
1248,Vascular,"Thoracoabdominal aortic dissection, without repair, without or with new symptoms, follow-up imaging",3196083,Radiography chest abdomen pelvis,1-10 mSv☢☢☢,0.3-3 mSv [ped]☢☢☢,Usually not appropriate
1249,Vascular,"Thoracoabdominal aortic dissection, without repair, without or with new symptoms, follow-up imaging",3196083,Aortography chest abdomen pelvis,10-30 mSv☢☢☢☢,,Usually not appropriate
1250,Vascular,"Thoracoabdominal aortic dissection, without repair, without or with new symptoms, follow-up imaging",3196083,CT chest and abdomen without IV contrast,10-30 mSv☢☢☢☢,,Usually not appropriate
1251,Vascular,"Upper extremity DVT suspected, initial imaging",3073894,US duplex Doppler upper extremity,0 mSvO,0 mSv [ped]O,Usually appropriate
1252,Vascular,"Upper extremity DVT suspected, initial imaging",3073894,MRV upper extremity without and with IV contrast,0 mSvO,0 mSv [ped]O,May be appropriate
1253,Vascular,"Upper extremity DVT suspected, initial imaging",3073894,MRV upper extremity without IV contrast,0 mSvO,0 mSv [ped]O,May be appropriate
1254,Vascular,"Upper extremity DVT suspected, initial imaging",3073894,CTV upper extremity with IV contrast,10-30 mSv☢☢☢☢,,May be appropriate
1255,Vascular,"Upper extremity DVT suspected, initial imaging",3073894,Radiography chest,<0.1 mSv☢,<0.03 mSv [ped]☢,Usually not appropriate
1256,Vascular,"Upper extremity DVT suspected, initial imaging",3073894,Catheter venography upper extremity,1-10 mSv☢☢☢,,Usually not appropriate
1257,Vascular,"Upper extremity DVT suspected, initial imaging",3073894,Nuclear medicine venography upper extremity,1-10 mSv☢☢☢,,Usually not appropriate
1258,Vascular,"Upper GI bleeding suspected, nonvariceal, no endoscopy, initial imaging",3102193,CTA abdomen and pelvis without and with IV contrast,10-30 mSv☢☢☢☢,,Usually appropriate
1259,Vascular,"Upper GI bleeding suspected, nonvariceal, no endoscopy, initial imaging",3102193,Arteriography visceral,1-10 mSv☢☢☢,,May be appropriate
1260,Vascular,"Upper GI bleeding suspected, nonvariceal, no endoscopy, initial imaging",3102193,Fluoroscopy upper GI series,1-10 mSv☢☢☢,0.3-3 mSv [ped]☢☢☢,Usually not appropriate
1261,Vascular,"Upper GI bleeding suspected, nonvariceal, no endoscopy, initial imaging",3102193,MR enterography,0 mSvO,0 mSv [ped]O,Usually not appropriate
1262,Vascular,"Upper GI bleeding suspected, nonvariceal, no endoscopy, initial imaging",3102193,CT abdomen and pelvis with IV contrast,1-10 mSv☢☢☢,3-10 mSv [ped]☢☢☢☢,Usually not appropriate
1263,Vascular,"Upper GI bleeding suspected, nonvariceal, no endoscopy, initial imaging",3102193,CT abdomen and pelvis without IV contrast,1-10 mSv☢☢☢,3-10 mSv [ped]☢☢☢☢,Usually not appropriate
1264,Vascular,"Upper GI bleeding suspected, nonvariceal, no endoscopy, initial imaging",3102193,CT abdomen with IV contrast,1-10 mSv☢☢☢,3-10 mSv [ped]☢☢☢☢,Usually not appropriate
1265,Vascular,"Upper GI bleeding suspected, nonvariceal, no endoscopy, initial imaging",3102193,CT abdomen without IV contrast,1-10 mSv☢☢☢,3-10 mSv [ped]☢☢☢☢,Usually not appropriate
1266,Vascular,"Upper GI bleeding suspected, nonvariceal, no endoscopy, initial imaging",3102193,CTA abdomen with IV contrast,1-10 mSv☢☢☢,,Usually not appropriate
1267,Vascular,"Upper GI bleeding suspected, nonvariceal, no endoscopy, initial imaging",3102193,CTA chest with IV contrast,1-10 mSv☢☢☢,3-10 mSv [ped]☢☢☢☢,Usually not appropriate
1268,Vascular,"Upper GI bleeding suspected, nonvariceal, no endoscopy, initial imaging",3102193,CTA chest without and with IV contrast,1-10 mSv☢☢☢,,Usually not appropriate
1269,Vascular,"Upper GI bleeding suspected, nonvariceal, no endoscopy, initial imaging",3102193,RBC scan abdomen and pelvis,1-10 mSv☢☢☢,,Usually not appropriate
1270,Vascular,"Upper GI bleeding suspected, nonvariceal, no endoscopy, initial imaging",3102193,CT abdomen and pelvis without and with IV contrast,10-30 mSv☢☢☢☢,10-30 mSv [ped]☢☢☢☢☢,Usually not appropriate
1271,Vascular,"Upper GI bleeding suspected, nonvariceal, no endoscopy, initial imaging",3102193,CT abdomen without and with IV contrast,10-30 mSv☢☢☢☢,10-30 mSv [ped]☢☢☢☢☢,Usually not appropriate
1272,Vascular,"Upper GI bleeding suspected, nonvariceal, no endoscopy, initial imaging",3102193,CT enterography,10-30 mSv☢☢☢☢,3-10 mSv [ped]☢☢☢☢,Usually not appropriate
1273,Vascular,"Upper GI bleeding suspected, nonvariceal, no endoscopy, initial imaging",3102193,CTA abdomen and pelvis with IV contrast,10-30 mSv☢☢☢☢,,Usually not appropriate
1274,Vascular,"Upper GI bleeding suspected, nonvariceal, no endoscopy, initial imaging",3102193,CTA abdomen without and with IV contrast,10-30 mSv☢☢☢☢,,Usually not appropriate
1275,Vascular,"Upper GI bleeding, nonvariceal, clear source on endoscopy, continued bleeding after treatment, initial imaging",3197481,Arteriography visceral,1-10 mSv☢☢☢,,Usually appropriate
1276,Vascular,"Upper GI bleeding, nonvariceal, clear source on endoscopy, continued bleeding after treatment, initial imaging",3197481,CTA abdomen and pelvis without and with IV contrast,10-30 mSv☢☢☢☢,,Usually appropriate
1277,Vascular,"Upper GI bleeding, nonvariceal, clear source on endoscopy, continued bleeding after treatment, initial imaging",3197481,CTA chest without and with IV contrast,1-10 mSv☢☢☢,,May be appropriate
1278,Vascular,"Upper GI bleeding, nonvariceal, clear source on endoscopy, continued bleeding after treatment, initial imaging",3197481,CTA abdomen without and with IV contrast,10-30 mSv☢☢☢☢,,May be appropriate
1279,Vascular,"Upper GI bleeding, nonvariceal, clear source on endoscopy, continued bleeding after treatment, initial imaging",3197481,Fluoroscopy upper GI series,1-10 mSv☢☢☢,0.3-3 mSv [ped]☢☢☢,Usually not appropriate
1280,Vascular,"Upper GI bleeding, nonvariceal, clear source on endoscopy, continued bleeding after treatment, initial imaging",3197481,MR enterography,0 mSvO,0 mSv [ped]O,Usually not appropriate
1281,Vascular,"Upper GI bleeding, nonvariceal, clear source on endoscopy, continued bleeding after treatment, initial imaging",3197481,CT abdomen and pelvis with IV contrast,1-10 mSv☢☢☢,3-10 mSv [ped]☢☢☢☢,Usually not appropriate
1282,Vascular,"Upper GI bleeding, nonvariceal, clear source on endoscopy, continued bleeding after treatment, initial imaging",3197481,CT abdomen and pelvis without IV contrast,1-10 mSv☢☢☢,3-10 mSv [ped]☢☢☢☢,Usually not appropriate
1283,Vascular,"Upper GI bleeding, nonvariceal, clear source on endoscopy, continued bleeding after treatment, initial imaging",3197481,CT abdomen with IV contrast,1-10 mSv☢☢☢,3-10 mSv [ped]☢☢☢☢,Usually not appropriate
1284,Vascular,"Upper GI bleeding, nonvariceal, clear source on endoscopy, continued bleeding after treatment, initial imaging",3197481,CT abdomen without IV contrast,1-10 mSv☢☢☢,3-10 mSv [ped]☢☢☢☢,Usually not appropriate
1285,Vascular,"Upper GI bleeding, nonvariceal, clear source on endoscopy, continued bleeding after treatment, initial imaging",3197481,CTA abdomen with IV contrast,1-10 mSv☢☢☢,,Usually not appropriate
1286,Vascular,"Upper GI bleeding, nonvariceal, clear source on endoscopy, continued bleeding after treatment, initial imaging",3197481,CTA chest with IV contrast,1-10 mSv☢☢☢,3-10 mSv [ped]☢☢☢☢,Usually not appropriate
1287,Vascular,"Upper GI bleeding, nonvariceal, clear source on endoscopy, continued bleeding after treatment, initial imaging",3197481,RBC scan abdomen and pelvis,1-10 mSv☢☢☢,,Usually not appropriate
1288,Vascular,"Upper GI bleeding, nonvariceal, clear source on endoscopy, continued bleeding after treatment, initial imaging",3197481,CT abdomen and pelvis without and with IV contrast,10-30 mSv☢☢☢☢,10-30 mSv [ped]☢☢☢☢☢,Usually not appropriate
1289,Vascular,"Upper GI bleeding, nonvariceal, clear source on endoscopy, continued bleeding after treatment, initial imaging",3197481,CT abdomen without and with IV contrast,10-30 mSv☢☢☢☢,10-30 mSv [ped]☢☢☢☢☢,Usually not appropriate
1290,Vascular,"Upper GI bleeding, nonvariceal, clear source on endoscopy, continued bleeding after treatment, initial imaging",3197481,CT enterography,10-30 mSv☢☢☢☢,3-10 mSv [ped]☢☢☢☢,Usually not appropriate
1291,Vascular,"Upper GI bleeding, nonvariceal, clear source on endoscopy, continued bleeding after treatment, initial imaging",3197481,CTA abdomen and pelvis with IV contrast,10-30 mSv☢☢☢☢,,Usually not appropriate
1292,Vascular,"Upper GI bleeding, nonvariceal, clear source on endoscopy, treatment not possible, initial imaging",3102194,Arteriography visceral,1-10 mSv☢☢☢,,Usually appropriate
1293,Vascular,"Upper GI bleeding, nonvariceal, clear source on endoscopy, treatment not possible, initial imaging",3102194,CTA abdomen and pelvis without and with IV contrast,10-30 mSv☢☢☢☢,,Usually appropriate
1294,Vascular,"Upper GI bleeding, nonvariceal, clear source on endoscopy, treatment not possible, initial imaging",3102194,CTA chest without and with IV contrast,1-10 mSv☢☢☢,,May be appropriate
1295,Vascular,"Upper GI bleeding, nonvariceal, clear source on endoscopy, treatment not possible, initial imaging",3102194,CTA abdomen without and with IV contrast,10-30 mSv☢☢☢☢,,May be appropriate
1296,Vascular,"Upper GI bleeding, nonvariceal, clear source on endoscopy, treatment not possible, initial imaging",3102194,Fluoroscopy upper GI series,1-10 mSv☢☢☢,0.3-3 mSv [ped]☢☢☢,Usually not appropriate
1297,Vascular,"Upper GI bleeding, nonvariceal, clear source on endoscopy, treatment not possible, initial imaging",3102194,MR enterography,0 mSvO,0 mSv [ped]O,Usually not appropriate
1298,Vascular,"Upper GI bleeding, nonvariceal, clear source on endoscopy, treatment not possible, initial imaging",3102194,CT abdomen and pelvis with IV contrast,1-10 mSv☢☢☢,3-10 mSv [ped]☢☢☢☢,Usually not appropriate
1299,Vascular,"Upper GI bleeding, nonvariceal, clear source on endoscopy, treatment not possible, initial imaging",3102194,CT abdomen and pelvis without IV contrast,1-10 mSv☢☢☢,3-10 mSv [ped]☢☢☢☢,Usually not appropriate
1300,Vascular,"Upper GI bleeding, nonvariceal, clear source on endoscopy, treatment not possible, initial imaging",3102194,CT abdomen with IV contrast,1-10 mSv☢☢☢,3-10 mSv [ped]☢☢☢☢,Usually not appropriate
1301,Vascular,"Upper GI bleeding, nonvariceal, clear source on endoscopy, treatment not possible, initial imaging",3102194,CT abdomen without IV contrast,1-10 mSv☢☢☢,3-10 mSv [ped]☢☢☢☢,Usually not appropriate
1302,Vascular,"Upper GI bleeding, nonvariceal, clear source on endoscopy, treatment not possible, initial imaging",3102194,CTA abdomen with IV contrast,1-10 mSv☢☢☢,,Usually not appropriate
1303,Vascular,"Upper GI bleeding, nonvariceal, clear source on endoscopy, treatment not possible, initial imaging",3102194,CTA chest with IV contrast,1-10 mSv☢☢☢,3-10 mSv [ped]☢☢☢☢,Usually not appropriate
1304,Vascular,"Upper GI bleeding, nonvariceal, clear source on endoscopy, treatment not possible, initial imaging",3102194,RBC scan abdomen and pelvis,1-10 mSv☢☢☢,,Usually not appropriate
1305,Vascular,"Upper GI bleeding, nonvariceal, clear source on endoscopy, treatment not possible, initial imaging",3102194,CT abdomen and pelvis without and with IV contrast,10-30 mSv☢☢☢☢,10-30 mSv [ped]☢☢☢☢☢,Usually not appropriate
1306,Vascular,"Upper GI bleeding, nonvariceal, clear source on endoscopy, treatment not possible, initial imaging",3102194,CT abdomen without and with IV contrast,10-30 mSv☢☢☢☢,10-30 mSv [ped]☢☢☢☢☢,Usually not appropriate
1307,Vascular,"Upper GI bleeding, nonvariceal, clear source on endoscopy, treatment not possible, initial imaging",3102194,CT enterography,10-30 mSv☢☢☢☢,3-10 mSv [ped]☢☢☢☢,Usually not appropriate
1308,Vascular,"Upper GI bleeding, nonvariceal, clear source on endoscopy, treatment not possible, initial imaging",3102194,CTA abdomen and pelvis with IV contrast,10-30 mSv☢☢☢☢,,Usually not appropriate
1309,Vascular,"Upper GI bleeding, nonvariceal, endoscopy negative, initial imaging",3102196,CT enterography,10-30 mSv☢☢☢☢,3-10 mSv [ped]☢☢☢☢,Usually appropriate
1310,Vascular,"Upper GI bleeding, nonvariceal, endoscopy negative, initial imaging",3102196,CTA abdomen and pelvis without and with IV contrast,10-30 mSv☢☢☢☢,,Usually appropriate
1311,Vascular,"Upper GI bleeding, nonvariceal, endoscopy negative, initial imaging",3102196,MR enterography,0 mSvO,0 mSv [ped]O,May be appropriate
1312,Vascular,"Upper GI bleeding, nonvariceal, endoscopy negative, initial imaging",3102196,RBC scan abdomen and pelvis,1-10 mSv☢☢☢,,May be appropriate
1313,Vascular,"Upper GI bleeding, nonvariceal, endoscopy negative, initial imaging",3102196,CT abdomen and pelvis without and with IV contrast,10-30 mSv☢☢☢☢,10-30 mSv [ped]☢☢☢☢☢,May be appropriate
1314,Vascular,"Upper GI bleeding, nonvariceal, endoscopy negative, initial imaging",3102196,CTA abdomen without and with IV contrast,10-30 mSv☢☢☢☢,,May be appropriate (Disagreement)
1315,Vascular,"Upper GI bleeding, nonvariceal, endoscopy negative, initial imaging",3102196,Arteriography visceral,1-10 mSv☢☢☢,,Usually not appropriate
1316,Vascular,"Upper GI bleeding, nonvariceal, endoscopy negative, initial imaging",3102196,Fluoroscopy upper GI series,1-10 mSv☢☢☢,0.3-3 mSv [ped]☢☢☢,Usually not appropriate
1317,Vascular,"Upper GI bleeding, nonvariceal, endoscopy negative, initial imaging",3102196,CT abdomen and pelvis with IV contrast,1-10 mSv☢☢☢,3-10 mSv [ped]☢☢☢☢,Usually not appropriate
1318,Vascular,"Upper GI bleeding, nonvariceal, endoscopy negative, initial imaging",3102196,CT abdomen and pelvis without IV contrast,1-10 mSv☢☢☢,3-10 mSv [ped]☢☢☢☢,Usually not appropriate
1319,Vascular,"Upper GI bleeding, nonvariceal, endoscopy negative, initial imaging",3102196,CT abdomen with IV contrast,1-10 mSv☢☢☢,3-10 mSv [ped]☢☢☢☢,Usually not appropriate
1320,Vascular,"Upper GI bleeding, nonvariceal, endoscopy negative, initial imaging",3102196,CT abdomen without IV contrast,1-10 mSv☢☢☢,3-10 mSv [ped]☢☢☢☢,Usually not appropriate
1321,Vascular,"Upper GI bleeding, nonvariceal, endoscopy negative, initial imaging",3102196,CTA abdomen with IV contrast,1-10 mSv☢☢☢,,Usually not appropriate
1322,Vascular,"Upper GI bleeding, nonvariceal, endoscopy negative, initial imaging",3102196,CTA chest with IV contrast,1-10 mSv☢☢☢,3-10 mSv [ped]☢☢☢☢,Usually not appropriate
1323,Vascular,"Upper GI bleeding, nonvariceal, endoscopy negative, initial imaging",3102196,CTA chest without and with IV contrast,1-10 mSv☢☢☢,,Usually not appropriate
1324,Vascular,"Upper GI bleeding, nonvariceal, endoscopy negative, initial imaging",3102196,CT abdomen without and with IV contrast,10-30 mSv☢☢☢☢,10-30 mSv [ped]☢☢☢☢☢,Usually not appropriate
1325,Vascular,"Upper GI bleeding, nonvariceal, endoscopy negative, initial imaging",3102196,CTA abdomen and pelvis with IV contrast,10-30 mSv☢☢☢☢,,Usually not appropriate
1326,Vascular,"Upper GI bleeding, nonvariceal, no clear source on endoscopy, initial imaging",3102195,CTA abdomen and pelvis without and with IV contrast,10-30 mSv☢☢☢☢,,Usually appropriate
1327,Vascular,"Upper GI bleeding, nonvariceal, no clear source on endoscopy, initial imaging",3102195,Arteriography visceral,1-10 mSv☢☢☢,,May be appropriate
1328,Vascular,"Upper GI bleeding, nonvariceal, no clear source on endoscopy, initial imaging",3102195,CTA chest without and with IV contrast,1-10 mSv☢☢☢,,May be appropriate
1329,Vascular,"Upper GI bleeding, nonvariceal, no clear source on endoscopy, initial imaging",3102195,RBC scan abdomen and pelvis,1-10 mSv☢☢☢,,May be appropriate
1330,Vascular,"Upper GI bleeding, nonvariceal, no clear source on endoscopy, initial imaging",3102195,CT enterography,10-30 mSv☢☢☢☢,3-10 mSv [ped]☢☢☢☢,May be appropriate
1331,Vascular,"Upper GI bleeding, nonvariceal, no clear source on endoscopy, initial imaging",3102195,Fluoroscopy upper GI series,1-10 mSv☢☢☢,0.3-3 mSv [ped]☢☢☢,Usually not appropriate
1332,Vascular,"Upper GI bleeding, nonvariceal, no clear source on endoscopy, initial imaging",3102195,MR enterography,0 mSvO,0 mSv [ped]O,Usually not appropriate
1333,Vascular,"Upper GI bleeding, nonvariceal, no clear source on endoscopy, initial imaging",3102195,CT abdomen and pelvis with IV contrast,1-10 mSv☢☢☢,3-10 mSv [ped]☢☢☢☢,Usually not appropriate
1334,Vascular,"Upper GI bleeding, nonvariceal, no clear source on endoscopy, initial imaging",3102195,CT abdomen and pelvis without IV contrast,1-10 mSv☢☢☢,3-10 mSv [ped]☢☢☢☢,Usually not appropriate
1335,Vascular,"Upper GI bleeding, nonvariceal, no clear source on endoscopy, initial imaging",3102195,CT abdomen with IV contrast,1-10 mSv☢☢☢,3-10 mSv [ped]☢☢☢☢,Usually not appropriate
1336,Vascular,"Upper GI bleeding, nonvariceal, no clear source on endoscopy, initial imaging",3102195,CT abdomen without IV contrast,1-10 mSv☢☢☢,3-10 mSv [ped]☢☢☢☢,Usually not appropriate
1337,Vascular,"Upper GI bleeding, nonvariceal, no clear source on endoscopy, initial imaging",3102195,CTA abdomen with IV contrast,1-10 mSv☢☢☢,,Usually not appropriate
1338,Vascular,"Upper GI bleeding, nonvariceal, no clear source on endoscopy, initial imaging",3102195,CTA chest with IV contrast,1-10 mSv☢☢☢,3-10 mSv [ped]☢☢☢☢,Usually not appropriate
1339,Vascular,"Upper GI bleeding, nonvariceal, no clear source on endoscopy, initial imaging",3102195,CT abdomen and pelvis without and with IV contrast,10-30 mSv☢☢☢☢,10-30 mSv [ped]☢☢☢☢☢,Usually not appropriate
1340,Vascular,"Upper GI bleeding, nonvariceal, no clear source on endoscopy, initial imaging",3102195,CT abdomen without and with IV contrast,10-30 mSv☢☢☢☢,10-30 mSv [ped]☢☢☢☢☢,Usually not appropriate
1341,Vascular,"Upper GI bleeding, nonvariceal, no clear source on endoscopy, initial imaging",3102195,CTA abdomen and pelvis with IV contrast,10-30 mSv☢☢☢☢,,Usually not appropriate
1342,Vascular,"Upper GI bleeding, nonvariceal, no clear source on endoscopy, initial imaging",3102195,CTA abdomen without and with IV contrast,10-30 mSv☢☢☢☢,,Usually not appropriate
1343,Vascular,"Upper GI bleeding, nonvariceal, postsurgical cause, endoscopy contraindicated, initial imaging",3197482,Arteriography visceral,1-10 mSv☢☢☢,,Usually appropriate
1344,Vascular,"Upper GI bleeding, nonvariceal, postsurgical cause, endoscopy contraindicated, initial imaging",3197482,CTA abdomen and pelvis without and with IV contrast,10-30 mSv☢☢☢☢,,Usually appropriate
1345,Vascular,"Upper GI bleeding, nonvariceal, postsurgical cause, endoscopy contraindicated, initial imaging",3197482,CT abdomen and pelvis with IV contrast,1-10 mSv☢☢☢,3-10 mSv [ped]☢☢☢☢,May be appropriate
1346,Vascular,"Upper GI bleeding, nonvariceal, postsurgical cause, endoscopy contraindicated, initial imaging",3197482,CTA chest without and with IV contrast,1-10 mSv☢☢☢,,May be appropriate
1347,Vascular,"Upper GI bleeding, nonvariceal, postsurgical cause, endoscopy contraindicated, initial imaging",3197482,CT abdomen and pelvis without and with IV contrast,10-30 mSv☢☢☢☢,10-30 mSv [ped]☢☢☢☢☢,May be appropriate
1348,Vascular,"Upper GI bleeding, nonvariceal, postsurgical cause, endoscopy contraindicated, initial imaging",3197482,CT enterography,10-30 mSv☢☢☢☢,3-10 mSv [ped]☢☢☢☢,May be appropriate
1349,Vascular,"Upper GI bleeding, nonvariceal, postsurgical cause, endoscopy contraindicated, initial imaging",3197482,Fluoroscopy upper GI series,1-10 mSv☢☢☢,0.3-3 mSv [ped]☢☢☢,Usually not appropriate
1350,Vascular,"Upper GI bleeding, nonvariceal, postsurgical cause, endoscopy contraindicated, initial imaging",3197482,CT abdomen and pelvis without IV contrast,1-10 mSv☢☢☢,3-10 mSv [ped]☢☢☢☢,Usually not appropriate
1351,Vascular,"Upper GI bleeding, nonvariceal, postsurgical cause, endoscopy contraindicated, initial imaging",3197482,CT abdomen with IV contrast,1-10 mSv☢☢☢,3-10 mSv [ped]☢☢☢☢,Usually not appropriate
1352,Vascular,"Upper GI bleeding, nonvariceal, postsurgical cause, endoscopy contraindicated, initial imaging",3197482,CT abdomen without IV contrast,1-10 mSv☢☢☢,3-10 mSv [ped]☢☢☢☢,Usually not appropriate
1353,Vascular,"Upper GI bleeding, nonvariceal, postsurgical cause, endoscopy contraindicated, initial imaging",3197482,CTA abdomen with IV contrast,1-10 mSv☢☢☢,,Usually not appropriate
1354,Vascular,"Upper GI bleeding, nonvariceal, postsurgical cause, endoscopy contraindicated, initial imaging",3197482,CTA chest with IV contrast,1-10 mSv☢☢☢,3-10 mSv [ped]☢☢☢☢,Usually not appropriate
1355,Vascular,"Upper GI bleeding, nonvariceal, postsurgical cause, endoscopy contraindicated, initial imaging",3197482,RBC scan abdomen and pelvis,1-10 mSv☢☢☢,,Usually not appropriate
1356,Vascular,"Upper GI bleeding, nonvariceal, postsurgical cause, endoscopy contraindicated, initial imaging",3197482,CT abdomen without and with IV contrast,10-30 mSv☢☢☢☢,10-30 mSv [ped]☢☢☢☢☢,Usually not appropriate
1357,Vascular,"Upper GI bleeding, nonvariceal, postsurgical cause, endoscopy contraindicated, initial imaging",3197482,CTA abdomen and pelvis with IV contrast,10-30 mSv☢☢☢☢,,Usually not appropriate
1358,Vascular,"Upper GI bleeding, nonvariceal, postsurgical cause, endoscopy contraindicated, initial imaging",3197482,CTA abdomen without and with IV contrast,10-30 mSv☢☢☢☢,,Usually not appropriate
1359,Vascular,"Upper GI bleeding, nonvariceal, traumatic cause, endoscopy contraindicated, initial imaging",3197483,Arteriography visceral,1-10 mSv☢☢☢,,Usually appropriate
1360,Vascular,"Upper GI bleeding, nonvariceal, traumatic cause, endoscopy contraindicated, initial imaging",3197483,CTA abdomen and pelvis without and with IV contrast,10-30 mSv☢☢☢☢,,Usually appropriate
1361,Vascular,"Upper GI bleeding, nonvariceal, traumatic cause, endoscopy contraindicated, initial imaging",3197483,CT abdomen and pelvis with IV contrast,1-10 mSv☢☢☢,3-10 mSv [ped]☢☢☢☢,May be appropriate
1362,Vascular,"Upper GI bleeding, nonvariceal, traumatic cause, endoscopy contraindicated, initial imaging",3197483,CTA chest without and with IV contrast,1-10 mSv☢☢☢,,May be appropriate
1363,Vascular,"Upper GI bleeding, nonvariceal, traumatic cause, endoscopy contraindicated, initial imaging",3197483,CT abdomen and pelvis without and with IV contrast,10-30 mSv☢☢☢☢,10-30 mSv [ped]☢☢☢☢☢,May be appropriate
1364,Vascular,"Upper GI bleeding, nonvariceal, traumatic cause, endoscopy contraindicated, initial imaging",3197483,CT enterography,10-30 mSv☢☢☢☢,3-10 mSv [ped]☢☢☢☢,May be appropriate
1365,Vascular,"Upper GI bleeding, nonvariceal, traumatic cause, endoscopy contraindicated, initial imaging",3197483,Fluoroscopy upper GI series,1-10 mSv☢☢☢,0.3-3 mSv [ped]☢☢☢,Usually not appropriate
1366,Vascular,"Upper GI bleeding, nonvariceal, traumatic cause, endoscopy contraindicated, initial imaging",3197483,CT abdomen and pelvis without IV contrast,1-10 mSv☢☢☢,3-10 mSv [ped]☢☢☢☢,Usually not appropriate
1367,Vascular,"Upper GI bleeding, nonvariceal, traumatic cause, endoscopy contraindicated, initial imaging",3197483,CT abdomen with IV contrast,1-10 mSv☢☢☢,3-10 mSv [ped]☢☢☢☢,Usually not appropriate
1368,Vascular,"Upper GI bleeding, nonvariceal, traumatic cause, endoscopy contraindicated, initial imaging",3197483,CT abdomen without IV contrast,1-10 mSv☢☢☢,3-10 mSv [ped]☢☢☢☢,Usually not appropriate
1369,Vascular,"Upper GI bleeding, nonvariceal, traumatic cause, endoscopy contraindicated, initial imaging",3197483,CTA abdomen with IV contrast,1-10 mSv☢☢☢,,Usually not appropriate
1370,Vascular,"Upper GI bleeding, nonvariceal, traumatic cause, endoscopy contraindicated, initial imaging",3197483,CTA chest with IV contrast,1-10 mSv☢☢☢,3-10 mSv [ped]☢☢☢☢,Usually not appropriate
1371,Vascular,"Upper GI bleeding, nonvariceal, traumatic cause, endoscopy contraindicated, initial imaging",3197483,RBC scan abdomen and pelvis,1-10 mSv☢☢☢,,Usually not appropriate
1372,Vascular,"Upper GI bleeding, nonvariceal, traumatic cause, endoscopy contraindicated, initial imaging",3197483,CT abdomen without and with IV contrast,10-30 mSv☢☢☢☢,10-30 mSv [ped]☢☢☢☢☢,Usually not appropriate
1373,Vascular,"Upper GI bleeding, nonvariceal, traumatic cause, endoscopy contraindicated, initial imaging",3197483,CTA abdomen and pelvis with IV contrast,10-30 mSv☢☢☢☢,,Usually not appropriate
1374,Vascular,"Upper GI bleeding, nonvariceal, traumatic cause, endoscopy contraindicated, initial imaging",3197483,CTA abdomen without and with IV contrast,10-30 mSv☢☢☢☢,,Usually not appropriate
1375,Vascular,"Varicose veins, lower extremity, initial imaging",3196588,US duplex Doppler lower extremity,0 mSvO,0 mSv [ped]O,Usually appropriate
1376,Vascular,"Varicose veins, lower extremity, initial imaging",3196588,Catheter venography iliac veins,10-30 mSv☢☢☢☢,,Usually not appropriate
1377,Vascular,"Varicose veins, lower extremity, initial imaging",3196588,Catheter venography lower extremity,0.1-1mSv☢☢,,Usually not appropriate
1378,Vascular,"Varicose veins, lower extremity, initial imaging",3196588,CTV lower extremity with IV contrast,10-30 mSv☢☢☢☢,,Usually not appropriate
1379,Vascular,"Varicose veins, lower extremity, initial imaging",3196588,CTV pelvis with IV contrast,10-30 mSv☢☢☢☢,,Usually not appropriate
1380,Vascular,"Varicose veins, lower extremity, initial imaging",3196588,MRV lower extremity without and with IV contrast,0 mSvO,0 mSv [ped]O,Usually not appropriate
1381,Vascular,"Varicose veins, lower extremity, initial imaging",3196588,MRV pelvis without and with IV contrast,0 mSvO,0 mSv [ped]O,Usually not appropriate
1382,Vascular,"Varicose veins, lower extremity, initial imaging",3196588,US intravascular iliac veins,0 mSvO,0 mSv [ped]O,Usually not appropriate
1383,Vascular,"Varicose veins, lower extremity, pelvic origin suspected, initial imaging",3196596,US duplex Doppler lower extremity,0 mSvO,0 mSv [ped]O,Usually appropriate
1384,Vascular,"Varicose veins, lower extremity, pelvic origin suspected, initial imaging",3196596,US duplex Doppler pelvis,0 mSvO,0 mSv [ped]O,Usually appropriate
1385,Vascular,"Varicose veins, lower extremity, pelvic origin suspected, initial imaging",3196596,CTV abdomen and pelvis with IV contrast,10-30 mSv☢☢☢☢,,Usually appropriate
1386,Vascular,"Varicose veins, lower extremity, pelvic origin suspected, initial imaging",3196596,MRV abdomen and pelvis without and with IV contrast,0 mSvO,0 mSv [ped]O,Usually appropriate
1387,Vascular,"Varicose veins, lower extremity, pelvic origin suspected, initial imaging",3196596,US duplex Doppler IVC and iliac veins,0 mSvO,0 mSv [ped]O,Usually appropriate
1388,Vascular,"Varicose veins, lower extremity, pelvic origin suspected, initial imaging",3196596,Catheter venography pelvis,0.1-1mSv☢☢,,May be appropriate
1389,Vascular,"Varicose veins, lower extremity, pelvic origin suspected, initial imaging",3196596,US intravascular iliac veins,0 mSvO,0 mSv [ped]O,May be appropriate (Disagreement)
1390,Vascular,"Varicose veins, lower extremity, pelvic origin suspected, initial imaging",3196596,US intravascular renal veins,0 mSvO,0 mSv [ped]O,Usually not appropriate
1391,Vascular,"Varicose veins, lower extremity, pelvic origin suspected, treatment",3196598,Conservative management,,,Usually appropriate
1392,Vascular,"Varicose veins, lower extremity, pelvic origin suspected, treatment",3196598,Compression sclerotherapy,,,May be appropriate
1393,Vascular,"Varicose veins, lower extremity, pelvic origin suspected, treatment",3196598,Microphlebectomy,,,May be appropriate
1394,Vascular,"Varicose veins, lower extremity, pelvic origin suspected, treatment",3196598,Saphenous vein ablation,,,May be appropriate (Disagreement)
1395,Vascular,"Varicose veins, lower extremity, pelvic origin suspected, treatment",3196598,Iliac vein embolization,,,May be appropriate
1396,Vascular,"Varicose veins, lower extremity, pelvic origin suspected, treatment",3196598,Iliac vein stenting,,,Usually not appropriate
1397,Vascular,"Varicose veins, lower extremity, pelvic origin suspected, treatment",3196598,Left renal vein stenting,,,Usually not appropriate
1398,Vascular,"Varicose veins, lower extremity, pelvic origin suspected, treatment",3196598,Left renal vein surgery,,,Usually not appropriate
1399,Vascular,"Varicose veins, lower extremity, pelvic origin suspected, treatment",3196598,Ovarian vein embolization,,,Usually not appropriate
1400,Vascular,"Varicose veins, lower extremity, pelvic origin suspected, treatment",3196598,Iliac vein surgery,,,Usually not appropriate
1401,Vascular,"Varicose veins, lower extremity, treatment",3196590,Compression therapy,,,Usually appropriate
1402,Vascular,"Varicose veins, lower extremity, treatment",3196590,Saphenous vein ablation,,,Usually appropriate
1403,Vascular,"Varicose veins, lower extremity, treatment",3196590,Compression sclerotherapy,,,Usually appropriate
1404,Vascular,"Varicose veins, lower extremity, treatment",3196590,Microphlebectomy,,,Usually appropriate
1405,Vascular,"Varicose veins, lower extremity, treatment",3196590,Ligation and stripping,,,May be appropriate
1406,Vascular,"Vascular malformation suspected, ankle",3157888,US duplex Doppler ankle,0 mSvO,0 mSv [ped]O,Usually appropriate
1407,Vascular,"Vascular malformation suspected, ankle",3157888,MRA ankle without and with IV contrast,0 mSvO,0 mSv [ped]O,Usually appropriate
1408,Vascular,"Vascular malformation suspected, ankle",3157888,MRI ankle without and with IV contrast,0 mSvO,0 mSv [ped]O,Usually appropriate
1409,Vascular,"Vascular malformation suspected, ankle",3157888,CTA ankle with IV contrast,0.1-1mSv☢☢,,Usually appropriate
1410,Vascular,"Vascular malformation suspected, ankle",3157888,US ankle with IV contrast,0 mSvO,0 mSv [ped]O,May be appropriate
1411,Vascular,"Vascular malformation suspected, ankle",3157888,MRA ankle without IV contrast,0 mSvO,0 mSv [ped]O,May be appropriate
1412,Vascular,"Vascular malformation suspected, ankle",3157888,MRI ankle without IV contrast,0 mSvO,0 mSv [ped]O,May be appropriate
1413,Vascular,"Vascular malformation suspected, ankle",3157888,CT ankle with IV contrast,<0.1 mSv☢,0.03-0.3 mSv [ped]☢☢,May be appropriate
1414,Vascular,"Vascular malformation suspected, ankle",3157888,CT ankle without IV contrast,<0.1 mSv☢,0.03-0.3 mSv [ped]☢☢,May be appropriate
1415,Vascular,"Vascular malformation suspected, ankle",3157888,Arteriography ankle,<0.1 mSv☢,,Usually not appropriate
1416,Vascular,"Vascular malformation suspected, ankle",3157888,Radiography ankle,<0.1 mSv☢,<0.03 mSv [ped]☢,Usually not appropriate
1417,Vascular,"Vascular malformation suspected, ankle",3157888,CT ankle without and with IV contrast,<0.1 mSv☢,0.03-0.3 mSv [ped]☢☢,Usually not appropriate
1418,Vascular,"Vascular malformation suspected, elbow",3157880,US duplex Doppler elbow,0 mSvO,0 mSv [ped]O,Usually appropriate
1419,Vascular,"Vascular malformation suspected, elbow",3157880,MRA elbow without and with IV contrast,0 mSvO,0 mSv [ped]O,Usually appropriate
1420,Vascular,"Vascular malformation suspected, elbow",3157880,MRI elbow without and with IV contrast,0 mSvO,0 mSv [ped]O,Usually appropriate
1421,Vascular,"Vascular malformation suspected, elbow",3157880,CTA elbow with IV contrast,1-10 mSv☢☢☢,,Usually appropriate
1422,Vascular,"Vascular malformation suspected, elbow",3157880,US elbow with IV contrast,0 mSvO,0 mSv [ped]O,May be appropriate
1423,Vascular,"Vascular malformation suspected, elbow",3157880,MRA elbow without IV contrast,0 mSvO,0 mSv [ped]O,May be appropriate
1424,Vascular,"Vascular malformation suspected, elbow",3157880,MRI elbow without IV contrast,0 mSvO,0 mSv [ped]O,May be appropriate
1425,Vascular,"Vascular malformation suspected, elbow",3157880,CT elbow with IV contrast,0.1-1mSv☢☢,,May be appropriate
1426,Vascular,"Vascular malformation suspected, elbow",3157880,CT elbow without IV contrast,0.1-1mSv☢☢,,May be appropriate
1427,Vascular,"Vascular malformation suspected, elbow",3157880,Radiography elbow,<0.1 mSv☢,,Usually not appropriate
1428,Vascular,"Vascular malformation suspected, elbow",3157880,Arteriography elbow,0.1-1mSv☢☢,,Usually not appropriate
1429,Vascular,"Vascular malformation suspected, elbow",3157880,CT elbow without and with IV contrast,0.1-1mSv☢☢,,Usually not appropriate
1430,Vascular,"Vascular malformation suspected, foot",3157889,US duplex Doppler foot,0 mSvO,0 mSv [ped]O,Usually appropriate
1431,Vascular,"Vascular malformation suspected, foot",3157889,MRA foot without and with IV contrast,0 mSvO,0 mSv [ped]O,Usually appropriate
1432,Vascular,"Vascular malformation suspected, foot",3157889,MRI foot without and with IV contrast,0 mSvO,0 mSv [ped]O,Usually appropriate
1433,Vascular,"Vascular malformation suspected, foot",3157889,CTA foot with IV contrast,0.1-1mSv☢☢,,Usually appropriate
1434,Vascular,"Vascular malformation suspected, foot",3157889,US foot with IV contrast,0 mSvO,0 mSv [ped]O,May be appropriate
1435,Vascular,"Vascular malformation suspected, foot",3157889,MRA foot without IV contrast,0 mSvO,0 mSv [ped]O,May be appropriate
1436,Vascular,"Vascular malformation suspected, foot",3157889,MRI foot without IV contrast,0 mSvO,0 mSv [ped]O,May be appropriate
1437,Vascular,"Vascular malformation suspected, foot",3157889,CT foot with IV contrast,<0.1 mSv☢,0.03-0.3 mSv [ped]☢☢,May be appropriate
1438,Vascular,"Vascular malformation suspected, foot",3157889,CT foot without IV contrast,<0.1 mSv☢,0.03-0.3 mSv [ped]☢☢,May be appropriate
1439,Vascular,"Vascular malformation suspected, foot",3157889,Arteriography foot,<0.1 mSv☢,,Usually not appropriate
1440,Vascular,"Vascular malformation suspected, foot",3157889,Radiography foot,<0.1 mSv☢,<0.03 mSv [ped]☢,Usually not appropriate
1441,Vascular,"Vascular malformation suspected, foot",3157889,CT foot without and with IV contrast,<0.1 mSv☢,0.03-0.3 mSv [ped]☢☢,Usually not appropriate
1442,Vascular,"Vascular malformation suspected, forearm",3157881,US duplex Doppler forearm,0 mSvO,0 mSv [ped]O,Usually appropriate
1443,Vascular,"Vascular malformation suspected, forearm",3157881,MRA forearm without and with IV contrast,0 mSvO,0 mSv [ped]O,Usually appropriate
1444,Vascular,"Vascular malformation suspected, forearm",3157881,MRI forearm without and with IV contrast,0 mSvO,0 mSv [ped]O,Usually appropriate
1445,Vascular,"Vascular malformation suspected, forearm",3157881,CTA forearm with IV contrast,1-10 mSv☢☢☢,,Usually appropriate
1446,Vascular,"Vascular malformation suspected, forearm",3157881,US forearm with IV contrast,0 mSvO,0 mSv [ped]O,May be appropriate
1447,Vascular,"Vascular malformation suspected, forearm",3157881,MRA forearm without IV contrast,0 mSvO,0 mSv [ped]O,May be appropriate
1448,Vascular,"Vascular malformation suspected, forearm",3157881,MRI forearm without IV contrast,0 mSvO,0 mSv [ped]O,May be appropriate
1449,Vascular,"Vascular malformation suspected, forearm",3157881,CT forearm with IV contrast,0.1-1mSv☢☢,,May be appropriate
1450,Vascular,"Vascular malformation suspected, forearm",3157881,CT forearm without IV contrast,0.1-1mSv☢☢,,May be appropriate
1451,Vascular,"Vascular malformation suspected, forearm",3157881,Radiography radius and ulna,<0.1 mSv☢,,Usually not appropriate
1452,Vascular,"Vascular malformation suspected, forearm",3157881,Arteriography forearm,0.1-1mSv☢☢,,Usually not appropriate
1453,Vascular,"Vascular malformation suspected, forearm",3157881,CT forearm without and with IV contrast,0.1-1mSv☢☢,,Usually not appropriate
1454,Vascular,"Vascular malformation suspected, hand",3157883,US duplex Doppler hand,0 mSvO,0 mSv [ped]O,Usually appropriate
1455,Vascular,"Vascular malformation suspected, hand",3157883,MRA hand without and with IV contrast,0 mSvO,0 mSv [ped]O,Usually appropriate
1456,Vascular,"Vascular malformation suspected, hand",3157883,MRI hand without and with IV contrast,0 mSvO,0 mSv [ped]O,Usually appropriate
1457,Vascular,"Vascular malformation suspected, hand",3157883,CTA hand with IV contrast,<0.1 mSv☢,,Usually appropriate
1458,Vascular,"Vascular malformation suspected, hand",3157883,US hand with IV contrast,0 mSvO,0 mSv [ped]O,May be appropriate
1459,Vascular,"Vascular malformation suspected, hand",3157883,MRA hand without IV contrast,0 mSvO,0 mSv [ped]O,May be appropriate
1460,Vascular,"Vascular malformation suspected, hand",3157883,MRI hand without IV contrast,0 mSvO,0 mSv [ped]O,May be appropriate
1461,Vascular,"Vascular malformation suspected, hand",3157883,CT hand with IV contrast,<0.1 mSv☢,,May be appropriate
1462,Vascular,"Vascular malformation suspected, hand",3157883,CT hand without IV contrast,<0.1 mSv☢,,May be appropriate
1463,Vascular,"Vascular malformation suspected, hand",3157883,Arteriography hand,<0.1 mSv☢,,Usually not appropriate
1464,Vascular,"Vascular malformation suspected, hand",3157883,Radiography hand,<0.1 mSv☢,,Usually not appropriate
1465,Vascular,"Vascular malformation suspected, hand",3157883,CT hand without and with IV contrast,<0.1 mSv☢,,Usually not appropriate
1466,Vascular,"Vascular malformation suspected, hip",3157884,US duplex Doppler hip,0 mSvO,0 mSv [ped]O,Usually appropriate
1467,Vascular,"Vascular malformation suspected, hip",3157884,MRA hip without and with IV contrast,0 mSvO,0 mSv [ped]O,Usually appropriate
1468,Vascular,"Vascular malformation suspected, hip",3157884,MRI hip without and with IV contrast,0 mSvO,0 mSv [ped]O,Usually appropriate
1469,Vascular,"Vascular malformation suspected, hip",3157884,CTA hip with IV contrast,10-30 mSv☢☢☢☢,,Usually appropriate
1470,Vascular,"Vascular malformation suspected, hip",3157884,US hip with IV contrast,0 mSvO,0 mSv [ped]O,May be appropriate
1471,Vascular,"Vascular malformation suspected, hip",3157884,MRA hip without IV contrast,0 mSvO,0 mSv [ped]O,May be appropriate
1472,Vascular,"Vascular malformation suspected, hip",3157884,MRI hip without IV contrast,0 mSvO,0 mSv [ped]O,May be appropriate
1473,Vascular,"Vascular malformation suspected, hip",3157884,CT hip with IV contrast,1-10 mSv☢☢☢,,May be appropriate
1474,Vascular,"Vascular malformation suspected, hip",3157884,CT hip without IV contrast,1-10 mSv☢☢☢,,May be appropriate
1475,Vascular,"Vascular malformation suspected, hip",3157884,Arteriography hip,1-10 mSv☢☢☢,,Usually not appropriate
1476,Vascular,"Vascular malformation suspected, hip",3157884,Radiography hip,1-10 mSv☢☢☢,,Usually not appropriate
1477,Vascular,"Vascular malformation suspected, hip",3157884,CT hip without and with IV contrast,1-10 mSv☢☢☢,,Usually not appropriate
1478,Vascular,"Vascular malformation suspected, knee",3157886,US duplex Doppler knee,0 mSvO,0 mSv [ped]O,Usually appropriate
1479,Vascular,"Vascular malformation suspected, knee",3157886,MRA knee without and with IV contrast,0 mSvO,0 mSv [ped]O,Usually appropriate
1480,Vascular,"Vascular malformation suspected, knee",3157886,MRI knee without and with IV contrast,0 mSvO,0 mSv [ped]O,Usually appropriate
1481,Vascular,"Vascular malformation suspected, knee",3157886,CTA knee with IV contrast,0.1-1mSv☢☢,,Usually appropriate
1482,Vascular,"Vascular malformation suspected, knee",3157886,US knee with IV contrast,0 mSvO,0 mSv [ped]O,May be appropriate
1483,Vascular,"Vascular malformation suspected, knee",3157886,MRA knee without IV contrast,0 mSvO,0 mSv [ped]O,May be appropriate
1484,Vascular,"Vascular malformation suspected, knee",3157886,MRI knee without IV contrast,0 mSvO,0 mSv [ped]O,May be appropriate
1485,Vascular,"Vascular malformation suspected, knee",3157886,CT knee with IV contrast,<0.1 mSv☢,0.03-0.3 mSv [ped]☢☢,May be appropriate
1486,Vascular,"Vascular malformation suspected, knee",3157886,CT knee without IV contrast,<0.1 mSv☢,0.03-0.3 mSv [ped]☢☢,May be appropriate
1487,Vascular,"Vascular malformation suspected, knee",3157886,Radiography knee,<0.1 mSv☢,<0.03 mSv [ped]☢,Usually not appropriate
1488,Vascular,"Vascular malformation suspected, knee",3157886,Arteriography knee,0.1-1mSv☢☢,,Usually not appropriate
1489,Vascular,"Vascular malformation suspected, knee",3157886,CT knee without and with IV contrast,<0.1 mSv☢,0.03-0.3 mSv [ped]☢☢,Usually not appropriate
1490,Vascular,"Vascular malformation suspected, lower leg",3157887,US duplex Doppler lower leg,0 mSvO,0 mSv [ped]O,Usually appropriate
1491,Vascular,"Vascular malformation suspected, lower leg",3157887,MRA leg without and with IV contrast,0 mSvO,0 mSv [ped]O,Usually appropriate
1492,Vascular,"Vascular malformation suspected, lower leg",3157887,MRI lower leg without and with IV contrast,0 mSvO,0 mSv [ped]O,Usually appropriate
1493,Vascular,"Vascular malformation suspected, lower leg",3157887,CTA leg with IV contrast,1-10 mSv☢☢☢,,Usually appropriate
1494,Vascular,"Vascular malformation suspected, lower leg",3157887,US lower leg with IV contrast,0 mSvO,0 mSv [ped]O,May be appropriate
1495,Vascular,"Vascular malformation suspected, lower leg",3157887,MRA leg without IV contrast,0 mSvO,0 mSv [ped]O,May be appropriate
1496,Vascular,"Vascular malformation suspected, lower leg",3157887,MRI lower leg without IV contrast,0 mSvO,0 mSv [ped]O,May be appropriate
1497,Vascular,"Vascular malformation suspected, lower leg",3157887,CT lower leg with IV contrast,0.1-1mSv☢☢,,May be appropriate
1498,Vascular,"Vascular malformation suspected, lower leg",3157887,CT lower leg without IV contrast,0.1-1mSv☢☢,,May be appropriate
1499,Vascular,"Vascular malformation suspected, lower leg",3157887,Radiography tibia and fibula,<0.1 mSv☢,<0.03 mSv [ped]☢,Usually not appropriate
1500,Vascular,"Vascular malformation suspected, lower leg",3157887,Arteriography leg,0.1-1mSv☢☢,,Usually not appropriate
1501,Vascular,"Vascular malformation suspected, lower leg",3157887,CT lower leg without and with IV contrast,0.1-1mSv☢☢,,Usually not appropriate
1502,Vascular,"Vascular malformation suspected, shoulder",3157878,US duplex Doppler shoulder,0 mSvO,0 mSv [ped]O,Usually appropriate
1503,Vascular,"Vascular malformation suspected, shoulder",3157878,MRA shoulder without and with IV contrast,0 mSvO,0 mSv [ped]O,Usually appropriate
1504,Vascular,"Vascular malformation suspected, shoulder",3157878,MRI shoulder without and with IV contrast,0 mSvO,0 mSv [ped]O,Usually appropriate
1505,Vascular,"Vascular malformation suspected, shoulder",3157878,CTA shoulder with IV contrast,1-10 mSv☢☢☢,,Usually appropriate
1506,Vascular,"Vascular malformation suspected, shoulder",3157878,US shoulder with IV contrast,0 mSvO,0 mSv [ped]O,May be appropriate
1507,Vascular,"Vascular malformation suspected, shoulder",3157878,MRA shoulder without IV contrast,0 mSvO,0 mSv [ped]O,May be appropriate
1508,Vascular,"Vascular malformation suspected, shoulder",3157878,MRI shoulder without IV contrast,0 mSvO,0 mSv [ped]O,May be appropriate
1509,Vascular,"Vascular malformation suspected, shoulder",3157878,CT shoulder with IV contrast,1-10 mSv☢☢☢,,May be appropriate
1510,Vascular,"Vascular malformation suspected, shoulder",3157878,CT shoulder without IV contrast,1-10 mSv☢☢☢,,May be appropriate
1511,Vascular,"Vascular malformation suspected, shoulder",3157878,Radiography shoulder,<0.1 mSv☢,,Usually not appropriate
1512,Vascular,"Vascular malformation suspected, shoulder",3157878,Arteriography shoulder,1-10 mSv☢☢☢,,Usually not appropriate
1513,Vascular,"Vascular malformation suspected, shoulder",3157878,CT shoulder without and with IV contrast,1-10 mSv☢☢☢,,Usually not appropriate
1514,Vascular,"Vascular malformation suspected, thigh",3157885,US duplex Doppler thigh,0 mSvO,0 mSv [ped]O,Usually appropriate
1515,Vascular,"Vascular malformation suspected, thigh",3157885,MRA thigh without and with IV contrast,0 mSvO,0 mSv [ped]O,Usually appropriate
1516,Vascular,"Vascular malformation suspected, thigh",3157885,MRI thigh without and with IV contrast,0 mSvO,0 mSv [ped]O,Usually appropriate
1517,Vascular,"Vascular malformation suspected, thigh",3157885,CTA thigh with IV contrast,1-10 mSv☢☢☢,,Usually appropriate
1518,Vascular,"Vascular malformation suspected, thigh",3157885,US thigh with IV contrast,0 mSvO,0 mSv [ped]O,May be appropriate
1519,Vascular,"Vascular malformation suspected, thigh",3157885,MRA thigh without IV contrast,0 mSvO,0 mSv [ped]O,May be appropriate
1520,Vascular,"Vascular malformation suspected, thigh",3157885,MRI thigh without IV contrast,0 mSvO,0 mSv [ped]O,May be appropriate
1521,Vascular,"Vascular malformation suspected, thigh",3157885,CT thigh with IV contrast,0.1-1mSv☢☢,,May be appropriate
1522,Vascular,"Vascular malformation suspected, thigh",3157885,CT thigh without IV contrast,0.1-1mSv☢☢,,May be appropriate
1523,Vascular,"Vascular malformation suspected, thigh",3157885,Radiography femur,<0.1 mSv☢,0.03-0.3 mSv [ped]☢☢,Usually not appropriate
1524,Vascular,"Vascular malformation suspected, thigh",3157885,Arteriography thigh,1-10 mSv☢☢☢,,Usually not appropriate
1525,Vascular,"Vascular malformation suspected, thigh",3157885,CT thigh without and with IV contrast,1-10 mSv☢☢☢,,Usually not appropriate
1526,Vascular,"Vascular malformation suspected, upper arm",3157879,US duplex Doppler upper arm,0 mSvO,0 mSv [ped]O,Usually appropriate
1527,Vascular,"Vascular malformation suspected, upper arm",3157879,MRA arm without and with IV contrast,0 mSvO,0 mSv [ped]O,Usually appropriate
1528,Vascular,"Vascular malformation suspected, upper arm",3157879,MRI upper arm without and with IV contrast,0 mSvO,0 mSv [ped]O,Usually appropriate
1529,Vascular,"Vascular malformation suspected, upper arm",3157879,CTA arm with IV contrast,1-10 mSv☢☢☢,,Usually appropriate
1530,Vascular,"Vascular malformation suspected, upper arm",3157879,US upper arm with IV contrast,0 mSvO,0 mSv [ped]O,May be appropriate
1531,Vascular,"Vascular malformation suspected, upper arm",3157879,MRA arm without IV contrast,0 mSvO,0 mSv [ped]O,May be appropriate
1532,Vascular,"Vascular malformation suspected, upper arm",3157879,MRI upper arm without IV contrast,0 mSvO,0 mSv [ped]O,May be appropriate
1533,Vascular,"Vascular malformation suspected, upper arm",3157879,CT upper arm with IV contrast,1-10 mSv☢☢☢,,May be appropriate
1534,Vascular,"Vascular malformation suspected, upper arm",3157879,CT upper arm without IV contrast,1-10 mSv☢☢☢,,May be appropriate
1535,Vascular,"Vascular malformation suspected, upper arm",3157879,Radiography humerus,<0.1 mSv☢,,Usually not appropriate
1536,Vascular,"Vascular malformation suspected, upper arm",3157879,Arteriography arm,0.1-1mSv☢☢,,Usually not appropriate
1537,Vascular,"Vascular malformation suspected, upper arm",3157879,CT upper arm without and with IV contrast,1-10 mSv☢☢☢,,Usually not appropriate
1538,Vascular,"Vascular malformation suspected, wrist",3157882,US duplex Doppler wrist,0 mSvO,0 mSv [ped]O,Usually appropriate
1539,Vascular,"Vascular malformation suspected, wrist",3157882,MRA wrist without and with IV contrast,0 mSvO,0 mSv [ped]O,Usually appropriate
1540,Vascular,"Vascular malformation suspected, wrist",3157882,MRI wrist without and with IV contrast,0 mSvO,0 mSv [ped]O,Usually appropriate
1541,Vascular,"Vascular malformation suspected, wrist",3157882,CTA wrist with IV contrast,<0.1 mSv☢,,Usually appropriate
1542,Vascular,"Vascular malformation suspected, wrist",3157882,US wrist with IV contrast,0 mSvO,0 mSv [ped]O,May be appropriate
1543,Vascular,"Vascular malformation suspected, wrist",3157882,MRA wrist without IV contrast,0 mSvO,0 mSv [ped]O,May be appropriate
1544,Vascular,"Vascular malformation suspected, wrist",3157882,MRI wrist without IV contrast,0 mSvO,0 mSv [ped]O,May be appropriate
1545,Vascular,"Vascular malformation suspected, wrist",3157882,CT wrist with IV contrast,<0.1 mSv☢,,May be appropriate
1546,Vascular,"Vascular malformation suspected, wrist",3157882,CT wrist without IV contrast,<0.1 mSv☢,,May be appropriate
1547,Vascular,"Vascular malformation suspected, wrist",3157882,Arteriography wrist,<0.1 mSv☢,,Usually not appropriate
1548,Vascular,"Vascular malformation suspected, wrist",3157882,Radiography wrist,<0.1 mSv☢,,Usually not appropriate
1549,Vascular,"Vascular malformation suspected, wrist",3157882,CT wrist without and with IV contrast,<0.1 mSv☢,,Usually not appropriate
1550,Vascular,"Vascular murmur, ankle",3157900,US duplex Doppler ankle,0 mSvO,0 mSv [ped]O,Usually appropriate
1551,Vascular,"Vascular murmur, ankle",3157900,MRA ankle without and with IV contrast,0 mSvO,0 mSv [ped]O,Usually appropriate
1552,Vascular,"Vascular murmur, ankle",3157900,MRI ankle without and with IV contrast,0 mSvO,0 mSv [ped]O,Usually appropriate
1553,Vascular,"Vascular murmur, ankle",3157900,CTA ankle with IV contrast,0.1-1mSv☢☢,,Usually appropriate
1554,Vascular,"Vascular murmur, ankle",3157900,US ankle with IV contrast,0 mSvO,0 mSv [ped]O,May be appropriate
1555,Vascular,"Vascular murmur, ankle",3157900,Arteriography ankle,<0.1 mSv☢,,May be appropriate
1556,Vascular,"Vascular murmur, ankle",3157900,MRA ankle without IV contrast,0 mSvO,0 mSv [ped]O,May be appropriate
1557,Vascular,"Vascular murmur, ankle",3157900,MRI ankle without IV contrast,0 mSvO,0 mSv [ped]O,May be appropriate
1558,Vascular,"Vascular murmur, ankle",3157900,CT ankle with IV contrast,<0.1 mSv☢,0.03-0.3 mSv [ped]☢☢,May be appropriate
1559,Vascular,"Vascular murmur, ankle",3157900,CT ankle without and with IV contrast,<0.1 mSv☢,0.03-0.3 mSv [ped]☢☢,May be appropriate
1560,Vascular,"Vascular murmur, ankle",3157900,Radiography ankle,<0.1 mSv☢,<0.03 mSv [ped]☢,Usually not appropriate
1561,Vascular,"Vascular murmur, ankle",3157900,CT ankle without IV contrast,<0.1 mSv☢,0.03-0.3 mSv [ped]☢☢,Usually not appropriate
1562,Vascular,"Vascular murmur, elbow",3157892,US duplex Doppler elbow,0 mSvO,0 mSv [ped]O,Usually appropriate
1563,Vascular,"Vascular murmur, elbow",3157892,MRA elbow without and with IV contrast,0 mSvO,0 mSv [ped]O,Usually appropriate
1564,Vascular,"Vascular murmur, elbow",3157892,MRI elbow without and with IV contrast,0 mSvO,0 mSv [ped]O,Usually appropriate
1565,Vascular,"Vascular murmur, elbow",3157892,CTA elbow with IV contrast,1-10 mSv☢☢☢,,Usually appropriate
1566,Vascular,"Vascular murmur, elbow",3157892,US elbow with IV contrast,0 mSvO,0 mSv [ped]O,May be appropriate
1567,Vascular,"Vascular murmur, elbow",3157892,Arteriography elbow,0.1-1mSv☢☢,,May be appropriate
1568,Vascular,"Vascular murmur, elbow",3157892,MRA elbow without IV contrast,0 mSvO,0 mSv [ped]O,May be appropriate
1569,Vascular,"Vascular murmur, elbow",3157892,MRI elbow without IV contrast,0 mSvO,0 mSv [ped]O,May be appropriate
1570,Vascular,"Vascular murmur, elbow",3157892,CT elbow with IV contrast,0.1-1mSv☢☢,,May be appropriate
1571,Vascular,"Vascular murmur, elbow",3157892,CT elbow without and with IV contrast,0.1-1mSv☢☢,,May be appropriate
1572,Vascular,"Vascular murmur, elbow",3157892,Radiography elbow,<0.1 mSv☢,,Usually not appropriate
1573,Vascular,"Vascular murmur, elbow",3157892,CT elbow without IV contrast,0.1-1mSv☢☢,,Usually not appropriate
1574,Vascular,"Vascular murmur, foot",3157901,US duplex Doppler foot,0 mSvO,0 mSv [ped]O,Usually appropriate
1575,Vascular,"Vascular murmur, foot",3157901,MRA foot without and with IV contrast,0 mSvO,0 mSv [ped]O,Usually appropriate
1576,Vascular,"Vascular murmur, foot",3157901,MRI foot without and with IV contrast,0 mSvO,0 mSv [ped]O,Usually appropriate
1577,Vascular,"Vascular murmur, foot",3157901,CTA foot with IV contrast,0.1-1mSv☢☢,,Usually appropriate
1578,Vascular,"Vascular murmur, foot",3157901,US foot with IV contrast,0 mSvO,0 mSv [ped]O,May be appropriate
1579,Vascular,"Vascular murmur, foot",3157901,Arteriography foot,<0.1 mSv☢,,May be appropriate
1580,Vascular,"Vascular murmur, foot",3157901,MRA foot without IV contrast,0 mSvO,0 mSv [ped]O,May be appropriate
1581,Vascular,"Vascular murmur, foot",3157901,MRI foot without IV contrast,0 mSvO,0 mSv [ped]O,May be appropriate
1582,Vascular,"Vascular murmur, foot",3157901,CT foot with IV contrast,<0.1 mSv☢,0.03-0.3 mSv [ped]☢☢,May be appropriate
1583,Vascular,"Vascular murmur, foot",3157901,CT foot without and with IV contrast,<0.1 mSv☢,0.03-0.3 mSv [ped]☢☢,May be appropriate
1584,Vascular,"Vascular murmur, foot",3157901,Radiography foot,<0.1 mSv☢,<0.03 mSv [ped]☢,Usually not appropriate
1585,Vascular,"Vascular murmur, foot",3157901,CT foot without IV contrast,<0.1 mSv☢,0.03-0.3 mSv [ped]☢☢,Usually not appropriate
1586,Vascular,"Vascular murmur, forearm",3157893,US duplex Doppler forearm,0 mSvO,0 mSv [ped]O,Usually appropriate
1587,Vascular,"Vascular murmur, forearm",3157893,MRA forearm without and with IV contrast,0 mSvO,0 mSv [ped]O,Usually appropriate
1588,Vascular,"Vascular murmur, forearm",3157893,MRI forearm without and with IV contrast,0 mSvO,0 mSv [ped]O,Usually appropriate
1589,Vascular,"Vascular murmur, forearm",3157893,CTA forearm with IV contrast,1-10 mSv☢☢☢,,Usually appropriate
1590,Vascular,"Vascular murmur, forearm",3157893,US forearm with IV contrast,0 mSvO,0 mSv [ped]O,May be appropriate
1591,Vascular,"Vascular murmur, forearm",3157893,Arteriography forearm,0.1-1mSv☢☢,,May be appropriate
1592,Vascular,"Vascular murmur, forearm",3157893,MRA forearm without IV contrast,0 mSvO,0 mSv [ped]O,May be appropriate
1593,Vascular,"Vascular murmur, forearm",3157893,MRI forearm without IV contrast,0 mSvO,0 mSv [ped]O,May be appropriate
1594,Vascular,"Vascular murmur, forearm",3157893,CT forearm with IV contrast,0.1-1mSv☢☢,,May be appropriate
1595,Vascular,"Vascular murmur, forearm",3157893,CT forearm without and with IV contrast,0.1-1mSv☢☢,,May be appropriate
1596,Vascular,"Vascular murmur, forearm",3157893,Radiography radius and ulna,<0.1 mSv☢,,Usually not appropriate
1597,Vascular,"Vascular murmur, forearm",3157893,CT forearm without IV contrast,0.1-1mSv☢☢,,Usually not appropriate
1598,Vascular,"Vascular murmur, hand",3157895,US duplex Doppler hand,0 mSvO,0 mSv [ped]O,Usually appropriate
1599,Vascular,"Vascular murmur, hand",3157895,MRA hand without and with IV contrast,0 mSvO,0 mSv [ped]O,Usually appropriate
1600,Vascular,"Vascular murmur, hand",3157895,MRI hand without and with IV contrast,0 mSvO,0 mSv [ped]O,Usually appropriate
1601,Vascular,"Vascular murmur, hand",3157895,CTA hand with IV contrast,<0.1 mSv☢,,Usually appropriate
1602,Vascular,"Vascular murmur, hand",3157895,US hand with IV contrast,0 mSvO,0 mSv [ped]O,May be appropriate
1603,Vascular,"Vascular murmur, hand",3157895,Arteriography hand,<0.1 mSv☢,,May be appropriate
1604,Vascular,"Vascular murmur, hand",3157895,MRA hand without IV contrast,0 mSvO,0 mSv [ped]O,May be appropriate
1605,Vascular,"Vascular murmur, hand",3157895,MRI hand without IV contrast,0 mSvO,0 mSv [ped]O,May be appropriate
1606,Vascular,"Vascular murmur, hand",3157895,CT hand with IV contrast,<0.1 mSv☢,,May be appropriate
1607,Vascular,"Vascular murmur, hand",3157895,CT hand without and with IV contrast,<0.1 mSv☢,,May be appropriate
1608,Vascular,"Vascular murmur, hand",3157895,Radiography hand,<0.1 mSv☢,,Usually not appropriate
1609,Vascular,"Vascular murmur, hand",3157895,CT hand without IV contrast,<0.1 mSv☢,,Usually not appropriate
1610,Vascular,"Vascular murmur, hip",3157896,US duplex Doppler hip,0 mSvO,0 mSv [ped]O,Usually appropriate
1611,Vascular,"Vascular murmur, hip",3157896,MRA hip without and with IV contrast,0 mSvO,0 mSv [ped]O,Usually appropriate
1612,Vascular,"Vascular murmur, hip",3157896,MRI hip without and with IV contrast,0 mSvO,0 mSv [ped]O,Usually appropriate
1613,Vascular,"Vascular murmur, hip",3157896,CTA hip with IV contrast,10-30 mSv☢☢☢☢,,Usually appropriate
1614,Vascular,"Vascular murmur, hip",3157896,US hip with IV contrast,0 mSvO,0 mSv [ped]O,May be appropriate
1615,Vascular,"Vascular murmur, hip",3157896,Arteriography hip,1-10 mSv☢☢☢,,May be appropriate
1616,Vascular,"Vascular murmur, hip",3157896,MRA hip without IV contrast,0 mSvO,0 mSv [ped]O,May be appropriate
1617,Vascular,"Vascular murmur, hip",3157896,MRI hip without IV contrast,0 mSvO,0 mSv [ped]O,May be appropriate
1618,Vascular,"Vascular murmur, hip",3157896,CT hip with IV contrast,1-10 mSv☢☢☢,,May be appropriate
1619,Vascular,"Vascular murmur, hip",3157896,CT hip without and with IV contrast,1-10 mSv☢☢☢,,May be appropriate
1620,Vascular,"Vascular murmur, hip",3157896,Radiography hip,1-10 mSv☢☢☢,,Usually not appropriate
1621,Vascular,"Vascular murmur, hip",3157896,CT hip without IV contrast,1-10 mSv☢☢☢,,Usually not appropriate
1622,Vascular,"Vascular murmur, knee",3157898,US duplex Doppler knee,0 mSvO,0 mSv [ped]O,Usually appropriate
1623,Vascular,"Vascular murmur, knee",3157898,MRA knee without and with IV contrast,0 mSvO,0 mSv [ped]O,Usually appropriate
1624,Vascular,"Vascular murmur, knee",3157898,MRI knee without and with IV contrast,0 mSvO,0 mSv [ped]O,Usually appropriate
1625,Vascular,"Vascular murmur, knee",3157898,CTA knee with IV contrast,0.1-1mSv☢☢,,Usually appropriate
1626,Vascular,"Vascular murmur, knee",3157898,US knee with IV contrast,0 mSvO,0 mSv [ped]O,May be appropriate
1627,Vascular,"Vascular murmur, knee",3157898,Arteriography knee,0.1-1mSv☢☢,,May be appropriate
1628,Vascular,"Vascular murmur, knee",3157898,MRA knee without IV contrast,0 mSvO,0 mSv [ped]O,May be appropriate
1629,Vascular,"Vascular murmur, knee",3157898,MRI knee without IV contrast,0 mSvO,0 mSv [ped]O,May be appropriate
1630,Vascular,"Vascular murmur, knee",3157898,CT knee with IV contrast,<0.1 mSv☢,0.03-0.3 mSv [ped]☢☢,May be appropriate
1631,Vascular,"Vascular murmur, knee",3157898,CT knee without and with IV contrast,<0.1 mSv☢,0.03-0.3 mSv [ped]☢☢,May be appropriate
1632,Vascular,"Vascular murmur, knee",3157898,Radiography knee,<0.1 mSv☢,<0.03 mSv [ped]☢,Usually not appropriate
1633,Vascular,"Vascular murmur, knee",3157898,CT knee without IV contrast,<0.1 mSv☢,0.03-0.3 mSv [ped]☢☢,Usually not appropriate
1634,Vascular,"Vascular murmur, lower leg",3157899,US duplex Doppler lower leg,0 mSvO,0 mSv [ped]O,Usually appropriate
1635,Vascular,"Vascular murmur, lower leg",3157899,MRA leg without and with IV contrast,0 mSvO,0 mSv [ped]O,Usually appropriate
1636,Vascular,"Vascular murmur, lower leg",3157899,MRI lower leg without and with IV contrast,0 mSvO,0 mSv [ped]O,Usually appropriate
1637,Vascular,"Vascular murmur, lower leg",3157899,CTA leg with IV contrast,1-10 mSv☢☢☢,,Usually appropriate
1638,Vascular,"Vascular murmur, lower leg",3157899,US lower leg with IV contrast,0 mSvO,0 mSv [ped]O,May be appropriate
1639,Vascular,"Vascular murmur, lower leg",3157899,Arteriography leg,0.1-1mSv☢☢,,May be appropriate
1640,Vascular,"Vascular murmur, lower leg",3157899,MRA leg without IV contrast,0 mSvO,0 mSv [ped]O,May be appropriate
1641,Vascular,"Vascular murmur, lower leg",3157899,MRI lower leg without IV contrast,0 mSvO,0 mSv [ped]O,May be appropriate
1642,Vascular,"Vascular murmur, lower leg",3157899,CT lower leg with IV contrast,0.1-1mSv☢☢,,May be appropriate
1643,Vascular,"Vascular murmur, lower leg",3157899,CT lower leg without and with IV contrast,0.1-1mSv☢☢,,May be appropriate
1644,Vascular,"Vascular murmur, lower leg",3157899,Radiography tibia and fibula,<0.1 mSv☢,<0.03 mSv [ped]☢,Usually not appropriate
1645,Vascular,"Vascular murmur, lower leg",3157899,CT lower leg without IV contrast,0.1-1mSv☢☢,,Usually not appropriate
1646,Vascular,"Vascular murmur, shoulder",3157890,US duplex Doppler shoulder,0 mSvO,0 mSv [ped]O,Usually appropriate
1647,Vascular,"Vascular murmur, shoulder",3157890,MRA shoulder without and with IV contrast,0 mSvO,0 mSv [ped]O,Usually appropriate
1648,Vascular,"Vascular murmur, shoulder",3157890,MRI shoulder without and with IV contrast,0 mSvO,0 mSv [ped]O,Usually appropriate
1649,Vascular,"Vascular murmur, shoulder",3157890,CTA shoulder with IV contrast,1-10 mSv☢☢☢,,Usually appropriate
1650,Vascular,"Vascular murmur, shoulder",3157890,US shoulder with IV contrast,0 mSvO,0 mSv [ped]O,May be appropriate
1651,Vascular,"Vascular murmur, shoulder",3157890,Arteriography shoulder,1-10 mSv☢☢☢,,May be appropriate
1652,Vascular,"Vascular murmur, shoulder",3157890,MRA shoulder without IV contrast,0 mSvO,0 mSv [ped]O,May be appropriate
1653,Vascular,"Vascular murmur, shoulder",3157890,MRI shoulder without IV contrast,0 mSvO,0 mSv [ped]O,May be appropriate
1654,Vascular,"Vascular murmur, shoulder",3157890,CT shoulder with IV contrast,1-10 mSv☢☢☢,,May be appropriate
1655,Vascular,"Vascular murmur, shoulder",3157890,CT shoulder without and with IV contrast,1-10 mSv☢☢☢,,May be appropriate
1656,Vascular,"Vascular murmur, shoulder",3157890,Radiography shoulder,<0.1 mSv☢,,Usually not appropriate
1657,Vascular,"Vascular murmur, shoulder",3157890,CT shoulder without IV contrast,1-10 mSv☢☢☢,,Usually not appropriate
1658,Vascular,"Vascular murmur, thigh",3157897,US duplex Doppler thigh,0 mSvO,0 mSv [ped]O,Usually appropriate
1659,Vascular,"Vascular murmur, thigh",3157897,MRA thigh without and with IV contrast,0 mSvO,0 mSv [ped]O,Usually appropriate
1660,Vascular,"Vascular murmur, thigh",3157897,MRI thigh without and with IV contrast,0 mSvO,0 mSv [ped]O,Usually appropriate
1661,Vascular,"Vascular murmur, thigh",3157897,CTA thigh with IV contrast,1-10 mSv☢☢☢,,Usually appropriate
1662,Vascular,"Vascular murmur, thigh",3157897,US thigh with IV contrast,0 mSvO,0 mSv [ped]O,May be appropriate
1663,Vascular,"Vascular murmur, thigh",3157897,Arteriography thigh,1-10 mSv☢☢☢,,May be appropriate
1664,Vascular,"Vascular murmur, thigh",3157897,MRA thigh without IV contrast,0 mSvO,0 mSv [ped]O,May be appropriate
1665,Vascular,"Vascular murmur, thigh",3157897,MRI thigh without IV contrast,0 mSvO,0 mSv [ped]O,May be appropriate
1666,Vascular,"Vascular murmur, thigh",3157897,CT thigh with IV contrast,0.1-1mSv☢☢,,May be appropriate
1667,Vascular,"Vascular murmur, thigh",3157897,CT thigh without and with IV contrast,1-10 mSv☢☢☢,,May be appropriate
1668,Vascular,"Vascular murmur, thigh",3157897,Radiography femur,<0.1 mSv☢,0.03-0.3 mSv [ped]☢☢,Usually not appropriate
1669,Vascular,"Vascular murmur, thigh",3157897,CT thigh without IV contrast,0.1-1mSv☢☢,,Usually not appropriate
1670,Vascular,"Vascular murmur, upper arm",3157891,US duplex Doppler upper arm,0 mSvO,0 mSv [ped]O,Usually appropriate
1671,Vascular,"Vascular murmur, upper arm",3157891,MRA arm without and with IV contrast,0 mSvO,0 mSv [ped]O,Usually appropriate
1672,Vascular,"Vascular murmur, upper arm",3157891,MRI upper arm without and with IV contrast,0 mSvO,0 mSv [ped]O,Usually appropriate
1673,Vascular,"Vascular murmur, upper arm",3157891,CTA arm with IV contrast,1-10 mSv☢☢☢,,Usually appropriate
1674,Vascular,"Vascular murmur, upper arm",3157891,US upper arm with IV contrast,0 mSvO,0 mSv [ped]O,May be appropriate
1675,Vascular,"Vascular murmur, upper arm",3157891,Arteriography arm,0.1-1mSv☢☢,,May be appropriate
1676,Vascular,"Vascular murmur, upper arm",3157891,MRA arm without IV contrast,0 mSvO,0 mSv [ped]O,May be appropriate
1677,Vascular,"Vascular murmur, upper arm",3157891,MRI upper arm without IV contrast,0 mSvO,0 mSv [ped]O,May be appropriate
1678,Vascular,"Vascular murmur, upper arm",3157891,CT upper arm with IV contrast,1-10 mSv☢☢☢,,May be appropriate
1679,Vascular,"Vascular murmur, upper arm",3157891,CT upper arm without and with IV contrast,1-10 mSv☢☢☢,,May be appropriate
1680,Vascular,"Vascular murmur, upper arm",3157891,Radiography radius and ulna,<0.1 mSv☢,,Usually not appropriate
1681,Vascular,"Vascular murmur, upper arm",3157891,CT upper arm without IV contrast,1-10 mSv☢☢☢,,Usually not appropriate
1682,Vascular,"Vascular murmur, wrist",3157894,US duplex Doppler wrist,0 mSvO,0 mSv [ped]O,Usually appropriate
1683,Vascular,"Vascular murmur, wrist",3157894,MRA wrist without and with IV contrast,0 mSvO,0 mSv [ped]O,Usually appropriate
1684,Vascular,"Vascular murmur, wrist",3157894,MRI wrist without and with IV contrast,0 mSvO,0 mSv [ped]O,Usually appropriate
1685,Vascular,"Vascular murmur, wrist",3157894,CTA wrist with IV contrast,<0.1 mSv☢,,Usually appropriate
1686,Vascular,"Vascular murmur, wrist",3157894,US wrist with IV contrast,0 mSvO,0 mSv [ped]O,May be appropriate
1687,Vascular,"Vascular murmur, wrist",3157894,Arteriography wrist,<0.1 mSv☢,,May be appropriate
1688,Vascular,"Vascular murmur, wrist",3157894,MRA wrist without IV contrast,0 mSvO,0 mSv [ped]O,May be appropriate
1689,Vascular,"Vascular murmur, wrist",3157894,MRI wrist without IV contrast,0 mSvO,0 mSv [ped]O,May be appropriate
1690,Vascular,"Vascular murmur, wrist",3157894,CT wrist with IV contrast,<0.1 mSv☢,,May be appropriate
1691,Vascular,"Vascular murmur, wrist",3157894,CT wrist without and with IV contrast,<0.1 mSv☢,,May be appropriate
1692,Vascular,"Vascular murmur, wrist",3157894,Radiography wrist,<0.1 mSv☢,,Usually not appropriate
1693,Vascular,"Vascular murmur, wrist",3157894,CT wrist without IV contrast,<0.1 mSv☢,,Usually not appropriate
1694,Vascular,"Vascular steal syndrome suspected, lower extremity, cardiac failure, initial imaging, guide IR therapy",3196517,Fluoroscopy fistulography hemodialysis access lower extremity,1-10 mSv☢☢☢,,Usually appropriate
1695,Vascular,"Vascular steal syndrome suspected, lower extremity, cardiac failure, initial imaging, guide IR therapy",3196517,US duplex Doppler hemodialysis access lower extremity,0 mSvO,0 mSv [ped]O,Usually appropriate
1696,Vascular,"Vascular steal syndrome suspected, lower extremity, cardiac failure, initial imaging, guide IR therapy",3196517,CTA lower extremity with IV contrast,1-10 mSv☢☢☢,3-10 mSv [ped]☢☢☢☢,May be appropriate
1697,Vascular,"Vascular steal syndrome suspected, lower extremity, cardiac failure, initial imaging, guide IR therapy",3196517,CTV lower extremity with IV contrast,10-30 mSv☢☢☢☢,,Usually not appropriate
1698,Vascular,"Vascular steal syndrome suspected, lower extremity, cardiac failure, initial imaging, guide IR therapy",3196517,MRA lower extremity without and with IV contrast,0 mSvO,0 mSv [ped]O,Usually not appropriate
1699,Vascular,"Vascular steal syndrome suspected, lower extremity, cardiac failure, initial imaging, guide IR therapy",3196517,MRA lower extremity without IV contrast,0 mSvO,0 mSv [ped]O,Usually not appropriate
1700,Vascular,"Vascular steal syndrome suspected, lower extremity, cardiac failure, initial imaging, guide IR therapy",3196517,MRV lower extremity without and with IV contrast,0 mSvO,0 mSv [ped]O,Usually not appropriate
1701,Vascular,"Vascular steal syndrome suspected, lower extremity, cardiac failure, initial imaging, guide IR therapy",3196517,MRV lower extremity without IV contrast,0 mSvO,0 mSv [ped]O,Usually not appropriate
1702,Vascular,"Vascular steal syndrome suspected, lower extremity, ischemic symptoms, initial imaging, guide IR therapy",3196518,Fluoroscopy fistulography hemodialysis access lower extremity,1-10 mSv☢☢☢,,Usually appropriate
1703,Vascular,"Vascular steal syndrome suspected, lower extremity, ischemic symptoms, initial imaging, guide IR therapy",3196518,US duplex Doppler hemodialysis access lower extremity,0 mSvO,0 mSv [ped]O,Usually appropriate
1704,Vascular,"Vascular steal syndrome suspected, lower extremity, ischemic symptoms, initial imaging, guide IR therapy",3196518,CTA lower extremity with IV contrast,1-10 mSv☢☢☢,3-10 mSv [ped]☢☢☢☢,May be appropriate
1705,Vascular,"Vascular steal syndrome suspected, lower extremity, ischemic symptoms, initial imaging, guide IR therapy",3196518,CTV lower extremity with IV contrast,10-30 mSv☢☢☢☢,,Usually not appropriate
1706,Vascular,"Vascular steal syndrome suspected, lower extremity, ischemic symptoms, initial imaging, guide IR therapy",3196518,MRA lower extremity without and with IV contrast,0 mSvO,0 mSv [ped]O,Usually not appropriate
1707,Vascular,"Vascular steal syndrome suspected, lower extremity, ischemic symptoms, initial imaging, guide IR therapy",3196518,MRA lower extremity without IV contrast,0 mSvO,0 mSv [ped]O,Usually not appropriate
1708,Vascular,"Vascular steal syndrome suspected, lower extremity, ischemic symptoms, initial imaging, guide IR therapy",3196518,MRV lower extremity without and with IV contrast,0 mSvO,0 mSv [ped]O,Usually not appropriate
1709,Vascular,"Vascular steal syndrome suspected, lower extremity, ischemic symptoms, initial imaging, guide IR therapy",3196518,MRV lower extremity without IV contrast,0 mSvO,0 mSv [ped]O,Usually not appropriate
1710,Vascular,"Vascular steal syndrome suspected, upper extremity, cardiac failure, initial imaging, guide IR therapy",3196519,Fluoroscopy fistulography hemodialysis access upper extremity,1-10 mSv☢☢☢,,Usually appropriate
1711,Vascular,"Vascular steal syndrome suspected, upper extremity, cardiac failure, initial imaging, guide IR therapy",3196519,US duplex Doppler hemodialysis access upper extremity,0 mSvO,0 mSv [ped]O,Usually appropriate
1712,Vascular,"Vascular steal syndrome suspected, upper extremity, cardiac failure, initial imaging, guide IR therapy",3196519,CTA upper extremity with IV contrast,1-10 mSv☢☢☢,,May be appropriate
1713,Vascular,"Vascular steal syndrome suspected, upper extremity, cardiac failure, initial imaging, guide IR therapy",3196519,CTV upper extremity with IV contrast,10-30 mSv☢☢☢☢,,Usually not appropriate
1714,Vascular,"Vascular steal syndrome suspected, upper extremity, cardiac failure, initial imaging, guide IR therapy",3196519,MRA upper extremity without and with IV contrast,0 mSvO,0 mSv [ped]O,Usually not appropriate
1715,Vascular,"Vascular steal syndrome suspected, upper extremity, cardiac failure, initial imaging, guide IR therapy",3196519,MRA upper extremity without IV contrast,0 mSvO,0 mSv [ped]O,Usually not appropriate
1716,Vascular,"Vascular steal syndrome suspected, upper extremity, cardiac failure, initial imaging, guide IR therapy",3196519,MRV upper extremity without and with IV contrast,0 mSvO,0 mSv [ped]O,Usually not appropriate
1717,Vascular,"Vascular steal syndrome suspected, upper extremity, cardiac failure, initial imaging, guide IR therapy",3196519,MRV upper extremity without IV contrast,0 mSvO,0 mSv [ped]O,Usually not appropriate
1718,Vascular,"Vascular steal syndrome suspected, upper extremity, ischemic symptoms, initial imaging, guide IR therapy options",3196520,Fluoroscopy fistulography hemodialysis access upper extremity,1-10 mSv☢☢☢,,Usually appropriate
1719,Vascular,"Vascular steal syndrome suspected, upper extremity, ischemic symptoms, initial imaging, guide IR therapy options",3196520,US duplex Doppler hemodialysis access upper extremity,0 mSvO,0 mSv [ped]O,Usually appropriate
1720,Vascular,"Vascular steal syndrome suspected, upper extremity, ischemic symptoms, initial imaging, guide IR therapy options",3196520,CTA upper extremity with IV contrast,1-10 mSv☢☢☢,,May be appropriate
1721,Vascular,"Vascular steal syndrome suspected, upper extremity, ischemic symptoms, initial imaging, guide IR therapy options",3196520,CTV upper extremity with IV contrast,10-30 mSv☢☢☢☢,,Usually not appropriate
1722,Vascular,"Vascular steal syndrome suspected, upper extremity, ischemic symptoms, initial imaging, guide IR therapy options",3196520,MRA upper extremity without and with IV contrast,0 mSvO,0 mSv [ped]O,Usually not appropriate
1723,Vascular,"Vascular steal syndrome suspected, upper extremity, ischemic symptoms, initial imaging, guide IR therapy options",3196520,MRA upper extremity without IV contrast,0 mSvO,0 mSv [ped]O,Usually not appropriate
1724,Vascular,"Vascular steal syndrome suspected, upper extremity, ischemic symptoms, initial imaging, guide IR therapy options",3196520,MRV upper extremity without and with IV contrast,0 mSvO,0 mSv [ped]O,Usually not appropriate
1725,Vascular,"Vascular steal syndrome suspected, upper extremity, ischemic symptoms, initial imaging, guide IR therapy options",3196520,MRV upper extremity without IV contrast,0 mSvO,0 mSv [ped]O,Usually not appropriate
1726,Vascular,"Venous leg ulcer, lower extremity, initial imaging",3196592,US duplex Doppler lower extremity,0 mSvO,0 mSv [ped]O,Usually appropriate
1727,Vascular,"Venous leg ulcer, lower extremity, initial imaging",3196592,US duplex Doppler IVC and iliac veins,0 mSvO,0 mSv [ped]O,Usually appropriate
1728,Vascular,"Venous leg ulcer, lower extremity, initial imaging",3196592,CTV abdomen and pelvis with IV contrast,10-30 mSv☢☢☢☢,,May be appropriate
1729,Vascular,"Venous leg ulcer, lower extremity, initial imaging",3196592,MRV abdomen and pelvis without and with IV contrast,0 mSvO,0 mSv [ped]O,May be appropriate
1730,Vascular,"Venous leg ulcer, lower extremity, initial imaging",3196592,Catheter venography iliac veins,10-30 mSv☢☢☢☢,,May be appropriate
1731,Vascular,"Venous leg ulcer, lower extremity, initial imaging",3196592,CTV lower extremity with IV contrast,10-30 mSv☢☢☢☢,,May be appropriate (Disagreement)
1732,Vascular,"Venous leg ulcer, lower extremity, initial imaging",3196592,MRV lower extremity without and with IV contrast,0 mSvO,0 mSv [ped]O,May be appropriate (Disagreement)
1733,Vascular,"Venous leg ulcer, lower extremity, initial imaging",3196592,US intravascular iliac veins,0 mSvO,0 mSv [ped]O,May be appropriate (Disagreement)
1734,Vascular,"Venous leg ulcer, lower extremity, initial imaging",3196592,Catheter venography lower extremity,0.1-1mSv☢☢,,May be appropriate
1735,Vascular,"Venous leg ulcer, lower extremity, treatment",3196594,Wound care,,,Usually appropriate
1736,Vascular,"Venous leg ulcer, lower extremity, treatment",3196594,Compression therapy,,,Usually appropriate
1737,Vascular,"Venous leg ulcer, lower extremity, treatment",3196594,Saphenous vein ablation,,,Usually appropriate
1738,Vascular,"Venous leg ulcer, lower extremity, treatment",3196594,Compression sclerotherapy,,,Usually appropriate
1739,Vascular,"Venous leg ulcer, lower extremity, treatment",3196594,Iliac vein stenting,,,May be appropriate
1740,Vascular,"Venous leg ulcer, lower extremity, treatment",3196594,Ligation and stripping,,,May be appropriate
1741,Vascular,"Venous leg ulcer, lower extremity, treatment",3196594,Microphlebectomy,,,May be appropriate
